[Licensing::Module] Trying to connect to existing licensing client channel...
Built from '6000.5/staging' branch; Version is '6000.5.8f1 (5cb7df797b7d) revision 6076383'; Using compiler version '194234433'; Build Type 'Release'
OS: 'Windows 11  (10.0.26200) Core' Language: 'en' Physical Memory: 32632 MB
[Licensing::IpcConnector] Successfully connected to: "LicenseClient-Len" at "2026-08-26T03:18:45.2837104Z"
BatchMode: 1, IsHumanControllingUs: 0, StartBugReporterOnCrash: 0, Is64bit: 1
System  architecture: x64
Process architecture: x64
Date: 2026-08-26T03:18:45Z

COMMAND LINE ARGUMENTS:
C:\Program Files\Unity\Hub\Editor\6000.5.8f1\Editor\Unity.exe
-adb2
-batchMode
-noUpm
-name
AssetImportWorkerHW5
-projectPath
C:/Users/Len/Lenomation_V3
-logFile
Logs/AssetImportWorkerHW5.log
-srvPort
49846
-parentPid
30220
-analyticsCloudUserId
6500056
-analyticsCloudProjectId
0956883a-88ea-49b2-bde1-fe810ba60755
-analyticsLocalProjectId
a56d578cae808794b840954f198d8c38
-editorAnalyticsEnabled
1
-cbmEditorLicense
a6b17b70c364649abcf2a12ba2e16345950779f9
-cbmMachineId
YsBmvqtNExQjYkfo7ZFy7ZTOaSw=
-noDiagnosticSwitchPersistentStore
-job-worker-count
7
-background-job-worker-count
8
-asset-garbage-collectors
1
-force-d3d12
-name
AssetImport
Successfully changed project path to: C:/Users/Len/Lenomation_V3
C:/Users/Len/Lenomation_V3
[UnityMemory] Configuration Parameters - Can be set up in boot.config
    "memorysetup-temp-allocator-size-gi-baking-worker=262144"
    "memorysetup-temp-allocator-size-gi-baking-worker=262144"
    "memorysetup-temp-allocator-size-gi-baking-worker=262144"
    "memorysetup-temp-allocator-size-gi-baking-worker=262144"
    "memorysetup-temp-allocator-size-gi-baking-worker=262144"
    "memorysetup-temp-allocator-size-nav-mesh-worker=65536"
    "memorysetup-temp-allocator-size-audio-worker=65536"
    "memorysetup-temp-allocator-size-cloud-worker=32768"
    "memorysetup-temp-allocator-size-gfx=262144"
    "memorysetup-temp-allocator-size-preload-manager=33554432"
    "memorysetup-allocator-temp-initial-block-size-main=262144"
    "memorysetup-allocator-temp-initial-block-size-worker=262144"
    "memorysetup-temp-allocator-size-job-worker=262144"
    "memorysetup-temp-allocator-size-background-worker=32768"
    "memorysetup-bucket-allocator-granularity=16"
    "memorysetup-bucket-allocator-bucket-count=8"
    "memorysetup-bucket-allocator-block-size=33554432"
    "memorysetup-bucket-allocator-block-count=8"
    "memorysetup-main-allocator-block-size=16777216"
    "memorysetup-thread-allocator-block-size=16777216"
    "memorysetup-main-allocator-mimalloc-enabled=0"
    "memorysetup-gfx-main-allocator-block-size=16777216"
    "memorysetup-gfx-thread-allocator-block-size=16777216"
    "memorysetup-cache-allocator-block-size=4194304"
    "memorysetup-typetree-allocator-block-size=2097152"
    "memorysetup-profiler-bucket-allocator-granularity=16"
    "memorysetup-profiler-bucket-allocator-bucket-count=8"
    "memorysetup-profiler-bucket-allocator-block-size=33554432"
    "memorysetup-profiler-bucket-allocator-block-count=8"
    "memorysetup-profiler-allocator-block-size=16777216"
    "memorysetup-profiler-editor-allocator-block-size=1048576"
    "memorysetup-temp-allocator-size-main=16777216"
    "memorysetup-job-temp-allocator-block-size=2097152"
    "memorysetup-job-temp-allocator-block-size-background=1048576"
    "memorysetup-job-temp-allocator-reduction-small-platforms=262144"
Player connection [35716]  Target information:

Player connection [35716]  * "[IP] 192.168.1.149 [Port] 0 [Flags] 2 [Guid] 2465205195 [EditorId] 2465205195 [Version] 1048832 [Id] WindowsEditor(7,LenPC) [Debug] 1 [PackageName] WindowsEditor [ProjectName] Editor" 

Player connection [35716] Host joined multi-casting on [225.0.0.222:54997]...
Player connection [35716] Host joined alternative multi-casting on [225.0.0.222:34997]...
JobSystem: Creating JobQueue using job-worker-count value 7
Input System module state changed to: Initialized.
[Physics::Module] Initialized fallback backend.
[Physics::Module] Id: 0xdecafbad
Library Redirect Path: Library/
[Physics::Module] Selected backend.
[Physics::Module] Name: PhysX
[Physics::Module] Id: 0xf2b8ea05
[Physics::Module] SDK Version: 4.1.2
[Physics::Module] Integration Version: 1.0.0
[Physics::Module] Threading Mode: Multi-Threaded
Refreshing native plugins compatible for Editor in 6.14 ms, found 5 plugins.
Preloading 1 native plugins for Editor in 2.13 ms.
Initialize engine version: 6000.5.8f1 (5cb7df797b7d)
[Subsystems] Discovering subsystems at path C:/Program Files/Unity/Hub/Editor/6000.5.8f1/Editor/Data/Resources/UnitySubsystems
[Subsystems] Discovering subsystems at path C:/Users/Len/Lenomation_V3/Assets
Forcing GfxDevice: Direct3D 12
GfxDevice: creating device client; kGfxThreadingModeNonThreaded
d3d12: failed to query info queue interface (0x80004002).
Direct3D:
    Version:         Direct3D 12 [level 12.2]
    Renderer:        NVIDIA GeForce RTX 3080 Ti (ID=0x2208)
    Vendor:          NVIDIA
    VRAM:            12086 MB
    App VRAM Budget: 11318 MB
    Driver:          32.0.16.1088
Initialize mono
Mono path[0] = 'C:/Program Files/Unity/Hub/Editor/6000.5.8f1/Editor/Data/Managed'
Mono path[1] = 'C:/Program Files/Unity/Hub/Editor/6000.5.8f1/Editor/Data/BCLExtensions/runtime/netstandard2.1'
Mono path[2] = 'C:/Program Files/Unity/Hub/Editor/6000.5.8f1/Editor/Data/MonoBleedingEdge/lib/mono/unityjit-win32'
Mono config path = 'C:/Program Files/Unity/Hub/Editor/6000.5.8f1/Editor/Data/MonoBleedingEdge/etc'
Using monoOptions --debugger-agent=transport=dt_socket,embedding=1,server=y,suspend=n,address=127.0.0.1:56684
CodeReloadManager initialized
Begin MonoManager ReloadAssembly
[Licensing::Client] Error: HandshakeResponse reported an error:
	ResponseCode: 505
	ResponseStatus: Unsupported protocol version '1.18.1'.
[Licensing::Module] Error: Failed to handshake to channel: "LicenseClient-Len"
[Licensing::IpcConnector] LicenseClient-Len channel disconnected successfully.
[Licensing::IpcConnector] Successfully connected to: "LicenseClient-Len-6000.5.8" at "2026-08-26T03:18:46.6726854Z"
[Licensing::Client] Code 10 while verifying Licensing Client signature (process Id: 16880, path: "C:/Program Files/Unity/Hub/Editor/6000.5.8f1/Editor/Data/Resources/Licensing/Client/Unity.Licensing.Client.exe")
[Licensing::Module] LicensingClient has failed validation; ignoring
[Licensing::Client] Handshaking with LicensingClient:
  Version:                 1.18.1+9fbee8e
  Session Id:              7aa3ad3a625f4e77bb07c56a5f10484a
  Correlation Id:          5872a452e740eb9ada9f3e91f6651030
  External correlation Id: 1199249391562601833
  Machine Id:              YsBmvqtNExQjYkfo7ZFy7ZTOaSw=
[Licensing::Module] Successfully connected to LicensingClient on channel: "LicenseClient-Len-6000.5.8" (connect: 0.00s, validation: 0.00s, handshake: 0.01s)
[Licensing::IpcConnector] Successfully connected to: "LicenseClient-Len-6000.5.8-notifications" at "2026-08-26T03:18:46.6806086Z"
[Licensing::Module] Licensing Background thread has ended after 1.40s
Registering precompiled unity dll's ...
Register platform support module: C:/Program Files/Unity/Hub/Editor/6000.5.8f1/Editor/Data/PlaybackEngines/WebGLSupport/UnityEditor.WebGL.Extensions.dll
Register platform support module: C:/Program Files/Unity/Hub/Editor/6000.5.8f1/Editor/Data/PlaybackEngines/WindowsStandaloneSupport/UnityEditor.WindowsStandalone.Extensions.dll
Registered in 0.002536 seconds.
Native extension for WindowsStandalone target not found
Native extension for WebGL target not found
Package Manager log level set to [2]
[Package Manager] Failed to launch server process. Reason: Unity was launched with the -noUpm command-line argument
[Package Manager] Unable to send message (not connected to server process).
[Package Manager] Cannot connect to Unity Package Manager local server
ScheduleIndexationOnStartup MainProcess:False IndexOnStartup:True
Mono: successfully reloaded assembly
- Finished resetting the current domain, in  0.612 seconds
Domain Reload Profiling: 1240ms
	BeginReloadAssembly (175ms)
	RebuildCommonClasses (6ms)
	RebuildNativeTypeToScriptingClass (18ms)
	initialDomainReloadingComplete (84ms)
	LoadAllAssembliesAndSetupDomain (343ms)
		LoadAssemblies (172ms)
		AnalyzeDomain (255ms)
			TypeCache.Refresh (253ms)
				TypeCache.ScanAssembly (237ms)
	FinalizeReload (614ms)
		SetupLoadedEditorAssemblies (0ms)
			InitializePlatformSupportModulesInManaged (4ms)
			BeforeProcessingInitializeOnLoad (98ms)
			ProcessInitializeOnLoadAttributes (101ms)
			ProcessInitializeOnLoadMethodAttributes (309ms)
Initializing Unity extensions:
[Licensing::Client] Successfully resolved entitlement details
[Licensing::Module] License group:
  Id: 6500056-UnityPersXXXX
  Product: Unity Personal
  Type: Assigned
  Expiration: Unlimited
========================================================================
Worker process is ready to serve import requests
Import Worker Mode flag is 0x00
Begin MonoManager ReloadAssembly
Symbol file LoadedFromMemory is not a mono symbol file
Symbol file LoadedFromMemory is not a mono symbol file
Refreshing native plugins compatible for Editor in 3.87 ms, found 5 plugins.
Native extension for WindowsStandalone target not found
Native extension for WebGL target not found
[Package Manager] Failed to launch server process. Reason: Unity was launched with the -noUpm command-line argument
[Package Manager] Unable to send message (not connected to server process).
[Package Manager] Cannot connect to Unity Package Manager local server
Refreshing native plugins compatible for Editor in 4.78 ms, found 5 plugins.
Refreshing native plugins compatible for Editor in 3.98 ms, found 5 plugins.
[Package Manager] Failed to launch server process. Reason: Unity was launched with the -noUpm command-line argument
[Package Manager] Unable to send message (not connected to server process).
[Package Manager] Cannot connect to Unity Package Manager local server
[Licensing::Client] Error: Code 404 while processing request (status: Found 0 entitlement groups and 0 free entitlements matching requested entitlement ids)
ScheduleIndexationOnStartup MainProcess:False IndexOnStartup:True
Mono: successfully reloaded assembly
- Finished resetting the current domain, in  2.691 seconds
Domain Reload Profiling: 4664ms
	BeginReloadAssembly (279ms)
		DisableScriptedObjects (13ms)
		CreateAndSetChildDomain (51ms)
	RebuildCommonClasses (13ms)
	RebuildNativeTypeToScriptingClass (23ms)
	initialDomainReloadingComplete (143ms)
	LoadAllAssembliesAndSetupDomain (1514ms)
		LoadAssemblies (643ms)
		AnalyzeDomain (810ms)
			TypeCache.Refresh (669ms)
				TypeCache.ScanAssembly (632ms)
			BuildScriptInfoCaches (130ms)
			ResolveRequiredComponents (8ms)
	FinalizeReload (2692ms)
		SetupLoadedEditorAssemblies (0ms)
			InitializePlatformSupportModulesInManaged (3ms)
			BeforeProcessingInitializeOnLoad (193ms)
			ProcessInitializeOnLoadAttributes (1472ms)
			ProcessInitializeOnLoadMethodAttributes (607ms)
			AfterProcessingInitializeOnLoad (9ms)
		AwakeInstancesAfterBackupRestoration (12ms)
AcceleratorClientConnectionCallback - disconnected - :0
Launched and connected shader compiler UnityShaderCompiler.exe after 0.01 seconds
Refreshing native plugins compatible for Editor in 3.87 ms, found 5 plugins.
Unloading 65 Unused Serialized files (Serialized files now loaded: 0)
Curl error 3: URL rejected: Malformed input to a URL function
Unloading 10265 unused Assets / (20.7 MB). Loaded Objects now: 11245.
Memory consumption went from 480.3 MB to 459.6 MB.
Total: 34.519800 ms (FindLiveObjects: 1.064900 ms CreateObjectMapping: 5.377200 ms MarkObjects: 19.969000 ms  DeleteObjects: 8.106000 ms)

========================================================================
Received Import Request.
  Time of request: 2026-08-26T03:18:54.1517697Z
  Time since last request: 42664.96127059999708 seconds.
  importAddress: GUID: 7b36a91e8a7cf304b81905da7b233f23 - Path: Packages/com.unity.shadergraph/Editor/Data/Nodes/Input/Geometry/ViewVectorNode.cs - Importer: ScriptedImporter/UnityEditor.QuickSearchModule:UnityEditor.Search:ASIAI0B
Importing 'GUID: 7b36a91e8a7cf304b81905da7b233f23 - Path: Packages/com.unity.shadergraph/Editor/Data/Nodes/Input/Geometry/ViewVectorNode.cs - Importer: ScriptedImporter/UnityEditor.QuickSearchModule:UnityEditor.Search:ASIAI0B' with importer (ScriptedImporter : UnityEditor.QuickSearchModule:UnityEditor.Search:ASIAI0B)
Imported 'GUID: 7b36a91e8a7cf304b81905da7b233f23' -> (Import Result ID: 'ac50e9755b8bc24a9ee34ac617df57da') in 0.080 seconds [static and dynamic dependencies]. Details - ImportResultOutputID=3d0c5242d9da0e77052354f034239157 DependenciesID=daeed4c7dcc65d79cf39f4774c5bc27d StaticDependenciesID=a7086e5e0dc954b425040d031af40ca9 
Number of updated asset objects reloaded before import = 0
Number of asset objects unloaded after import = 0
========================================================================
Received Import Request.
  Time of request: 2026-08-26T03:18:54.2631028Z
  Time since last request: 0.014695 seconds.
  importAddress: GUID: 03599e40507c24caba0dd9b596f3b5dc - Path: Packages/com.unity.shadergraph/Editor/Data/Nodes/Math/Matrix/MatrixSplitNode.cs - Importer: ScriptedImporter/UnityEditor.QuickSearchModule:UnityEditor.Search:ASIAI0B
Importing 'GUID: 03599e40507c24caba0dd9b596f3b5dc - Path: Packages/com.unity.shadergraph/Editor/Data/Nodes/Math/Matrix/MatrixSplitNode.cs - Importer: ScriptedImporter/UnityEditor.QuickSearchModule:UnityEditor.Search:ASIAI0B' with importer (ScriptedImporter : UnityEditor.QuickSearchModule:UnityEditor.Search:ASIAI0B)
Imported 'GUID: 03599e40507c24caba0dd9b596f3b5dc' -> (Import Result ID: '6a4b00ec62969834901ed975f5dc6567') in 0.005 seconds [static and dynamic dependencies]. Details - ImportResultOutputID=057a901c4a7cb1625bc7e7a61fd5ecd6 DependenciesID=2aa20de04f933d258d4dc541a18029f5 StaticDependenciesID=57ca8d0f1e115dec7f529309a95acdc3 
Number of updated asset objects reloaded before import = 0
Number of asset objects unloaded after import = 0
========================================================================
Received Import Request.
  Time of request: 2026-08-26T03:18:54.2802542Z
  Time since last request: 0.0005319 seconds.
  importAddress: GUID: 058897be65bcd42f6ba05a4918c46629 - Path: Packages/com.unity.shadergraph/Editor/Data/Nodes/Math/Advanced/ModuloNode.cs - Importer: ScriptedImporter/UnityEditor.QuickSearchModule:UnityEditor.Search:ASIAI0B
Importing 'GUID: 058897be65bcd42f6ba05a4918c46629 - Path: Packages/com.unity.shadergraph/Editor/Data/Nodes/Math/Advanced/ModuloNode.cs - Importer: ScriptedImporter/UnityEditor.QuickSearchModule:UnityEditor.Search:ASIAI0B' with importer (ScriptedImporter : UnityEditor.QuickSearchModule:UnityEditor.Search:ASIAI0B)
Imported 'GUID: 058897be65bcd42f6ba05a4918c46629' -> (Import Result ID: '1cfea9dafaf58cb2385d79fe44e4f4e7') in 0.004 seconds [static and dynamic dependencies]. Details - ImportResultOutputID=ceddca86a18ae14ad0b266d82280e83a DependenciesID=1ecd8504a2105ac79e5c8bd8fe4ea5ef StaticDependenciesID=9462a7d6cfc9f67542b4338505d93297 
Number of updated asset objects reloaded before import = 0
Number of asset objects unloaded after import = 0
========================================================================
Received Import Request.
  Time of request: 2026-08-26T03:18:54.2968961Z
  Time since last request: 0.0005144 seconds.
  importAddress: GUID: 917ad6055d0c59f4aa7fe4ffa65b272a - Path: Packages/com.unity.shadergraph/Editor/Data/Nodes/Input/UI/ElementTextureUVNode.cs - Importer: ScriptedImporter/UnityEditor.QuickSearchModule:UnityEditor.Search:ASIAI0B
Importing 'GUID: 917ad6055d0c59f4aa7fe4ffa65b272a - Path: Packages/com.unity.shadergraph/Editor/Data/Nodes/Input/UI/ElementTextureUVNode.cs - Importer: ScriptedImporter/UnityEditor.QuickSearchModule:UnityEditor.Search:ASIAI0B' with importer (ScriptedImporter : UnityEditor.QuickSearchModule:UnityEditor.Search:ASIAI0B)
Imported 'GUID: 917ad6055d0c59f4aa7fe4ffa65b272a' -> (Import Result ID: '0fe36da3262abcd98d8a5d8420eccf45') in 0.004 seconds [static and dynamic dependencies]. Details - ImportResultOutputID=a8fd50e9202d9c2c7e976103ea433f9d DependenciesID=89b174af513203ae8d1e41ff32bdae8d StaticDependenciesID=dc20908c5d699eede7fff189c8ee8747 
Number of updated asset objects reloaded before import = 0
Number of asset objects unloaded after import = 0
========================================================================
Received Import Request.
  Time of request: 2026-08-26T03:18:54.3145077Z
  Time since last request: 0.000293 seconds.
  importAddress: GUID: 4b496ffd32c22d94bb525897d152da05 - Path: Packages/com.unity.shadergraph/Editor/Data/Nodes/Math/Advanced/AbsoluteNode.cs - Importer: ScriptedImporter/UnityEditor.QuickSearchModule:UnityEditor.Search:ASIAI0B
Importing 'GUID: 4b496ffd32c22d94bb525897d152da05 - Path: Packages/com.unity.shadergraph/Editor/Data/Nodes/Math/Advanced/AbsoluteNode.cs - Importer: ScriptedImporter/UnityEditor.QuickSearchModule:UnityEditor.Search:ASIAI0B' with importer (ScriptedImporter : UnityEditor.QuickSearchModule:UnityEditor.Search:ASIAI0B)
Imported 'GUID: 4b496ffd32c22d94bb525897d152da05' -> (Import Result ID: '017a2e05d717f526b817c50273c78c40') in 0.004 seconds [static and dynamic dependencies]. Details - ImportResultOutputID=db830022edff4a91c4b70362c419d329 DependenciesID=1b0c070a231a9ba210c685f0500e45c1 StaticDependenciesID=a5400a5ed80e6e2a8a03661325dd38da 
Number of updated asset objects reloaded before import = 0
Number of asset objects unloaded after import = 0
========================================================================
Received Import Request.
  Time of request: 2026-08-26T03:18:54.3315257Z
  Time since last request: 0.000441 seconds.
  importAddress: GUID: 94b2801c66359164e93dc371fc6762e2 - Path: Packages/com.unity.shadergraph/Editor/Data/Nodes/Input/Scene/ScreenNode.cs - Importer: ScriptedImporter/UnityEditor.QuickSearchModule:UnityEditor.Search:ASIAI0B
Importing 'GUID: 94b2801c66359164e93dc371fc6762e2 - Path: Packages/com.unity.shadergraph/Editor/Data/Nodes/Input/Scene/ScreenNode.cs - Importer: ScriptedImporter/UnityEditor.QuickSearchModule:UnityEditor.Search:ASIAI0B' with importer (ScriptedImporter : UnityEditor.QuickSearchModule:UnityEditor.Search:ASIAI0B)
Imported 'GUID: 94b2801c66359164e93dc371fc6762e2' -> (Import Result ID: 'fd734c4e8afb8f2ab001637851172434') in 0.004 seconds [static and dynamic dependencies]. Details - ImportResultOutputID=678a31184b5ec2049406a9ec0ed85191 DependenciesID=d1b50c0e93bf1015626626df81638e54 StaticDependenciesID=0570ef51156f0d8b4127afe99c5cc4f8 
Number of updated asset objects reloaded before import = 0
Number of asset objects unloaded after import = 0
========================================================================
Received Import Request.
  Time of request: 2026-08-26T03:18:54.3474056Z
  Time since last request: 0.0003692 seconds.
  importAddress: GUID: 2065162ee28baee4dbc14fccf4a6c3fd - Path: Packages/com.unity.shadergraph/Editor/Data/Nodes/Input/UI/ElementTextureSizeNode.cs - Importer: ScriptedImporter/UnityEditor.QuickSearchModule:UnityEditor.Search:ASIAI0B
Importing 'GUID: 2065162ee28baee4dbc14fccf4a6c3fd - Path: Packages/com.unity.shadergraph/Editor/Data/Nodes/Input/UI/ElementTextureSizeNode.cs - Importer: ScriptedImporter/UnityEditor.QuickSearchModule:UnityEditor.Search:ASIAI0B' with importer (ScriptedImporter : UnityEditor.QuickSearchModule:UnityEditor.Search:ASIAI0B)
Imported 'GUID: 2065162ee28baee4dbc14fccf4a6c3fd' -> (Import Result ID: '2532bfbf29083f167dfe6219af559ceb') in 0.004 seconds [static and dynamic dependencies]. Details - ImportResultOutputID=c7fecbcdbfc54f970723ddacc2931e81 DependenciesID=b132b75c9ddaec82aaeb3777fc73c852 StaticDependenciesID=163433eeb4e8dac8d3c97a95ed26d602 
Number of updated asset objects reloaded before import = 0
Number of asset objects unloaded after import = 0
========================================================================
Received Import Request.
  Time of request: 2026-08-26T03:18:54.3633227Z
  Time since last request: 0.0007163 seconds.
  importAddress: GUID: c18b14d941c03eb4d90c30f51c1d4fe1 - Path: Packages/com.unity.shadergraph/Editor/Data/Nodes/Math/Derivative/DDXYNode.cs - Importer: ScriptedImporter/UnityEditor.QuickSearchModule:UnityEditor.Search:ASIAI0B
Importing 'GUID: c18b14d941c03eb4d90c30f51c1d4fe1 - Path: Packages/com.unity.shadergraph/Editor/Data/Nodes/Math/Derivative/DDXYNode.cs - Importer: ScriptedImporter/UnityEditor.QuickSearchModule:UnityEditor.Search:ASIAI0B' with importer (ScriptedImporter : UnityEditor.QuickSearchModule:UnityEditor.Search:ASIAI0B)
Imported 'GUID: c18b14d941c03eb4d90c30f51c1d4fe1' -> (Import Result ID: '365a4898a41e5f9f03560d7ff88b1d23') in 0.005 seconds [static and dynamic dependencies]. Details - ImportResultOutputID=639e9f8f40141956d59e1afbbccd8d4e DependenciesID=a642127ddcd255dc7e96c38bcefdc88f StaticDependenciesID=7273e71f2afa6cd02af3bfdf4cdcba1c 
Number of updated asset objects reloaded before import = 0
Number of asset objects unloaded after import = 0
========================================================================
Received Import Request.
  Time of request: 2026-08-26T03:18:54.3809266Z
  Time since last request: 0.000249 seconds.
  importAddress: GUID: ab454fbbbc9f31d4083c178cf885c672 - Path: Packages/com.unity.shadergraph/Editor/Data/Nodes/Input/Texture/TexelSizeNode.cs - Importer: ScriptedImporter/UnityEditor.QuickSearchModule:UnityEditor.Search:ASIAI0B
Importing 'GUID: ab454fbbbc9f31d4083c178cf885c672 - Path: Packages/com.unity.shadergraph/Editor/Data/Nodes/Input/Texture/TexelSizeNode.cs - Importer: ScriptedImporter/UnityEditor.QuickSearchModule:UnityEditor.Search:ASIAI0B' with importer (ScriptedImporter : UnityEditor.QuickSearchModule:UnityEditor.Search:ASIAI0B)
Imported 'GUID: ab454fbbbc9f31d4083c178cf885c672' -> (Import Result ID: '907e2c31915b9e4bc318f886a1b7ee54') in 0.004 seconds [static and dynamic dependencies]. Details - ImportResultOutputID=0fa068d80e09693a7336e5913b1dcafe DependenciesID=b053b58e6d3684756b45463f7d0f0476 StaticDependenciesID=15090037e498279f71da379aa8653fe4 
Number of updated asset objects reloaded before import = 0
Number of asset objects unloaded after import = 0
========================================================================
Received Import Request.
  Time of request: 2026-08-26T03:18:54.3973975Z
  Time since last request: 0.0002685 seconds.
  importAddress: GUID: 5ca9d434229e11f44888abcbf66062a5 - Path: Packages/com.unity.shadergraph/Editor/Data/Nodes/Input/Texture/SampleTexture2DNode.cs - Importer: ScriptedImporter/UnityEditor.QuickSearchModule:UnityEditor.Search:ASIAI0B
Importing 'GUID: 5ca9d434229e11f44888abcbf66062a5 - Path: Packages/com.unity.shadergraph/Editor/Data/Nodes/Input/Texture/SampleTexture2DNode.cs - Importer: ScriptedImporter/UnityEditor.QuickSearchModule:UnityEditor.Search:ASIAI0B' with importer (ScriptedImporter : UnityEditor.QuickSearchModule:UnityEditor.Search:ASIAI0B)
Imported 'GUID: 5ca9d434229e11f44888abcbf66062a5' -> (Import Result ID: '77ac2e53b1129b7e2047372699b5bb65') in 0.005 seconds [static and dynamic dependencies]. Details - ImportResultOutputID=209bbfc79066408e9c13f061ca0435c2 DependenciesID=b8cc59a51d0cc0451fc2c7414c8fbefb StaticDependenciesID=1d4454df999e46242a8932ea6e438f77 
Number of updated asset objects reloaded before import = 0
Number of asset objects unloaded after import = 0
========================================================================
Received Import Request.
  Time of request: 2026-08-26T03:18:54.4144566Z
  Time since last request: 0.0004729 seconds.
  importAddress: GUID: 7f3857db61fc34eaabd871901ae5a2b6 - Path: Packages/com.unity.shadergraph/Editor/Data/Nodes/Math/Matrix/MatrixConstructionNode.cs - Importer: ScriptedImporter/UnityEditor.QuickSearchModule:UnityEditor.Search:ASIAI0B
Importing 'GUID: 7f3857db61fc34eaabd871901ae5a2b6 - Path: Packages/com.unity.shadergraph/Editor/Data/Nodes/Math/Matrix/MatrixConstructionNode.cs - Importer: ScriptedImporter/UnityEditor.QuickSearchModule:UnityEditor.Search:ASIAI0B' with importer (ScriptedImporter : UnityEditor.QuickSearchModule:UnityEditor.Search:ASIAI0B)
Imported 'GUID: 7f3857db61fc34eaabd871901ae5a2b6' -> (Import Result ID: '17144f4d50be5cbf267c5563decdcb4d') in 0.004 seconds [static and dynamic dependencies]. Details - ImportResultOutputID=80b5c0670cda7e3c283686d309fa5a5d DependenciesID=9059ebfa3dc5bba2c93bc45849251ab1 StaticDependenciesID=ce0ddaeac541a9a9685396d7310cbf21 
Number of updated asset objects reloaded before import = 0
Number of asset objects unloaded after import = 0
========================================================================
Received Import Request.
  Time of request: 2026-08-26T03:18:54.4310158Z
  Time since last request: 0.00047 seconds.
  importAddress: GUID: 0b009ba9b523742a0ad6530e14a063a2 - Path: Packages/com.unity.shadergraph/Editor/Data/Nodes/Input/Texture/Texture3DAssetNode.cs - Importer: ScriptedImporter/UnityEditor.QuickSearchModule:UnityEditor.Search:ASIAI0B
Importing 'GUID: 0b009ba9b523742a0ad6530e14a063a2 - Path: Packages/com.unity.shadergraph/Editor/Data/Nodes/Input/Texture/Texture3DAssetNode.cs - Importer: ScriptedImporter/UnityEditor.QuickSearchModule:UnityEditor.Search:ASIAI0B' with importer (ScriptedImporter : UnityEditor.QuickSearchModule:UnityEditor.Search:ASIAI0B)
Imported 'GUID: 0b009ba9b523742a0ad6530e14a063a2' -> (Import Result ID: 'c9cb04f1dcab6c0a3c9408cf5c5b66a4') in 0.004 seconds [static and dynamic dependencies]. Details - ImportResultOutputID=cf60175672c31e7b78bde7e7dedcafc3 DependenciesID=20208486a0cc3f7b96f99119d21286aa StaticDependenciesID=4511fb4a811e78136694fdd52361252f 
Number of updated asset objects reloaded before import = 0
Number of asset objects unloaded after import = 0
========================================================================
Received Import Request.
  Time of request: 2026-08-26T03:18:54.4479635Z
  Time since last request: 0.0005562 seconds.
  importAddress: GUID: e2db046575851ad4c806c1fb14f28290 - Path: Packages/com.unity.shadergraph/Editor/Data/Nodes/Input/Texture/TextureStackNode.cs - Importer: ScriptedImporter/UnityEditor.QuickSearchModule:UnityEditor.Search:ASIAI0B
Importing 'GUID: e2db046575851ad4c806c1fb14f28290 - Path: Packages/com.unity.shadergraph/Editor/Data/Nodes/Input/Texture/TextureStackNode.cs - Importer: ScriptedImporter/UnityEditor.QuickSearchModule:UnityEditor.Search:ASIAI0B' with importer (ScriptedImporter : UnityEditor.QuickSearchModule:UnityEditor.Search:ASIAI0B)
Imported 'GUID: e2db046575851ad4c806c1fb14f28290' -> (Import Result ID: 'cacf74daed04dc2e8e6e86297b544248') in 0.004 seconds [static and dynamic dependencies]. Details - ImportResultOutputID=4e37f14339779b97b20f7173bf1c807c DependenciesID=138a1a9e4ffe098660af2b7861619e31 StaticDependenciesID=9ea81694ea42babcaae0af13dda5baee 
Number of updated asset objects reloaded before import = 0
Number of asset objects unloaded after import = 0
========================================================================
Received Import Request.
  Time of request: 2026-08-26T03:18:54.4635749Z
  Time since last request: 0.0004904 seconds.
  importAddress: GUID: 6eaeb9c846408f74daeadcc3314810e4 - Path: Packages/com.unity.shadergraph/Editor/Data/Nodes/Input/Texture/SampleCubemapNode.cs - Importer: ScriptedImporter/UnityEditor.QuickSearchModule:UnityEditor.Search:ASIAI0B
Importing 'GUID: 6eaeb9c846408f74daeadcc3314810e4 - Path: Packages/com.unity.shadergraph/Editor/Data/Nodes/Input/Texture/SampleCubemapNode.cs - Importer: ScriptedImporter/UnityEditor.QuickSearchModule:UnityEditor.Search:ASIAI0B' with importer (ScriptedImporter : UnityEditor.QuickSearchModule:UnityEditor.Search:ASIAI0B)
Imported 'GUID: 6eaeb9c846408f74daeadcc3314810e4' -> (Import Result ID: '8496457fd1b9aaf130b11f5763097035') in 0.004 seconds [static and dynamic dependencies]. Details - ImportResultOutputID=eb7b4510df086bbe94ffcaede1e9d929 DependenciesID=c6d69cd922c02fe6d4a940698e8cddb4 StaticDependenciesID=5c3f3f50e744936824a104a23d7c0669 
Number of updated asset objects reloaded before import = 0
Number of asset objects unloaded after import = 0
========================================================================
Received Import Request.
  Time of request: 2026-08-26T03:18:54.4806267Z
  Time since last request: 0.0003489 seconds.
  importAddress: GUID: a8880ad54646f8b469de662f4f0785c9 - Path: Packages/com.unity.shadergraph/Editor/Data/Nodes/Math/Advanced/LogNode.cs - Importer: ScriptedImporter/UnityEditor.QuickSearchModule:UnityEditor.Search:ASIAI0B
Importing 'GUID: a8880ad54646f8b469de662f4f0785c9 - Path: Packages/com.unity.shadergraph/Editor/Data/Nodes/Math/Advanced/LogNode.cs - Importer: ScriptedImporter/UnityEditor.QuickSearchModule:UnityEditor.Search:ASIAI0B' with importer (ScriptedImporter : UnityEditor.QuickSearchModule:UnityEditor.Search:ASIAI0B)
Imported 'GUID: a8880ad54646f8b469de662f4f0785c9' -> (Import Result ID: '7f8243960fa75a7db1605856808e6583') in 0.004 seconds [static and dynamic dependencies]. Details - ImportResultOutputID=79a4fe4bc8eb498ff849b9b311231ffe DependenciesID=c10079c7f80f104abeb4f859f7e12364 StaticDependenciesID=d7583f801ee9b7aaa92eff0bdd82cb6a 
Number of updated asset objects reloaded before import = 0
Number of asset objects unloaded after import = 0
========================================================================
Received Import Request.
  Time of request: 2026-08-26T03:18:54.4973053Z
  Time since last request: 0.0003515 seconds.
  importAddress: GUID: 7eb73d726827e2c41ae4d68018bc97e1 - Path: Packages/com.unity.shadergraph/Editor/Data/Nodes/Math/Advanced/NormalizeNode.cs - Importer: ScriptedImporter/UnityEditor.QuickSearchModule:UnityEditor.Search:ASIAI0B
Importing 'GUID: 7eb73d726827e2c41ae4d68018bc97e1 - Path: Packages/com.unity.shadergraph/Editor/Data/Nodes/Math/Advanced/NormalizeNode.cs - Importer: ScriptedImporter/UnityEditor.QuickSearchModule:UnityEditor.Search:ASIAI0B' with importer (ScriptedImporter : UnityEditor.QuickSearchModule:UnityEditor.Search:ASIAI0B)
Imported 'GUID: 7eb73d726827e2c41ae4d68018bc97e1' -> (Import Result ID: '41cf16c09baaf69a13c6fc7cd98d23e8') in 0.005 seconds [static and dynamic dependencies]. Details - ImportResultOutputID=10c2ba77c5821e13bd94b78efd7971cd DependenciesID=ad7605dc61540fbfda7272648d62e84b StaticDependenciesID=4167c27f1af056e812c79e67b7d7d16a 
Number of updated asset objects reloaded before import = 0
Number of asset objects unloaded after import = 0
========================================================================
Received Import Request.
  Time of request: 2026-08-26T03:18:54.5141338Z
  Time since last request: 0.000554 seconds.
  importAddress: GUID: f13ae4db3be37ef4bbb46a37782ecd1a - Path: Packages/com.unity.shadergraph/Editor/Data/Nodes/Math/Derivative/DDXNode.cs - Importer: ScriptedImporter/UnityEditor.QuickSearchModule:UnityEditor.Search:ASIAI0B
Importing 'GUID: f13ae4db3be37ef4bbb46a37782ecd1a - Path: Packages/com.unity.shadergraph/Editor/Data/Nodes/Math/Derivative/DDXNode.cs - Importer: ScriptedImporter/UnityEditor.QuickSearchModule:UnityEditor.Search:ASIAI0B' with importer (ScriptedImporter : UnityEditor.QuickSearchModule:UnityEditor.Search:ASIAI0B)
Imported 'GUID: f13ae4db3be37ef4bbb46a37782ecd1a' -> (Import Result ID: '65039218cec1cb87b39e9d29fd453260') in 0.004 seconds [static and dynamic dependencies]. Details - ImportResultOutputID=46d6a49feb0697a6e70c7297a1cf7e7b DependenciesID=deb65d74540d8eb18486015df66051c1 StaticDependenciesID=edf8c1a949c12ec1fcd7389c92700d83 
Number of updated asset objects reloaded before import = 0
Number of asset objects unloaded after import = 0
========================================================================
Received Import Request.
  Time of request: 2026-08-26T03:18:54.5454849Z
  Time since last request: 0.0151544 seconds.
  importAddress: GUID: e01bb373f731e2946bb996c6b980c1ab - Path: Packages/com.unity.shadergraph/Editor/Generation/Targets/BuiltIn/ShaderLibrary/Core.hlsl - Importer: ScriptedImporter/UnityEditor.QuickSearchModule:UnityEditor.Search:ASIAI0B
Importing 'GUID: e01bb373f731e2946bb996c6b980c1ab - Path: Packages/com.unity.shadergraph/Editor/Generation/Targets/BuiltIn/ShaderLibrary/Core.hlsl - Importer: ScriptedImporter/UnityEditor.QuickSearchModule:UnityEditor.Search:ASIAI0B' with importer (ScriptedImporter : UnityEditor.QuickSearchModule:UnityEditor.Search:ASIAI0B)
Imported 'GUID: e01bb373f731e2946bb996c6b980c1ab' -> (Import Result ID: 'cee1ef899a66ca6dfd324785e39492c4') in 0.004 seconds [static and dynamic dependencies]. Details - ImportResultOutputID=71e45e19bcdb504a4e8fc827dd559ef5 DependenciesID=73d860f574333118c50bc83f1f364b95 StaticDependenciesID=9e1a27c0dc004340f031040ed7dae21e 
Number of updated asset objects reloaded before import = 0
Number of asset objects unloaded after import = 1
========================================================================
Received Import Request.
  Time of request: 2026-08-26T03:18:54.5613887Z
  Time since last request: 0.0001954 seconds.
  importAddress: GUID: 3b697dfe95b1b994c928296c788c860a - Path: Packages/com.unity.shadergraph/Editor/Data/Nodes/Math/Vector/RefractNode.cs - Importer: ScriptedImporter/UnityEditor.QuickSearchModule:UnityEditor.Search:ASIAI0B
Importing 'GUID: 3b697dfe95b1b994c928296c788c860a - Path: Packages/com.unity.shadergraph/Editor/Data/Nodes/Math/Vector/RefractNode.cs - Importer: ScriptedImporter/UnityEditor.QuickSearchModule:UnityEditor.Search:ASIAI0B' with importer (ScriptedImporter : UnityEditor.QuickSearchModule:UnityEditor.Search:ASIAI0B)
Imported 'GUID: 3b697dfe95b1b994c928296c788c860a' -> (Import Result ID: '29ff1a62b77c75753b57b8cd13c29538') in 0.007 seconds [static and dynamic dependencies]. Details - ImportResultOutputID=343da6d63080f406cba47887b62d6641 DependenciesID=11c1d1fd822b1173fe0eeae74e043a20 StaticDependenciesID=7e65d1db1c761019e4252521e83ea406 
Number of updated asset objects reloaded before import = 0
Number of asset objects unloaded after import = 0
========================================================================
Received Import Request.
  Time of request: 2026-08-26T03:18:54.5791523Z
  Time since last request: 0.0003686 seconds.
  importAddress: GUID: 639247ca83abc874e893eb93af2b5e44 - Path: Packages/com.unity.shadergraph/Editor/Generation/Targets/BuiltIn/Editor/AssetVersion.cs - Importer: ScriptedImporter/UnityEditor.QuickSearchModule:UnityEditor.Search:ASIAI0B
Importing 'GUID: 639247ca83abc874e893eb93af2b5e44 - Path: Packages/com.unity.shadergraph/Editor/Generation/Targets/BuiltIn/Editor/AssetVersion.cs - Importer: ScriptedImporter/UnityEditor.QuickSearchModule:UnityEditor.Search:ASIAI0B' with importer (ScriptedImporter : UnityEditor.QuickSearchModule:UnityEditor.Search:ASIAI0B)
Imported 'GUID: 639247ca83abc874e893eb93af2b5e44' -> (Import Result ID: '0362f1b41abaa0d839f6f00a9f3d45fb') in 0.003 seconds [static and dynamic dependencies]. Details - ImportResultOutputID=40133d0ac11c3fbabfd555e4c622c38c DependenciesID=042084b437e7177ddc296ab512ba8974 StaticDependenciesID=321f308700eedfa8d564cb12b02f535b 
Number of updated asset objects reloaded before import = 0
Number of asset objects unloaded after import = 0
========================================================================
Received Import Request.
  Time of request: 2026-08-26T03:18:54.5947061Z
  Time since last request: 0.0002757 seconds.
  importAddress: GUID: 8f04f9a51bb7cae408ba6b74194f84f7 - Path: Packages/com.unity.shadergraph/Editor/Generation/Targets/BuiltIn/ShaderLibrary/DeclareOpaqueTexture.hlsl - Importer: ScriptedImporter/UnityEditor.QuickSearchModule:UnityEditor.Search:ASIAI0B
Importing 'GUID: 8f04f9a51bb7cae408ba6b74194f84f7 - Path: Packages/com.unity.shadergraph/Editor/Generation/Targets/BuiltIn/ShaderLibrary/DeclareOpaqueTexture.hlsl - Importer: ScriptedImporter/UnityEditor.QuickSearchModule:UnityEditor.Search:ASIAI0B' with importer (ScriptedImporter : UnityEditor.QuickSearchModule:UnityEditor.Search:ASIAI0B)
Imported 'GUID: 8f04f9a51bb7cae408ba6b74194f84f7' -> (Import Result ID: '8cd2caa8294bf7666324b6cdfbbf1331') in 0.004 seconds [static and dynamic dependencies]. Details - ImportResultOutputID=1a2132ff8924c296ca499e5331df8d9c DependenciesID=c86b81fa05dbe969d18889ab49e615c6 StaticDependenciesID=b77d85a5b06509bd64b5e3a2157a7f62 
Number of updated asset objects reloaded before import = 0
Number of asset objects unloaded after import = 1
========================================================================
Received Import Request.
  Time of request: 2026-08-26T03:18:54.610724Z
  Time since last request: 0.0002518 seconds.
  importAddress: GUID: 0f6f860c0f1e24214b5d2974cc624227 - Path: Packages/com.unity.shadergraph/Editor/Data/Nodes/Utility/Logic/OrNode.cs - Importer: ScriptedImporter/UnityEditor.QuickSearchModule:UnityEditor.Search:ASIAI0B
Importing 'GUID: 0f6f860c0f1e24214b5d2974cc624227 - Path: Packages/com.unity.shadergraph/Editor/Data/Nodes/Utility/Logic/OrNode.cs - Importer: ScriptedImporter/UnityEditor.QuickSearchModule:UnityEditor.Search:ASIAI0B' with importer (ScriptedImporter : UnityEditor.QuickSearchModule:UnityEditor.Search:ASIAI0B)
Imported 'GUID: 0f6f860c0f1e24214b5d2974cc624227' -> (Import Result ID: 'c66229d889ac7e2d067f91e5b5d68d1f') in 0.004 seconds [static and dynamic dependencies]. Details - ImportResultOutputID=d6f09f4e2a1dab01895512403a039d58 DependenciesID=aa0c73ef97be4cc11517ad7cd41086c1 StaticDependenciesID=6c72027a581d98ee9fe82decf3e90c3c 
Number of updated asset objects reloaded before import = 0
Number of asset objects unloaded after import = 0
========================================================================
Received Import Request.
  Time of request: 2026-08-26T03:18:54.6272304Z
  Time since last request: 0.0002735 seconds.
  importAddress: GUID: 8d1b4bf99b86c474f8a0bcb2015cf3da - Path: Packages/com.unity.shadergraph/Editor/Data/Nodes/Math/Round/FloorNode.cs - Importer: ScriptedImporter/UnityEditor.QuickSearchModule:UnityEditor.Search:ASIAI0B
Importing 'GUID: 8d1b4bf99b86c474f8a0bcb2015cf3da - Path: Packages/com.unity.shadergraph/Editor/Data/Nodes/Math/Round/FloorNode.cs - Importer: ScriptedImporter/UnityEditor.QuickSearchModule:UnityEditor.Search:ASIAI0B' with importer (ScriptedImporter : UnityEditor.QuickSearchModule:UnityEditor.Search:ASIAI0B)
Imported 'GUID: 8d1b4bf99b86c474f8a0bcb2015cf3da' -> (Import Result ID: '8857866e5adcaef70d38aff9aca67af4') in 0.004 seconds [static and dynamic dependencies]. Details - ImportResultOutputID=b7146b6c1a5837433cddcef6748cef51 DependenciesID=3b127d8c4fb59c9fe27c862979e5d27f StaticDependenciesID=fc4cee2a10ce6440f21d3edc3351fe1e 
Number of updated asset objects reloaded before import = 0
Number of asset objects unloaded after import = 0
========================================================================
Received Import Request.
  Time of request: 2026-08-26T03:18:54.6437203Z
  Time since last request: 0.0003702 seconds.
  importAddress: GUID: ab2601bf38a580a46945e707fecb7943 - Path: Packages/com.unity.shadergraph/Editor/Data/Nodes/Math/Round/CeilingNode.cs - Importer: ScriptedImporter/UnityEditor.QuickSearchModule:UnityEditor.Search:ASIAI0B
Importing 'GUID: ab2601bf38a580a46945e707fecb7943 - Path: Packages/com.unity.shadergraph/Editor/Data/Nodes/Math/Round/CeilingNode.cs - Importer: ScriptedImporter/UnityEditor.QuickSearchModule:UnityEditor.Search:ASIAI0B' with importer (ScriptedImporter : UnityEditor.QuickSearchModule:UnityEditor.Search:ASIAI0B)
Imported 'GUID: ab2601bf38a580a46945e707fecb7943' -> (Import Result ID: 'cad2db54b143117cccda5e09ff1e597b') in 0.004 seconds [static and dynamic dependencies]. Details - ImportResultOutputID=a5303ef7cb0442be312f6897a9cd4a62 DependenciesID=486136d9a063a786a1179e330349aea5 StaticDependenciesID=f3efe00c1ddf3b722b659fa53bddb529 
Number of updated asset objects reloaded before import = 0
Number of asset objects unloaded after import = 0
========================================================================
Received Import Request.
  Time of request: 2026-08-26T03:18:54.6600431Z
  Time since last request: 0.0002827 seconds.
  importAddress: GUID: fdd3de2442c50d74da35552bdbe0be74 - Path: Packages/com.unity.shadergraph/Editor/Data/Nodes/Math/Trigonometry/Arctangent2Node.cs - Importer: ScriptedImporter/UnityEditor.QuickSearchModule:UnityEditor.Search:ASIAI0B
Importing 'GUID: fdd3de2442c50d74da35552bdbe0be74 - Path: Packages/com.unity.shadergraph/Editor/Data/Nodes/Math/Trigonometry/Arctangent2Node.cs - Importer: ScriptedImporter/UnityEditor.QuickSearchModule:UnityEditor.Search:ASIAI0B' with importer (ScriptedImporter : UnityEditor.QuickSearchModule:UnityEditor.Search:ASIAI0B)
Imported 'GUID: fdd3de2442c50d74da35552bdbe0be74' -> (Import Result ID: '9c1b214912edcb7ec3b0eec167c34831') in 0.004 seconds [static and dynamic dependencies]. Details - ImportResultOutputID=11217bb2d2c20459dcfb81c7d038c66b DependenciesID=e899eb80cef5e40e28c1b5d30fb243ca StaticDependenciesID=c99a670b3505d5c1753874b0cfc1514c 
Number of updated asset objects reloaded before import = 0
Number of asset objects unloaded after import = 0
========================================================================
Received Import Request.
  Time of request: 2026-08-26T03:18:54.676368Z
  Time since last request: 0.0003621 seconds.
  importAddress: GUID: f4eb8feccb0350d46a88b15271a33cb2 - Path: Packages/com.unity.shadergraph/Editor/Data/Nodes/Math/Vector/RotateAboutAxisNode.cs - Importer: ScriptedImporter/UnityEditor.QuickSearchModule:UnityEditor.Search:ASIAI0B
Importing 'GUID: f4eb8feccb0350d46a88b15271a33cb2 - Path: Packages/com.unity.shadergraph/Editor/Data/Nodes/Math/Vector/RotateAboutAxisNode.cs - Importer: ScriptedImporter/UnityEditor.QuickSearchModule:UnityEditor.Search:ASIAI0B' with importer (ScriptedImporter : UnityEditor.QuickSearchModule:UnityEditor.Search:ASIAI0B)
Imported 'GUID: f4eb8feccb0350d46a88b15271a33cb2' -> (Import Result ID: 'e80c81f3d1186b562533fd8d334e623e') in 0.004 seconds [static and dynamic dependencies]. Details - ImportResultOutputID=b221d483a9d677d84de79a6acbfee65c DependenciesID=969bbf65f257e9898ad887ae7d115c3a StaticDependenciesID=0fb56a09c0a19cada0bdad4c52c0a195 
Number of updated asset objects reloaded before import = 0
Number of asset objects unloaded after import = 0
========================================================================
Received Import Request.
  Time of request: 2026-08-26T03:18:54.6932265Z
  Time since last request: 0.0003891 seconds.
  importAddress: GUID: 8ac4c7f9b9937b64885ce949fc6d6525 - Path: Packages/com.unity.shadergraph/Editor/Generation/Targets/BuiltIn/ShaderLibrary/Deprecated.hlsl - Importer: ScriptedImporter/UnityEditor.QuickSearchModule:UnityEditor.Search:ASIAI0B
Importing 'GUID: 8ac4c7f9b9937b64885ce949fc6d6525 - Path: Packages/com.unity.shadergraph/Editor/Generation/Targets/BuiltIn/ShaderLibrary/Deprecated.hlsl - Importer: ScriptedImporter/UnityEditor.QuickSearchModule:UnityEditor.Search:ASIAI0B' with importer (ScriptedImporter : UnityEditor.QuickSearchModule:UnityEditor.Search:ASIAI0B)
Imported 'GUID: 8ac4c7f9b9937b64885ce949fc6d6525' -> (Import Result ID: '717bebaffbcb2419159574dacde830b3') in 0.005 seconds [static and dynamic dependencies]. Details - ImportResultOutputID=0769eed126ea33b5123273a3cf6d61db DependenciesID=d4f0b7be036c0fbcac9e2662762c1c65 StaticDependenciesID=a62436d93a6b246481187cfcf0f04046 
Number of updated asset objects reloaded before import = 0
Number of asset objects unloaded after import = 1
========================================================================
Received Import Request.
  Time of request: 2026-08-26T03:18:54.7120942Z
  Time since last request: 0.0002621 seconds.
  importAddress: GUID: 3673593934a8a544294ca6398a7cc6cb - Path: Packages/com.unity.shadergraph/Editor/Data/Nodes/Math/Trigonometry/RadiansToDegreesNode.cs - Importer: ScriptedImporter/UnityEditor.QuickSearchModule:UnityEditor.Search:ASIAI0B
Importing 'GUID: 3673593934a8a544294ca6398a7cc6cb - Path: Packages/com.unity.shadergraph/Editor/Data/Nodes/Math/Trigonometry/RadiansToDegreesNode.cs - Importer: ScriptedImporter/UnityEditor.QuickSearchModule:UnityEditor.Search:ASIAI0B' with importer (ScriptedImporter : UnityEditor.QuickSearchModule:UnityEditor.Search:ASIAI0B)
Imported 'GUID: 3673593934a8a544294ca6398a7cc6cb' -> (Import Result ID: 'cbd2239a548acc20f90bbd9bd3a6ac62') in 0.005 seconds [static and dynamic dependencies]. Details - ImportResultOutputID=324c8205be2027bb78d08e8a7bfde3a7 DependenciesID=9d35a09c2e058ca09642992c8da3236b StaticDependenciesID=759449053771ab3ee62dcc9f6cf7b425 
Number of updated asset objects reloaded before import = 0
Number of asset objects unloaded after import = 0
========================================================================
Received Import Request.
  Time of request: 2026-08-26T03:18:54.7330881Z
  Time since last request: 0.0003405 seconds.
  importAddress: GUID: 5080cbd4eecd4a74b849da7f9b53632b - Path: Packages/com.unity.shadergraph/Editor/Generation/Targets/BuiltIn/ShaderLibrary/DeclareDepthTexture.hlsl - Importer: ScriptedImporter/UnityEditor.QuickSearchModule:UnityEditor.Search:ASIAI0B
Importing 'GUID: 5080cbd4eecd4a74b849da7f9b53632b - Path: Packages/com.unity.shadergraph/Editor/Generation/Targets/BuiltIn/ShaderLibrary/DeclareDepthTexture.hlsl - Importer: ScriptedImporter/UnityEditor.QuickSearchModule:UnityEditor.Search:ASIAI0B' with importer (ScriptedImporter : UnityEditor.QuickSearchModule:UnityEditor.Search:ASIAI0B)
Imported 'GUID: 5080cbd4eecd4a74b849da7f9b53632b' -> (Import Result ID: 'b21ef8d237e69fe11632382327cb3f9c') in 0.006 seconds [static and dynamic dependencies]. Details - ImportResultOutputID=8df324845deaa1be9858dce5ca8b31c6 DependenciesID=ab625a52c9eb1eca023772a84b29d9f8 StaticDependenciesID=9c7036052e04594fc37065d77ae1916f 
Number of updated asset objects reloaded before import = 0
Number of asset objects unloaded after import = 1
========================================================================
Received Import Request.
  Time of request: 2026-08-26T03:18:54.7528224Z
  Time since last request: 0.0003397 seconds.
  importAddress: GUID: 03c297b39ff293f4ebc923eb7e60a565 - Path: Packages/com.unity.shadergraph/Editor/Data/Nodes/Math/Round/RoundNode.cs - Importer: ScriptedImporter/UnityEditor.QuickSearchModule:UnityEditor.Search:ASIAI0B
Importing 'GUID: 03c297b39ff293f4ebc923eb7e60a565 - Path: Packages/com.unity.shadergraph/Editor/Data/Nodes/Math/Round/RoundNode.cs - Importer: ScriptedImporter/UnityEditor.QuickSearchModule:UnityEditor.Search:ASIAI0B' with importer (ScriptedImporter : UnityEditor.QuickSearchModule:UnityEditor.Search:ASIAI0B)
Imported 'GUID: 03c297b39ff293f4ebc923eb7e60a565' -> (Import Result ID: '971bb9a84f9ddd6f6d63598f39ad0ddd') in 0.005 seconds [static and dynamic dependencies]. Details - ImportResultOutputID=47ea638568a05a519349935977fe9db4 DependenciesID=168419a76697a60a8bca04e9b6b7fce1 StaticDependenciesID=bfbc86eb6a69c117b7476bb3e21b7abb 
Number of updated asset objects reloaded before import = 0
Number of asset objects unloaded after import = 0
========================================================================
Received Import Request.
  Time of request: 2026-08-26T03:18:54.7700071Z
  Time since last request: 0.0004051 seconds.
  importAddress: GUID: 2b10d839969f5484cad9632519dc7324 - Path: Packages/com.unity.shadergraph/Editor/Data/Nodes/Math/Trigonometry/SineNode.cs - Importer: ScriptedImporter/UnityEditor.QuickSearchModule:UnityEditor.Search:ASIAI0B
Importing 'GUID: 2b10d839969f5484cad9632519dc7324 - Path: Packages/com.unity.shadergraph/Editor/Data/Nodes/Math/Trigonometry/SineNode.cs - Importer: ScriptedImporter/UnityEditor.QuickSearchModule:UnityEditor.Search:ASIAI0B' with importer (ScriptedImporter : UnityEditor.QuickSearchModule:UnityEditor.Search:ASIAI0B)
Imported 'GUID: 2b10d839969f5484cad9632519dc7324' -> (Import Result ID: '451843f3734dee7d2ea6393381be3869') in 0.005 seconds [static and dynamic dependencies]. Details - ImportResultOutputID=5ad06c13687c585f8e7ea4ee35883a99 DependenciesID=f45cb1e52c70cec311fb8ef36621dc80 StaticDependenciesID=ed42b617261aa8f918ed5d6491811252 
Number of updated asset objects reloaded before import = 0
Number of asset objects unloaded after import = 0
========================================================================
Received Import Request.
  Time of request: 2026-08-26T03:18:54.7888293Z
  Time since last request: 0.0005402 seconds.
  importAddress: GUID: faba19d28a5fc1d4187c0124658f1822 - Path: Packages/com.unity.shadergraph/Editor/Data/Nodes/Procedural/Shape/RoundedRectangleNode.cs - Importer: ScriptedImporter/UnityEditor.QuickSearchModule:UnityEditor.Search:ASIAI0B
Importing 'GUID: faba19d28a5fc1d4187c0124658f1822 - Path: Packages/com.unity.shadergraph/Editor/Data/Nodes/Procedural/Shape/RoundedRectangleNode.cs - Importer: ScriptedImporter/UnityEditor.QuickSearchModule:UnityEditor.Search:ASIAI0B' with importer (ScriptedImporter : UnityEditor.QuickSearchModule:UnityEditor.Search:ASIAI0B)
Imported 'GUID: faba19d28a5fc1d4187c0124658f1822' -> (Import Result ID: '170b9cb280a11c3a6487bd1901f6b422') in 0.004 seconds [static and dynamic dependencies]. Details - ImportResultOutputID=54b4891250c6a092e99579cfe3c822f3 DependenciesID=1f1601935de0376fc148fbafb08415d9 StaticDependenciesID=0b435ff5dbb36ee6683bb57951bdc006 
Number of updated asset objects reloaded before import = 0
Number of asset objects unloaded after import = 0
========================================================================
Received Import Request.
  Time of request: 2026-08-26T03:18:54.8053344Z
  Time since last request: 0.0002744 seconds.
  importAddress: GUID: 670ee9966f3a13d4e91477e4fb3ff1dd - Path: Packages/com.unity.shadergraph/Editor/Data/Nodes/Math/Round/SignNode.cs - Importer: ScriptedImporter/UnityEditor.QuickSearchModule:UnityEditor.Search:ASIAI0B
Importing 'GUID: 670ee9966f3a13d4e91477e4fb3ff1dd - Path: Packages/com.unity.shadergraph/Editor/Data/Nodes/Math/Round/SignNode.cs - Importer: ScriptedImporter/UnityEditor.QuickSearchModule:UnityEditor.Search:ASIAI0B' with importer (ScriptedImporter : UnityEditor.QuickSearchModule:UnityEditor.Search:ASIAI0B)
Imported 'GUID: 670ee9966f3a13d4e91477e4fb3ff1dd' -> (Import Result ID: 'a3aac7afd53006a86b5068d628589ce3') in 0.004 seconds [static and dynamic dependencies]. Details - ImportResultOutputID=ab16dd0a1a01046ebd57ba6aeef2be04 DependenciesID=30101e5623b37e28e354a4ca73d86d51 StaticDependenciesID=6ad4b62bcf8628bd75a85cea0947e905 
Number of updated asset objects reloaded before import = 0
Number of asset objects unloaded after import = 0
========================================================================
Received Import Request.
  Time of request: 2026-08-26T03:18:54.838074Z
  Time since last request: 0.017629 seconds.
  importAddress: GUID: fa5319f2d61c4df44b77220af2406147 - Path: Packages/com.unity.shadergraph/Editor/Generation/Targets/Fullscreen/Includes/FullscreenDrawProcedural.hlsl - Importer: ScriptedImporter/UnityEditor.QuickSearchModule:UnityEditor.Search:ASIAI0B
Importing 'GUID: fa5319f2d61c4df44b77220af2406147 - Path: Packages/com.unity.shadergraph/Editor/Generation/Targets/Fullscreen/Includes/FullscreenDrawProcedural.hlsl - Importer: ScriptedImporter/UnityEditor.QuickSearchModule:UnityEditor.Search:ASIAI0B' with importer (ScriptedImporter : UnityEditor.QuickSearchModule:UnityEditor.Search:ASIAI0B)
Imported 'GUID: fa5319f2d61c4df44b77220af2406147' -> (Import Result ID: '3ec7b86cd0162777db9bb76890d8535b') in 0.005 seconds [static and dynamic dependencies]. Details - ImportResultOutputID=4c7530465dc9b333ded855413d89737e DependenciesID=a7c6da6b290a8b6060766e843b829325 StaticDependenciesID=ac9e2a15ffbbbfb7ce0293d2f6df91d1 
Number of updated asset objects reloaded before import = 0
Number of asset objects unloaded after import = 1
========================================================================
Received Import Request.
  Time of request: 2026-08-26T03:18:54.8560407Z
  Time since last request: 0.0003333 seconds.
  importAddress: GUID: c3735ab907354882b0b661f3cccb0a67 - Path: Packages/com.unity.shadergraph/Editor/Generation/Targets/Terrain/Includes/TerrainPropertiesVariables.hlsl - Importer: ScriptedImporter/UnityEditor.QuickSearchModule:UnityEditor.Search:ASIAI0B
Importing 'GUID: c3735ab907354882b0b661f3cccb0a67 - Path: Packages/com.unity.shadergraph/Editor/Generation/Targets/Terrain/Includes/TerrainPropertiesVariables.hlsl - Importer: ScriptedImporter/UnityEditor.QuickSearchModule:UnityEditor.Search:ASIAI0B' with importer (ScriptedImporter : UnityEditor.QuickSearchModule:UnityEditor.Search:ASIAI0B)
Imported 'GUID: c3735ab907354882b0b661f3cccb0a67' -> (Import Result ID: 'acb09bf43de8187c623e64996bf6dadf') in 0.005 seconds [static and dynamic dependencies]. Details - ImportResultOutputID=862388e89dc09c3e50a923a1cf1cc28b DependenciesID=bc7dcb86ddce73077abf34bae1b8390f StaticDependenciesID=7d251a24e33871e408af0b94691c7b17 
Number of updated asset objects reloaded before import = 0
Number of asset objects unloaded after import = 1
========================================================================
Received Import Request.
  Time of request: 2026-08-26T03:18:54.8728007Z
  Time since last request: 0.0003683 seconds.
  importAddress: GUID: 90c38a95e899f254f984aef093366e94 - Path: Packages/com.unity.shadergraph/Editor/Generation/Targets/BuiltIn/ShaderLibrary/ShaderTypes.cs.hlsl - Importer: ScriptedImporter/UnityEditor.QuickSearchModule:UnityEditor.Search:ASIAI0B
Importing 'GUID: 90c38a95e899f254f984aef093366e94 - Path: Packages/com.unity.shadergraph/Editor/Generation/Targets/BuiltIn/ShaderLibrary/ShaderTypes.cs.hlsl - Importer: ScriptedImporter/UnityEditor.QuickSearchModule:UnityEditor.Search:ASIAI0B' with importer (ScriptedImporter : UnityEditor.QuickSearchModule:UnityEditor.Search:ASIAI0B)
Imported 'GUID: 90c38a95e899f254f984aef093366e94' -> (Import Result ID: 'e9df12a19202948056a4f829d033ac5b') in 0.005 seconds [static and dynamic dependencies]. Details - ImportResultOutputID=0d4427391aec9c5198448d9d96afd8d2 DependenciesID=0021483f980d04ec65d82cd05e176a48 StaticDependenciesID=5748d8fa0014e973928a57354a5aa221 
Number of updated asset objects reloaded before import = 0
Number of asset objects unloaded after import = 1
========================================================================
Received Import Request.
  Time of request: 2026-08-26T03:18:54.891047Z
  Time since last request: 0.0002874 seconds.
  importAddress: GUID: bfc4f24aa6eda10499234c714f82c6f2 - Path: Packages/com.unity.shadergraph/Editor/Generation/Targets/BuiltIn/ShaderLibrary/ShaderVariablesFunctions.deprecated.hlsl - Importer: ScriptedImporter/UnityEditor.QuickSearchModule:UnityEditor.Search:ASIAI0B
Importing 'GUID: bfc4f24aa6eda10499234c714f82c6f2 - Path: Packages/com.unity.shadergraph/Editor/Generation/Targets/BuiltIn/ShaderLibrary/ShaderVariablesFunctions.deprecated.hlsl - Importer: ScriptedImporter/UnityEditor.QuickSearchModule:UnityEditor.Search:ASIAI0B' with importer (ScriptedImporter : UnityEditor.QuickSearchModule:UnityEditor.Search:ASIAI0B)
Imported 'GUID: bfc4f24aa6eda10499234c714f82c6f2' -> (Import Result ID: 'b74e445e60d39492e7d8eb96f96a3f0a') in 0.005 seconds [static and dynamic dependencies]. Details - ImportResultOutputID=e5f38450e43b5713efdeff653d8e9769 DependenciesID=1c78ee2fd3ae02de5473e59e88b97345 StaticDependenciesID=6ea5419665bee67481e504edd7e18e79 
Number of updated asset objects reloaded before import = 0
Number of asset objects unloaded after import = 1
========================================================================
Received Import Request.
  Time of request: 2026-08-26T03:18:54.9092749Z
  Time since last request: 0.0004152 seconds.
  importAddress: GUID: 1c7ec01faf22529498d9ebac04dfafd4 - Path: Packages/com.unity.shadergraph/Editor/Generation/Targets/BuiltIn/ShaderLibrary/UnityInput.hlsl - Importer: ScriptedImporter/UnityEditor.QuickSearchModule:UnityEditor.Search:ASIAI0B
Importing 'GUID: 1c7ec01faf22529498d9ebac04dfafd4 - Path: Packages/com.unity.shadergraph/Editor/Generation/Targets/BuiltIn/ShaderLibrary/UnityInput.hlsl - Importer: ScriptedImporter/UnityEditor.QuickSearchModule:UnityEditor.Search:ASIAI0B' with importer (ScriptedImporter : UnityEditor.QuickSearchModule:UnityEditor.Search:ASIAI0B)
Imported 'GUID: 1c7ec01faf22529498d9ebac04dfafd4' -> (Import Result ID: '3a1c5e7e92be0cb9fcff6a3413aebc19') in 0.006 seconds [static and dynamic dependencies]. Details - ImportResultOutputID=60fcac8768f55895dfc60dc08473d93b DependenciesID=07ca55d15788f8228b51b689a512a2a0 StaticDependenciesID=e0a746e422a2dc8d71a7e9dcbfb3e4b0 
Number of updated asset objects reloaded before import = 0
Number of asset objects unloaded after import = 1
========================================================================
Received Import Request.
  Time of request: 2026-08-26T03:18:54.9291541Z
  Time since last request: 0.0003795 seconds.
  importAddress: GUID: 3b060531fe7ce41768321dd4c68d7f75 - Path: Packages/com.unity.shadergraph/Editor/Generation/Targets/UITK/Templates/PassUI.template - Importer: ScriptedImporter/UnityEditor.QuickSearchModule:UnityEditor.Search:ASIAI0B
Importing 'GUID: 3b060531fe7ce41768321dd4c68d7f75 - Path: Packages/com.unity.shadergraph/Editor/Generation/Targets/UITK/Templates/PassUI.template - Importer: ScriptedImporter/UnityEditor.QuickSearchModule:UnityEditor.Search:ASIAI0B' with importer (ScriptedImporter : UnityEditor.QuickSearchModule:UnityEditor.Search:ASIAI0B)
Imported 'GUID: 3b060531fe7ce41768321dd4c68d7f75' -> (Import Result ID: '3c9864322293791bd7d30300c353a0bf') in 0.004 seconds [static and dynamic dependencies]. Details - ImportResultOutputID=8038c4a1a20877d8cc3eed0ae751a3ed DependenciesID=71e6e177772676b13fc6b4206b2f31ac StaticDependenciesID=9e1cf4613f392ffc8521bbc7dd2ab1aa 
Number of updated asset objects reloaded before import = 0
Number of asset objects unloaded after import = 1
========================================================================
Received Import Request.
  Time of request: 2026-08-26T03:18:54.9452381Z
  Time since last request: 0.0003806 seconds.
  importAddress: GUID: 85ea79b0876d3ee41b7046fb73c1abba - Path: Packages/com.unity.shadergraph/Editor/Generation/Targets/Fullscreen/Includes/FullscreenShaderPass.cs - Importer: ScriptedImporter/UnityEditor.QuickSearchModule:UnityEditor.Search:ASIAI0B
Importing 'GUID: 85ea79b0876d3ee41b7046fb73c1abba - Path: Packages/com.unity.shadergraph/Editor/Generation/Targets/Fullscreen/Includes/FullscreenShaderPass.cs - Importer: ScriptedImporter/UnityEditor.QuickSearchModule:UnityEditor.Search:ASIAI0B' with importer (ScriptedImporter : UnityEditor.QuickSearchModule:UnityEditor.Search:ASIAI0B)
Imported 'GUID: 85ea79b0876d3ee41b7046fb73c1abba' -> (Import Result ID: '0cba12b00ffdfa21ee3b33227e49c2db') in 0.004 seconds [static and dynamic dependencies]. Details - ImportResultOutputID=531525a6b61373278e2e0754c9c887dc DependenciesID=f18bad21095c5ecfcded09cb22dac4b4 StaticDependenciesID=406acd442fa2bd5798f04e8a974d95aa 
Number of updated asset objects reloaded before import = 0
Number of asset objects unloaded after import = 0
========================================================================
Received Import Request.
  Time of request: 2026-08-26T03:18:54.9906247Z
  Time since last request: 0.0303042 seconds.
  importAddress: GUID: 3a5c1c06341ec0448a21f4659568cf1b - Path: Packages/com.unity.shadergraph/Editor/Generation/Targets/BuiltIn/ShaderLibrary/Shim/SurfaceShaderProxy.hlsl - Importer: ScriptedImporter/UnityEditor.QuickSearchModule:UnityEditor.Search:ASIAI0B
Importing 'GUID: 3a5c1c06341ec0448a21f4659568cf1b - Path: Packages/com.unity.shadergraph/Editor/Generation/Targets/BuiltIn/ShaderLibrary/Shim/SurfaceShaderProxy.hlsl - Importer: ScriptedImporter/UnityEditor.QuickSearchModule:UnityEditor.Search:ASIAI0B' with importer (ScriptedImporter : UnityEditor.QuickSearchModule:UnityEditor.Search:ASIAI0B)
Imported 'GUID: 3a5c1c06341ec0448a21f4659568cf1b' -> (Import Result ID: '71f8acfab16b9b7600549ae88d885776') in 0.004 seconds [static and dynamic dependencies]. Details - ImportResultOutputID=c0288eb42062769c672b193af67f077f DependenciesID=df08292f452e007e6af36ee60dbaa5e8 StaticDependenciesID=acdb9b2976acc0535b1cacb4546ecddb 
Number of updated asset objects reloaded before import = 0
Number of asset objects unloaded after import = 1
========================================================================
Received Import Request.
  Time of request: 2026-08-26T03:18:55.0065156Z
  Time since last request: 0.0002961 seconds.
  importAddress: GUID: 3ed09dfc4bb69694ca13ae03dbab44df - Path: Packages/com.unity.shadergraph/Editor/Generation/Targets/BuiltIn/Editor/ShaderGraph/Includes/PBRGBufferPass.hlsl - Importer: ScriptedImporter/UnityEditor.QuickSearchModule:UnityEditor.Search:ASIAI0B
Importing 'GUID: 3ed09dfc4bb69694ca13ae03dbab44df - Path: Packages/com.unity.shadergraph/Editor/Generation/Targets/BuiltIn/Editor/ShaderGraph/Includes/PBRGBufferPass.hlsl - Importer: ScriptedImporter/UnityEditor.QuickSearchModule:UnityEditor.Search:ASIAI0B' with importer (ScriptedImporter : UnityEditor.QuickSearchModule:UnityEditor.Search:ASIAI0B)
Imported 'GUID: 3ed09dfc4bb69694ca13ae03dbab44df' -> (Import Result ID: '3c061f3519d3016c0d17c2ebe8c59dca') in 0.005 seconds [static and dynamic dependencies]. Details - ImportResultOutputID=079dd98be85d122c3cda4067cff065ab DependenciesID=a8f23a9208a30cf0e97109f41a1cb8e3 StaticDependenciesID=65c9b4ffe6b222c9fa03aba0ff639b42 
Number of updated asset objects reloaded before import = 0
Number of asset objects unloaded after import = 1
========================================================================
Received Import Request.
  Time of request: 2026-08-26T03:18:55.0239381Z
  Time since last request: 0.0004182 seconds.
  importAddress: GUID: 5598b14661b5f4c43bed757f34b6d172 - Path: Packages/com.unity.ide.rider/LICENSE.md - Importer: ScriptedImporter/UnityEditor.QuickSearchModule:UnityEditor.Search:ASIAI0B
Importing 'GUID: 5598b14661b5f4c43bed757f34b6d172 - Path: Packages/com.unity.ide.rider/LICENSE.md - Importer: ScriptedImporter/UnityEditor.QuickSearchModule:UnityEditor.Search:ASIAI0B' with importer (ScriptedImporter : UnityEditor.QuickSearchModule:UnityEditor.Search:ASIAI0B)
Imported 'GUID: 5598b14661b5f4c43bed757f34b6d172' -> (Import Result ID: '23805d1a17f8e16317be0bba4799ab39') in 0.005 seconds [static and dynamic dependencies]. Details - ImportResultOutputID=88098ec4f46ca86b75af5a512b30d4ac DependenciesID=a3d711348b10b1d0c06f8cf380895bde StaticDependenciesID=44510787dd31d935786a6ec703fc4044 
Number of updated asset objects reloaded before import = 0
Number of asset objects unloaded after import = 1
========================================================================
Received Import Request.
  Time of request: 2026-08-26T03:18:55.0410995Z
  Time since last request: 0.000415 seconds.
  importAddress: GUID: 3af09b75886c549dbad6eaaaaf342387 - Path: Packages/com.unity.shadergraph/Editor/Generation/Targets/BuiltIn/Editor/ShaderGraph/Targets/BuiltInUnlitSubTarget.cs - Importer: ScriptedImporter/UnityEditor.QuickSearchModule:UnityEditor.Search:ASIAI0B
Importing 'GUID: 3af09b75886c549dbad6eaaaaf342387 - Path: Packages/com.unity.shadergraph/Editor/Generation/Targets/BuiltIn/Editor/ShaderGraph/Targets/BuiltInUnlitSubTarget.cs - Importer: ScriptedImporter/UnityEditor.QuickSearchModule:UnityEditor.Search:ASIAI0B' with importer (ScriptedImporter : UnityEditor.QuickSearchModule:UnityEditor.Search:ASIAI0B)
Imported 'GUID: 3af09b75886c549dbad6eaaaaf342387' -> (Import Result ID: 'c47e601db0c578079986a709c293d0b8') in 0.004 seconds [static and dynamic dependencies]. Details - ImportResultOutputID=abb40bb7fc0eaa5913b0e84369235db2 DependenciesID=67d9ea67204a00cce0f43adc62136c0b StaticDependenciesID=ab28202b28fc38220a82fb544cf30018 
Number of updated asset objects reloaded before import = 0
Number of asset objects unloaded after import = 0
========================================================================
Received Import Request.
  Time of request: 2026-08-26T03:18:55.0584601Z
  Time since last request: 0.0006693 seconds.
  importAddress: GUID: 87d720faa37005c08600090e04d8c739 - Path: Packages/com.unity.modules.particlesystem/package.json - Importer: ScriptedImporter/UnityEditor.QuickSearchModule:UnityEditor.Search:ASIAI0B
Importing 'GUID: 87d720faa37005c08600090e04d8c739 - Path: Packages/com.unity.modules.particlesystem/package.json - Importer: ScriptedImporter/UnityEditor.QuickSearchModule:UnityEditor.Search:ASIAI0B' with importer (ScriptedImporter : UnityEditor.QuickSearchModule:UnityEditor.Search:ASIAI0B)
Imported 'GUID: 87d720faa37005c08600090e04d8c739' -> (Import Result ID: '4519341d455da18f32e798b2c10042e8') in 0.004 seconds [static and dynamic dependencies]. Details - ImportResultOutputID=3d81967c22816343b124b6e5c0d88b11 DependenciesID=3802a8eb4377cf621e6543907a41a4d0 StaticDependenciesID=f3f529571fbbca2a6556dcd1ca39debb 
Number of updated asset objects reloaded before import = 0
Number of asset objects unloaded after import = 1
========================================================================
Received Import Request.
  Time of request: 2026-08-26T03:18:55.0754563Z
  Time since last request: 0.0005751 seconds.
  importAddress: GUID: 37dc84a050227a648b8474dd029e1729 - Path: Packages/com.unity.shadergraph/Editor/Generation/Targets/BuiltIn/Editor/ShaderGraph/Templates/ShaderPass.template - Importer: ScriptedImporter/UnityEditor.QuickSearchModule:UnityEditor.Search:ASIAI0B
Importing 'GUID: 37dc84a050227a648b8474dd029e1729 - Path: Packages/com.unity.shadergraph/Editor/Generation/Targets/BuiltIn/Editor/ShaderGraph/Templates/ShaderPass.template - Importer: ScriptedImporter/UnityEditor.QuickSearchModule:UnityEditor.Search:ASIAI0B' with importer (ScriptedImporter : UnityEditor.QuickSearchModule:UnityEditor.Search:ASIAI0B)
Imported 'GUID: 37dc84a050227a648b8474dd029e1729' -> (Import Result ID: '633d0e45cb90165a46ac205110f6ab60') in 0.004 seconds [static and dynamic dependencies]. Details - ImportResultOutputID=a5075eb9d0f20472cdb3210c7982bba8 DependenciesID=67b89f456541ef7bbadea47a8a2f0673 StaticDependenciesID=a481c427b05467554805dcd27c12b226 
Number of updated asset objects reloaded before import = 0
Number of asset objects unloaded after import = 1
========================================================================
Received Import Request.
  Time of request: 2026-08-26T03:18:55.0950753Z
  Time since last request: 0.0003482 seconds.
  importAddress: GUID: 5ef47fafdf6082a4ca29b49f85810af3 - Path: Packages/com.unity.shadergraph/Editor/Generation/Targets/BuiltIn/Editor/ShaderGraph/Includes/LegacyBuilding.hlsl - Importer: ScriptedImporter/UnityEditor.QuickSearchModule:UnityEditor.Search:ASIAI0B
Importing 'GUID: 5ef47fafdf6082a4ca29b49f85810af3 - Path: Packages/com.unity.shadergraph/Editor/Generation/Targets/BuiltIn/Editor/ShaderGraph/Includes/LegacyBuilding.hlsl - Importer: ScriptedImporter/UnityEditor.QuickSearchModule:UnityEditor.Search:ASIAI0B' with importer (ScriptedImporter : UnityEditor.QuickSearchModule:UnityEditor.Search:ASIAI0B)
Imported 'GUID: 5ef47fafdf6082a4ca29b49f85810af3' -> (Import Result ID: 'bcc2413d292fd7bedfa04faeabb711fa') in 0.005 seconds [static and dynamic dependencies]. Details - ImportResultOutputID=014922c1afabcabd06570c57d5177538 DependenciesID=a6aa1a833ac4a84abcc39e079fc026e3 StaticDependenciesID=757f46f0c956565bfaccc3f25121c3b9 
Number of updated asset objects reloaded before import = 0
Number of asset objects unloaded after import = 1
========================================================================
Received Import Request.
  Time of request: 2026-08-26T03:18:55.114487Z
  Time since last request: 0.0005868 seconds.
  importAddress: GUID: 8c2d5b55aa47443878a55a05f4294270 - Path: Packages/com.unity.shadergraph/Editor/Generation/Targets/BuiltIn/Editor/ShaderGraph/Targets/BuiltInLitSubTarget.cs - Importer: ScriptedImporter/UnityEditor.QuickSearchModule:UnityEditor.Search:ASIAI0B
Importing 'GUID: 8c2d5b55aa47443878a55a05f4294270 - Path: Packages/com.unity.shadergraph/Editor/Generation/Targets/BuiltIn/Editor/ShaderGraph/Targets/BuiltInLitSubTarget.cs - Importer: ScriptedImporter/UnityEditor.QuickSearchModule:UnityEditor.Search:ASIAI0B' with importer (ScriptedImporter : UnityEditor.QuickSearchModule:UnityEditor.Search:ASIAI0B)
Imported 'GUID: 8c2d5b55aa47443878a55a05f4294270' -> (Import Result ID: '167dbfed89ef9910e3a6fcb8674a9c59') in 0.004 seconds [static and dynamic dependencies]. Details - ImportResultOutputID=3d1031d7eb03ef77c32bf61988c6cc91 DependenciesID=d41a022cc7c49f4377c5603f2c78c532 StaticDependenciesID=8762ad80c3493902beda30bbd8e6c6ac 
Number of updated asset objects reloaded before import = 0
Number of asset objects unloaded after import = 0
========================================================================
Received Import Request.
  Time of request: 2026-08-26T03:18:55.1315328Z
  Time since last request: 0.000271 seconds.
  importAddress: GUID: 94ef141d84292aa449f735ddb4def15e - Path: Packages/com.unity.shadergraph/Editor/Generation/Targets/BuiltIn/Editor/ShaderGraph/BuiltInProperties.cs - Importer: ScriptedImporter/UnityEditor.QuickSearchModule:UnityEditor.Search:ASIAI0B
Importing 'GUID: 94ef141d84292aa449f735ddb4def15e - Path: Packages/com.unity.shadergraph/Editor/Generation/Targets/BuiltIn/Editor/ShaderGraph/BuiltInProperties.cs - Importer: ScriptedImporter/UnityEditor.QuickSearchModule:UnityEditor.Search:ASIAI0B' with importer (ScriptedImporter : UnityEditor.QuickSearchModule:UnityEditor.Search:ASIAI0B)
Imported 'GUID: 94ef141d84292aa449f735ddb4def15e' -> (Import Result ID: 'd7002b31c23004775fa5ac134d90f938') in 0.005 seconds [static and dynamic dependencies]. Details - ImportResultOutputID=2b1f150e45e7909592eb0ce21e1bda5a DependenciesID=7f344899d1f69998ad861e807c3707a8 StaticDependenciesID=94001dacc306b5d6da95a00aae40ec60 
Number of updated asset objects reloaded before import = 0
Number of asset objects unloaded after import = 0
========================================================================
Received Import Request.
  Time of request: 2026-08-26T03:18:55.1489448Z
  Time since last request: 0.0003684 seconds.
  importAddress: GUID: 12263a5b80a209c44ae6188994252ecd - Path: Packages/com.unity.shadergraph/Editor/Generation/Targets/BuiltIn/Editor/ShaderGraph/Includes/PBRDeferredPass.hlsl - Importer: ScriptedImporter/UnityEditor.QuickSearchModule:UnityEditor.Search:ASIAI0B
Importing 'GUID: 12263a5b80a209c44ae6188994252ecd - Path: Packages/com.unity.shadergraph/Editor/Generation/Targets/BuiltIn/Editor/ShaderGraph/Includes/PBRDeferredPass.hlsl - Importer: ScriptedImporter/UnityEditor.QuickSearchModule:UnityEditor.Search:ASIAI0B' with importer (ScriptedImporter : UnityEditor.QuickSearchModule:UnityEditor.Search:ASIAI0B)
Imported 'GUID: 12263a5b80a209c44ae6188994252ecd' -> (Import Result ID: 'ce8424d0e3949e25b47d652e7b0d2101') in 0.005 seconds [static and dynamic dependencies]. Details - ImportResultOutputID=9a27dad9cf09e665c5802838e5be8652 DependenciesID=cab9271638cae87938d0095a5e48eeb7 StaticDependenciesID=bfd00a300c04f1d2f2c0aaef273eb5cc 
Number of updated asset objects reloaded before import = 0
Number of asset objects unloaded after import = 1
========================================================================
Received Import Request.
  Time of request: 2026-08-26T03:18:55.166858Z
  Time since last request: 0.0003395 seconds.
  importAddress: GUID: 1b9beb1a3480dfc43b16ca024c921089 - Path: Packages/com.unity.shadergraph/Editor/Generation/Targets/BuiltIn/Editor/AssetPostProcessors/MaterialPostprocessor.cs - Importer: ScriptedImporter/UnityEditor.QuickSearchModule:UnityEditor.Search:ASIAI0B
Importing 'GUID: 1b9beb1a3480dfc43b16ca024c921089 - Path: Packages/com.unity.shadergraph/Editor/Generation/Targets/BuiltIn/Editor/AssetPostProcessors/MaterialPostprocessor.cs - Importer: ScriptedImporter/UnityEditor.QuickSearchModule:UnityEditor.Search:ASIAI0B' with importer (ScriptedImporter : UnityEditor.QuickSearchModule:UnityEditor.Search:ASIAI0B)
Imported 'GUID: 1b9beb1a3480dfc43b16ca024c921089' -> (Import Result ID: '9bbcce440f686bb8e3552d97c532b2ea') in 0.004 seconds [static and dynamic dependencies]. Details - ImportResultOutputID=3400995cb2ddcadda328847bee9fa842 DependenciesID=58925e22ca20624997e9ea035d2a77e9 StaticDependenciesID=5edd67ae4ab04141aa25a843acf92edc 
Number of updated asset objects reloaded before import = 0
Number of asset objects unloaded after import = 0
========================================================================
Received Import Request.
  Time of request: 2026-08-26T03:18:55.183624Z
  Time since last request: 0.0002767 seconds.
  importAddress: GUID: f1a1da3eef3aa834d9c94eb0a5c04358 - Path: Packages/com.unity.shadergraph/Editor/Generation/Targets/BuiltIn/Editor/ShaderGraph/Includes/BuildInputData.hlsl - Importer: ScriptedImporter/UnityEditor.QuickSearchModule:UnityEditor.Search:ASIAI0B
Importing 'GUID: f1a1da3eef3aa834d9c94eb0a5c04358 - Path: Packages/com.unity.shadergraph/Editor/Generation/Targets/BuiltIn/Editor/ShaderGraph/Includes/BuildInputData.hlsl - Importer: ScriptedImporter/UnityEditor.QuickSearchModule:UnityEditor.Search:ASIAI0B' with importer (ScriptedImporter : UnityEditor.QuickSearchModule:UnityEditor.Search:ASIAI0B)
Imported 'GUID: f1a1da3eef3aa834d9c94eb0a5c04358' -> (Import Result ID: '431e84e0b6b34cffa2d1fa79ff1b3092') in 0.025 seconds [static and dynamic dependencies]. Details - ImportResultOutputID=f7811f5b1db5cdb8edbcfc5fd06e3fad DependenciesID=b65e3d8bc0ad942f25cf5d2ff1b3046d StaticDependenciesID=424a6e34b2d59751f6c9c46c6c05ed43 
Number of updated asset objects reloaded before import = 0
Number of asset objects unloaded after import = 1
========================================================================
Received Import Request.
  Time of request: 2026-08-26T03:18:55.2276343Z
  Time since last request: 0.0065961 seconds.
  importAddress: GUID: 6da1e646299b347c0895ca5f21f8c47c - Path: Packages/com.unity.render-pipelines.universal/Editor/EditorUtils.cs - Importer: ScriptedImporter/UnityEditor.QuickSearchModule:UnityEditor.Search:ASIAI0B
Importing 'GUID: 6da1e646299b347c0895ca5f21f8c47c - Path: Packages/com.unity.render-pipelines.universal/Editor/EditorUtils.cs - Importer: ScriptedImporter/UnityEditor.QuickSearchModule:UnityEditor.Search:ASIAI0B' with importer (ScriptedImporter : UnityEditor.QuickSearchModule:UnityEditor.Search:ASIAI0B)
Imported 'GUID: 6da1e646299b347c0895ca5f21f8c47c' -> (Import Result ID: '7ce4b00ef75e7b54b843ca25780ae2ba') in 0.004 seconds [static and dynamic dependencies]. Details - ImportResultOutputID=46d9b4d2d47590b4006df89d2e0b86af DependenciesID=93ef6966f028aec65a5dda472feb54dc StaticDependenciesID=ea0be90f6321d1e99244622527ed1d4a 
Number of updated asset objects reloaded before import = 0
Number of asset objects unloaded after import = 0
========================================================================
Received Import Request.
  Time of request: 2026-08-26T03:18:55.2437501Z
  Time since last request: 0.0003291 seconds.
  importAddress: GUID: 8472c6472e6d4301873871a9e8fcf952 - Path: Packages/com.unity.ide.rider/Rider/Editor/Properties/AssemblyInfo.cs - Importer: ScriptedImporter/UnityEditor.QuickSearchModule:UnityEditor.Search:ASIAI0B
Importing 'GUID: 8472c6472e6d4301873871a9e8fcf952 - Path: Packages/com.unity.ide.rider/Rider/Editor/Properties/AssemblyInfo.cs - Importer: ScriptedImporter/UnityEditor.QuickSearchModule:UnityEditor.Search:ASIAI0B' with importer (ScriptedImporter : UnityEditor.QuickSearchModule:UnityEditor.Search:ASIAI0B)
Imported 'GUID: 8472c6472e6d4301873871a9e8fcf952' -> (Import Result ID: '1fd9a0c15db90ee058d14bcf4da175a1') in 0.004 seconds [static and dynamic dependencies]. Details - ImportResultOutputID=27762d8f98f7c9cc66063538a1a1fe61 DependenciesID=9f512909bf23835be2c745737f26c93f StaticDependenciesID=43fb6b3deb62e52861a67fc26cb822a4 
Number of updated asset objects reloaded before import = 0
Number of asset objects unloaded after import = 0
========================================================================
Received Import Request.
  Time of request: 2026-08-26T03:18:55.2600607Z
  Time since last request: 0.0003115 seconds.
  importAddress: GUID: 22608619ec9a4b1db7417e80c3123098 - Path: Packages/com.unity.ide.rider/Rider/Editor/Util/UnityVersionUtils.cs - Importer: ScriptedImporter/UnityEditor.QuickSearchModule:UnityEditor.Search:ASIAI0B
Importing 'GUID: 22608619ec9a4b1db7417e80c3123098 - Path: Packages/com.unity.ide.rider/Rider/Editor/Util/UnityVersionUtils.cs - Importer: ScriptedImporter/UnityEditor.QuickSearchModule:UnityEditor.Search:ASIAI0B' with importer (ScriptedImporter : UnityEditor.QuickSearchModule:UnityEditor.Search:ASIAI0B)
Imported 'GUID: 22608619ec9a4b1db7417e80c3123098' -> (Import Result ID: 'e1a2537a7f94f4ccca11e1b578d59d93') in 0.004 seconds [static and dynamic dependencies]. Details - ImportResultOutputID=cf55c4e34d5cc0352a887f2c871f3962 DependenciesID=f1de7c6b8d04e031643d031273d86b17 StaticDependenciesID=19ed1d74e2e2653b27a241f174ccb232 
Number of updated asset objects reloaded before import = 0
Number of asset objects unloaded after import = 0
========================================================================
Received Import Request.
  Time of request: 2026-08-26T03:18:55.2768283Z
  Time since last request: 0.0003074 seconds.
  importAddress: GUID: 7019e230344c48d4b81602e2e978e5de - Path: Packages/com.unity.ide.rider/Rider/Editor/ProjectGeneration/LastWriteTracker.cs - Importer: ScriptedImporter/UnityEditor.QuickSearchModule:UnityEditor.Search:ASIAI0B
Importing 'GUID: 7019e230344c48d4b81602e2e978e5de - Path: Packages/com.unity.ide.rider/Rider/Editor/ProjectGeneration/LastWriteTracker.cs - Importer: ScriptedImporter/UnityEditor.QuickSearchModule:UnityEditor.Search:ASIAI0B' with importer (ScriptedImporter : UnityEditor.QuickSearchModule:UnityEditor.Search:ASIAI0B)
Imported 'GUID: 7019e230344c48d4b81602e2e978e5de' -> (Import Result ID: '8d6ecc622d618e546aecbd5eadeb4048') in 0.003 seconds [static and dynamic dependencies]. Details - ImportResultOutputID=80aa33a89ee342ca1da6d8ee8c1c12fe DependenciesID=174b271412dd18d110012bda8f7e08b8 StaticDependenciesID=691e940da07083a1c3b27ce33dceef26 
Number of updated asset objects reloaded before import = 0
Number of asset objects unloaded after import = 0
========================================================================
Received Import Request.
  Time of request: 2026-08-26T03:18:55.292844Z
  Time since last request: 0.0004317 seconds.
  importAddress: GUID: 302b1bdfb7a645db994491799832912b - Path: Packages/com.unity.ide.rider/Rider/Editor/Util/StringBuilderExtensions.cs - Importer: ScriptedImporter/UnityEditor.QuickSearchModule:UnityEditor.Search:ASIAI0B
Importing 'GUID: 302b1bdfb7a645db994491799832912b - Path: Packages/com.unity.ide.rider/Rider/Editor/Util/StringBuilderExtensions.cs - Importer: ScriptedImporter/UnityEditor.QuickSearchModule:UnityEditor.Search:ASIAI0B' with importer (ScriptedImporter : UnityEditor.QuickSearchModule:UnityEditor.Search:ASIAI0B)
Imported 'GUID: 302b1bdfb7a645db994491799832912b' -> (Import Result ID: '484012709636471ebf38e6e530ed61e3') in 0.003 seconds [static and dynamic dependencies]. Details - ImportResultOutputID=e20949525bfabe4c07857523d008c6d5 DependenciesID=6992c5e0df94cf12ee7a415be06a67b2 StaticDependenciesID=4d455f76f7be32377735f1042bd9756a 
Number of updated asset objects reloaded before import = 0
Number of asset objects unloaded after import = 0
========================================================================
Received Import Request.
  Time of request: 2026-08-26T03:18:55.3093823Z
  Time since last request: 0.0005596 seconds.
  importAddress: GUID: 39cb9ab8a3b2452cbf58ffbea841d203 - Path: Packages/com.unity.ide.rider/Rider/Editor/ProjectGeneration/IGenerator.cs - Importer: ScriptedImporter/UnityEditor.QuickSearchModule:UnityEditor.Search:ASIAI0B
Importing 'GUID: 39cb9ab8a3b2452cbf58ffbea841d203 - Path: Packages/com.unity.ide.rider/Rider/Editor/ProjectGeneration/IGenerator.cs - Importer: ScriptedImporter/UnityEditor.QuickSearchModule:UnityEditor.Search:ASIAI0B' with importer (ScriptedImporter : UnityEditor.QuickSearchModule:UnityEditor.Search:ASIAI0B)
Imported 'GUID: 39cb9ab8a3b2452cbf58ffbea841d203' -> (Import Result ID: 'd12521149180cb36f6960340da92d440') in 0.004 seconds [static and dynamic dependencies]. Details - ImportResultOutputID=c46f04673b6a96d83f2f9be30ab88554 DependenciesID=9932b6d9be6797ee50aa5f80999c5761 StaticDependenciesID=1b27058ad603501f4eeedfbb69ebf407 
Number of updated asset objects reloaded before import = 0
Number of asset objects unloaded after import = 0
========================================================================
Received Import Request.
  Time of request: 2026-08-26T03:18:55.3269258Z
  Time since last request: 0.0007624 seconds.
  importAddress: GUID: dc4f14b5fb9db4e99a705e5f81c13cf5 - Path: Packages/com.unity.render-pipelines.universal/Editor/LightExplorer.cs - Importer: ScriptedImporter/UnityEditor.QuickSearchModule:UnityEditor.Search:ASIAI0B
Importing 'GUID: dc4f14b5fb9db4e99a705e5f81c13cf5 - Path: Packages/com.unity.render-pipelines.universal/Editor/LightExplorer.cs - Importer: ScriptedImporter/UnityEditor.QuickSearchModule:UnityEditor.Search:ASIAI0B' with importer (ScriptedImporter : UnityEditor.QuickSearchModule:UnityEditor.Search:ASIAI0B)
Imported 'GUID: dc4f14b5fb9db4e99a705e5f81c13cf5' -> (Import Result ID: '530f7771343b1f84e9710728c05964c6') in 0.004 seconds [static and dynamic dependencies]. Details - ImportResultOutputID=2461b1ffd9c5ebbf5a2f24fe7719b71f DependenciesID=9788dd6d7de2196eeb621f3fb04ecd67 StaticDependenciesID=601545f061767f2ec6efd9822878d139 
Number of updated asset objects reloaded before import = 0
Number of asset objects unloaded after import = 0
========================================================================
Received Import Request.
  Time of request: 2026-08-26T03:18:55.3449396Z
  Time since last request: 0.0003186 seconds.
  importAddress: GUID: 56c8c6e437b14f8e9a91e9832c11bc1a - Path: Packages/com.unity.ide.rider/Rider/Editor/ProjectGeneration/AssemblyNameProvider.cs - Importer: ScriptedImporter/UnityEditor.QuickSearchModule:UnityEditor.Search:ASIAI0B
Importing 'GUID: 56c8c6e437b14f8e9a91e9832c11bc1a - Path: Packages/com.unity.ide.rider/Rider/Editor/ProjectGeneration/AssemblyNameProvider.cs - Importer: ScriptedImporter/UnityEditor.QuickSearchModule:UnityEditor.Search:ASIAI0B' with importer (ScriptedImporter : UnityEditor.QuickSearchModule:UnityEditor.Search:ASIAI0B)
Imported 'GUID: 56c8c6e437b14f8e9a91e9832c11bc1a' -> (Import Result ID: '36048201504d4e29c6d169795e01a6f2') in 0.005 seconds [static and dynamic dependencies]. Details - ImportResultOutputID=c224dae068aec7d1bd721ef7f3019aa6 DependenciesID=f84f3a76d6a4a8f9760b2b656a34357c StaticDependenciesID=69a679aa6d3ee441f4de7f9de064825a 
Number of updated asset objects reloaded before import = 0
Number of asset objects unloaded after import = 0
========================================================================
Received Import Request.
  Time of request: 2026-08-26T03:18:55.3608326Z
  Time since last request: 0.0006219 seconds.
  importAddress: GUID: f334589a3e8ed644fa711158935ddabd - Path: Packages/com.unity.render-pipelines.universal/Editor/SavedParameter.cs - Importer: ScriptedImporter/UnityEditor.QuickSearchModule:UnityEditor.Search:ASIAI0B
Importing 'GUID: f334589a3e8ed644fa711158935ddabd - Path: Packages/com.unity.render-pipelines.universal/Editor/SavedParameter.cs - Importer: ScriptedImporter/UnityEditor.QuickSearchModule:UnityEditor.Search:ASIAI0B' with importer (ScriptedImporter : UnityEditor.QuickSearchModule:UnityEditor.Search:ASIAI0B)
Imported 'GUID: f334589a3e8ed644fa711158935ddabd' -> (Import Result ID: 'dbc7f9b4360da6dfd8b5200b8fab00eb') in 0.004 seconds [static and dynamic dependencies]. Details - ImportResultOutputID=5508e546674c300ed5c7110728fd7904 DependenciesID=32c529d89799e8fc3e1395ebf69793df StaticDependenciesID=bca83fecf4cfb2fc3aec763430bf2cf2 
Number of updated asset objects reloaded before import = 0
Number of asset objects unloaded after import = 0
========================================================================
Received Import Request.
  Time of request: 2026-08-26T03:18:55.3756258Z
  Time since last request: 0.000365 seconds.
  importAddress: GUID: d528c8c98d269ca44a06cd9624a03945 - Path: Packages/com.unity.ide.rider/Rider/Editor/com.unity.ide.rider.asmdef - Importer: ScriptedImporter/UnityEditor.QuickSearchModule:UnityEditor.Search:ASIAI0B
Importing 'GUID: d528c8c98d269ca44a06cd9624a03945 - Path: Packages/com.unity.ide.rider/Rider/Editor/com.unity.ide.rider.asmdef - Importer: ScriptedImporter/UnityEditor.QuickSearchModule:UnityEditor.Search:ASIAI0B' with importer (ScriptedImporter : UnityEditor.QuickSearchModule:UnityEditor.Search:ASIAI0B)
Imported 'GUID: d528c8c98d269ca44a06cd9624a03945' -> (Import Result ID: 'a81d7033d1a355c2e318c52d4faee014') in 0.006 seconds [static and dynamic dependencies]. Details - ImportResultOutputID=c6060273386f2d7a13f1295b56ecf7e5 DependenciesID=79903537ca0b94b8ee9623fbb41c9740 StaticDependenciesID=1914c7e358778113914f7cc52bc25b92 
Number of updated asset objects reloaded before import = 0
Number of asset objects unloaded after import = 1
========================================================================
Received Import Request.
  Time of request: 2026-08-26T03:18:55.3941197Z
  Time since last request: 0.00047 seconds.
  importAddress: GUID: 49312b09b1a7723458d927fbedbd2f76 - Path: Packages/com.unity.render-pipelines.universal/Editor/ContextualMenuDispatcher.cs - Importer: ScriptedImporter/UnityEditor.QuickSearchModule:UnityEditor.Search:ASIAI0B
Importing 'GUID: 49312b09b1a7723458d927fbedbd2f76 - Path: Packages/com.unity.render-pipelines.universal/Editor/ContextualMenuDispatcher.cs - Importer: ScriptedImporter/UnityEditor.QuickSearchModule:UnityEditor.Search:ASIAI0B' with importer (ScriptedImporter : UnityEditor.QuickSearchModule:UnityEditor.Search:ASIAI0B)
Imported 'GUID: 49312b09b1a7723458d927fbedbd2f76' -> (Import Result ID: '18cb2feedc61e8643d440c3c45b31183') in 0.004 seconds [static and dynamic dependencies]. Details - ImportResultOutputID=5b624479f34cf6c24941a9db97c58622 DependenciesID=cb4186d66b7ca725a251a8111bebe0f7 StaticDependenciesID=61fd1fd2d9f5e3d5d8c924d7f80504e7 
Number of updated asset objects reloaded before import = 0
Number of asset objects unloaded after import = 0
========================================================================
Received Import Request.
  Time of request: 2026-08-26T03:18:55.4115586Z
  Time since last request: 0.0002694 seconds.
  importAddress: GUID: feee7af7dbba54f55abd26b21ca99071 - Path: Packages/com.unity.render-pipelines.universal/Third Party Notices.md - Importer: ScriptedImporter/UnityEditor.QuickSearchModule:UnityEditor.Search:ASIAI0B
Importing 'GUID: feee7af7dbba54f55abd26b21ca99071 - Path: Packages/com.unity.render-pipelines.universal/Third Party Notices.md - Importer: ScriptedImporter/UnityEditor.QuickSearchModule:UnityEditor.Search:ASIAI0B' with importer (ScriptedImporter : UnityEditor.QuickSearchModule:UnityEditor.Search:ASIAI0B)
Imported 'GUID: feee7af7dbba54f55abd26b21ca99071' -> (Import Result ID: 'bf4a8dc9a405bf5db8de406174ed3d33') in 0.004 seconds [static and dynamic dependencies]. Details - ImportResultOutputID=4cbd5fca1e5e77e016d1688bdad85294 DependenciesID=1fd2001cb6fbe2905d05f136b03b72dd StaticDependenciesID=826b30b48c28b8f0318727dec1953c2f 
Number of updated asset objects reloaded before import = 0
Number of asset objects unloaded after import = 1
========================================================================
Received Import Request.
  Time of request: 2026-08-26T03:18:55.4277371Z
  Time since last request: 0.0003201 seconds.
  importAddress: GUID: 03e6c5336947d684ebd1fee775550125 - Path: Packages/com.unity.render-pipelines.universal/Editor/ShaderStripTool.cs - Importer: ScriptedImporter/UnityEditor.QuickSearchModule:UnityEditor.Search:ASIAI0B
Importing 'GUID: 03e6c5336947d684ebd1fee775550125 - Path: Packages/com.unity.render-pipelines.universal/Editor/ShaderStripTool.cs - Importer: ScriptedImporter/UnityEditor.QuickSearchModule:UnityEditor.Search:ASIAI0B' with importer (ScriptedImporter : UnityEditor.QuickSearchModule:UnityEditor.Search:ASIAI0B)
Imported 'GUID: 03e6c5336947d684ebd1fee775550125' -> (Import Result ID: '77d4698b663d4db392474f9a14fc2076') in 0.004 seconds [static and dynamic dependencies]. Details - ImportResultOutputID=985afe9f6509be2caaa610b5a62aa04f DependenciesID=f546e546aea3e80460600d4e31948f72 StaticDependenciesID=575d8e4bbf43af6e61b640d4e6b7c777 
Number of updated asset objects reloaded before import = 0
Number of asset objects unloaded after import = 0
========================================================================
Received Import Request.
  Time of request: 2026-08-26T03:18:55.4451092Z
  Time since last request: 0.0005002 seconds.
  importAddress: GUID: dab656c79e1985c40b31faebcda44442 - Path: Packages/com.unity.ide.rider/Rider/Editor/Discovery.cs - Importer: ScriptedImporter/UnityEditor.QuickSearchModule:UnityEditor.Search:ASIAI0B
Importing 'GUID: dab656c79e1985c40b31faebcda44442 - Path: Packages/com.unity.ide.rider/Rider/Editor/Discovery.cs - Importer: ScriptedImporter/UnityEditor.QuickSearchModule:UnityEditor.Search:ASIAI0B' with importer (ScriptedImporter : UnityEditor.QuickSearchModule:UnityEditor.Search:ASIAI0B)
Imported 'GUID: dab656c79e1985c40b31faebcda44442' -> (Import Result ID: 'd495d4f5da7ed277cc49ed077e9c597e') in 0.004 seconds [static and dynamic dependencies]. Details - ImportResultOutputID=d7bab1333b14a6633a04380acea069c3 DependenciesID=66fb4b003f2036b7b1a76cbb19a5bfac StaticDependenciesID=78277bc29c2ddbf68cff151063cdbc0d 
Number of updated asset objects reloaded before import = 0
Number of asset objects unloaded after import = 0
========================================================================
Received Import Request.
  Time of request: 2026-08-26T03:18:55.4600984Z
  Time since last request: 0.0004861 seconds.
  importAddress: GUID: bc3a27147f944790916176e2172ad506 - Path: Packages/com.unity.ide.rider/Rider/Editor/RiderScriptEditorDataPersisted.cs - Importer: ScriptedImporter/UnityEditor.QuickSearchModule:UnityEditor.Search:ASIAI0B
Importing 'GUID: bc3a27147f944790916176e2172ad506 - Path: Packages/com.unity.ide.rider/Rider/Editor/RiderScriptEditorDataPersisted.cs - Importer: ScriptedImporter/UnityEditor.QuickSearchModule:UnityEditor.Search:ASIAI0B' with importer (ScriptedImporter : UnityEditor.QuickSearchModule:UnityEditor.Search:ASIAI0B)
Imported 'GUID: bc3a27147f944790916176e2172ad506' -> (Import Result ID: '7bfec9501ba14c08988b0fa0130d61a5') in 0.004 seconds [static and dynamic dependencies]. Details - ImportResultOutputID=9daa9744ea37efbbf8e6ef6235f46d51 DependenciesID=49c7969a520ca43a3f671f296b10a237 StaticDependenciesID=285833887cabcadfaf99adec08ad550b 
Number of updated asset objects reloaded before import = 0
Number of asset objects unloaded after import = 0
========================================================================
Received Import Request.
  Time of request: 2026-08-26T03:18:55.474922Z
  Time since last request: 0.0003509 seconds.
  importAddress: GUID: 5c3b27069cb3ddf42ba1260eeefcdd1c - Path: Packages/com.unity.ide.rider/Rider/Editor/UnitTesting/RiderTestRunner.cs - Importer: ScriptedImporter/UnityEditor.QuickSearchModule:UnityEditor.Search:ASIAI0B
Importing 'GUID: 5c3b27069cb3ddf42ba1260eeefcdd1c - Path: Packages/com.unity.ide.rider/Rider/Editor/UnitTesting/RiderTestRunner.cs - Importer: ScriptedImporter/UnityEditor.QuickSearchModule:UnityEditor.Search:ASIAI0B' with importer (ScriptedImporter : UnityEditor.QuickSearchModule:UnityEditor.Search:ASIAI0B)
Imported 'GUID: 5c3b27069cb3ddf42ba1260eeefcdd1c' -> (Import Result ID: 'dcbad6895ed27addc2e76163e5078424') in 0.004 seconds [static and dynamic dependencies]. Details - ImportResultOutputID=1e9154b7407b47746756d45169d93adf DependenciesID=dc5eb5d03aecdd26f0fb7d825cfa7e2e StaticDependenciesID=f5985aaecd770b80a3211190b35980c6 
Number of updated asset objects reloaded before import = 0
Number of asset objects unloaded after import = 0
========================================================================
Received Import Request.
  Time of request: 2026-08-26T03:18:55.5101233Z
  Time since last request: 0.0192515 seconds.
  importAddress: GUID: b34d70112ee5152438161d88c5f21082 - Path: Packages/com.unity.render-pipelines.universal/Editor/UniversalAdditionalCameraDataEditor.cs - Importer: ScriptedImporter/UnityEditor.QuickSearchModule:UnityEditor.Search:ASIAI0B
Importing 'GUID: b34d70112ee5152438161d88c5f21082 - Path: Packages/com.unity.render-pipelines.universal/Editor/UniversalAdditionalCameraDataEditor.cs - Importer: ScriptedImporter/UnityEditor.QuickSearchModule:UnityEditor.Search:ASIAI0B' with importer (ScriptedImporter : UnityEditor.QuickSearchModule:UnityEditor.Search:ASIAI0B)
Imported 'GUID: b34d70112ee5152438161d88c5f21082' -> (Import Result ID: 'd322b0be3c891c707d213886489576be') in 0.004 seconds [static and dynamic dependencies]. Details - ImportResultOutputID=9279c42aff9810de49caa17b390b4297 DependenciesID=2e782638d4a69f4c322c90f49d922d77 StaticDependenciesID=052a3c6ab1a799adf3f233ff15f72c10 
Number of updated asset objects reloaded before import = 0
Number of asset objects unloaded after import = 0
========================================================================
Received Import Request.
  Time of request: 2026-08-26T03:18:55.5257278Z
  Time since last request: 0.0002895 seconds.
  importAddress: GUID: 2ec995e51a6e251468d2a3fd8a686257 - Path: Packages/com.unity.render-pipelines.universal/Runtime/UniversalRenderPipelineGlobalSettings.cs - Importer: ScriptedImporter/UnityEditor.QuickSearchModule:UnityEditor.Search:ASIAI0B
Importing 'GUID: 2ec995e51a6e251468d2a3fd8a686257 - Path: Packages/com.unity.render-pipelines.universal/Runtime/UniversalRenderPipelineGlobalSettings.cs - Importer: ScriptedImporter/UnityEditor.QuickSearchModule:UnityEditor.Search:ASIAI0B' with importer (ScriptedImporter : UnityEditor.QuickSearchModule:UnityEditor.Search:ASIAI0B)
Imported 'GUID: 2ec995e51a6e251468d2a3fd8a686257' -> (Import Result ID: '2b51389ccca57ca7a03d4aba07c8ba4e') in 0.005 seconds [static and dynamic dependencies]. Details - ImportResultOutputID=164af5ca5ee18e507dc00f14b69d33b2 DependenciesID=a2a1687e8d6eaf3b58ca2d0bd2d7471d StaticDependenciesID=58386c99e0f6a906d9073ebca3a78385 
Number of updated asset objects reloaded before import = 0
Number of asset objects unloaded after import = 0
========================================================================
Received Import Request.
  Time of request: 2026-08-26T03:18:55.5431295Z
  Time since last request: 0.0004815 seconds.
  importAddress: GUID: c579267770062bf448e75eb160330b7f - Path: Packages/com.unity.render-pipelines.universal/Editor/Unity.RenderPipelines.Universal.Editor.asmdef - Importer: ScriptedImporter/UnityEditor.QuickSearchModule:UnityEditor.Search:ASIAI0B
Importing 'GUID: c579267770062bf448e75eb160330b7f - Path: Packages/com.unity.render-pipelines.universal/Editor/Unity.RenderPipelines.Universal.Editor.asmdef - Importer: ScriptedImporter/UnityEditor.QuickSearchModule:UnityEditor.Search:ASIAI0B' with importer (ScriptedImporter : UnityEditor.QuickSearchModule:UnityEditor.Search:ASIAI0B)
Imported 'GUID: c579267770062bf448e75eb160330b7f' -> (Import Result ID: 'dc3108f3d320626b53ff1b14f5726d73') in 0.005 seconds [static and dynamic dependencies]. Details - ImportResultOutputID=a919987b5b5938439ad27c9866c7514a DependenciesID=05e9ae1266082a479fd63ab773b53c88 StaticDependenciesID=9460e4c6810ef4158374f8b164b04486 
Number of updated asset objects reloaded before import = 0
Number of asset objects unloaded after import = 1
========================================================================
Received Import Request.
  Time of request: 2026-08-26T03:18:55.5613531Z
  Time since last request: 0.0004256 seconds.
  importAddress: GUID: cdfd6601120d40acb61c37def5977316 - Path: Packages/com.unity.render-pipelines.universal/Runtime/SpaceFillingCurves.cs - Importer: ScriptedImporter/UnityEditor.QuickSearchModule:UnityEditor.Search:ASIAI0B
Importing 'GUID: cdfd6601120d40acb61c37def5977316 - Path: Packages/com.unity.render-pipelines.universal/Runtime/SpaceFillingCurves.cs - Importer: ScriptedImporter/UnityEditor.QuickSearchModule:UnityEditor.Search:ASIAI0B' with importer (ScriptedImporter : UnityEditor.QuickSearchModule:UnityEditor.Search:ASIAI0B)
Imported 'GUID: cdfd6601120d40acb61c37def5977316' -> (Import Result ID: 'a38ab5a7388c30b06281926e2af829c6') in 0.005 seconds [static and dynamic dependencies]. Details - ImportResultOutputID=6658b186e3434c9c6f7d0298f1359694 DependenciesID=78559ff6f0976ee517f095f5f44bac67 StaticDependenciesID=a96ce05852c1c18206bf5e787fe57485 
Number of updated asset objects reloaded before import = 0
Number of asset objects unloaded after import = 0
========================================================================
Received Import Request.
  Time of request: 2026-08-26T03:18:55.5789246Z
  Time since last request: 0.0003912 seconds.
  importAddress: GUID: de640fe3d0db1804a85f9fc8f5cadab6 - Path: Packages/com.unity.render-pipelines.universal/Runtime/UniversalRendererData.cs - Importer: ScriptedImporter/UnityEditor.QuickSearchModule:UnityEditor.Search:ASIAI0B
Importing 'GUID: de640fe3d0db1804a85f9fc8f5cadab6 - Path: Packages/com.unity.render-pipelines.universal/Runtime/UniversalRendererData.cs - Importer: ScriptedImporter/UnityEditor.QuickSearchModule:UnityEditor.Search:ASIAI0B' with importer (ScriptedImporter : UnityEditor.QuickSearchModule:UnityEditor.Search:ASIAI0B)
Imported 'GUID: de640fe3d0db1804a85f9fc8f5cadab6' -> (Import Result ID: '74912f82d031c12a3e3efd6dd148f139') in 0.005 seconds [static and dynamic dependencies]. Details - ImportResultOutputID=1c85db8d23176b3323305f534c8051a6 DependenciesID=f70cdd202359526a120abc5bcfda7261 StaticDependenciesID=e3d17f9857bab220cb8afe6ae7a665a9 
Number of updated asset objects reloaded before import = 0
Number of asset objects unloaded after import = 0
========================================================================
Received Import Request.
  Time of request: 2026-08-26T03:18:55.5968337Z
  Time since last request: 0.0004274 seconds.
  importAddress: GUID: 0e5ca08473eaf5a4ba31f382d9f51a4b - Path: Packages/com.unity.render-pipelines.universal/Runtime/StpUtils.cs - Importer: ScriptedImporter/UnityEditor.QuickSearchModule:UnityEditor.Search:ASIAI0B
Importing 'GUID: 0e5ca08473eaf5a4ba31f382d9f51a4b - Path: Packages/com.unity.render-pipelines.universal/Runtime/StpUtils.cs - Importer: ScriptedImporter/UnityEditor.QuickSearchModule:UnityEditor.Search:ASIAI0B' with importer (ScriptedImporter : UnityEditor.QuickSearchModule:UnityEditor.Search:ASIAI0B)
Imported 'GUID: 0e5ca08473eaf5a4ba31f382d9f51a4b' -> (Import Result ID: 'b697db4d664a32b273767bdb90d30dea') in 0.005 seconds [static and dynamic dependencies]. Details - ImportResultOutputID=4941ee0549f4f4acbc91692447c67e4d DependenciesID=ff01b9c0dc781a4649cccbc6033498c5 StaticDependenciesID=d19e298b226717374b3242c59051aee7 
Number of updated asset objects reloaded before import = 0
Number of asset objects unloaded after import = 0
========================================================================
Received Import Request.
  Time of request: 2026-08-26T03:18:55.615225Z
  Time since last request: 0.0004893 seconds.
  importAddress: GUID: 857b66e359c9249a6b591ad47b966beb - Path: Packages/com.unity.render-pipelines.universal/Runtime/ShaderBitArray.cs - Importer: ScriptedImporter/UnityEditor.QuickSearchModule:UnityEditor.Search:ASIAI0B
Importing 'GUID: 857b66e359c9249a6b591ad47b966beb - Path: Packages/com.unity.render-pipelines.universal/Runtime/ShaderBitArray.cs - Importer: ScriptedImporter/UnityEditor.QuickSearchModule:UnityEditor.Search:ASIAI0B' with importer (ScriptedImporter : UnityEditor.QuickSearchModule:UnityEditor.Search:ASIAI0B)
Imported 'GUID: 857b66e359c9249a6b591ad47b966beb' -> (Import Result ID: '6e75d4daab0b36535211fc7d7e0db39e') in 0.004 seconds [static and dynamic dependencies]. Details - ImportResultOutputID=8c9441bcb0d08083c28452bef4c29d9d DependenciesID=38626a735b239f249ffefd27db0a34f4 StaticDependenciesID=fbcbf5d0797ff467b42332e04f7c881c 
Number of updated asset objects reloaded before import = 0
Number of asset objects unloaded after import = 0
========================================================================
Received Import Request.
  Time of request: 2026-08-26T03:18:55.6326954Z
  Time since last request: 0.0003727 seconds.
  importAddress: GUID: c8d90eadb510acd44b7884b0be840c4b - Path: Packages/com.unity.render-pipelines.universal/Runtime/RenderingUtils.cs - Importer: ScriptedImporter/UnityEditor.QuickSearchModule:UnityEditor.Search:ASIAI0B
Importing 'GUID: c8d90eadb510acd44b7884b0be840c4b - Path: Packages/com.unity.render-pipelines.universal/Runtime/RenderingUtils.cs - Importer: ScriptedImporter/UnityEditor.QuickSearchModule:UnityEditor.Search:ASIAI0B' with importer (ScriptedImporter : UnityEditor.QuickSearchModule:UnityEditor.Search:ASIAI0B)
Imported 'GUID: c8d90eadb510acd44b7884b0be840c4b' -> (Import Result ID: 'be36f43f364407976f68c344d76711e0') in 0.004 seconds [static and dynamic dependencies]. Details - ImportResultOutputID=c1e21a0bf8fddb077255879365704e7f DependenciesID=b88360b26dfbfd61fee0b9f8a48579ea StaticDependenciesID=61cc2dde1116c57a1a7c384d5a85e497 
Number of updated asset objects reloaded before import = 0
Number of asset objects unloaded after import = 0
========================================================================
Received Import Request.
  Time of request: 2026-08-26T03:18:55.6494346Z
  Time since last request: 0.0005575 seconds.
  importAddress: GUID: 61ba514d93f94d14a8638d884815c8c0 - Path: Packages/com.unity.render-pipelines.universal/Runtime/AssemblyInfo.cs - Importer: ScriptedImporter/UnityEditor.QuickSearchModule:UnityEditor.Search:ASIAI0B
Importing 'GUID: 61ba514d93f94d14a8638d884815c8c0 - Path: Packages/com.unity.render-pipelines.universal/Runtime/AssemblyInfo.cs - Importer: ScriptedImporter/UnityEditor.QuickSearchModule:UnityEditor.Search:ASIAI0B' with importer (ScriptedImporter : UnityEditor.QuickSearchModule:UnityEditor.Search:ASIAI0B)
Imported 'GUID: 61ba514d93f94d14a8638d884815c8c0' -> (Import Result ID: '07c9e5af8fa3b804f442f6f3c0c3e494') in 0.004 seconds [static and dynamic dependencies]. Details - ImportResultOutputID=cee40de73558935a566f10be67e377fd DependenciesID=0464bcce8ce00ad793622421a0ce8853 StaticDependenciesID=94438a33397cd39edc4dacd4a989fe4c 
Number of updated asset objects reloaded before import = 0
Number of asset objects unloaded after import = 0
========================================================================
Received Import Request.
  Time of request: 2026-08-26T03:18:55.6646182Z
  Time since last request: 0.0002895 seconds.
  importAddress: GUID: a6c561a6ea5b9c7438624a404f703912 - Path: Packages/com.unity.render-pipelines.universal/Runtime/ShaderData.cs - Importer: ScriptedImporter/UnityEditor.QuickSearchModule:UnityEditor.Search:ASIAI0B
Importing 'GUID: a6c561a6ea5b9c7438624a404f703912 - Path: Packages/com.unity.render-pipelines.universal/Runtime/ShaderData.cs - Importer: ScriptedImporter/UnityEditor.QuickSearchModule:UnityEditor.Search:ASIAI0B' with importer (ScriptedImporter : UnityEditor.QuickSearchModule:UnityEditor.Search:ASIAI0B)
Imported 'GUID: a6c561a6ea5b9c7438624a404f703912' -> (Import Result ID: '75615ffc8c4d03f9a55c7b097ed52452') in 0.004 seconds [static and dynamic dependencies]. Details - ImportResultOutputID=ab7c50daac64d879368c88b0fceddda9 DependenciesID=5a18b72f256144324fd31c03b7185f30 StaticDependenciesID=e361c81e39b1a5acf15d08bfc68d639a 
Number of updated asset objects reloaded before import = 0
Number of asset objects unloaded after import = 0
========================================================================
Received Import Request.
  Time of request: 2026-08-26T03:18:55.6800636Z
  Time since last request: 0.0003219 seconds.
  importAddress: GUID: f77e6c353bf29d043a82a45025bc353a - Path: Packages/com.unity.render-pipelines.universal/Runtime/RTHandleUtils.cs - Importer: ScriptedImporter/UnityEditor.QuickSearchModule:UnityEditor.Search:ASIAI0B
Importing 'GUID: f77e6c353bf29d043a82a45025bc353a - Path: Packages/com.unity.render-pipelines.universal/Runtime/RTHandleUtils.cs - Importer: ScriptedImporter/UnityEditor.QuickSearchModule:UnityEditor.Search:ASIAI0B' with importer (ScriptedImporter : UnityEditor.QuickSearchModule:UnityEditor.Search:ASIAI0B)
Imported 'GUID: f77e6c353bf29d043a82a45025bc353a' -> (Import Result ID: '51988805c3ce71d090362b1f191e6290') in 0.004 seconds [static and dynamic dependencies]. Details - ImportResultOutputID=e691350d3ef7af58d274bf651573f87d DependenciesID=f34a39966f440a2a6b1a64301f740a25 StaticDependenciesID=9cfb7bf95890d58ddef508d9f5b2ab4b 
Number of updated asset objects reloaded before import = 0
Number of asset objects unloaded after import = 0
========================================================================
Received Import Request.
  Time of request: 2026-08-26T03:18:55.6969131Z
  Time since last request: 0.000427 seconds.
  importAddress: GUID: 2ceaf9622df488b4188ec28a142bdd85 - Path: Packages/com.unity.render-pipelines.universal/Runtime/NormalReconstruction.cs - Importer: ScriptedImporter/UnityEditor.QuickSearchModule:UnityEditor.Search:ASIAI0B
Importing 'GUID: 2ceaf9622df488b4188ec28a142bdd85 - Path: Packages/com.unity.render-pipelines.universal/Runtime/NormalReconstruction.cs - Importer: ScriptedImporter/UnityEditor.QuickSearchModule:UnityEditor.Search:ASIAI0B' with importer (ScriptedImporter : UnityEditor.QuickSearchModule:UnityEditor.Search:ASIAI0B)
Imported 'GUID: 2ceaf9622df488b4188ec28a142bdd85' -> (Import Result ID: 'e0edf2eee0a7ac6db771b7814beddd41') in 0.004 seconds [static and dynamic dependencies]. Details - ImportResultOutputID=2c1242c47a3283478da16f5e9b09c5bb DependenciesID=36919c4a151950be7acec7b5fdb61647 StaticDependenciesID=4587b40330f14a7c0e1440168953aab8 
Number of updated asset objects reloaded before import = 0
Number of asset objects unloaded after import = 0
========================================================================
Received Import Request.
  Time of request: 2026-08-26T03:18:55.7147729Z
  Time since last request: 0.0004909 seconds.
  importAddress: GUID: f8a1318f0ebaa394fbc8d104806092b4 - Path: Packages/com.unity.render-pipelines.universal/Runtime/DeferredLights.cs - Importer: ScriptedImporter/UnityEditor.QuickSearchModule:UnityEditor.Search:ASIAI0B
Importing 'GUID: f8a1318f0ebaa394fbc8d104806092b4 - Path: Packages/com.unity.render-pipelines.universal/Runtime/DeferredLights.cs - Importer: ScriptedImporter/UnityEditor.QuickSearchModule:UnityEditor.Search:ASIAI0B' with importer (ScriptedImporter : UnityEditor.QuickSearchModule:UnityEditor.Search:ASIAI0B)
Imported 'GUID: f8a1318f0ebaa394fbc8d104806092b4' -> (Import Result ID: '57bc00718bf1e6b2b8976e6f1ca2d698') in 0.003 seconds [static and dynamic dependencies]. Details - ImportResultOutputID=e8dd46f0da96f09ced8c088f50ee93eb DependenciesID=afb3847d6b8c89999c6f0cf93e0b5382 StaticDependenciesID=1e8226637deb61e062c15508983e00bb 
Number of updated asset objects reloaded before import = 0
Number of asset objects unloaded after import = 0
========================================================================
Received Import Request.
  Time of request: 2026-08-26T03:18:55.7297058Z
  Time since last request: 0.0003085 seconds.
  importAddress: GUID: 632a8cfdfaac24d5f99ef36578edd4ed - Path: Packages/com.unity.render-pipelines.universal/Runtime/ScriptableRenderer.cs - Importer: ScriptedImporter/UnityEditor.QuickSearchModule:UnityEditor.Search:ASIAI0B
Importing 'GUID: 632a8cfdfaac24d5f99ef36578edd4ed - Path: Packages/com.unity.render-pipelines.universal/Runtime/ScriptableRenderer.cs - Importer: ScriptedImporter/UnityEditor.QuickSearchModule:UnityEditor.Search:ASIAI0B' with importer (ScriptedImporter : UnityEditor.QuickSearchModule:UnityEditor.Search:ASIAI0B)
Imported 'GUID: 632a8cfdfaac24d5f99ef36578edd4ed' -> (Import Result ID: '7efa98719ffd41b9d965f8cac0597a1e') in 0.004 seconds [static and dynamic dependencies]. Details - ImportResultOutputID=04c92a0357c698ae4f4d30d1eecec182 DependenciesID=e9e08217ea7748bddf4a848f68e6f3f3 StaticDependenciesID=2dbac1335859377095eb90c53a5b9c33 
Number of updated asset objects reloaded before import = 0
Number of asset objects unloaded after import = 0
========================================================================
Received Import Request.
  Time of request: 2026-08-26T03:18:55.7451729Z
  Time since last request: 0.0003612 seconds.
  importAddress: GUID: d7a47b64c248a9448845c28f15c6ca10 - Path: Packages/com.unity.render-pipelines.universal/Runtime/RenderTargetHandle.cs - Importer: ScriptedImporter/UnityEditor.QuickSearchModule:UnityEditor.Search:ASIAI0B
Importing 'GUID: d7a47b64c248a9448845c28f15c6ca10 - Path: Packages/com.unity.render-pipelines.universal/Runtime/RenderTargetHandle.cs - Importer: ScriptedImporter/UnityEditor.QuickSearchModule:UnityEditor.Search:ASIAI0B' with importer (ScriptedImporter : UnityEditor.QuickSearchModule:UnityEditor.Search:ASIAI0B)
Imported 'GUID: d7a47b64c248a9448845c28f15c6ca10' -> (Import Result ID: '52165fd4413168c5c8140a5a1edea748') in 0.004 seconds [static and dynamic dependencies]. Details - ImportResultOutputID=2f62070fcc37667064004979a2a4387d DependenciesID=d0b1eaf6194862884443fd85ec48b98f StaticDependenciesID=894a85b7f729ea2a6c3f2671b6034661 
Number of updated asset objects reloaded before import = 0
Number of asset objects unloaded after import = 0
========================================================================
Received Import Request.
  Time of request: 2026-08-26T03:18:55.7592028Z
  Time since last request: 0.0002986 seconds.
  importAddress: GUID: a67c0bc2587298b44bc7bee9f923e8da - Path: Packages/com.unity.render-pipelines.universal/Runtime/ShadowCulling.cs - Importer: ScriptedImporter/UnityEditor.QuickSearchModule:UnityEditor.Search:ASIAI0B
Importing 'GUID: a67c0bc2587298b44bc7bee9f923e8da - Path: Packages/com.unity.render-pipelines.universal/Runtime/ShadowCulling.cs - Importer: ScriptedImporter/UnityEditor.QuickSearchModule:UnityEditor.Search:ASIAI0B' with importer (ScriptedImporter : UnityEditor.QuickSearchModule:UnityEditor.Search:ASIAI0B)
Imported 'GUID: a67c0bc2587298b44bc7bee9f923e8da' -> (Import Result ID: 'b707b8dc2822c4b693e10f9b9e9ca83f') in 0.004 seconds [static and dynamic dependencies]. Details - ImportResultOutputID=20cfdff7be79ff319ea0228614765512 DependenciesID=98f3b1269cec1efcf225eaac9dd5bc77 StaticDependenciesID=10ba05394ac00ccd05781e62e26b8e11 
Number of updated asset objects reloaded before import = 0
Number of asset objects unloaded after import = 0
========================================================================
Received Import Request.
  Time of request: 2026-08-26T03:18:55.7936634Z
  Time since last request: 0.0183934 seconds.
  importAddress: GUID: b2555155ead696140913bef1ec93adf0 - Path: Packages/com.unity.render-pipelines.universal/ShaderLibrary/Input.hlsl - Importer: ScriptedImporter/UnityEditor.QuickSearchModule:UnityEditor.Search:ASIAI0B
Importing 'GUID: b2555155ead696140913bef1ec93adf0 - Path: Packages/com.unity.render-pipelines.universal/ShaderLibrary/Input.hlsl - Importer: ScriptedImporter/UnityEditor.QuickSearchModule:UnityEditor.Search:ASIAI0B' with importer (ScriptedImporter : UnityEditor.QuickSearchModule:UnityEditor.Search:ASIAI0B)
Imported 'GUID: b2555155ead696140913bef1ec93adf0' -> (Import Result ID: 'ea1bcaf08299ce5dde07f86cf1a16532') in 0.005 seconds [static and dynamic dependencies]. Details - ImportResultOutputID=acf9b9e563b519c0dcba80d81ee27ebf DependenciesID=33884a9d74552a7b10447fc935a050c9 StaticDependenciesID=fcd1d28006dad4b8be2e861b4f7eb44e 
Number of updated asset objects reloaded before import = 0
Number of asset objects unloaded after import = 1
========================================================================
Received Import Request.
  Time of request: 2026-08-26T03:18:55.8114382Z
  Time since last request: 0.0006894 seconds.
  importAddress: GUID: 58997c4bd657ad848919e91029ee01eb - Path: Packages/com.unity.render-pipelines.universal/ShaderLibrary/Particles.hlsl - Importer: ScriptedImporter/UnityEditor.QuickSearchModule:UnityEditor.Search:ASIAI0B
Importing 'GUID: 58997c4bd657ad848919e91029ee01eb - Path: Packages/com.unity.render-pipelines.universal/ShaderLibrary/Particles.hlsl - Importer: ScriptedImporter/UnityEditor.QuickSearchModule:UnityEditor.Search:ASIAI0B' with importer (ScriptedImporter : UnityEditor.QuickSearchModule:UnityEditor.Search:ASIAI0B)
Imported 'GUID: 58997c4bd657ad848919e91029ee01eb' -> (Import Result ID: '126534c031b8e959f41a47f0a7b52a41') in 0.004 seconds [static and dynamic dependencies]. Details - ImportResultOutputID=1ed7afab34591d2077ad6175f618bc56 DependenciesID=2f588bf5ab7d46b07aa9a47d8085289c StaticDependenciesID=063aee90263b47ba651e4389df36530f 
Number of updated asset objects reloaded before import = 0
Number of asset objects unloaded after import = 1
========================================================================
Received Import Request.
  Time of request: 2026-08-26T03:18:55.827332Z
  Time since last request: 0.0003593 seconds.
  importAddress: GUID: 1be91b057dbe43239a838d9e45a42a32 - Path: Packages/com.unity.render-pipelines.universal/ShaderLibrary/GlobalIllumination.hlsl - Importer: ScriptedImporter/UnityEditor.QuickSearchModule:UnityEditor.Search:ASIAI0B
Importing 'GUID: 1be91b057dbe43239a838d9e45a42a32 - Path: Packages/com.unity.render-pipelines.universal/ShaderLibrary/GlobalIllumination.hlsl - Importer: ScriptedImporter/UnityEditor.QuickSearchModule:UnityEditor.Search:ASIAI0B' with importer (ScriptedImporter : UnityEditor.QuickSearchModule:UnityEditor.Search:ASIAI0B)
Imported 'GUID: 1be91b057dbe43239a838d9e45a42a32' -> (Import Result ID: '5f1730126dcb621a49ef59ef7e9a9eb5') in 0.005 seconds [static and dynamic dependencies]. Details - ImportResultOutputID=68483ad9061b59f70ca802c9e3408ccf DependenciesID=2ff715a550475caa578f1e20fae3269e StaticDependenciesID=d0807c55e230977bcfbd4f4df852d245 
Number of updated asset objects reloaded before import = 0
Number of asset objects unloaded after import = 1
========================================================================
Received Import Request.
  Time of request: 2026-08-26T03:18:55.8448374Z
  Time since last request: 0.0003565 seconds.
  importAddress: GUID: 2b30f99b47dd40adaf41fd8e6573daa4 - Path: Packages/com.unity.render-pipelines.universal/ShaderLibrary/GBufferInput.hlsl - Importer: ScriptedImporter/UnityEditor.QuickSearchModule:UnityEditor.Search:ASIAI0B
Importing 'GUID: 2b30f99b47dd40adaf41fd8e6573daa4 - Path: Packages/com.unity.render-pipelines.universal/ShaderLibrary/GBufferInput.hlsl - Importer: ScriptedImporter/UnityEditor.QuickSearchModule:UnityEditor.Search:ASIAI0B' with importer (ScriptedImporter : UnityEditor.QuickSearchModule:UnityEditor.Search:ASIAI0B)
Imported 'GUID: 2b30f99b47dd40adaf41fd8e6573daa4' -> (Import Result ID: '4aabbcf9b8e41f3cd797ddb77a88e971') in 0.005 seconds [static and dynamic dependencies]. Details - ImportResultOutputID=498590ccc25ad83ac04156471d2fee47 DependenciesID=4750fcc1744f933c8b1b2e1893179f6d StaticDependenciesID=1cedbddacbc989639ff676e1cbb40de7 
Number of updated asset objects reloaded before import = 0
Number of asset objects unloaded after import = 1
========================================================================
Received Import Request.
  Time of request: 2026-08-26T03:18:55.8628415Z
  Time since last request: 0.0004415 seconds.
  importAddress: GUID: 9802e36ef1c38064d9bcd7bf2e01cccb - Path: Packages/com.unity.render-pipelines.universal/ShaderLibrary/Deprecated.hlsl - Importer: ScriptedImporter/UnityEditor.QuickSearchModule:UnityEditor.Search:ASIAI0B
Importing 'GUID: 9802e36ef1c38064d9bcd7bf2e01cccb - Path: Packages/com.unity.render-pipelines.universal/ShaderLibrary/Deprecated.hlsl - Importer: ScriptedImporter/UnityEditor.QuickSearchModule:UnityEditor.Search:ASIAI0B' with importer (ScriptedImporter : UnityEditor.QuickSearchModule:UnityEditor.Search:ASIAI0B)
Imported 'GUID: 9802e36ef1c38064d9bcd7bf2e01cccb' -> (Import Result ID: 'ea0651ea9b3cebc6942717354c0e364c') in 0.005 seconds [static and dynamic dependencies]. Details - ImportResultOutputID=34a42f4b9f00945028effb0623310e05 DependenciesID=7a60f0c6cc36c3f7e80d8f1115e6bee2 StaticDependenciesID=e3b2e0f0da072572569a9f8f84d604f3 
Number of updated asset objects reloaded before import = 0
Number of asset objects unloaded after import = 1
========================================================================
Received Import Request.
  Time of request: 2026-08-26T03:18:55.882844Z
  Time since last request: 0.0002882 seconds.
  importAddress: GUID: ef46fb1e00bf67142ae3548411a562b6 - Path: Packages/com.unity.render-pipelines.universal/ShaderLibrary/LODCrossFade.hlsl - Importer: ScriptedImporter/UnityEditor.QuickSearchModule:UnityEditor.Search:ASIAI0B
Importing 'GUID: ef46fb1e00bf67142ae3548411a562b6 - Path: Packages/com.unity.render-pipelines.universal/ShaderLibrary/LODCrossFade.hlsl - Importer: ScriptedImporter/UnityEditor.QuickSearchModule:UnityEditor.Search:ASIAI0B' with importer (ScriptedImporter : UnityEditor.QuickSearchModule:UnityEditor.Search:ASIAI0B)
Imported 'GUID: ef46fb1e00bf67142ae3548411a562b6' -> (Import Result ID: 'c52c9740b6c3b3c472fba58a7fd1979e') in 0.005 seconds [static and dynamic dependencies]. Details - ImportResultOutputID=dd3ad93feea7eeeece56edecc0dba77d DependenciesID=66dde2f0a71382d8c44c5335b1182be9 StaticDependenciesID=40b3d65194117bc7d2eeb24244aa61f1 
Number of updated asset objects reloaded before import = 0
Number of asset objects unloaded after import = 1
========================================================================
Received Import Request.
  Time of request: 2026-08-26T03:18:55.9020449Z
  Time since last request: 0.0003488 seconds.
  importAddress: GUID: 7e363e809b854c74b30d5945820534d4 - Path: Packages/com.unity.render-pipelines.universal/ShaderLibrary/ForwardPlusKeyword.deprecated.hlsl - Importer: ScriptedImporter/UnityEditor.QuickSearchModule:UnityEditor.Search:ASIAI0B
Importing 'GUID: 7e363e809b854c74b30d5945820534d4 - Path: Packages/com.unity.render-pipelines.universal/ShaderLibrary/ForwardPlusKeyword.deprecated.hlsl - Importer: ScriptedImporter/UnityEditor.QuickSearchModule:UnityEditor.Search:ASIAI0B' with importer (ScriptedImporter : UnityEditor.QuickSearchModule:UnityEditor.Search:ASIAI0B)
Imported 'GUID: 7e363e809b854c74b30d5945820534d4' -> (Import Result ID: '6820bbf30d59066f2466c0874cfd57a4') in 0.005 seconds [static and dynamic dependencies]. Details - ImportResultOutputID=47f27b74e43befeb89edacc574a6caa3 DependenciesID=724cfd7c515263b50b277152730dea8e StaticDependenciesID=818b60b8a792101f1ba19e6fc7f58cc9 
Number of updated asset objects reloaded before import = 0
Number of asset objects unloaded after import = 1
========================================================================
Received Import Request.
  Time of request: 2026-08-26T03:18:55.9214715Z
  Time since last request: 0.0003786 seconds.
  importAddress: GUID: d5c9d8a733254102b894def0429c24c4 - Path: Packages/com.unity.render-pipelines.universal/ShaderLibrary/SixWayLighting.hlsl - Importer: ScriptedImporter/UnityEditor.QuickSearchModule:UnityEditor.Search:ASIAI0B
Importing 'GUID: d5c9d8a733254102b894def0429c24c4 - Path: Packages/com.unity.render-pipelines.universal/ShaderLibrary/SixWayLighting.hlsl - Importer: ScriptedImporter/UnityEditor.QuickSearchModule:UnityEditor.Search:ASIAI0B' with importer (ScriptedImporter : UnityEditor.QuickSearchModule:UnityEditor.Search:ASIAI0B)
Imported 'GUID: d5c9d8a733254102b894def0429c24c4' -> (Import Result ID: 'a00002c95b31d787769fe60dcb74c1e6') in 0.005 seconds [static and dynamic dependencies]. Details - ImportResultOutputID=115af12c211e026f1e66ea8d87450d78 DependenciesID=fd5a92ee6f32c8dceeeea3b15734a185 StaticDependenciesID=4cb7bddecd40645292554026b365e557 
Number of updated asset objects reloaded before import = 0
Number of asset objects unloaded after import = 1
========================================================================
Received Import Request.
  Time of request: 2026-08-26T03:18:55.9388133Z
  Time since last request: 0.0003353 seconds.
  importAddress: GUID: 3e4be2c2c37a850478a159473b68a63f - Path: Packages/com.unity.render-pipelines.universal/ShaderLibrary/DecalInput.hlsl - Importer: ScriptedImporter/UnityEditor.QuickSearchModule:UnityEditor.Search:ASIAI0B
Importing 'GUID: 3e4be2c2c37a850478a159473b68a63f - Path: Packages/com.unity.render-pipelines.universal/ShaderLibrary/DecalInput.hlsl - Importer: ScriptedImporter/UnityEditor.QuickSearchModule:UnityEditor.Search:ASIAI0B' with importer (ScriptedImporter : UnityEditor.QuickSearchModule:UnityEditor.Search:ASIAI0B)
Imported 'GUID: 3e4be2c2c37a850478a159473b68a63f' -> (Import Result ID: '851a8de694311566a3900c722c060314') in 0.005 seconds [static and dynamic dependencies]. Details - ImportResultOutputID=b6c1f449bccb5490d7221d85cfeee761 DependenciesID=317e123222493a87f380886f22e3062f StaticDependenciesID=4bad2f706c52c3c8f9dadf033907f747 
Number of updated asset objects reloaded before import = 0
Number of asset objects unloaded after import = 1
========================================================================
Received Import Request.
  Time of request: 2026-08-26T03:18:55.9558033Z
  Time since last request: 0.0002963 seconds.
  importAddress: GUID: 9adc879d74aec4400bbdce89ff664a05 - Path: Packages/com.unity.render-pipelines.universal/ShaderLibrary/ShaderGraphFunctions.hlsl - Importer: ScriptedImporter/UnityEditor.QuickSearchModule:UnityEditor.Search:ASIAI0B
Importing 'GUID: 9adc879d74aec4400bbdce89ff664a05 - Path: Packages/com.unity.render-pipelines.universal/ShaderLibrary/ShaderGraphFunctions.hlsl - Importer: ScriptedImporter/UnityEditor.QuickSearchModule:UnityEditor.Search:ASIAI0B' with importer (ScriptedImporter : UnityEditor.QuickSearchModule:UnityEditor.Search:ASIAI0B)
Imported 'GUID: 9adc879d74aec4400bbdce89ff664a05' -> (Import Result ID: '5983ff2eb89dd767b853ff747d561214') in 0.004 seconds [static and dynamic dependencies]. Details - ImportResultOutputID=8b50bc1d8c2b96e574146fa3cc7589e3 DependenciesID=909977605c888c2080a3eeab7308972f StaticDependenciesID=a8f1092d3b50786b75bbf3b7469c8736 
Number of updated asset objects reloaded before import = 0
Number of asset objects unloaded after import = 1
========================================================================
Received Import Request.
  Time of request: 2026-08-26T03:18:55.9734608Z
  Time since last request: 0.0003884 seconds.
  importAddress: GUID: c56b7e0d4c7cb484e959caeeedae9bbf - Path: Packages/com.unity.render-pipelines.universal/Shaders/CameraMotionVectors.shader - Importer: ScriptedImporter/UnityEditor.QuickSearchModule:UnityEditor.Search:ASIAI0B
Importing 'GUID: c56b7e0d4c7cb484e959caeeedae9bbf - Path: Packages/com.unity.render-pipelines.universal/Shaders/CameraMotionVectors.shader - Importer: ScriptedImporter/UnityEditor.QuickSearchModule:UnityEditor.Search:ASIAI0B' with importer (ScriptedImporter : UnityEditor.QuickSearchModule:UnityEditor.Search:ASIAI0B)
Imported 'GUID: c56b7e0d4c7cb484e959caeeedae9bbf' -> (Import Result ID: 'edadeef19792f716818cdb0b971f25a7') in 0.011 seconds [static and dynamic dependencies]. Details - ImportResultOutputID=aea601b641f4b6bacff04bc2cb3b67ac DependenciesID=3491577ab898dced74516d632bf6aefe StaticDependenciesID=986678ee213cc1b9907873c4358949a4 
Number of updated asset objects reloaded before import = 0
Number of asset objects unloaded after import = 1
========================================================================
Received Import Request.
  Time of request: 2026-08-26T03:18:55.9985704Z
  Time since last request: 0.000401 seconds.
  importAddress: GUID: 6c9c9877e9a3dff4fbc73fd447c653d8 - Path: Packages/com.unity.render-pipelines.universal/ShaderLibrary/MetaInput.hlsl - Importer: ScriptedImporter/UnityEditor.QuickSearchModule:UnityEditor.Search:ASIAI0B
Importing 'GUID: 6c9c9877e9a3dff4fbc73fd447c653d8 - Path: Packages/com.unity.render-pipelines.universal/ShaderLibrary/MetaInput.hlsl - Importer: ScriptedImporter/UnityEditor.QuickSearchModule:UnityEditor.Search:ASIAI0B' with importer (ScriptedImporter : UnityEditor.QuickSearchModule:UnityEditor.Search:ASIAI0B)
Imported 'GUID: 6c9c9877e9a3dff4fbc73fd447c653d8' -> (Import Result ID: '9566ac9b1a106b99c91a3d8b92f2eba3') in 0.005 seconds [static and dynamic dependencies]. Details - ImportResultOutputID=a000a073cff38251bac9f4905524720d DependenciesID=c8f57d766619cd9a9f741e4c4b7a5276 StaticDependenciesID=34cd03dd7cdc603cee113ebb97bc65be 
Number of updated asset objects reloaded before import = 0
Number of asset objects unloaded after import = 1
========================================================================
Received Import Request.
  Time of request: 2026-08-26T03:18:56.0160691Z
  Time since last request: 0.0003511 seconds.
  importAddress: GUID: 53686bf58189656459fca4c6ab04ebe5 - Path: Packages/com.unity.render-pipelines.universal/ShaderLibrary/Core.hlsl - Importer: ScriptedImporter/UnityEditor.QuickSearchModule:UnityEditor.Search:ASIAI0B
Importing 'GUID: 53686bf58189656459fca4c6ab04ebe5 - Path: Packages/com.unity.render-pipelines.universal/ShaderLibrary/Core.hlsl - Importer: ScriptedImporter/UnityEditor.QuickSearchModule:UnityEditor.Search:ASIAI0B' with importer (ScriptedImporter : UnityEditor.QuickSearchModule:UnityEditor.Search:ASIAI0B)
Imported 'GUID: 53686bf58189656459fca4c6ab04ebe5' -> (Import Result ID: '0eb4d276b15ea52480a4119f04e70b7b') in 0.004 seconds [static and dynamic dependencies]. Details - ImportResultOutputID=abc0bb879e41106e01b6c8289486991a DependenciesID=b12f9b94a844ec0593724c883424f8fc StaticDependenciesID=82d4cd12bff60757f927f28186fbe0b8 
Number of updated asset objects reloaded before import = 0
Number of asset objects unloaded after import = 1
========================================================================
Received Import Request.
  Time of request: 2026-08-26T03:18:56.0341474Z
  Time since last request: 0.000323 seconds.
  importAddress: GUID: 9604e389528d04ae39fe05a7b4212172 - Path: Packages/com.unity.render-pipelines.universal/Shaders/BakedLitDepthNormalsPass.hlsl - Importer: ScriptedImporter/UnityEditor.QuickSearchModule:UnityEditor.Search:ASIAI0B
Importing 'GUID: 9604e389528d04ae39fe05a7b4212172 - Path: Packages/com.unity.render-pipelines.universal/Shaders/BakedLitDepthNormalsPass.hlsl - Importer: ScriptedImporter/UnityEditor.QuickSearchModule:UnityEditor.Search:ASIAI0B' with importer (ScriptedImporter : UnityEditor.QuickSearchModule:UnityEditor.Search:ASIAI0B)
Imported 'GUID: 9604e389528d04ae39fe05a7b4212172' -> (Import Result ID: '67dc4e06a84bf7d84f808447b3cc1467') in 0.006 seconds [static and dynamic dependencies]. Details - ImportResultOutputID=b3108b51ffc931814a3619e5cd409554 DependenciesID=a90a00e51b4f2f0d7679da3e8fec764d StaticDependenciesID=2bcbc35f5116c4db6f48b4eb33e1c3d9 
Number of updated asset objects reloaded before import = 0
Number of asset objects unloaded after import = 1
========================================================================
Received Import Request.
  Time of request: 2026-08-26T03:18:56.0522157Z
  Time since last request: 0.0002593 seconds.
  importAddress: GUID: 91bd1404255c4cb28a6c81f20300308f - Path: Packages/com.unity.render-pipelines.universal/ShaderLibrary/UniversalDOTSInstancing.hlsl - Importer: ScriptedImporter/UnityEditor.QuickSearchModule:UnityEditor.Search:ASIAI0B
Importing 'GUID: 91bd1404255c4cb28a6c81f20300308f - Path: Packages/com.unity.render-pipelines.universal/ShaderLibrary/UniversalDOTSInstancing.hlsl - Importer: ScriptedImporter/UnityEditor.QuickSearchModule:UnityEditor.Search:ASIAI0B' with importer (ScriptedImporter : UnityEditor.QuickSearchModule:UnityEditor.Search:ASIAI0B)
Imported 'GUID: 91bd1404255c4cb28a6c81f20300308f' -> (Import Result ID: '36f6522eea6cc13538350bdb9a05dc08') in 0.006 seconds [static and dynamic dependencies]. Details - ImportResultOutputID=17840260f1669fe4ac3c1297b7f87e63 DependenciesID=e2555ab84844f2a7dacf89663ccf2b52 StaticDependenciesID=0ce570c9d8a228ea2c362862edc1f991 
Number of updated asset objects reloaded before import = 0
Number of asset objects unloaded after import = 1
========================================================================
Received Import Request.
  Time of request: 2026-08-26T03:18:56.0716731Z
  Time since last request: 0.0004801 seconds.
  importAddress: GUID: bcd650cf6823f4f7fb62fe0eccae07b0 - Path: Packages/com.unity.render-pipelines.universal/ShaderLibrary/RenderingLayers.hlsl - Importer: ScriptedImporter/UnityEditor.QuickSearchModule:UnityEditor.Search:ASIAI0B
Importing 'GUID: bcd650cf6823f4f7fb62fe0eccae07b0 - Path: Packages/com.unity.render-pipelines.universal/ShaderLibrary/RenderingLayers.hlsl - Importer: ScriptedImporter/UnityEditor.QuickSearchModule:UnityEditor.Search:ASIAI0B' with importer (ScriptedImporter : UnityEditor.QuickSearchModule:UnityEditor.Search:ASIAI0B)
Imported 'GUID: bcd650cf6823f4f7fb62fe0eccae07b0' -> (Import Result ID: '15fc07f4e07b4fadfc5b629b77909aaf') in 0.005 seconds [static and dynamic dependencies]. Details - ImportResultOutputID=520a21bdbe7b993a7aca38b02140e7c3 DependenciesID=f1c3f67ab6a0d57551448ec8750c6481 StaticDependenciesID=fa87bb21b31fd477238eeff03c99a1f7 
Number of updated asset objects reloaded before import = 0
Number of asset objects unloaded after import = 1
========================================================================
Received Import Request.
  Time of request: 2026-08-26T03:18:56.0906995Z
  Time since last request: 0.0002546 seconds.
  importAddress: GUID: 74b1585886a85614aa34e2c8e303c77a - Path: Packages/com.unity.render-pipelines.universal/Shaders/BRGPicking.shader - Importer: ScriptedImporter/UnityEditor.QuickSearchModule:UnityEditor.Search:ASIAI0B
Importing 'GUID: 74b1585886a85614aa34e2c8e303c77a - Path: Packages/com.unity.render-pipelines.universal/Shaders/BRGPicking.shader - Importer: ScriptedImporter/UnityEditor.QuickSearchModule:UnityEditor.Search:ASIAI0B' with importer (ScriptedImporter : UnityEditor.QuickSearchModule:UnityEditor.Search:ASIAI0B)
Imported 'GUID: 74b1585886a85614aa34e2c8e303c77a' -> (Import Result ID: 'f49e7322a8e835a613f5641f482c98b0') in 0.008 seconds [static and dynamic dependencies]. Details - ImportResultOutputID=21c9ac820641a942739ac27292eac0eb DependenciesID=3a692796f7173f8e8070f6c031b6a2d9 StaticDependenciesID=7d76c58b4ccc10ee6f55beb088b4b42e 
Number of updated asset objects reloaded before import = 0
Number of asset objects unloaded after import = 1
========================================================================
Received Import Request.
  Time of request: 2026-08-26T03:18:56.1265789Z
  Time since last request: 0.0167501 seconds.
  importAddress: GUID: 574332cc54d34b3b96cd214f5febe833 - Path: Packages/com.unity.render-pipelines.universal/Shaders/UnlitForwardPass.hlsl - Importer: ScriptedImporter/UnityEditor.QuickSearchModule:UnityEditor.Search:ASIAI0B
Importing 'GUID: 574332cc54d34b3b96cd214f5febe833 - Path: Packages/com.unity.render-pipelines.universal/Shaders/UnlitForwardPass.hlsl - Importer: ScriptedImporter/UnityEditor.QuickSearchModule:UnityEditor.Search:ASIAI0B' with importer (ScriptedImporter : UnityEditor.QuickSearchModule:UnityEditor.Search:ASIAI0B)
Imported 'GUID: 574332cc54d34b3b96cd214f5febe833' -> (Import Result ID: '2d9eb493db11b3b4ea47c7d07d1e5988') in 0.007 seconds [static and dynamic dependencies]. Details - ImportResultOutputID=65deddaa8228064b607552527d70a3c6 DependenciesID=f5cdf49039b4ff00b00bfcd3a76580f8 StaticDependenciesID=d1fa925302f3cc0b5dd9cb9a335b59cd 
Number of updated asset objects reloaded before import = 0
Number of asset objects unloaded after import = 1
========================================================================
Received Import Request.
  Time of request: 2026-08-26T03:18:56.1470162Z
  Time since last request: 0.0001996 seconds.
  importAddress: GUID: 573710bd101f2514f932ace958059d6a - Path: Packages/com.unity.render-pipelines.universal/Shaders/Shaders.cs - Importer: ScriptedImporter/UnityEditor.QuickSearchModule:UnityEditor.Search:ASIAI0B
Importing 'GUID: 573710bd101f2514f932ace958059d6a - Path: Packages/com.unity.render-pipelines.universal/Shaders/Shaders.cs - Importer: ScriptedImporter/UnityEditor.QuickSearchModule:UnityEditor.Search:ASIAI0B' with importer (ScriptedImporter : UnityEditor.QuickSearchModule:UnityEditor.Search:ASIAI0B)
Imported 'GUID: 573710bd101f2514f932ace958059d6a' -> (Import Result ID: '697f0e5551975611357c4ed5e10e9db0') in 0.004 seconds [static and dynamic dependencies]. Details - ImportResultOutputID=8ba852cea61b3ade9e018278085b68d1 DependenciesID=95c892c5e746089178626d33739ab073 StaticDependenciesID=ddd6a02e017eb823a3d63a33e64572b7 
Number of updated asset objects reloaded before import = 0
Number of asset objects unloaded after import = 0
========================================================================
Received Import Request.
  Time of request: 2026-08-26T03:18:56.1638655Z
  Time since last request: 0.0004902 seconds.
  importAddress: GUID: 351a090b57ba63848bc96f8dcde61a72 - Path: Packages/com.unity.render-pipelines.universal/Editor/Camera/UniversalRenderPipelineCameraUI.Drawers.cs - Importer: ScriptedImporter/UnityEditor.QuickSearchModule:UnityEditor.Search:ASIAI0B
Importing 'GUID: 351a090b57ba63848bc96f8dcde61a72 - Path: Packages/com.unity.render-pipelines.universal/Editor/Camera/UniversalRenderPipelineCameraUI.Drawers.cs - Importer: ScriptedImporter/UnityEditor.QuickSearchModule:UnityEditor.Search:ASIAI0B' with importer (ScriptedImporter : UnityEditor.QuickSearchModule:UnityEditor.Search:ASIAI0B)
Imported 'GUID: 351a090b57ba63848bc96f8dcde61a72' -> (Import Result ID: 'bf024ef85c75f6249977abbfa594cac4') in 0.004 seconds [static and dynamic dependencies]. Details - ImportResultOutputID=a0bf5d682a250cf856557b21a4b08f17 DependenciesID=3eb5e536c63b452c2756bae271caf06c StaticDependenciesID=324a382c1c0b29e24cf195e8c2de6bdc 
Number of updated asset objects reloaded before import = 0
Number of asset objects unloaded after import = 0
========================================================================
Received Import Request.
  Time of request: 2026-08-26T03:18:56.1792763Z
  Time since last request: 0.000389 seconds.
  importAddress: GUID: 5d970c86e29d2c5438cc8c146e9805cd - Path: Packages/com.unity.render-pipelines.universal/Editor/AssetPostProcessors/MaterialPostprocessor.cs - Importer: ScriptedImporter/UnityEditor.QuickSearchModule:UnityEditor.Search:ASIAI0B
Importing 'GUID: 5d970c86e29d2c5438cc8c146e9805cd - Path: Packages/com.unity.render-pipelines.universal/Editor/AssetPostProcessors/MaterialPostprocessor.cs - Importer: ScriptedImporter/UnityEditor.QuickSearchModule:UnityEditor.Search:ASIAI0B' with importer (ScriptedImporter : UnityEditor.QuickSearchModule:UnityEditor.Search:ASIAI0B)
Imported 'GUID: 5d970c86e29d2c5438cc8c146e9805cd' -> (Import Result ID: '63e2bca61a78c9668b4a1cb5590a081f') in 0.004 seconds [static and dynamic dependencies]. Details - ImportResultOutputID=21f1347b7d732800fb1ee687688f3ee7 DependenciesID=d2bd246c9b4e92de30f24bf819d9aa4d StaticDependenciesID=28530283138ea80acf302271c9f1ec2c 
Number of updated asset objects reloaded before import = 0
Number of asset objects unloaded after import = 0
========================================================================
Received Import Request.
  Time of request: 2026-08-26T03:18:56.1944655Z
  Time since last request: 0.0003428 seconds.
  importAddress: GUID: 1c4da76b9d8087f4f99ecdfc238a4d2e - Path: Packages/com.unity.render-pipelines.universal/Editor/BuildProcessors/URPBuildDataValidator.cs - Importer: ScriptedImporter/UnityEditor.QuickSearchModule:UnityEditor.Search:ASIAI0B
Importing 'GUID: 1c4da76b9d8087f4f99ecdfc238a4d2e - Path: Packages/com.unity.render-pipelines.universal/Editor/BuildProcessors/URPBuildDataValidator.cs - Importer: ScriptedImporter/UnityEditor.QuickSearchModule:UnityEditor.Search:ASIAI0B' with importer (ScriptedImporter : UnityEditor.QuickSearchModule:UnityEditor.Search:ASIAI0B)
Imported 'GUID: 1c4da76b9d8087f4f99ecdfc238a4d2e' -> (Import Result ID: '67816e6d0ae2f4d7595a8aaa18038bbd') in 0.004 seconds [static and dynamic dependencies]. Details - ImportResultOutputID=acff9c011b3bb2ec41b024fc65c67889 DependenciesID=fe4cc3310259988581d6d63047ecc13c StaticDependenciesID=82e9d948461a885ca6bf3bd2ff4de53f 
Number of updated asset objects reloaded before import = 0
Number of asset objects unloaded after import = 0
========================================================================
Received Import Request.
  Time of request: 2026-08-26T03:18:56.2112896Z
  Time since last request: 0.0002718 seconds.
  importAddress: GUID: 138efaf7fb432134da44d5a4981a62ad - Path: Packages/com.unity.render-pipelines.universal/Shaders/UnlitMetaPass.hlsl - Importer: ScriptedImporter/UnityEditor.QuickSearchModule:UnityEditor.Search:ASIAI0B
Importing 'GUID: 138efaf7fb432134da44d5a4981a62ad - Path: Packages/com.unity.render-pipelines.universal/Shaders/UnlitMetaPass.hlsl - Importer: ScriptedImporter/UnityEditor.QuickSearchModule:UnityEditor.Search:ASIAI0B' with importer (ScriptedImporter : UnityEditor.QuickSearchModule:UnityEditor.Search:ASIAI0B)
Imported 'GUID: 138efaf7fb432134da44d5a4981a62ad' -> (Import Result ID: '58aa5ffd35980cb5376865149d535ad1') in 0.005 seconds [static and dynamic dependencies]. Details - ImportResultOutputID=4927563a4da680571fac73d07445ccd6 DependenciesID=8887fb35f4166a04da0c9d7e92d8f659 StaticDependenciesID=1c1ee31561fa227dee04353085513d0a 
Number of updated asset objects reloaded before import = 0
Number of asset objects unloaded after import = 1
========================================================================
Received Import Request.
  Time of request: 2026-08-26T03:18:56.2286147Z
  Time since last request: 0.0003017 seconds.
  importAddress: GUID: 5a6bc694ac42d3343b113dd49606145c - Path: Packages/com.unity.render-pipelines.universal/Editor/Camera/UniversalRenderPipelineCameraUI.Output.Drawers.cs - Importer: ScriptedImporter/UnityEditor.QuickSearchModule:UnityEditor.Search:ASIAI0B
Importing 'GUID: 5a6bc694ac42d3343b113dd49606145c - Path: Packages/com.unity.render-pipelines.universal/Editor/Camera/UniversalRenderPipelineCameraUI.Output.Drawers.cs - Importer: ScriptedImporter/UnityEditor.QuickSearchModule:UnityEditor.Search:ASIAI0B' with importer (ScriptedImporter : UnityEditor.QuickSearchModule:UnityEditor.Search:ASIAI0B)
Imported 'GUID: 5a6bc694ac42d3343b113dd49606145c' -> (Import Result ID: '4ab3fa56f610ee8d4746e0e166e6b6cd') in 0.004 seconds [static and dynamic dependencies]. Details - ImportResultOutputID=4eb5173b8237d19e1f18168980b6356b DependenciesID=a7e6b657c706416b8ff781682ba834ca StaticDependenciesID=7603124c56ecb554c85e20788bd09a58 
Number of updated asset objects reloaded before import = 0
Number of asset objects unloaded after import = 0
========================================================================
Received Import Request.
  Time of request: 2026-08-26T03:18:56.2444724Z
  Time since last request: 0.0003568 seconds.
  importAddress: GUID: 09cca3e7fbb9d25469cfb2bb082201d4 - Path: Packages/com.unity.render-pipelines.universal/Editor/Analytics/PostProcessDataAnalytics.cs - Importer: ScriptedImporter/UnityEditor.QuickSearchModule:UnityEditor.Search:ASIAI0B
Importing 'GUID: 09cca3e7fbb9d25469cfb2bb082201d4 - Path: Packages/com.unity.render-pipelines.universal/Editor/Analytics/PostProcessDataAnalytics.cs - Importer: ScriptedImporter/UnityEditor.QuickSearchModule:UnityEditor.Search:ASIAI0B' with importer (ScriptedImporter : UnityEditor.QuickSearchModule:UnityEditor.Search:ASIAI0B)
Imported 'GUID: 09cca3e7fbb9d25469cfb2bb082201d4' -> (Import Result ID: '65a153f679498134a3088bec32a0a697') in 0.004 seconds [static and dynamic dependencies]. Details - ImportResultOutputID=7d48ef0426a88bec0c7822a9ebdf54d3 DependenciesID=4a48a310b03d91635b3f9bd470f41ba4 StaticDependenciesID=4e95e34fa703c42677cd6ad07a7b54f8 
Number of updated asset objects reloaded before import = 0
Number of asset objects unloaded after import = 0
========================================================================
Received Import Request.
  Time of request: 2026-08-26T03:18:56.2609503Z
  Time since last request: 0.0003749 seconds.
  importAddress: GUID: 210f441e9bc1d0c4888c4369d2c0859f - Path: Packages/com.unity.render-pipelines.universal/Editor/2D/PixelPerfectCameraEditor.cs - Importer: ScriptedImporter/UnityEditor.QuickSearchModule:UnityEditor.Search:ASIAI0B
Importing 'GUID: 210f441e9bc1d0c4888c4369d2c0859f - Path: Packages/com.unity.render-pipelines.universal/Editor/2D/PixelPerfectCameraEditor.cs - Importer: ScriptedImporter/UnityEditor.QuickSearchModule:UnityEditor.Search:ASIAI0B' with importer (ScriptedImporter : UnityEditor.QuickSearchModule:UnityEditor.Search:ASIAI0B)
Imported 'GUID: 210f441e9bc1d0c4888c4369d2c0859f' -> (Import Result ID: 'fbff573da42aa93ca153712190ba9558') in 0.004 seconds [static and dynamic dependencies]. Details - ImportResultOutputID=ac9959819cbe53c965695d240cb2a35d DependenciesID=3b2b44f77d61d92c175a930d08c0eb3b StaticDependenciesID=d6990e82e3f3b7f42dbd4c981589909f 
Number of updated asset objects reloaded before import = 0
Number of asset objects unloaded after import = 0
========================================================================
Received Import Request.
  Time of request: 2026-08-26T03:18:56.2771706Z
  Time since last request: 0.0003949 seconds.
  importAddress: GUID: 14ecd35dd3ee4504c84e850f72cac9b4 - Path: Packages/com.unity.render-pipelines.universal/Editor/Camera/UniversalRenderPipelineCameraUI.PhysicalCamera.Drawers.cs - Importer: ScriptedImporter/UnityEditor.QuickSearchModule:UnityEditor.Search:ASIAI0B
Importing 'GUID: 14ecd35dd3ee4504c84e850f72cac9b4 - Path: Packages/com.unity.render-pipelines.universal/Editor/Camera/UniversalRenderPipelineCameraUI.PhysicalCamera.Drawers.cs - Importer: ScriptedImporter/UnityEditor.QuickSearchModule:UnityEditor.Search:ASIAI0B' with importer (ScriptedImporter : UnityEditor.QuickSearchModule:UnityEditor.Search:ASIAI0B)
Curl error 23: Failure writing output to destination, passed 293 returned 0
Imported 'GUID: 14ecd35dd3ee4504c84e850f72cac9b4' -> (Import Result ID: '3ef0057db914a03917c68ff17063f62e') in 0.004 seconds [static and dynamic dependencies]. Details - ImportResultOutputID=0eeffcc01e23c7017df2153c3163c7d5 DependenciesID=a196f353bd7327c2be5952de94e2ef0b StaticDependenciesID=f34611b2197a7a4092e2765796613f0b 
Number of updated asset objects reloaded before import = 0
Number of asset objects unloaded after import = 0
========================================================================
Received Import Request.
  Time of request: 2026-08-26T03:18:56.2920067Z
  Time since last request: 0.0002706 seconds.
  importAddress: GUID: 35e51b3cab2b88440b5791f70c01c09c - Path: Packages/com.unity.render-pipelines.universal/Editor/2D/SortingLayerDropDown.cs - Importer: ScriptedImporter/UnityEditor.QuickSearchModule:UnityEditor.Search:ASIAI0B
Importing 'GUID: 35e51b3cab2b88440b5791f70c01c09c - Path: Packages/com.unity.render-pipelines.universal/Editor/2D/SortingLayerDropDown.cs - Importer: ScriptedImporter/UnityEditor.QuickSearchModule:UnityEditor.Search:ASIAI0B' with importer (ScriptedImporter : UnityEditor.QuickSearchModule:UnityEditor.Search:ASIAI0B)
Imported 'GUID: 35e51b3cab2b88440b5791f70c01c09c' -> (Import Result ID: '562a1599cb462935d440e97a95f6af7d') in 0.003 seconds [static and dynamic dependencies]. Details - ImportResultOutputID=2441613d0ec7319a7d95a24d7cd10bbf DependenciesID=ab535160e97cf0ec77dbf82495c1f45a StaticDependenciesID=3b24c397be06c04414e1220d1178fa32 
Number of updated asset objects reloaded before import = 0
Number of asset objects unloaded after import = 0
========================================================================
Received Import Request.
  Time of request: 2026-08-26T03:18:56.3068638Z
  Time since last request: 0.0003068 seconds.
  importAddress: GUID: 17ea29e638a319a48b6ec0f98c462d7e - Path: Packages/com.unity.render-pipelines.universal/Editor/AssetPostProcessors/FBXMaterialDescriptionPreprocessor.cs - Importer: ScriptedImporter/UnityEditor.QuickSearchModule:UnityEditor.Search:ASIAI0B
Importing 'GUID: 17ea29e638a319a48b6ec0f98c462d7e - Path: Packages/com.unity.render-pipelines.universal/Editor/AssetPostProcessors/FBXMaterialDescriptionPreprocessor.cs - Importer: ScriptedImporter/UnityEditor.QuickSearchModule:UnityEditor.Search:ASIAI0B' with importer (ScriptedImporter : UnityEditor.QuickSearchModule:UnityEditor.Search:ASIAI0B)
Imported 'GUID: 17ea29e638a319a48b6ec0f98c462d7e' -> (Import Result ID: 'ba93abd79430f99bb7e09093a7d1e631') in 0.004 seconds [static and dynamic dependencies]. Details - ImportResultOutputID=c1456faac913bc042cac20cf96c6aa52 DependenciesID=1d056812d4ce4c2d4de8962f11bb17e3 StaticDependenciesID=734750cf484732c4241cea5d96b63265 
Number of updated asset objects reloaded before import = 0
Number of asset objects unloaded after import = 0
========================================================================
Received Import Request.
  Time of request: 2026-08-26T03:18:56.3230984Z
  Time since last request: 0.0003863 seconds.
  importAddress: GUID: 60e10855641b4d84da68ec72e6f6eeb8 - Path: Packages/com.unity.render-pipelines.universal/Shaders/SpatialMappingOcclusion.shader - Importer: ScriptedImporter/UnityEditor.QuickSearchModule:UnityEditor.Search:ASIAI0B
Importing 'GUID: 60e10855641b4d84da68ec72e6f6eeb8 - Path: Packages/com.unity.render-pipelines.universal/Shaders/SpatialMappingOcclusion.shader - Importer: ScriptedImporter/UnityEditor.QuickSearchModule:UnityEditor.Search:ASIAI0B' with importer (ScriptedImporter : UnityEditor.QuickSearchModule:UnityEditor.Search:ASIAI0B)
Imported 'GUID: 60e10855641b4d84da68ec72e6f6eeb8' -> (Import Result ID: '3345534f1492cc33e21f18fa0b3e2dbf') in 0.005 seconds [static and dynamic dependencies]. Details - ImportResultOutputID=9cbf157607785df0361ef482eb7e0c55 DependenciesID=8ab60a6636bfacb673734ad3b4f514f5 StaticDependenciesID=66551c77f7b2bb69abe371de7036b860 
Number of updated asset objects reloaded before import = 0
Number of asset objects unloaded after import = 1
========================================================================
Received Import Request.
  Time of request: 2026-08-26T03:18:56.3401982Z
  Time since last request: 0.0002185 seconds.
  importAddress: GUID: 62e1d3960d9dba84780a633cbb9f63c2 - Path: Packages/com.unity.render-pipelines.universal/Editor/2D/Light2DEditorUtility.cs - Importer: ScriptedImporter/UnityEditor.QuickSearchModule:UnityEditor.Search:ASIAI0B
Importing 'GUID: 62e1d3960d9dba84780a633cbb9f63c2 - Path: Packages/com.unity.render-pipelines.universal/Editor/2D/Light2DEditorUtility.cs - Importer: ScriptedImporter/UnityEditor.QuickSearchModule:UnityEditor.Search:ASIAI0B' with importer (ScriptedImporter : UnityEditor.QuickSearchModule:UnityEditor.Search:ASIAI0B)
Imported 'GUID: 62e1d3960d9dba84780a633cbb9f63c2' -> (Import Result ID: 'a985528fe1cdeaa7b5bba7d143bd1d90') in 0.004 seconds [static and dynamic dependencies]. Details - ImportResultOutputID=2d39ade47b553248ded22c99452d1637 DependenciesID=f1ec2c5b8ecc6cd8237a4458b596cb50 StaticDependenciesID=09ffa1fbef214e6430c9fa93023d8db0 
Number of updated asset objects reloaded before import = 0
Number of asset objects unloaded after import = 0
========================================================================
Received Import Request.
  Time of request: 2026-08-26T03:18:56.3550641Z
  Time since last request: 0.0003641 seconds.
  importAddress: GUID: e6b197b525ca7a545aa2c6a4d0cd6190 - Path: Packages/com.unity.render-pipelines.universal/Editor/Analytics/AssetReimporterAnalytic.cs - Importer: ScriptedImporter/UnityEditor.QuickSearchModule:UnityEditor.Search:ASIAI0B
Importing 'GUID: e6b197b525ca7a545aa2c6a4d0cd6190 - Path: Packages/com.unity.render-pipelines.universal/Editor/Analytics/AssetReimporterAnalytic.cs - Importer: ScriptedImporter/UnityEditor.QuickSearchModule:UnityEditor.Search:ASIAI0B' with importer (ScriptedImporter : UnityEditor.QuickSearchModule:UnityEditor.Search:ASIAI0B)
Imported 'GUID: e6b197b525ca7a545aa2c6a4d0cd6190' -> (Import Result ID: '4651075a81f47e73c3f1a7340c28dd91') in 0.004 seconds [static and dynamic dependencies]. Details - ImportResultOutputID=fcf58506ee722d5a80b636873cd6d330 DependenciesID=951039a293e8012eddba66abcfe630c6 StaticDependenciesID=d3714b1abad8eba864ca4d90c13f6fa9 
Number of updated asset objects reloaded before import = 0
Number of asset objects unloaded after import = 0
========================================================================
Received Import Request.
  Time of request: 2026-08-26T03:18:56.3701274Z
  Time since last request: 0.0003162 seconds.
  importAddress: GUID: 650dd9526735d5b46b79224bc6e94025 - Path: Packages/com.unity.render-pipelines.universal/Shaders/Unlit.shader - Importer: ScriptedImporter/UnityEditor.QuickSearchModule:UnityEditor.Search:ASIAI0B
Importing 'GUID: 650dd9526735d5b46b79224bc6e94025 - Path: Packages/com.unity.render-pipelines.universal/Shaders/Unlit.shader - Importer: ScriptedImporter/UnityEditor.QuickSearchModule:UnityEditor.Search:ASIAI0B' with importer (ScriptedImporter : UnityEditor.QuickSearchModule:UnityEditor.Search:ASIAI0B)
Imported 'GUID: 650dd9526735d5b46b79224bc6e94025' -> (Import Result ID: 'c10812770aa1e1c621c6c20f67d304f8') in 0.005 seconds [static and dynamic dependencies]. Details - ImportResultOutputID=d064e3ac54fadf03f0e885d27c808e7d DependenciesID=f137b56431073f7bf7bc2dc32e5fd83c StaticDependenciesID=c248b66fedf10abdda85c1847eb37caf 
Number of updated asset objects reloaded before import = 0
Number of asset objects unloaded after import = 1
========================================================================
Received Import Request.
  Time of request: 2026-08-26T03:18:56.4255698Z
  Time since last request: 0.0378418 seconds.
  importAddress: GUID: 471d118113469fd45ba63677546e2020 - Path: Packages/com.unity.render-pipelines.universal/Editor/Overrides/ColorCurvesEditor.cs - Importer: ScriptedImporter/UnityEditor.QuickSearchModule:UnityEditor.Search:ASIAI0B
Importing 'GUID: 471d118113469fd45ba63677546e2020 - Path: Packages/com.unity.render-pipelines.universal/Editor/Overrides/ColorCurvesEditor.cs - Importer: ScriptedImporter/UnityEditor.QuickSearchModule:UnityEditor.Search:ASIAI0B' with importer (ScriptedImporter : UnityEditor.QuickSearchModule:UnityEditor.Search:ASIAI0B)
Imported 'GUID: 471d118113469fd45ba63677546e2020' -> (Import Result ID: '9cf3d64621d0d8c1e7255b2a6d3d6177') in 0.004 seconds [static and dynamic dependencies]. Details - ImportResultOutputID=4939377e28c3ddc4ee1488efcb6e8dcc DependenciesID=28adb4bca6bbdde4bb607965fe60f7b2 StaticDependenciesID=c3903bcc8e8226b86f7db28e5bb50652 
Number of updated asset objects reloaded before import = 0
Number of asset objects unloaded after import = 0
========================================================================
Received Import Request.
  Time of request: 2026-08-26T03:18:56.4422772Z
  Time since last request: 0.0004785 seconds.
  importAddress: GUID: 56f3da1aef274695815c39cc08a7be9b - Path: Packages/com.unity.render-pipelines.universal/Editor/Converter/ConverterItemInfo.cs - Importer: ScriptedImporter/UnityEditor.QuickSearchModule:UnityEditor.Search:ASIAI0B
Importing 'GUID: 56f3da1aef274695815c39cc08a7be9b - Path: Packages/com.unity.render-pipelines.universal/Editor/Converter/ConverterItemInfo.cs - Importer: ScriptedImporter/UnityEditor.QuickSearchModule:UnityEditor.Search:ASIAI0B' with importer (ScriptedImporter : UnityEditor.QuickSearchModule:UnityEditor.Search:ASIAI0B)
Imported 'GUID: 56f3da1aef274695815c39cc08a7be9b' -> (Import Result ID: '1c29436027f73d0f5cae1fc457e6067e') in 0.004 seconds [static and dynamic dependencies]. Details - ImportResultOutputID=58b9157e541a79cf61b158c2dd38ed5c DependenciesID=0fc60fc73e590c3207c97fd567d14e89 StaticDependenciesID=20088b3d7dfb371af07d5f505dd4c85f 
Number of updated asset objects reloaded before import = 0
Number of asset objects unloaded after import = 0
========================================================================
Received Import Request.
  Time of request: 2026-08-26T03:18:56.4594175Z
  Time since last request: 0.0003941 seconds.
  importAddress: GUID: 5eb1c80a4ef86db4aa019371e819c08f - Path: Packages/com.unity.render-pipelines.universal/Editor/Lighting/UniversalRenderPipelineLightUI.PresetInspector.cs - Importer: ScriptedImporter/UnityEditor.QuickSearchModule:UnityEditor.Search:ASIAI0B
Importing 'GUID: 5eb1c80a4ef86db4aa019371e819c08f - Path: Packages/com.unity.render-pipelines.universal/Editor/Lighting/UniversalRenderPipelineLightUI.PresetInspector.cs - Importer: ScriptedImporter/UnityEditor.QuickSearchModule:UnityEditor.Search:ASIAI0B' with importer (ScriptedImporter : UnityEditor.QuickSearchModule:UnityEditor.Search:ASIAI0B)
Imported 'GUID: 5eb1c80a4ef86db4aa019371e819c08f' -> (Import Result ID: '36b610e2e1da474b06584afd921b26b7') in 0.005 seconds [static and dynamic dependencies]. Details - ImportResultOutputID=2859e674562bfb2b6b7e7cf49df2bd89 DependenciesID=e0e371c938d2e625886a6f6661cbf479 StaticDependenciesID=00c1a6a32915f82f1066124b7c16e319 
Number of updated asset objects reloaded before import = 0
Number of asset objects unloaded after import = 0
========================================================================
Received Import Request.
  Time of request: 2026-08-26T03:18:56.4749084Z
  Time since last request: 0.0003734 seconds.
  importAddress: GUID: e3c6759aa8004ae458959d7fe48d6a74 - Path: Packages/com.unity.render-pipelines.universal/Editor/Gizmos/Camera_UI.png - Importer: ScriptedImporter/UnityEditor.QuickSearchModule:UnityEditor.Search:ASIAI0B
Importing 'GUID: e3c6759aa8004ae458959d7fe48d6a74 - Path: Packages/com.unity.render-pipelines.universal/Editor/Gizmos/Camera_UI.png - Importer: ScriptedImporter/UnityEditor.QuickSearchModule:UnityEditor.Search:ASIAI0B' with importer (ScriptedImporter : UnityEditor.QuickSearchModule:UnityEditor.Search:ASIAI0B)
Imported 'GUID: e3c6759aa8004ae458959d7fe48d6a74' -> (Import Result ID: '447a2b6e778c46e8f5998000f45e99f0') in 0.052 seconds [static and dynamic dependencies]. Details - ImportResultOutputID=4237ff3e24aa91ab1e32f91a69d52ebb DependenciesID=fa8781fd285121cdb96ac6862e6ece8b StaticDependenciesID=b97f4defbc762bbc3214d7c716ef86bd 
Number of updated asset objects reloaded before import = 0
Number of asset objects unloaded after import = 1
========================================================================
Received Import Request.
  Time of request: 2026-08-26T03:18:56.53973Z
  Time since last request: 0.0003784 seconds.
  importAddress: GUID: dfe4e1c6ce66d514bafdec16128f59ed - Path: Packages/com.unity.render-pipelines.universal/Editor/Settings/UniversalRenderPipelinePreferencesProvider.cs - Importer: ScriptedImporter/UnityEditor.QuickSearchModule:UnityEditor.Search:ASIAI0B
Importing 'GUID: dfe4e1c6ce66d514bafdec16128f59ed - Path: Packages/com.unity.render-pipelines.universal/Editor/Settings/UniversalRenderPipelinePreferencesProvider.cs - Importer: ScriptedImporter/UnityEditor.QuickSearchModule:UnityEditor.Search:ASIAI0B' with importer (ScriptedImporter : UnityEditor.QuickSearchModule:UnityEditor.Search:ASIAI0B)
Imported 'GUID: dfe4e1c6ce66d514bafdec16128f59ed' -> (Import Result ID: '054ab946d75fa550296d8288e0cc3880') in 0.005 seconds [static and dynamic dependencies]. Details - ImportResultOutputID=2e9eb568278403a17e19db57193e6396 DependenciesID=d3548ff5ffb1c68b510f5fd6a805bbb6 StaticDependenciesID=be9a5c7f55547e2247b6edc04004f595 
Number of updated asset objects reloaded before import = 0
Number of asset objects unloaded after import = 0
========================================================================
Received Import Request.
  Time of request: 2026-08-26T03:18:56.557863Z
  Time since last request: 0.0006169 seconds.
  importAddress: GUID: 89b1eb68090237240966320a7a94784d - Path: Packages/com.unity.render-pipelines.universal/Editor/SceneTemplates/Indoors.scenetemplate - Importer: ScriptedImporter/UnityEditor.QuickSearchModule:UnityEditor.Search:ASIAI0B
Importing 'GUID: 89b1eb68090237240966320a7a94784d - Path: Packages/com.unity.render-pipelines.universal/Editor/SceneTemplates/Indoors.scenetemplate - Importer: ScriptedImporter/UnityEditor.QuickSearchModule:UnityEditor.Search:ASIAI0B' with importer (ScriptedImporter : UnityEditor.QuickSearchModule:UnityEditor.Search:ASIAI0B)
Imported 'GUID: 89b1eb68090237240966320a7a94784d' -> (Import Result ID: 'b5256d1897715aa9a2156e17fad271d6') in 0.072 seconds [static and dynamic dependencies]. Details - ImportResultOutputID=f508139792e8914d173c924268536fd9 DependenciesID=9bd132a1369eb17aee56d346ca629940 StaticDependenciesID=aec91674315f81215e5d92ad12753dfa 
Number of updated asset objects reloaded before import = 0
Number of asset objects unloaded after import = 144
========================================================================
Received Import Request.
  Time of request: 2026-08-26T03:18:56.6421632Z
  Time since last request: 0.0000254 seconds.
  importAddress: GUID: 2f447f3361e81db4cb24d35be94da7c6 - Path: Packages/com.unity.render-pipelines.universal/Editor/Lighting/UniversalRenderPipelineLightUI.Skin.cs - Importer: ScriptedImporter/UnityEditor.QuickSearchModule:UnityEditor.Search:ASIAI0B
Importing 'GUID: 2f447f3361e81db4cb24d35be94da7c6 - Path: Packages/com.unity.render-pipelines.universal/Editor/Lighting/UniversalRenderPipelineLightUI.Skin.cs - Importer: ScriptedImporter/UnityEditor.QuickSearchModule:UnityEditor.Search:ASIAI0B' with importer (ScriptedImporter : UnityEditor.QuickSearchModule:UnityEditor.Search:ASIAI0B)
Imported 'GUID: 2f447f3361e81db4cb24d35be94da7c6' -> (Import Result ID: 'd61e7ec47c0b8784653185901c17d193') in 0.006 seconds [static and dynamic dependencies]. Details - ImportResultOutputID=ddd935676853ed96e1f04abafda249c5 DependenciesID=4f98a4fcd56503cd8051953896eb4290 StaticDependenciesID=66404916a7087fc315704eacefbf371b 
Number of updated asset objects reloaded before import = 0
Number of asset objects unloaded after import = 0
========================================================================
Received Import Request.
  Time of request: 2026-08-26T03:18:56.6617448Z
  Time since last request: 0.0004427 seconds.
  importAddress: GUID: 3f9cc3f14b0454fa7b997b33a99d539f - Path: Packages/com.unity.render-pipelines.universal/Editor/SceneTemplates/Basic.scenetemplate - Importer: ScriptedImporter/UnityEditor.QuickSearchModule:UnityEditor.Search:ASIAI0B
Importing 'GUID: 3f9cc3f14b0454fa7b997b33a99d539f - Path: Packages/com.unity.render-pipelines.universal/Editor/SceneTemplates/Basic.scenetemplate - Importer: ScriptedImporter/UnityEditor.QuickSearchModule:UnityEditor.Search:ASIAI0B' with importer (ScriptedImporter : UnityEditor.QuickSearchModule:UnityEditor.Search:ASIAI0B)
Imported 'GUID: 3f9cc3f14b0454fa7b997b33a99d539f' -> (Import Result ID: 'aff3087924f3068e593e907222b22d53') in 0.023 seconds [static and dynamic dependencies]. Details - ImportResultOutputID=4b381f65e773677283f7dec31be47daa DependenciesID=037668e8abcd8793511c264fb5630df5 StaticDependenciesID=4b1637c811b1eef3439d390b693631b8 
Number of updated asset objects reloaded before import = 0
Number of asset objects unloaded after import = 3
========================================================================
Received Import Request.
  Time of request: 2026-08-26T03:18:56.6968688Z
  Time since last request: 0.0002348 seconds.
  importAddress: GUID: 9c7e18910396a06418ff835346f291c9 - Path: Packages/com.unity.render-pipelines.universal/Editor/Overrides/BloomEditor.cs - Importer: ScriptedImporter/UnityEditor.QuickSearchModule:UnityEditor.Search:ASIAI0B
Importing 'GUID: 9c7e18910396a06418ff835346f291c9 - Path: Packages/com.unity.render-pipelines.universal/Editor/Overrides/BloomEditor.cs - Importer: ScriptedImporter/UnityEditor.QuickSearchModule:UnityEditor.Search:ASIAI0B' with importer (ScriptedImporter : UnityEditor.QuickSearchModule:UnityEditor.Search:ASIAI0B)
Imported 'GUID: 9c7e18910396a06418ff835346f291c9' -> (Import Result ID: '2975854c34ee4d278ccd6b2d862e28fc') in 0.005 seconds [static and dynamic dependencies]. Details - ImportResultOutputID=5c2b6719bfac9939976c4ae4aa6b0ee8 DependenciesID=6de60915e8ebaf394de17d14f2720c33 StaticDependenciesID=8e7f50837cf870d7350b62026b9c9276 
Number of updated asset objects reloaded before import = 0
Number of asset objects unloaded after import = 0
========================================================================
Received Import Request.
  Time of request: 2026-08-26T03:18:56.7140237Z
  Time since last request: 0.0003427 seconds.
  importAddress: GUID: 916f43e9d8e15c448a2c8a5d30b26dbd - Path: Packages/com.unity.render-pipelines.universal/Editor/Gizmos/Camera_PostProcessing.png - Importer: ScriptedImporter/UnityEditor.QuickSearchModule:UnityEditor.Search:ASIAI0B
Importing 'GUID: 916f43e9d8e15c448a2c8a5d30b26dbd - Path: Packages/com.unity.render-pipelines.universal/Editor/Gizmos/Camera_PostProcessing.png - Importer: ScriptedImporter/UnityEditor.QuickSearchModule:UnityEditor.Search:ASIAI0B' with importer (ScriptedImporter : UnityEditor.QuickSearchModule:UnityEditor.Search:ASIAI0B)
Imported 'GUID: 916f43e9d8e15c448a2c8a5d30b26dbd' -> (Import Result ID: '210bf1cd2b977d2d114bba1d4188e986') in 0.009 seconds [static and dynamic dependencies]. Details - ImportResultOutputID=c231de08593ea0991165213427fefd99 DependenciesID=f44cd69f5995d938ff4584637e0282d2 StaticDependenciesID=c5561e9cb4ca76b63a1bc3ebd705efba 
Number of updated asset objects reloaded before import = 0
Number of asset objects unloaded after import = 1
========================================================================
Received Import Request.
  Time of request: 2026-08-26T03:18:56.7352275Z
  Time since last request: 0.0002868 seconds.
  importAddress: GUID: 9b18b0fc0f8fa024bad93dc11774b8f4 - Path: Packages/com.unity.render-pipelines.universal/Editor/Decal/CreateDecalProjector.cs - Importer: ScriptedImporter/UnityEditor.QuickSearchModule:UnityEditor.Search:ASIAI0B
Importing 'GUID: 9b18b0fc0f8fa024bad93dc11774b8f4 - Path: Packages/com.unity.render-pipelines.universal/Editor/Decal/CreateDecalProjector.cs - Importer: ScriptedImporter/UnityEditor.QuickSearchModule:UnityEditor.Search:ASIAI0B' with importer (ScriptedImporter : UnityEditor.QuickSearchModule:UnityEditor.Search:ASIAI0B)
Imported 'GUID: 9b18b0fc0f8fa024bad93dc11774b8f4' -> (Import Result ID: 'e79f9e5e3e84851355cf9d2bae74e445') in 0.004 seconds [static and dynamic dependencies]. Details - ImportResultOutputID=3ce9d4191079fe96da6671e8d5961f06 DependenciesID=66146c9f5157f4126b9cb236758076f7 StaticDependenciesID=e5458fb503b1aa18a08c3cbf70c3d01a 
Number of updated asset objects reloaded before import = 0
Number of asset objects unloaded after import = 0
========================================================================
Received Import Request.
  Time of request: 2026-08-26T03:18:56.7595182Z
  Time since last request: 0.0083909 seconds.
  importAddress: GUID: a7745542269049e0a733b635ef8e4df8 - Path: Packages/com.unity.render-pipelines.universal/Runtime/Debug/DebugRenderSetup.cs - Importer: ScriptedImporter/UnityEditor.QuickSearchModule:UnityEditor.Search:ASIAI0B
Importing 'GUID: a7745542269049e0a733b635ef8e4df8 - Path: Packages/com.unity.render-pipelines.universal/Runtime/Debug/DebugRenderSetup.cs - Importer: ScriptedImporter/UnityEditor.QuickSearchModule:UnityEditor.Search:ASIAI0B' with importer (ScriptedImporter : UnityEditor.QuickSearchModule:UnityEditor.Search:ASIAI0B)
Imported 'GUID: a7745542269049e0a733b635ef8e4df8' -> (Import Result ID: '8b56f99e864250a7ec7b40d8ab48a875') in 0.004 seconds [static and dynamic dependencies]. Details - ImportResultOutputID=4930fae80073358da2151f50dcfa2813 DependenciesID=e138737b6e645e5e4c5cca296b481cfa StaticDependenciesID=0a7d16a78b80ed4b99a402ec6fe15331 
Number of updated asset objects reloaded before import = 0
Number of asset objects unloaded after import = 0
========================================================================
Received Import Request.
  Time of request: 2026-08-26T03:18:56.7757625Z
  Time since last request: 0.0002814 seconds.
  importAddress: GUID: f2216b7cb5772784daf9ad851edda832 - Path: Packages/com.unity.render-pipelines.universal/Editor/ShaderGUI/TerrainLitShaderGUI.cs - Importer: ScriptedImporter/UnityEditor.QuickSearchModule:UnityEditor.Search:ASIAI0B
Importing 'GUID: f2216b7cb5772784daf9ad851edda832 - Path: Packages/com.unity.render-pipelines.universal/Editor/ShaderGUI/TerrainLitShaderGUI.cs - Importer: ScriptedImporter/UnityEditor.QuickSearchModule:UnityEditor.Search:ASIAI0B' with importer (ScriptedImporter : UnityEditor.QuickSearchModule:UnityEditor.Search:ASIAI0B)
Imported 'GUID: f2216b7cb5772784daf9ad851edda832' -> (Import Result ID: '658a04c138607a75a5fd3017ae7b94e3') in 0.004 seconds [static and dynamic dependencies]. Details - ImportResultOutputID=11e63c356ac6bd6e0ea5e5726c732ddf DependenciesID=ed82a088baf4e3784c9ca68a873ef031 StaticDependenciesID=d085cbedfbf807d47dec3306915d5925 
Number of updated asset objects reloaded before import = 0
Number of asset objects unloaded after import = 0
========================================================================
Received Import Request.
  Time of request: 2026-08-26T03:18:56.7922396Z
  Time since last request: 0.0003918 seconds.
  importAddress: GUID: 9d9379906932aeb42948429db294542e - Path: Packages/com.unity.render-pipelines.universal/Runtime/2D/URP2D_GraphicsExtensions.cs - Importer: ScriptedImporter/UnityEditor.QuickSearchModule:UnityEditor.Search:ASIAI0B
Importing 'GUID: 9d9379906932aeb42948429db294542e - Path: Packages/com.unity.render-pipelines.universal/Runtime/2D/URP2D_GraphicsExtensions.cs - Importer: ScriptedImporter/UnityEditor.QuickSearchModule:UnityEditor.Search:ASIAI0B' with importer (ScriptedImporter : UnityEditor.QuickSearchModule:UnityEditor.Search:ASIAI0B)
Imported 'GUID: 9d9379906932aeb42948429db294542e' -> (Import Result ID: '4e83d0e10015b9eef8347f6fa302826d') in 0.004 seconds [static and dynamic dependencies]. Details - ImportResultOutputID=09bcf7a64f52a91a7f0f035d09af5f30 DependenciesID=de8d2343a0ecbaa8f7e75d8dd3f8e704 StaticDependenciesID=06736d80339e76ffd06902edc344d36a 
Number of updated asset objects reloaded before import = 0
Number of asset objects unloaded after import = 0
========================================================================
Received Import Request.
  Time of request: 2026-08-26T03:18:56.8083473Z
  Time since last request: 0.0005126 seconds.
  importAddress: GUID: 2b54c0ca113574ce495f3b706648b6d0 - Path: Packages/com.unity.render-pipelines.universal/Editor/ShaderGUI/ParticleGUI.cs - Importer: ScriptedImporter/UnityEditor.QuickSearchModule:UnityEditor.Search:ASIAI0B
Importing 'GUID: 2b54c0ca113574ce495f3b706648b6d0 - Path: Packages/com.unity.render-pipelines.universal/Editor/ShaderGUI/ParticleGUI.cs - Importer: ScriptedImporter/UnityEditor.QuickSearchModule:UnityEditor.Search:ASIAI0B' with importer (ScriptedImporter : UnityEditor.QuickSearchModule:UnityEditor.Search:ASIAI0B)
Imported 'GUID: 2b54c0ca113574ce495f3b706648b6d0' -> (Import Result ID: 'c7a6f89f42abdba7498dffb7f1905868') in 0.004 seconds [static and dynamic dependencies]. Details - ImportResultOutputID=27a1fcfd5bbd8cf9a1963229cb282d4f DependenciesID=f849cf8ba87b3607bf8e824971616984 StaticDependenciesID=b912fd58b8e6c6ca3fdba3dd658f2b3d 
Number of updated asset objects reloaded before import = 0
Number of asset objects unloaded after import = 0
========================================================================
Received Import Request.
  Time of request: 2026-08-26T03:18:56.8233006Z
  Time since last request: 0.0002597 seconds.
  importAddress: GUID: 893e125e5d746cf4aaaf5f9a269a1f56 - Path: Packages/com.unity.render-pipelines.universal/Editor/VFXGraph/VFXAbstractParticleURPLitOutput.cs - Importer: ScriptedImporter/UnityEditor.QuickSearchModule:UnityEditor.Search:ASIAI0B
Importing 'GUID: 893e125e5d746cf4aaaf5f9a269a1f56 - Path: Packages/com.unity.render-pipelines.universal/Editor/VFXGraph/VFXAbstractParticleURPLitOutput.cs - Importer: ScriptedImporter/UnityEditor.QuickSearchModule:UnityEditor.Search:ASIAI0B' with importer (ScriptedImporter : UnityEditor.QuickSearchModule:UnityEditor.Search:ASIAI0B)
Imported 'GUID: 893e125e5d746cf4aaaf5f9a269a1f56' -> (Import Result ID: '22a298de38723a568664adbeea02c97c') in 0.004 seconds [static and dynamic dependencies]. Details - ImportResultOutputID=56b82a603e4eed6834bd63c957d1b217 DependenciesID=583613945ec3904c9ae979281e5e9eff StaticDependenciesID=b41f119f0bc775a1e62f6697c561b8b6 
Number of updated asset objects reloaded before import = 0
Number of asset objects unloaded after import = 0
========================================================================
Received Import Request.
  Time of request: 2026-08-26T03:18:56.8394005Z
  Time since last request: 0.0003495 seconds.
  importAddress: GUID: cd017e26c44959440b65ae797d9d4d90 - Path: Packages/com.unity.render-pipelines.universal/Runtime/Debug/UniversalRenderPipelineDebugDisplayStats.cs - Importer: ScriptedImporter/UnityEditor.QuickSearchModule:UnityEditor.Search:ASIAI0B
Importing 'GUID: cd017e26c44959440b65ae797d9d4d90 - Path: Packages/com.unity.render-pipelines.universal/Runtime/Debug/UniversalRenderPipelineDebugDisplayStats.cs - Importer: ScriptedImporter/UnityEditor.QuickSearchModule:UnityEditor.Search:ASIAI0B' with importer (ScriptedImporter : UnityEditor.QuickSearchModule:UnityEditor.Search:ASIAI0B)
Imported 'GUID: cd017e26c44959440b65ae797d9d4d90' -> (Import Result ID: '31f1f2e6630fc3a70d5e3768e057b157') in 0.004 seconds [static and dynamic dependencies]. Details - ImportResultOutputID=8a048cd0f83870a89ec601956155e219 DependenciesID=75f3b19c4821a201ce2e0d2b08a3e1e1 StaticDependenciesID=bd9fdf80a66197720db7dcdc9b0599fd 
Number of updated asset objects reloaded before import = 0
Number of asset objects unloaded after import = 0
========================================================================
Received Import Request.
  Time of request: 2026-08-26T03:18:56.855722Z
  Time since last request: 0.0002689 seconds.
  importAddress: GUID: 6f1482d9a0a18492f96f7cae7df31add - Path: Packages/com.unity.render-pipelines.universal/Runtime/Debug/DebugDisplaySettingsRendering.cs - Importer: ScriptedImporter/UnityEditor.QuickSearchModule:UnityEditor.Search:ASIAI0B
Importing 'GUID: 6f1482d9a0a18492f96f7cae7df31add - Path: Packages/com.unity.render-pipelines.universal/Runtime/Debug/DebugDisplaySettingsRendering.cs - Importer: ScriptedImporter/UnityEditor.QuickSearchModule:UnityEditor.Search:ASIAI0B' with importer (ScriptedImporter : UnityEditor.QuickSearchModule:UnityEditor.Search:ASIAI0B)
Imported 'GUID: 6f1482d9a0a18492f96f7cae7df31add' -> (Import Result ID: '18a7a2601ecf9742db32be69c67b055f') in 0.004 seconds [static and dynamic dependencies]. Details - ImportResultOutputID=fb26ca1b80ab0192cf1019f22bd803ba DependenciesID=a76aec60f0fde3c79c6125e4c9c1bfee StaticDependenciesID=ad5ce97a1d8c913784b43a487373f296 
Number of updated asset objects reloaded before import = 0
Number of asset objects unloaded after import = 0
========================================================================
Received Import Request.
  Time of request: 2026-08-26T03:18:56.8725947Z
  Time since last request: 0.000273 seconds.
  importAddress: GUID: b0e62b855f4840d5a767597e3fa34a90 - Path: Packages/com.unity.render-pipelines.universal/Editor/ShaderGUI/SixWayGUI.cs - Importer: ScriptedImporter/UnityEditor.QuickSearchModule:UnityEditor.Search:ASIAI0B
Importing 'GUID: b0e62b855f4840d5a767597e3fa34a90 - Path: Packages/com.unity.render-pipelines.universal/Editor/ShaderGUI/SixWayGUI.cs - Importer: ScriptedImporter/UnityEditor.QuickSearchModule:UnityEditor.Search:ASIAI0B' with importer (ScriptedImporter : UnityEditor.QuickSearchModule:UnityEditor.Search:ASIAI0B)
Imported 'GUID: b0e62b855f4840d5a767597e3fa34a90' -> (Import Result ID: 'f8704e28455af62d9053a6813efc55a6') in 0.004 seconds [static and dynamic dependencies]. Details - ImportResultOutputID=41c6fef6d692297810d1565ecd4747e3 DependenciesID=135f308bfc23a68a3adff236761ba44b StaticDependenciesID=1d0365906af0559e120ecbc8eb2035ae 
Number of updated asset objects reloaded before import = 0
Number of asset objects unloaded after import = 0
========================================================================
Received Import Request.
  Time of request: 2026-08-26T03:18:56.8884606Z
  Time since last request: 0.0005104 seconds.
  importAddress: GUID: 572910c10080c0945a0ef731ccedc739 - Path: Packages/com.unity.render-pipelines.universal/Runtime/Data/PostProcessData.cs - Importer: ScriptedImporter/UnityEditor.QuickSearchModule:UnityEditor.Search:ASIAI0B
Importing 'GUID: 572910c10080c0945a0ef731ccedc739 - Path: Packages/com.unity.render-pipelines.universal/Runtime/Data/PostProcessData.cs - Importer: ScriptedImporter/UnityEditor.QuickSearchModule:UnityEditor.Search:ASIAI0B' with importer (ScriptedImporter : UnityEditor.QuickSearchModule:UnityEditor.Search:ASIAI0B)
Imported 'GUID: 572910c10080c0945a0ef731ccedc739' -> (Import Result ID: 'b1446f85631c871f78033ab36bb75549') in 0.004 seconds [static and dynamic dependencies]. Details - ImportResultOutputID=2b98563d2bd8be3432e1262c217c66cc DependenciesID=cf0aca42290b7025da5d23ff16b8668e StaticDependenciesID=08d0f6ced8b45a9b3e353b398d4a0d35 
Number of updated asset objects reloaded before import = 0
Number of asset objects unloaded after import = 0
========================================================================
Received Import Request.
  Time of request: 2026-08-26T03:18:56.9049426Z
  Time since last request: 0.0004117 seconds.
  importAddress: GUID: 9d020dac04a1b2b44a3a36eb8abe528f - Path: Packages/com.unity.render-pipelines.universal/Runtime/2D/CinemachineUniversalPixelPerfect.cs - Importer: ScriptedImporter/UnityEditor.QuickSearchModule:UnityEditor.Search:ASIAI0B
Importing 'GUID: 9d020dac04a1b2b44a3a36eb8abe528f - Path: Packages/com.unity.render-pipelines.universal/Runtime/2D/CinemachineUniversalPixelPerfect.cs - Importer: ScriptedImporter/UnityEditor.QuickSearchModule:UnityEditor.Search:ASIAI0B' with importer (ScriptedImporter : UnityEditor.QuickSearchModule:UnityEditor.Search:ASIAI0B)
Imported 'GUID: 9d020dac04a1b2b44a3a36eb8abe528f' -> (Import Result ID: '82bb02990fa5f0253baf5a72ab4307c8') in 0.004 seconds [static and dynamic dependencies]. Details - ImportResultOutputID=8a1551547287d13f509e1ec819314c4d DependenciesID=e9898ab836312299db44e0380241763e StaticDependenciesID=c0d150575904b5e0666d74414c8e6743 
Number of updated asset objects reloaded before import = 0
Number of asset objects unloaded after import = 0
========================================================================
Received Import Request.
  Time of request: 2026-08-26T03:18:56.9210223Z
  Time since last request: 0.0003178 seconds.
  importAddress: GUID: a684da720c3a43aaa94d1c3e9de4321f - Path: Packages/com.unity.render-pipelines.universal/Runtime/Debug/DebugHandler.cs - Importer: ScriptedImporter/UnityEditor.QuickSearchModule:UnityEditor.Search:ASIAI0B
Importing 'GUID: a684da720c3a43aaa94d1c3e9de4321f - Path: Packages/com.unity.render-pipelines.universal/Runtime/Debug/DebugHandler.cs - Importer: ScriptedImporter/UnityEditor.QuickSearchModule:UnityEditor.Search:ASIAI0B' with importer (ScriptedImporter : UnityEditor.QuickSearchModule:UnityEditor.Search:ASIAI0B)
Imported 'GUID: a684da720c3a43aaa94d1c3e9de4321f' -> (Import Result ID: '643095c600e6c3aea74e9ac38ceda809') in 0.004 seconds [static and dynamic dependencies]. Details - ImportResultOutputID=a6a9fcb035e11f5c3f2d382ae4f6a470 DependenciesID=6f4ee6b4decc33a6a88c0f92f26ccf0a StaticDependenciesID=15a9f8e754c37453c9dcb71f55a2d87e 
Number of updated asset objects reloaded before import = 0
Number of asset objects unloaded after import = 0
========================================================================
Received Import Request.
  Time of request: 2026-08-26T03:18:56.936638Z
  Time since last request: 0.000347 seconds.
  importAddress: GUID: aa9836a839ff4ee89489b215f0dd4062 - Path: Packages/com.unity.render-pipelines.universal/Editor/UniversalRenderPipelineAsset/UniversalRenderPipelineBatchingWarning.cs - Importer: ScriptedImporter/UnityEditor.QuickSearchModule:UnityEditor.Search:ASIAI0B
Importing 'GUID: aa9836a839ff4ee89489b215f0dd4062 - Path: Packages/com.unity.render-pipelines.universal/Editor/UniversalRenderPipelineAsset/UniversalRenderPipelineBatchingWarning.cs - Importer: ScriptedImporter/UnityEditor.QuickSearchModule:UnityEditor.Search:ASIAI0B' with importer (ScriptedImporter : UnityEditor.QuickSearchModule:UnityEditor.Search:ASIAI0B)
Imported 'GUID: aa9836a839ff4ee89489b215f0dd4062' -> (Import Result ID: 'f09624ba0e13c62c2ecd3d3964d4a1e5') in 0.004 seconds [static and dynamic dependencies]. Details - ImportResultOutputID=22592bbeddbabe2fbadd0279c8a3660b DependenciesID=1d611920b58bf8ebf404d59791755109 StaticDependenciesID=a4207f6a16c024869e75eeb990eed598 
Number of updated asset objects reloaded before import = 0
Number of asset objects unloaded after import = 0
========================================================================
Received Import Request.
  Time of request: 2026-08-26T03:18:56.9534216Z
  Time since last request: 0.0003576 seconds.
  importAddress: GUID: 0777d029ed3dffa4692f417d4aba19ca - Path: Packages/com.unity.render-pipelines.universal/Runtime/Decal/DecalProjector.cs - Importer: ScriptedImporter/UnityEditor.QuickSearchModule:UnityEditor.Search:ASIAI0B
Importing 'GUID: 0777d029ed3dffa4692f417d4aba19ca - Path: Packages/com.unity.render-pipelines.universal/Runtime/Decal/DecalProjector.cs - Importer: ScriptedImporter/UnityEditor.QuickSearchModule:UnityEditor.Search:ASIAI0B' with importer (ScriptedImporter : UnityEditor.QuickSearchModule:UnityEditor.Search:ASIAI0B)
Imported 'GUID: 0777d029ed3dffa4692f417d4aba19ca' -> (Import Result ID: '7638120d78e2b57d85a557605ae5e690') in 0.008 seconds [static and dynamic dependencies]. Details - ImportResultOutputID=9982291263eb008334236ba199bf2637 DependenciesID=06d751b25df8568d57adfd253f93db7f StaticDependenciesID=1cb009b4b07cc73e1a9664fa55bcfc1e 
Number of updated asset objects reloaded before import = 0
Number of asset objects unloaded after import = 1
========================================================================
Received Import Request.
  Time of request: 2026-08-26T03:18:56.9753722Z
  Time since last request: 0.0005127 seconds.
  importAddress: GUID: d35eb1420d1c3fa4586e6f55dfcc21fe - Path: Packages/com.unity.render-pipelines.universal/Runtime/2D/URP2D_CRC32.cs - Importer: ScriptedImporter/UnityEditor.QuickSearchModule:UnityEditor.Search:ASIAI0B
Importing 'GUID: d35eb1420d1c3fa4586e6f55dfcc21fe - Path: Packages/com.unity.render-pipelines.universal/Runtime/2D/URP2D_CRC32.cs - Importer: ScriptedImporter/UnityEditor.QuickSearchModule:UnityEditor.Search:ASIAI0B' with importer (ScriptedImporter : UnityEditor.QuickSearchModule:UnityEditor.Search:ASIAI0B)
Imported 'GUID: d35eb1420d1c3fa4586e6f55dfcc21fe' -> (Import Result ID: 'b8fbcc18ad0c7b749f84fa06a21c0af2') in 0.005 seconds [static and dynamic dependencies]. Details - ImportResultOutputID=38d0a524bbc19eb4e9d5b769320cdff0 DependenciesID=069fd31ba04d9d4564f1577f9f51dcc1 StaticDependenciesID=40be19551eb43e3858c6b508f6ffc5dd 
Number of updated asset objects reloaded before import = 0
Number of asset objects unloaded after import = 0
========================================================================
Received Import Request.
  Time of request: 2026-08-26T03:18:56.9938152Z
  Time since last request: 0.0004499 seconds.
  importAddress: GUID: 41439944d30ece34e96484bdb6645b55 - Path: Packages/com.unity.render-pipelines.universal/Runtime/Data/PostProcessData.asset - Importer: ScriptedImporter/UnityEditor.QuickSearchModule:UnityEditor.Search:ASIAI0B
Importing 'GUID: 41439944d30ece34e96484bdb6645b55 - Path: Packages/com.unity.render-pipelines.universal/Runtime/Data/PostProcessData.asset - Importer: ScriptedImporter/UnityEditor.QuickSearchModule:UnityEditor.Search:ASIAI0B' with importer (ScriptedImporter : UnityEditor.QuickSearchModule:UnityEditor.Search:ASIAI0B)
Imported 'GUID: 41439944d30ece34e96484bdb6645b55' -> (Import Result ID: '81bd8fc20aca664c0764e6538300cb2f') in 0.008 seconds [static and dynamic dependencies]. Details - ImportResultOutputID=8afd3773bdf5b20561a38c0b1461a4f0 DependenciesID=b1fa896291d111f5e84cfa891e2ba546 StaticDependenciesID=e58d8037dbcf19875286b75210d8d146 
Number of updated asset objects reloaded before import = 0
Number of asset objects unloaded after import = 1
========================================================================
Received Import Request.
  Time of request: 2026-08-26T03:18:57.0142734Z
  Time since last request: 0.0003378 seconds.
  importAddress: GUID: eda47df5b85f4f249abf7abd73db2cb2 - Path: Packages/com.unity.render-pipelines.universal/Editor/Volume/DefaultVolumeProfile.asset - Importer: ScriptedImporter/UnityEditor.QuickSearchModule:UnityEditor.Search:ASIAI0B
Importing 'GUID: eda47df5b85f4f249abf7abd73db2cb2 - Path: Packages/com.unity.render-pipelines.universal/Editor/Volume/DefaultVolumeProfile.asset - Importer: ScriptedImporter/UnityEditor.QuickSearchModule:UnityEditor.Search:ASIAI0B' with importer (ScriptedImporter : UnityEditor.QuickSearchModule:UnityEditor.Search:ASIAI0B)
Imported 'GUID: eda47df5b85f4f249abf7abd73db2cb2' -> (Import Result ID: 'ae2b9aa8ff558b02f51f4ca8d4652132') in 0.005 seconds [static and dynamic dependencies]. Details - ImportResultOutputID=b3ef11b97b746f6fb4237479b9241744 DependenciesID=594cdda3873be256d68d14d2241b802f StaticDependenciesID=cd8b41409dc69adc492170d171ec12c3 
Number of updated asset objects reloaded before import = 0
Number of asset objects unloaded after import = 1
========================================================================
Received Import Request.
  Time of request: 2026-08-26T03:18:57.0426542Z
  Time since last request: 0.0101403 seconds.
  importAddress: GUID: b51db210fe78df745a372851b3db949e - Path: Packages/com.unity.render-pipelines.universal/Runtime/Materials/SpatialMappingOcclusion.mat - Importer: ScriptedImporter/UnityEditor.QuickSearchModule:UnityEditor.Search:ASIAI0B
Importing 'GUID: b51db210fe78df745a372851b3db949e - Path: Packages/com.unity.render-pipelines.universal/Runtime/Materials/SpatialMappingOcclusion.mat - Importer: ScriptedImporter/UnityEditor.QuickSearchModule:UnityEditor.Search:ASIAI0B' with importer (ScriptedImporter : UnityEditor.QuickSearchModule:UnityEditor.Search:ASIAI0B)
Imported 'GUID: b51db210fe78df745a372851b3db949e' -> (Import Result ID: 'b693365cae2fc771e4e88a926a9dbac8') in 0.010 seconds [static and dynamic dependencies]. Details - ImportResultOutputID=82047efd4ee8947acbf7940a8d89ab5c DependenciesID=c734c367a6a08748294dea96521ece7c StaticDependenciesID=e307d496cde2f52eaf8a6b5283ac7746 
Number of updated asset objects reloaded before import = 0
Number of asset objects unloaded after import = 1
========================================================================
Received Import Request.
  Time of request: 2026-08-26T03:18:57.0644621Z
  Time since last request: 0.0002302 seconds.
  importAddress: GUID: d8d2b2ac40c1940d281d4f1f8384a0bf - Path: Packages/com.unity.render-pipelines.universal/Runtime/History/RawColorHistory.cs - Importer: ScriptedImporter/UnityEditor.QuickSearchModule:UnityEditor.Search:ASIAI0B
Importing 'GUID: d8d2b2ac40c1940d281d4f1f8384a0bf - Path: Packages/com.unity.render-pipelines.universal/Runtime/History/RawColorHistory.cs - Importer: ScriptedImporter/UnityEditor.QuickSearchModule:UnityEditor.Search:ASIAI0B' with importer (ScriptedImporter : UnityEditor.QuickSearchModule:UnityEditor.Search:ASIAI0B)
Imported 'GUID: d8d2b2ac40c1940d281d4f1f8384a0bf' -> (Import Result ID: '74f85e8c48ef8d3119f15a7db856a18c') in 0.005 seconds [static and dynamic dependencies]. Details - ImportResultOutputID=cf20614055eea4db7d749b8ebee2a706 DependenciesID=4494db6c88a30ee19b5fbc43a4d0fafe StaticDependenciesID=ef429ac1c5d18a0fde22eb82e39bcd21 
Number of updated asset objects reloaded before import = 0
Number of asset objects unloaded after import = 0
========================================================================
Received Import Request.
  Time of request: 2026-08-26T03:18:57.0826013Z
  Time since last request: 0.0003456 seconds.
  importAddress: GUID: 81180773991d8724ab7f2d216912b564 - Path: Packages/com.unity.render-pipelines.universal/Runtime/Overrides/ChromaticAberration.cs - Importer: ScriptedImporter/UnityEditor.QuickSearchModule:UnityEditor.Search:ASIAI0B
Importing 'GUID: 81180773991d8724ab7f2d216912b564 - Path: Packages/com.unity.render-pipelines.universal/Runtime/Overrides/ChromaticAberration.cs - Importer: ScriptedImporter/UnityEditor.QuickSearchModule:UnityEditor.Search:ASIAI0B' with importer (ScriptedImporter : UnityEditor.QuickSearchModule:UnityEditor.Search:ASIAI0B)
Imported 'GUID: 81180773991d8724ab7f2d216912b564' -> (Import Result ID: '021a3fc12e5ffc296f778f856b05eb5d') in 0.004 seconds [static and dynamic dependencies]. Details - ImportResultOutputID=38189aa9dfc0e1ab430b999a662e8bf4 DependenciesID=784b8618c96ccd58a664ed83f476ccb7 StaticDependenciesID=682b786b954d7fe29f53d9bff6938171 
Number of updated asset objects reloaded before import = 0
Number of asset objects unloaded after import = 0
========================================================================
Received Import Request.
  Time of request: 2026-08-26T03:18:57.0983015Z
  Time since last request: 0.0003511 seconds.
  importAddress: GUID: 6fa1a543f4721444d94e0b3200fa22a8 - Path: Packages/com.unity.render-pipelines.universal/Runtime/Passes/AdditionalLightsShadowAtlasLayout.cs - Importer: ScriptedImporter/UnityEditor.QuickSearchModule:UnityEditor.Search:ASIAI0B
Importing 'GUID: 6fa1a543f4721444d94e0b3200fa22a8 - Path: Packages/com.unity.render-pipelines.universal/Runtime/Passes/AdditionalLightsShadowAtlasLayout.cs - Importer: ScriptedImporter/UnityEditor.QuickSearchModule:UnityEditor.Search:ASIAI0B' with importer (ScriptedImporter : UnityEditor.QuickSearchModule:UnityEditor.Search:ASIAI0B)
Imported 'GUID: 6fa1a543f4721444d94e0b3200fa22a8' -> (Import Result ID: '2200122af92fbe3af79f57bae486a416') in 0.004 seconds [static and dynamic dependencies]. Details - ImportResultOutputID=d672269e3a1c270257642c9a41e39b43 DependenciesID=edca61cade1582c2eb9b6f14455b2f03 StaticDependenciesID=615d6afe8bab3e0aa7f6e96e89451a27 
Number of updated asset objects reloaded before import = 0
Number of asset objects unloaded after import = 0
========================================================================
Received Import Request.
  Time of request: 2026-08-26T03:18:57.1163468Z
  Time since last request: 0.0003963 seconds.
  importAddress: GUID: 15d0c3709176029428a0da2f8cecf0b5 - Path: Packages/com.unity.render-pipelines.universal/Runtime/Materials/SpriteMask-Default.mat - Importer: ScriptedImporter/UnityEditor.QuickSearchModule:UnityEditor.Search:ASIAI0B
Importing 'GUID: 15d0c3709176029428a0da2f8cecf0b5 - Path: Packages/com.unity.render-pipelines.universal/Runtime/Materials/SpriteMask-Default.mat - Importer: ScriptedImporter/UnityEditor.QuickSearchModule:UnityEditor.Search:ASIAI0B' with importer (ScriptedImporter : UnityEditor.QuickSearchModule:UnityEditor.Search:ASIAI0B)
Imported 'GUID: 15d0c3709176029428a0da2f8cecf0b5' -> (Import Result ID: '4332ba070f615c2f87397a7baceeaa4b') in 0.016 seconds [static and dynamic dependencies]. Details - ImportResultOutputID=24cf6a8ea350f0d4e03e1a9607ab1ae3 DependenciesID=331252642b5b1e816907bfe5c4c57214 StaticDependenciesID=48a6baaeb27da3130104b680496e6337 
Number of updated asset objects reloaded before import = 0
Number of asset objects unloaded after import = 1
========================================================================
Received Import Request.
  Time of request: 2026-08-26T03:18:57.1471127Z
  Time since last request: 0.0000233 seconds.
  importAddress: GUID: 899c54efeace73346a0a16faa3afe726 - Path: Packages/com.unity.render-pipelines.universal/Runtime/Overrides/Vignette.cs - Importer: ScriptedImporter/UnityEditor.QuickSearchModule:UnityEditor.Search:ASIAI0B
Importing 'GUID: 899c54efeace73346a0a16faa3afe726 - Path: Packages/com.unity.render-pipelines.universal/Runtime/Overrides/Vignette.cs - Importer: ScriptedImporter/UnityEditor.QuickSearchModule:UnityEditor.Search:ASIAI0B' with importer (ScriptedImporter : UnityEditor.QuickSearchModule:UnityEditor.Search:ASIAI0B)
Imported 'GUID: 899c54efeace73346a0a16faa3afe726' -> (Import Result ID: 'a56c1651d121e4148a6025d609cc28be') in 0.004 seconds [static and dynamic dependencies]. Details - ImportResultOutputID=4deb799229084987813bd955394a34b5 DependenciesID=2e5c922f026affb02584e08ef62168a9 StaticDependenciesID=300f7c652aa5710b4847d8b0db42872d 
Number of updated asset objects reloaded before import = 0
Number of asset objects unloaded after import = 0
========================================================================
Received Import Request.
  Time of request: 2026-08-26T03:18:57.1644436Z
  Time since last request: 0.0003367 seconds.
  importAddress: GUID: 9452ae1262a74094f8a68013fbcd1834 - Path: Packages/com.unity.render-pipelines.universal/Runtime/Materials/Mesh2D-Lit-Default.mat - Importer: ScriptedImporter/UnityEditor.QuickSearchModule:UnityEditor.Search:ASIAI0B
Importing 'GUID: 9452ae1262a74094f8a68013fbcd1834 - Path: Packages/com.unity.render-pipelines.universal/Runtime/Materials/Mesh2D-Lit-Default.mat - Importer: ScriptedImporter/UnityEditor.QuickSearchModule:UnityEditor.Search:ASIAI0B' with importer (ScriptedImporter : UnityEditor.QuickSearchModule:UnityEditor.Search:ASIAI0B)
Imported 'GUID: 9452ae1262a74094f8a68013fbcd1834' -> (Import Result ID: 'd0d38be105e0114d6f80aed1580b9d82') in 0.005 seconds [static and dynamic dependencies]. Details - ImportResultOutputID=339d26ce46b6a68b6c2503cb013b29b8 DependenciesID=759ccd8c7be7c0be7605206e3c9155f2 StaticDependenciesID=939cd38ed7a6a7d0a4f911b598dd6df4 
Number of updated asset objects reloaded before import = 0
Number of asset objects unloaded after import = 1
========================================================================
Received Import Request.
  Time of request: 2026-08-26T03:18:57.1813988Z
  Time since last request: 0.0003363 seconds.
  importAddress: GUID: 0b2db86121404754db890f4c8dfe81b2 - Path: Packages/com.unity.render-pipelines.universal/Runtime/Overrides/Bloom.cs - Importer: ScriptedImporter/UnityEditor.QuickSearchModule:UnityEditor.Search:ASIAI0B
Importing 'GUID: 0b2db86121404754db890f4c8dfe81b2 - Path: Packages/com.unity.render-pipelines.universal/Runtime/Overrides/Bloom.cs - Importer: ScriptedImporter/UnityEditor.QuickSearchModule:UnityEditor.Search:ASIAI0B' with importer (ScriptedImporter : UnityEditor.QuickSearchModule:UnityEditor.Search:ASIAI0B)
Imported 'GUID: 0b2db86121404754db890f4c8dfe81b2' -> (Import Result ID: '24b40efba7fdfc10f36700eaa9ae6389') in 0.004 seconds [static and dynamic dependencies]. Details - ImportResultOutputID=2d5343ac16038de449b759e6c07b4bf2 DependenciesID=14ba54c23135b98d4313deb94ae4969a StaticDependenciesID=e55de8327fe3b1d65e3aec52e2d82d85 
Number of updated asset objects reloaded before import = 0
Number of asset objects unloaded after import = 0
========================================================================
Received Import Request.
  Time of request: 2026-08-26T03:18:57.1981416Z
  Time since last request: 0.000322 seconds.
  importAddress: GUID: 6a1143ee683302f4aa628c052723efc1 - Path: Packages/com.unity.render-pipelines.universal/Runtime/Materials/SimpleLit.mat - Importer: ScriptedImporter/UnityEditor.QuickSearchModule:UnityEditor.Search:ASIAI0B
Importing 'GUID: 6a1143ee683302f4aa628c052723efc1 - Path: Packages/com.unity.render-pipelines.universal/Runtime/Materials/SimpleLit.mat - Importer: ScriptedImporter/UnityEditor.QuickSearchModule:UnityEditor.Search:ASIAI0B' with importer (ScriptedImporter : UnityEditor.QuickSearchModule:UnityEditor.Search:ASIAI0B)
Imported 'GUID: 6a1143ee683302f4aa628c052723efc1' -> (Import Result ID: '1504647c98655f2fb2f183685b822eb6') in 0.017 seconds [static and dynamic dependencies]. Details - ImportResultOutputID=259c2a62abce91486678aa692e37020d DependenciesID=0997e439fc2690c6f3d3398901c12051 StaticDependenciesID=646319e72d384ca1127fbb4e77edc8f8 
Number of updated asset objects reloaded before import = 0
Number of asset objects unloaded after import = 2
========================================================================
Received Import Request.
  Time of request: 2026-08-26T03:18:57.2270909Z
  Time since last request: 0.0002643 seconds.
  importAddress: GUID: b66efce03c1804a4fbef78cccf176e4d - Path: Packages/com.unity.render-pipelines.universal/Runtime/Passes/FinalBlitPass.cs - Importer: ScriptedImporter/UnityEditor.QuickSearchModule:UnityEditor.Search:ASIAI0B
Importing 'GUID: b66efce03c1804a4fbef78cccf176e4d - Path: Packages/com.unity.render-pipelines.universal/Runtime/Passes/FinalBlitPass.cs - Importer: ScriptedImporter/UnityEditor.QuickSearchModule:UnityEditor.Search:ASIAI0B' with importer (ScriptedImporter : UnityEditor.QuickSearchModule:UnityEditor.Search:ASIAI0B)
Imported 'GUID: b66efce03c1804a4fbef78cccf176e4d' -> (Import Result ID: '4247c0bf955425a5af65ce91b64b2dc7') in 0.004 seconds [static and dynamic dependencies]. Details - ImportResultOutputID=8044ba33cac103a07392d1679c89360f DependenciesID=8490d94fb7dfbdbf1a31636c43173036 StaticDependenciesID=f70e7357eb8ee3c36891819221066ecc 
Number of updated asset objects reloaded before import = 0
Number of asset objects unloaded after import = 0
========================================================================
Received Import Request.
  Time of request: 2026-08-26T03:18:57.2439989Z
  Time since last request: 0.0003393 seconds.
  importAddress: GUID: f46c1a0c3e3a98848a0efbf4e1fd5675 - Path: Packages/com.unity.render-pipelines.universal/Runtime/Passes/AdditionalLightsShadowCasterPass.cs - Importer: ScriptedImporter/UnityEditor.QuickSearchModule:UnityEditor.Search:ASIAI0B
Importing 'GUID: f46c1a0c3e3a98848a0efbf4e1fd5675 - Path: Packages/com.unity.render-pipelines.universal/Runtime/Passes/AdditionalLightsShadowCasterPass.cs - Importer: ScriptedImporter/UnityEditor.QuickSearchModule:UnityEditor.Search:ASIAI0B' with importer (ScriptedImporter : UnityEditor.QuickSearchModule:UnityEditor.Search:ASIAI0B)
Imported 'GUID: f46c1a0c3e3a98848a0efbf4e1fd5675' -> (Import Result ID: '7a1d935fd86481a6af664930324228a6') in 0.004 seconds [static and dynamic dependencies]. Details - ImportResultOutputID=447449b5a4d69299fee414b1cc24e4dc DependenciesID=a47b98153bdd12b9baedaea1ddc6880a StaticDependenciesID=0cae9944557a398a7e943c333f260baa 
Number of updated asset objects reloaded before import = 0
Number of asset objects unloaded after import = 0
========================================================================
Received Import Request.
  Time of request: 2026-08-26T03:18:57.2604344Z
  Time since last request: 0.0003869 seconds.
  importAddress: GUID: d6268b3babfc1004c82ace3c407f46ef - Path: Packages/com.unity.render-pipelines.universal/Runtime/Passes/CopyDepthPass.cs - Importer: ScriptedImporter/UnityEditor.QuickSearchModule:UnityEditor.Search:ASIAI0B
Importing 'GUID: d6268b3babfc1004c82ace3c407f46ef - Path: Packages/com.unity.render-pipelines.universal/Runtime/Passes/CopyDepthPass.cs - Importer: ScriptedImporter/UnityEditor.QuickSearchModule:UnityEditor.Search:ASIAI0B' with importer (ScriptedImporter : UnityEditor.QuickSearchModule:UnityEditor.Search:ASIAI0B)
Imported 'GUID: d6268b3babfc1004c82ace3c407f46ef' -> (Import Result ID: 'ff63112f9b94e7ff27d54d56d2d28269') in 0.005 seconds [static and dynamic dependencies]. Details - ImportResultOutputID=c8cee2206a94f789bd6bc4ddf855d7b9 DependenciesID=275d964b2ff5e527bc69917c4d14209a StaticDependenciesID=d1a30748e46992e57adb0bf2f1bcceb3 
Number of updated asset objects reloaded before import = 0
Number of asset objects unloaded after import = 0
========================================================================
Received Import Request.
  Time of request: 2026-08-26T03:18:57.2768718Z
  Time since last request: 0.0003511 seconds.
  importAddress: GUID: 558a8e2b6826cf840aae193990ba9f2e - Path: Packages/com.unity.render-pipelines.universal/Runtime/Overrides/ShadowsMidtonesHighlights.cs - Importer: ScriptedImporter/UnityEditor.QuickSearchModule:UnityEditor.Search:ASIAI0B
Importing 'GUID: 558a8e2b6826cf840aae193990ba9f2e - Path: Packages/com.unity.render-pipelines.universal/Runtime/Overrides/ShadowsMidtonesHighlights.cs - Importer: ScriptedImporter/UnityEditor.QuickSearchModule:UnityEditor.Search:ASIAI0B' with importer (ScriptedImporter : UnityEditor.QuickSearchModule:UnityEditor.Search:ASIAI0B)
Imported 'GUID: 558a8e2b6826cf840aae193990ba9f2e' -> (Import Result ID: 'ae00cf167375c0856e6014a8d95bb5d0') in 0.004 seconds [static and dynamic dependencies]. Details - ImportResultOutputID=2c3e5c49002037a37967236c3bbfab79 DependenciesID=0c451eb08fb57d25e0c3a59c8154bcdb StaticDependenciesID=342ebd2458c24e591be0c98c4536064d 
Number of updated asset objects reloaded before import = 0
Number of asset objects unloaded after import = 0
========================================================================
Received Import Request.
  Time of request: 2026-08-26T03:18:57.293032Z
  Time since last request: 0.0003786 seconds.
  importAddress: GUID: 2b327960b30da614ca5f44f2fef0137a - Path: Packages/com.unity.render-pipelines.universal/Runtime/Passes/DepthOnlyPass.cs - Importer: ScriptedImporter/UnityEditor.QuickSearchModule:UnityEditor.Search:ASIAI0B
Importing 'GUID: 2b327960b30da614ca5f44f2fef0137a - Path: Packages/com.unity.render-pipelines.universal/Runtime/Passes/DepthOnlyPass.cs - Importer: ScriptedImporter/UnityEditor.QuickSearchModule:UnityEditor.Search:ASIAI0B' with importer (ScriptedImporter : UnityEditor.QuickSearchModule:UnityEditor.Search:ASIAI0B)
Imported 'GUID: 2b327960b30da614ca5f44f2fef0137a' -> (Import Result ID: '3f54b029ffc7286b3dbbc47ad20de2fb') in 0.004 seconds [static and dynamic dependencies]. Details - ImportResultOutputID=229b6b1e4637da7f3e3a3870f8d9e116 DependenciesID=3351cefa40ccd340731a599f995d08a8 StaticDependenciesID=7dae602b3a4fd179cc673f9cbed85745 
Number of updated asset objects reloaded before import = 0
Number of asset objects unloaded after import = 0
========================================================================
Received Import Request.
  Time of request: 2026-08-26T03:18:57.3099174Z
  Time since last request: 0.0003145 seconds.
  importAddress: GUID: 096294dfb309e47929b561541e4b087e - Path: Packages/com.unity.render-pipelines.universal/Runtime/Passes/MotionVectorRenderPass.cs - Importer: ScriptedImporter/UnityEditor.QuickSearchModule:UnityEditor.Search:ASIAI0B
Importing 'GUID: 096294dfb309e47929b561541e4b087e - Path: Packages/com.unity.render-pipelines.universal/Runtime/Passes/MotionVectorRenderPass.cs - Importer: ScriptedImporter/UnityEditor.QuickSearchModule:UnityEditor.Search:ASIAI0B' with importer (ScriptedImporter : UnityEditor.QuickSearchModule:UnityEditor.Search:ASIAI0B)
Imported 'GUID: 096294dfb309e47929b561541e4b087e' -> (Import Result ID: '6bdad7cb5b4e1c1834a93cbd94a31323') in 0.004 seconds [static and dynamic dependencies]. Details - ImportResultOutputID=843c6b45ca5d0033e4fa57eb29069aa4 DependenciesID=d516aada38afb02484100ffccfd604ae StaticDependenciesID=bdf78248135163cc353c233519b0a83b 
Number of updated asset objects reloaded before import = 0
Number of asset objects unloaded after import = 0
========================================================================
Received Import Request.
  Time of request: 2026-08-26T03:18:57.3401553Z
  Time since last request: 0.0130304 seconds.
  importAddress: GUID: 2f5d344954b35bc4faad3771ebd6ccd8 - Path: Packages/com.unity.render-pipelines.universal/Runtime/Settings/URPTerrainShaderSetting.cs - Importer: ScriptedImporter/UnityEditor.QuickSearchModule:UnityEditor.Search:ASIAI0B
Importing 'GUID: 2f5d344954b35bc4faad3771ebd6ccd8 - Path: Packages/com.unity.render-pipelines.universal/Runtime/Settings/URPTerrainShaderSetting.cs - Importer: ScriptedImporter/UnityEditor.QuickSearchModule:UnityEditor.Search:ASIAI0B' with importer (ScriptedImporter : UnityEditor.QuickSearchModule:UnityEditor.Search:ASIAI0B)
Imported 'GUID: 2f5d344954b35bc4faad3771ebd6ccd8' -> (Import Result ID: '58b542be140bfdddf4d485c720ae3f46') in 0.004 seconds [static and dynamic dependencies]. Details - ImportResultOutputID=defa7e5b8ac59e6e416c3069d9504732 DependenciesID=5ba94a9de80aa7df9a13216a2505eacf StaticDependenciesID=c977382c2274e39846d0bf491993ee27 
Number of updated asset objects reloaded before import = 0
Number of asset objects unloaded after import = 0
========================================================================
Received Import Request.
  Time of request: 2026-08-26T03:18:57.3559114Z
  Time since last request: 0.0005044 seconds.
  importAddress: GUID: e32e72b6a3f58a24c9033e2b9275eea0 - Path: Packages/com.unity.render-pipelines.universal/Runtime/RendererFeatures/ScreenSpaceShadows.cs - Importer: ScriptedImporter/UnityEditor.QuickSearchModule:UnityEditor.Search:ASIAI0B
Importing 'GUID: e32e72b6a3f58a24c9033e2b9275eea0 - Path: Packages/com.unity.render-pipelines.universal/Runtime/RendererFeatures/ScreenSpaceShadows.cs - Importer: ScriptedImporter/UnityEditor.QuickSearchModule:UnityEditor.Search:ASIAI0B' with importer (ScriptedImporter : UnityEditor.QuickSearchModule:UnityEditor.Search:ASIAI0B)
Imported 'GUID: e32e72b6a3f58a24c9033e2b9275eea0' -> (Import Result ID: '10e719b10f8d1db666b7d5d99f6f9dc8') in 0.004 seconds [static and dynamic dependencies]. Details - ImportResultOutputID=c9f9725f9312edf71df52b7b76c268b3 DependenciesID=51ee67bacb09d1a214f0080fbcacafe6 StaticDependenciesID=6b663d22e18a09d62e53ada4e937e995 
Number of updated asset objects reloaded before import = 0
Number of asset objects unloaded after import = 0
========================================================================
Received Import Request.
  Time of request: 2026-08-26T03:18:57.3708728Z
  Time since last request: 0.0003869 seconds.
  importAddress: GUID: 0ddf10b9a46e641ae8ba73c89b46512c - Path: Packages/com.unity.render-pipelines.universal/Runtime/Tiling/ZBinningJob.cs - Importer: ScriptedImporter/UnityEditor.QuickSearchModule:UnityEditor.Search:ASIAI0B
Importing 'GUID: 0ddf10b9a46e641ae8ba73c89b46512c - Path: Packages/com.unity.render-pipelines.universal/Runtime/Tiling/ZBinningJob.cs - Importer: ScriptedImporter/UnityEditor.QuickSearchModule:UnityEditor.Search:ASIAI0B' with importer (ScriptedImporter : UnityEditor.QuickSearchModule:UnityEditor.Search:ASIAI0B)
Imported 'GUID: 0ddf10b9a46e641ae8ba73c89b46512c' -> (Import Result ID: 'cbeacbc33ca83bd3de6530ac27889818') in 0.005 seconds [static and dynamic dependencies]. Details - ImportResultOutputID=b760298d19e562c34b74ac26c59fda47 DependenciesID=86bd8efaaf558fd72dd91d8e6d7db439 StaticDependenciesID=e85b35ddb943633eddeb21125b6fdec7 
Number of updated asset objects reloaded before import = 0
Number of asset objects unloaded after import = 0
========================================================================
Received Import Request.
  Time of request: 2026-08-26T03:18:57.3890961Z
  Time since last request: 0.0003798 seconds.
  importAddress: GUID: e260cfa7296ee7642b167f1eb5be5023 - Path: Packages/com.unity.render-pipelines.universal/Shaders/2D/Sprite-Lit-Default.shader - Importer: ScriptedImporter/UnityEditor.QuickSearchModule:UnityEditor.Search:ASIAI0B
Importing 'GUID: e260cfa7296ee7642b167f1eb5be5023 - Path: Packages/com.unity.render-pipelines.universal/Shaders/2D/Sprite-Lit-Default.shader - Importer: ScriptedImporter/UnityEditor.QuickSearchModule:UnityEditor.Search:ASIAI0B' with importer (ScriptedImporter : UnityEditor.QuickSearchModule:UnityEditor.Search:ASIAI0B)
Imported 'GUID: e260cfa7296ee7642b167f1eb5be5023' -> (Import Result ID: '7b3a6ba0ace967bb6f36f348ae8bb825') in 0.005 seconds [static and dynamic dependencies]. Details - ImportResultOutputID=b5c9f5641c1da3e59e641757a62e044d DependenciesID=b9ae01177cbed25688f81ab363d66a57 StaticDependenciesID=b14c273254ae0e774728127188b4ea78 
Number of updated asset objects reloaded before import = 0
Number of asset objects unloaded after import = 1
========================================================================
Received Import Request.
  Time of request: 2026-08-26T03:18:57.4082736Z
  Time since last request: 0.0004382 seconds.
  importAddress: GUID: edba24b6007b9dd41824b4656ed8ebcf - Path: Packages/com.unity.render-pipelines.universal/Runtime/Passes/ScriptableRenderPass.cs - Importer: ScriptedImporter/UnityEditor.QuickSearchModule:UnityEditor.Search:ASIAI0B
Importing 'GUID: edba24b6007b9dd41824b4656ed8ebcf - Path: Packages/com.unity.render-pipelines.universal/Runtime/Passes/ScriptableRenderPass.cs - Importer: ScriptedImporter/UnityEditor.QuickSearchModule:UnityEditor.Search:ASIAI0B' with importer (ScriptedImporter : UnityEditor.QuickSearchModule:UnityEditor.Search:ASIAI0B)
Imported 'GUID: edba24b6007b9dd41824b4656ed8ebcf' -> (Import Result ID: 'db7979af6e9b634f7369ad1422bedd6f') in 0.004 seconds [static and dynamic dependencies]. Details - ImportResultOutputID=9db24adff257c7cc189a8debef144bd6 DependenciesID=d9ecb15cc0d6a393457433f8db79cc3b StaticDependenciesID=04075f44350e760822bbe3bc3bd29852 
Number of updated asset objects reloaded before import = 0
Number of asset objects unloaded after import = 0
========================================================================
Received Import Request.
  Time of request: 2026-08-26T03:18:57.4264063Z
  Time since last request: 0.0003161 seconds.
  importAddress: GUID: a70b6c101edaa442a80370b0d514fb3c - Path: Packages/com.unity.render-pipelines.universal/ShaderLibrary/LightCookie/LightCookieInput.hlsl - Importer: ScriptedImporter/UnityEditor.QuickSearchModule:UnityEditor.Search:ASIAI0B
Importing 'GUID: a70b6c101edaa442a80370b0d514fb3c - Path: Packages/com.unity.render-pipelines.universal/ShaderLibrary/LightCookie/LightCookieInput.hlsl - Importer: ScriptedImporter/UnityEditor.QuickSearchModule:UnityEditor.Search:ASIAI0B' with importer (ScriptedImporter : UnityEditor.QuickSearchModule:UnityEditor.Search:ASIAI0B)
Imported 'GUID: a70b6c101edaa442a80370b0d514fb3c' -> (Import Result ID: 'c73f1e2115c277511f143fd3263a7085') in 0.004 seconds [static and dynamic dependencies]. Details - ImportResultOutputID=553fe7bc0b39e1ef46e721cb59eb6125 DependenciesID=266ec936a419c8d1bade5b9399995b17 StaticDependenciesID=0b6b3560811a4f18f4833288d13e9a38 
Number of updated asset objects reloaded before import = 0
Number of asset objects unloaded after import = 1
========================================================================
Received Import Request.
  Time of request: 2026-08-26T03:18:57.4439071Z
  Time since last request: 0.0003064 seconds.
  importAddress: GUID: 666fd5e17c3205e469d806ca3f160378 - Path: Packages/com.unity.render-pipelines.universal/Runtime/RendererFeatures/FullScreenPassRendererFeature.migration.cs - Importer: ScriptedImporter/UnityEditor.QuickSearchModule:UnityEditor.Search:ASIAI0B
Importing 'GUID: 666fd5e17c3205e469d806ca3f160378 - Path: Packages/com.unity.render-pipelines.universal/Runtime/RendererFeatures/FullScreenPassRendererFeature.migration.cs - Importer: ScriptedImporter/UnityEditor.QuickSearchModule:UnityEditor.Search:ASIAI0B' with importer (ScriptedImporter : UnityEditor.QuickSearchModule:UnityEditor.Search:ASIAI0B)
Imported 'GUID: 666fd5e17c3205e469d806ca3f160378' -> (Import Result ID: '9b3fda5f9085e353df3584e9bb823099') in 0.004 seconds [static and dynamic dependencies]. Details - ImportResultOutputID=3bad85382ce6040258668c1441c752aa DependenciesID=96a14aa1b13c133b94df63b6b2b99e4d StaticDependenciesID=72956a535bfd5be8433a7ebc601d55f5 
Number of updated asset objects reloaded before import = 0
Number of asset objects unloaded after import = 0
========================================================================
Received Import Request.
  Time of request: 2026-08-26T03:18:57.4606437Z
  Time since last request: 0.0003757 seconds.
  importAddress: GUID: 2afeda08c4698463daec0f82157e1261 - Path: Packages/com.unity.render-pipelines.universal/Runtime/Passes/ScreenSpaceAmbientOcclusionPass.cs - Importer: ScriptedImporter/UnityEditor.QuickSearchModule:UnityEditor.Search:ASIAI0B
Importing 'GUID: 2afeda08c4698463daec0f82157e1261 - Path: Packages/com.unity.render-pipelines.universal/Runtime/Passes/ScreenSpaceAmbientOcclusionPass.cs - Importer: ScriptedImporter/UnityEditor.QuickSearchModule:UnityEditor.Search:ASIAI0B' with importer (ScriptedImporter : UnityEditor.QuickSearchModule:UnityEditor.Search:ASIAI0B)
Imported 'GUID: 2afeda08c4698463daec0f82157e1261' -> (Import Result ID: '40dfe2f4542bc746871dabeb649fad6c') in 0.004 seconds [static and dynamic dependencies]. Details - ImportResultOutputID=65db6a232f1dc20d6a8a863b7ae3119e DependenciesID=a3a0a3a549e571172e89bbb0a078d1b6 StaticDependenciesID=b14a23a11af1fe9623a3a7a7a7565915 
Number of updated asset objects reloaded before import = 0
Number of asset objects unloaded after import = 0
========================================================================
Received Import Request.
  Time of request: 2026-08-26T03:18:57.4763598Z
  Time since last request: 0.0002959 seconds.
  importAddress: GUID: 49ced51ad19fca94e8a5a29f28b976f3 - Path: Packages/com.unity.render-pipelines.universal/Runtime/RenderPipelineResources/UniversalRenderPipelineRuntimeXRResources.cs - Importer: ScriptedImporter/UnityEditor.QuickSearchModule:UnityEditor.Search:ASIAI0B
Importing 'GUID: 49ced51ad19fca94e8a5a29f28b976f3 - Path: Packages/com.unity.render-pipelines.universal/Runtime/RenderPipelineResources/UniversalRenderPipelineRuntimeXRResources.cs - Importer: ScriptedImporter/UnityEditor.QuickSearchModule:UnityEditor.Search:ASIAI0B' with importer (ScriptedImporter : UnityEditor.QuickSearchModule:UnityEditor.Search:ASIAI0B)
Imported 'GUID: 49ced51ad19fca94e8a5a29f28b976f3' -> (Import Result ID: 'c59b16f8c35b6a568fab0a83a186d831') in 0.004 seconds [static and dynamic dependencies]. Details - ImportResultOutputID=ce83e78f58685dfcd07b81edff4ca61a DependenciesID=69d91e67deba00e7dceb77bfd4d1f362 StaticDependenciesID=9aa6c6eaa4c0a121a84890b8fe51c242 
Number of updated asset objects reloaded before import = 0
Number of asset objects unloaded after import = 0
========================================================================
Received Import Request.
  Time of request: 2026-08-26T03:18:57.4924497Z
  Time since last request: 0.000284 seconds.
  importAddress: GUID: 19349a0f9a7ed4c48a27445bcf92e5e1 - Path: Packages/com.unity.render-pipelines.universal/Shaders/2D/Shadow2D-Shadow-Geometry.shader - Importer: ScriptedImporter/UnityEditor.QuickSearchModule:UnityEditor.Search:ASIAI0B
Importing 'GUID: 19349a0f9a7ed4c48a27445bcf92e5e1 - Path: Packages/com.unity.render-pipelines.universal/Shaders/2D/Shadow2D-Shadow-Geometry.shader - Importer: ScriptedImporter/UnityEditor.QuickSearchModule:UnityEditor.Search:ASIAI0B' with importer (ScriptedImporter : UnityEditor.QuickSearchModule:UnityEditor.Search:ASIAI0B)
Imported 'GUID: 19349a0f9a7ed4c48a27445bcf92e5e1' -> (Import Result ID: '42933597a08e74117a4b68902d564149') in 0.005 seconds [static and dynamic dependencies]. Details - ImportResultOutputID=7df647221d73952ef37aa0283d9c40fc DependenciesID=adb59309155869a30a9211c582df7f9a StaticDependenciesID=eba688735b9a4df93513e1c4cd0d3709 
Number of updated asset objects reloaded before import = 0
Number of asset objects unloaded after import = 1
========================================================================
Received Import Request.
  Time of request: 2026-08-26T03:18:57.5098247Z
  Time since last request: 0.0003023 seconds.
  importAddress: GUID: 7dc44b545f155e041b63be63e81832e3 - Path: Packages/com.unity.render-pipelines.universal/Runtime/RendererFeatures/OnTilePostProcessPass.cs - Importer: ScriptedImporter/UnityEditor.QuickSearchModule:UnityEditor.Search:ASIAI0B
Importing 'GUID: 7dc44b545f155e041b63be63e81832e3 - Path: Packages/com.unity.render-pipelines.universal/Runtime/RendererFeatures/OnTilePostProcessPass.cs - Importer: ScriptedImporter/UnityEditor.QuickSearchModule:UnityEditor.Search:ASIAI0B' with importer (ScriptedImporter : UnityEditor.QuickSearchModule:UnityEditor.Search:ASIAI0B)
Imported 'GUID: 7dc44b545f155e041b63be63e81832e3' -> (Import Result ID: 'd4001eb49aad2488a42c4ed8eaedee9f') in 0.004 seconds [static and dynamic dependencies]. Details - ImportResultOutputID=f7b846c53789769032f9423b8cd6dbc3 DependenciesID=bad14738c70d5d0bcd1b3ef718934a19 StaticDependenciesID=e272dee686875f13e10be81a0f781358 
Number of updated asset objects reloaded before import = 0
Number of asset objects unloaded after import = 0
========================================================================
Received Import Request.
  Time of request: 2026-08-26T03:18:57.5249142Z
  Time since last request: 0.0003467 seconds.
  importAddress: GUID: 441892941e4fc954694acc03c8d2ef84 - Path: Packages/com.unity.render-pipelines.universal/Runtime/RenderPipelineResources/UniversalRenderPipelineRuntimeShaders.cs - Importer: ScriptedImporter/UnityEditor.QuickSearchModule:UnityEditor.Search:ASIAI0B
Importing 'GUID: 441892941e4fc954694acc03c8d2ef84 - Path: Packages/com.unity.render-pipelines.universal/Runtime/RenderPipelineResources/UniversalRenderPipelineRuntimeShaders.cs - Importer: ScriptedImporter/UnityEditor.QuickSearchModule:UnityEditor.Search:ASIAI0B' with importer (ScriptedImporter : UnityEditor.QuickSearchModule:UnityEditor.Search:ASIAI0B)
Imported 'GUID: 441892941e4fc954694acc03c8d2ef84' -> (Import Result ID: '561cddc37e5451b032f8f8c4cdae8f49') in 0.004 seconds [static and dynamic dependencies]. Details - ImportResultOutputID=9ec1d74d0511f432ee93c9da07a75419 DependenciesID=b4f997c85126e3edca4e770b70d76be2 StaticDependenciesID=a156337c8819212efdeea8770bee448a 
Number of updated asset objects reloaded before import = 0
Number of asset objects unloaded after import = 0
========================================================================
Received Import Request.
  Time of request: 2026-08-26T03:18:57.5419344Z
  Time since last request: 0.0003265 seconds.
  importAddress: GUID: 4ee4501622ea4008903e313980a6b1b2 - Path: Packages/com.unity.render-pipelines.universal/ShaderLibrary/Debug/Debugging2D.hlsl - Importer: ScriptedImporter/UnityEditor.QuickSearchModule:UnityEditor.Search:ASIAI0B
Importing 'GUID: 4ee4501622ea4008903e313980a6b1b2 - Path: Packages/com.unity.render-pipelines.universal/ShaderLibrary/Debug/Debugging2D.hlsl - Importer: ScriptedImporter/UnityEditor.QuickSearchModule:UnityEditor.Search:ASIAI0B' with importer (ScriptedImporter : UnityEditor.QuickSearchModule:UnityEditor.Search:ASIAI0B)
Imported 'GUID: 4ee4501622ea4008903e313980a6b1b2' -> (Import Result ID: 'c6e4531a410a1bde14fd99ecb7d8afe5') in 0.004 seconds [static and dynamic dependencies]. Details - ImportResultOutputID=1881a9875b6556c0e8e5b1dfcef910f2 DependenciesID=3bf630fbfd4bf78cf1a830380d2c04a7 StaticDependenciesID=80a10590b6a30875794ff7e6ca4ff673 
Number of updated asset objects reloaded before import = 0
Number of asset objects unloaded after import = 1
========================================================================
Received Import Request.
  Time of request: 2026-08-26T03:18:57.5572315Z
  Time since last request: 0.0003156 seconds.
  importAddress: GUID: a2b7f0db433bbf340871ffeb0134a898 - Path: Packages/com.unity.render-pipelines.universal/Runtime/Settings/URPShaderStrippingSetting.cs - Importer: ScriptedImporter/UnityEditor.QuickSearchModule:UnityEditor.Search:ASIAI0B
Importing 'GUID: a2b7f0db433bbf340871ffeb0134a898 - Path: Packages/com.unity.render-pipelines.universal/Runtime/Settings/URPShaderStrippingSetting.cs - Importer: ScriptedImporter/UnityEditor.QuickSearchModule:UnityEditor.Search:ASIAI0B' with importer (ScriptedImporter : UnityEditor.QuickSearchModule:UnityEditor.Search:ASIAI0B)
Imported 'GUID: a2b7f0db433bbf340871ffeb0134a898' -> (Import Result ID: '497c3e71305f0a3ce3f28fb187c78f06') in 0.004 seconds [static and dynamic dependencies]. Details - ImportResultOutputID=5c72ae3b136ebfff002ce5ebc3c043ac DependenciesID=0ca83c44f6960e3338b582f94db54f0d StaticDependenciesID=a05256e5c6be2c47ffecf7cfd3d5f760 
Number of updated asset objects reloaded before import = 0
Number of asset objects unloaded after import = 0
========================================================================
Received Import Request.
  Time of request: 2026-08-26T03:18:57.5743451Z
  Time since last request: 0.0003522 seconds.
  importAddress: GUID: faf05873da6e6fb489aa73a76d780c5a - Path: Packages/com.unity.render-pipelines.universal/Runtime/Passes/TransparentSettingsPass.cs - Importer: ScriptedImporter/UnityEditor.QuickSearchModule:UnityEditor.Search:ASIAI0B
Importing 'GUID: faf05873da6e6fb489aa73a76d780c5a - Path: Packages/com.unity.render-pipelines.universal/Runtime/Passes/TransparentSettingsPass.cs - Importer: ScriptedImporter/UnityEditor.QuickSearchModule:UnityEditor.Search:ASIAI0B' with importer (ScriptedImporter : UnityEditor.QuickSearchModule:UnityEditor.Search:ASIAI0B)
Imported 'GUID: faf05873da6e6fb489aa73a76d780c5a' -> (Import Result ID: 'a29a41e9c7ef94e72ee6d565af8605cd') in 0.004 seconds [static and dynamic dependencies]. Details - ImportResultOutputID=be662f8076229f118588940a1830b3d9 DependenciesID=34417f13cbea9665fffcafacbac5dd93 StaticDependenciesID=8fbb4a1db604bf58ac41a4813f28fa33 
Number of updated asset objects reloaded before import = 0
Number of asset objects unloaded after import = 0
========================================================================
Received Import Request.
  Time of request: 2026-08-26T03:18:57.5910984Z
  Time since last request: 0.000278 seconds.
  importAddress: GUID: 527aa596a18643c2879c1723a3d3b64a - Path: Packages/com.unity.render-pipelines.universal/Runtime/Tiling/InclusiveRange.cs - Importer: ScriptedImporter/UnityEditor.QuickSearchModule:UnityEditor.Search:ASIAI0B
Importing 'GUID: 527aa596a18643c2879c1723a3d3b64a - Path: Packages/com.unity.render-pipelines.universal/Runtime/Tiling/InclusiveRange.cs - Importer: ScriptedImporter/UnityEditor.QuickSearchModule:UnityEditor.Search:ASIAI0B' with importer (ScriptedImporter : UnityEditor.QuickSearchModule:UnityEditor.Search:ASIAI0B)
Imported 'GUID: 527aa596a18643c2879c1723a3d3b64a' -> (Import Result ID: '245d75830c3c7384f538e35cdb801cf8') in 0.004 seconds [static and dynamic dependencies]. Details - ImportResultOutputID=3f7d3c4ba165ceae750097e77885935c DependenciesID=07c5caa9d42da552bc3af103561a997d StaticDependenciesID=c17ac4fed7de9d6194bf1fd07432d0af 
Number of updated asset objects reloaded before import = 0
Number of asset objects unloaded after import = 0
========================================================================
Received Import Request.
  Time of request: 2026-08-26T03:18:57.628001Z
  Time since last request: 0.0218338 seconds.
  importAddress: GUID: 65df88701913c224d95fc554db28381a - Path: Packages/com.unity.render-pipelines.universal/Shaders/PostProcessing/LutBuilderLdr.shader - Importer: ScriptedImporter/UnityEditor.QuickSearchModule:UnityEditor.Search:ASIAI0B
Importing 'GUID: 65df88701913c224d95fc554db28381a - Path: Packages/com.unity.render-pipelines.universal/Shaders/PostProcessing/LutBuilderLdr.shader - Importer: ScriptedImporter/UnityEditor.QuickSearchModule:UnityEditor.Search:ASIAI0B' with importer (ScriptedImporter : UnityEditor.QuickSearchModule:UnityEditor.Search:ASIAI0B)
Imported 'GUID: 65df88701913c224d95fc554db28381a' -> (Import Result ID: 'a0d3243a6f5ee093bcef454178082fd3') in 0.005 seconds [static and dynamic dependencies]. Details - ImportResultOutputID=654fa090162efb89c116efec05b86db8 DependenciesID=930ea3093f37b9b78790cb9f5c4ae0f4 StaticDependenciesID=8ab533b6e5532240f14978d53f471824 
Number of updated asset objects reloaded before import = 0
Number of asset objects unloaded after import = 1
========================================================================
Received Import Request.
  Time of request: 2026-08-26T03:18:57.6462091Z
  Time since last request: 0.0004162 seconds.
  importAddress: GUID: 9920c1f1781549a46ba081a2a15a16ec - Path: Packages/com.unity.render-pipelines.universal/Shaders/Nature/SpeedTree8_PBRLit.shadergraph - Importer: ScriptedImporter/UnityEditor.QuickSearchModule:UnityEditor.Search:ASIAI0B
Importing 'GUID: 9920c1f1781549a46ba081a2a15a16ec - Path: Packages/com.unity.render-pipelines.universal/Shaders/Nature/SpeedTree8_PBRLit.shadergraph - Importer: ScriptedImporter/UnityEditor.QuickSearchModule:UnityEditor.Search:ASIAI0B' with importer (ScriptedImporter : UnityEditor.QuickSearchModule:UnityEditor.Search:ASIAI0B)
Imported 'GUID: 9920c1f1781549a46ba081a2a15a16ec' -> (Import Result ID: '47ea3d91de21804c5c14a2882e0407d4') in 0.032 seconds [static and dynamic dependencies]. Details - ImportResultOutputID=768ef6d14b8809914a59a9008ed0c035 DependenciesID=13887fe1ecce8996106ba9e863009903 StaticDependenciesID=c48ba94d0aed688cb4a1648b155cd484 
Number of updated asset objects reloaded before import = 0
Number of asset objects unloaded after import = 12
========================================================================
Received Import Request.
  Time of request: 2026-08-26T03:18:57.6907423Z
  Time since last request: 0.0000173 seconds.
  importAddress: GUID: 53626a513ea68ce47b59dc1299fe3959 - Path: Packages/com.unity.render-pipelines.universal/Shaders/Debug/ProbeVolumeSamplingDebugPositionNormal.compute - Importer: ScriptedImporter/UnityEditor.QuickSearchModule:UnityEditor.Search:ASIAI0B
Importing 'GUID: 53626a513ea68ce47b59dc1299fe3959 - Path: Packages/com.unity.render-pipelines.universal/Shaders/Debug/ProbeVolumeSamplingDebugPositionNormal.compute - Importer: ScriptedImporter/UnityEditor.QuickSearchModule:UnityEditor.Search:ASIAI0B' with importer (ScriptedImporter : UnityEditor.QuickSearchModule:UnityEditor.Search:ASIAI0B)
Imported 'GUID: 53626a513ea68ce47b59dc1299fe3959' -> (Import Result ID: '70c9a13c2f5308d1873bfec75f8c5875') in 0.005 seconds [static and dynamic dependencies]. Details - ImportResultOutputID=468fb6fd40b581b416945b99c944d62d DependenciesID=24dfc4c22372861d9ddbfab82ef7477b StaticDependenciesID=98c13970092bfd29666576fef4200dae 
Number of updated asset objects reloaded before import = 0
Number of asset objects unloaded after import = 1
========================================================================
Received Import Request.
  Time of request: 2026-08-26T03:18:57.7072729Z
  Time since last request: 0.0004689 seconds.
  importAddress: GUID: 80aa867ac363ac043847b06ad71604cd - Path: Packages/com.unity.render-pipelines.universal/Shaders/AutodeskInteractive/AutodeskInteractiveMasked.shadergraph - Importer: ScriptedImporter/UnityEditor.QuickSearchModule:UnityEditor.Search:ASIAI0B
Importing 'GUID: 80aa867ac363ac043847b06ad71604cd - Path: Packages/com.unity.render-pipelines.universal/Shaders/AutodeskInteractive/AutodeskInteractiveMasked.shadergraph - Importer: ScriptedImporter/UnityEditor.QuickSearchModule:UnityEditor.Search:ASIAI0B' with importer (ScriptedImporter : UnityEditor.QuickSearchModule:UnityEditor.Search:ASIAI0B)
Imported 'GUID: 80aa867ac363ac043847b06ad71604cd' -> (Import Result ID: '9e31193077894cbe4b0d32b67c58bd92') in 0.011 seconds [static and dynamic dependencies]. Details - ImportResultOutputID=8551fd75b66f3733566b7dc0f05ff0e5 DependenciesID=2ff905dff3636817cf70795a01e0d1ea StaticDependenciesID=8ec1d554bf7345d865bffc700e882138 
Number of updated asset objects reloaded before import = 0
Number of asset objects unloaded after import = 6
========================================================================
Received Import Request.
  Time of request: 2026-08-26T03:18:57.7305911Z
  Time since last request: 0.0000705 seconds.
  importAddress: GUID: 55e6929e00a20d64eadff49d59e097db - Path: Packages/com.unity.render-pipelines.universal/Shaders/Nature/SpeedTree7CommonInput.hlsl - Importer: ScriptedImporter/UnityEditor.QuickSearchModule:UnityEditor.Search:ASIAI0B
Importing 'GUID: 55e6929e00a20d64eadff49d59e097db - Path: Packages/com.unity.render-pipelines.universal/Shaders/Nature/SpeedTree7CommonInput.hlsl - Importer: ScriptedImporter/UnityEditor.QuickSearchModule:UnityEditor.Search:ASIAI0B' with importer (ScriptedImporter : UnityEditor.QuickSearchModule:UnityEditor.Search:ASIAI0B)
Imported 'GUID: 55e6929e00a20d64eadff49d59e097db' -> (Import Result ID: '08b4e9272f3222931580006cf6c32a4d') in 0.005 seconds [static and dynamic dependencies]. Details - ImportResultOutputID=65a8cf024571250aa87666f48a4a0a32 DependenciesID=7d562af1152a85f3500e1d065c4c25fb StaticDependenciesID=f89d8f9220afb1f8c9fb303f3bf0a43e 
Number of updated asset objects reloaded before import = 0
Number of asset objects unloaded after import = 1
========================================================================
Received Import Request.
  Time of request: 2026-08-26T03:18:57.7478923Z
  Time since last request: 0.0003652 seconds.
  importAddress: GUID: a361552991159403bbd785132d5cb812 - Path: Packages/com.unity.render-pipelines.universal/Shaders/Particles/ParticlesUnlitForwardPass.hlsl - Importer: ScriptedImporter/UnityEditor.QuickSearchModule:UnityEditor.Search:ASIAI0B
Importing 'GUID: a361552991159403bbd785132d5cb812 - Path: Packages/com.unity.render-pipelines.universal/Shaders/Particles/ParticlesUnlitForwardPass.hlsl - Importer: ScriptedImporter/UnityEditor.QuickSearchModule:UnityEditor.Search:ASIAI0B' with importer (ScriptedImporter : UnityEditor.QuickSearchModule:UnityEditor.Search:ASIAI0B)
Imported 'GUID: a361552991159403bbd785132d5cb812' -> (Import Result ID: '538163cba068c7279fbf11e6fced15b0') in 0.005 seconds [static and dynamic dependencies]. Details - ImportResultOutputID=0b9a20674895c52dea3c77387c1523bf DependenciesID=fc9bd7e4dedd4fdc0c08e4e9c2d7bcac StaticDependenciesID=f368f3e302240799d1da655b6a05975a 
Number of updated asset objects reloaded before import = 0
Number of asset objects unloaded after import = 1
========================================================================
Received Import Request.
  Time of request: 2026-08-26T03:18:57.7650265Z
  Time since last request: 0.0002645 seconds.
  importAddress: GUID: 8ba36b6596e931145bbad992032afb1a - Path: Packages/com.unity.render-pipelines.universal/Shaders/Nature/SpeedTree7BillboardPasses.hlsl - Importer: ScriptedImporter/UnityEditor.QuickSearchModule:UnityEditor.Search:ASIAI0B
Importing 'GUID: 8ba36b6596e931145bbad992032afb1a - Path: Packages/com.unity.render-pipelines.universal/Shaders/Nature/SpeedTree7BillboardPasses.hlsl - Importer: ScriptedImporter/UnityEditor.QuickSearchModule:UnityEditor.Search:ASIAI0B' with importer (ScriptedImporter : UnityEditor.QuickSearchModule:UnityEditor.Search:ASIAI0B)
Imported 'GUID: 8ba36b6596e931145bbad992032afb1a' -> (Import Result ID: '4d3543f96070bd36752bdab33748e9fb') in 0.004 seconds [static and dynamic dependencies]. Details - ImportResultOutputID=95ae048f0663e2ecd3084ad3a3d9fcce DependenciesID=f21c7f6f54f3fd4f51c44240af3ef2d8 StaticDependenciesID=b32b0c9f41a5da7b6f8e6a2e9107c148 
Number of updated asset objects reloaded before import = 0
Number of asset objects unloaded after import = 1
========================================================================
Received Import Request.
  Time of request: 2026-08-26T03:18:57.7816371Z
  Time since last request: 0.0002892 seconds.
  importAddress: GUID: 3f1f7ec9e0c852a48826fe085f257d80 - Path: Packages/com.unity.render-pipelines.universal/Shaders/PostProcessing/SubpixelMorphologicalAntialiasing.hlsl - Importer: ScriptedImporter/UnityEditor.QuickSearchModule:UnityEditor.Search:ASIAI0B
Importing 'GUID: 3f1f7ec9e0c852a48826fe085f257d80 - Path: Packages/com.unity.render-pipelines.universal/Shaders/PostProcessing/SubpixelMorphologicalAntialiasing.hlsl - Importer: ScriptedImporter/UnityEditor.QuickSearchModule:UnityEditor.Search:ASIAI0B' with importer (ScriptedImporter : UnityEditor.QuickSearchModule:UnityEditor.Search:ASIAI0B)
Imported 'GUID: 3f1f7ec9e0c852a48826fe085f257d80' -> (Import Result ID: 'b8393b7ebf336c3fae7f5f59b7cc58e1') in 0.004 seconds [static and dynamic dependencies]. Details - ImportResultOutputID=9ee391f27cdf8cfb37ef97617ddaf715 DependenciesID=46c91672f0a044b61c5b25cadaf9f791 StaticDependenciesID=1d4f42b310193495e2daf7376f256941 
Number of updated asset objects reloaded before import = 0
Number of asset objects unloaded after import = 1
========================================================================
Received Import Request.
  Time of request: 2026-08-26T03:18:57.7973837Z
  Time since last request: 0.0003055 seconds.
  importAddress: GUID: 691e950f7acb24df5be4c31303d0991a - Path: Packages/com.unity.render-pipelines.universal/Shaders/PostProcessing/FXAA3_11.hlsl - Importer: ScriptedImporter/UnityEditor.QuickSearchModule:UnityEditor.Search:ASIAI0B
Importing 'GUID: 691e950f7acb24df5be4c31303d0991a - Path: Packages/com.unity.render-pipelines.universal/Shaders/PostProcessing/FXAA3_11.hlsl - Importer: ScriptedImporter/UnityEditor.QuickSearchModule:UnityEditor.Search:ASIAI0B' with importer (ScriptedImporter : UnityEditor.QuickSearchModule:UnityEditor.Search:ASIAI0B)
Imported 'GUID: 691e950f7acb24df5be4c31303d0991a' -> (Import Result ID: '3755449ad19c4ebaf694319cf7d84fb6') in 0.004 seconds [static and dynamic dependencies]. Details - ImportResultOutputID=6ba388e8b04d1242a870443e4b3e0a2f DependenciesID=3e90ca090b3674d87d2eb7300841ab81 StaticDependenciesID=6e6d39816b63ed06b29e100f318e5c90 
Number of updated asset objects reloaded before import = 0
Number of asset objects unloaded after import = 1
========================================================================
Received Import Request.
  Time of request: 2026-08-26T03:18:57.8130046Z
  Time since last request: 0.0001783 seconds.
  importAddress: GUID: 637c27b6fe6224a06b2b066769d0a6e6 - Path: Packages/com.unity.render-pipelines.universal/Shaders/Particles/ParticlesDepthNormalsPass.hlsl - Importer: ScriptedImporter/UnityEditor.QuickSearchModule:UnityEditor.Search:ASIAI0B
Importing 'GUID: 637c27b6fe6224a06b2b066769d0a6e6 - Path: Packages/com.unity.render-pipelines.universal/Shaders/Particles/ParticlesDepthNormalsPass.hlsl - Importer: ScriptedImporter/UnityEditor.QuickSearchModule:UnityEditor.Search:ASIAI0B' with importer (ScriptedImporter : UnityEditor.QuickSearchModule:UnityEditor.Search:ASIAI0B)
Imported 'GUID: 637c27b6fe6224a06b2b066769d0a6e6' -> (Import Result ID: '9687f09adb121aa0b8b1afd8142c6f42') in 0.004 seconds [static and dynamic dependencies]. Details - ImportResultOutputID=41f145b01bba859d66ba284ef1079c6e DependenciesID=65047fec097449fdd0808891bc2d6f9e StaticDependenciesID=3d133533e7e9f6194480a022fdf6be9a 
Number of updated asset objects reloaded before import = 0
Number of asset objects unloaded after import = 1
========================================================================
Received Import Request.
  Time of request: 2026-08-26T03:18:57.8288074Z
  Time since last request: 0.0003657 seconds.
  importAddress: GUID: 21322c8b137c66e49b86085d3c8161f6 - Path: Packages/com.unity.render-pipelines.universal/Shaders/Terrain/TerrainLitBase.shader - Importer: ScriptedImporter/UnityEditor.QuickSearchModule:UnityEditor.Search:ASIAI0B
Importing 'GUID: 21322c8b137c66e49b86085d3c8161f6 - Path: Packages/com.unity.render-pipelines.universal/Shaders/Terrain/TerrainLitBase.shader - Importer: ScriptedImporter/UnityEditor.QuickSearchModule:UnityEditor.Search:ASIAI0B' with importer (ScriptedImporter : UnityEditor.QuickSearchModule:UnityEditor.Search:ASIAI0B)
Imported 'GUID: 21322c8b137c66e49b86085d3c8161f6' -> (Import Result ID: '3c9ed9a7b688a7d81131b521b4beb1a5') in 0.005 seconds [static and dynamic dependencies]. Details - ImportResultOutputID=b168b59f4e39dba1dd67a80fb8d07682 DependenciesID=d1ad2da71e65ba71eb8da8311e8baa6a StaticDependenciesID=99bfd8b83c4f6f1b2fe65f2b8fba988c 
Number of updated asset objects reloaded before import = 0
Number of asset objects unloaded after import = 1
========================================================================
Received Import Request.
  Time of request: 2026-08-26T03:18:57.8450319Z
  Time since last request: 0.0002832 seconds.
  importAddress: GUID: f6783ab646d374f94b199774402a5144 - Path: Packages/com.unity.render-pipelines.universal/Shaders/Terrain/TerrainDetailLit.shader - Importer: ScriptedImporter/UnityEditor.QuickSearchModule:UnityEditor.Search:ASIAI0B
Importing 'GUID: f6783ab646d374f94b199774402a5144 - Path: Packages/com.unity.render-pipelines.universal/Shaders/Terrain/TerrainDetailLit.shader - Importer: ScriptedImporter/UnityEditor.QuickSearchModule:UnityEditor.Search:ASIAI0B' with importer (ScriptedImporter : UnityEditor.QuickSearchModule:UnityEditor.Search:ASIAI0B)
Imported 'GUID: f6783ab646d374f94b199774402a5144' -> (Import Result ID: 'bea8e7b33fa24f1effa795a782e3bff1') in 0.005 seconds [static and dynamic dependencies]. Details - ImportResultOutputID=41d552a8d921d1c9edf42d617f200a4d DependenciesID=1c73936ae321ba9cde12743113258a07 StaticDependenciesID=4360eab404b1d167731f6e67c2beafde 
Number of updated asset objects reloaded before import = 0
Number of asset objects unloaded after import = 1
========================================================================
Received Import Request.
  Time of request: 2026-08-26T03:18:57.862516Z
  Time since last request: 0.0002608 seconds.
  importAddress: GUID: 69c1f799e772cb6438f56c23efccb782 - Path: Packages/com.unity.render-pipelines.universal/Shaders/Terrain/TerrainLit.shader - Importer: ScriptedImporter/UnityEditor.QuickSearchModule:UnityEditor.Search:ASIAI0B
Importing 'GUID: 69c1f799e772cb6438f56c23efccb782 - Path: Packages/com.unity.render-pipelines.universal/Shaders/Terrain/TerrainLit.shader - Importer: ScriptedImporter/UnityEditor.QuickSearchModule:UnityEditor.Search:ASIAI0B' with importer (ScriptedImporter : UnityEditor.QuickSearchModule:UnityEditor.Search:ASIAI0B)
Imported 'GUID: 69c1f799e772cb6438f56c23efccb782' -> (Import Result ID: 'ff0e2dbf0d82c854296435d9a261584c') in 0.005 seconds [static and dynamic dependencies]. Details - ImportResultOutputID=b9fd3c32978849a29f1f2e234950d5c8 DependenciesID=01f7be67ec0f684533c1ee53e2976974 StaticDependenciesID=1d66f03cf0b9ac85d760ea2328df908e 
Number of updated asset objects reloaded before import = 0
Number of asset objects unloaded after import = 1
========================================================================
Received Import Request.
  Time of request: 2026-08-26T03:18:57.8792393Z
  Time since last request: 0.0002975 seconds.
  importAddress: GUID: 24a73dccd7b6fad4798be282f96a21f4 - Path: Packages/com.unity.render-pipelines.universal/Shaders/2D/VFXSpriteLit.shadergraph - Importer: ScriptedImporter/UnityEditor.QuickSearchModule:UnityEditor.Search:ASIAI0B
Importing 'GUID: 24a73dccd7b6fad4798be282f96a21f4 - Path: Packages/com.unity.render-pipelines.universal/Shaders/2D/VFXSpriteLit.shadergraph - Importer: ScriptedImporter/UnityEditor.QuickSearchModule:UnityEditor.Search:ASIAI0B' with importer (ScriptedImporter : UnityEditor.QuickSearchModule:UnityEditor.Search:ASIAI0B)
Imported 'GUID: 24a73dccd7b6fad4798be282f96a21f4' -> (Import Result ID: 'e7ab054bdd31163e4258f39f91d6c017') in 0.008 seconds [static and dynamic dependencies]. Details - ImportResultOutputID=dda53086f5f83e6cb3248e7fd80bbbee DependenciesID=369ab9e52dee83fddc6f0b37a800ec44 StaticDependenciesID=2eaefd703093868e3512af4516518746 
Number of updated asset objects reloaded before import = 0
Number of asset objects unloaded after import = 4
========================================================================
Received Import Request.
  Time of request: 2026-08-26T03:18:57.9002917Z
  Time since last request: 0.000041 seconds.
  importAddress: GUID: 5c81372d981403744adbdda4433c9c11 - Path: Packages/com.unity.render-pipelines.universal/Shaders/AutodeskInteractive/AutodeskInteractiveTransparent.shadergraph - Importer: ScriptedImporter/UnityEditor.QuickSearchModule:UnityEditor.Search:ASIAI0B
Importing 'GUID: 5c81372d981403744adbdda4433c9c11 - Path: Packages/com.unity.render-pipelines.universal/Shaders/AutodeskInteractive/AutodeskInteractiveTransparent.shadergraph - Importer: ScriptedImporter/UnityEditor.QuickSearchModule:UnityEditor.Search:ASIAI0B' with importer (ScriptedImporter : UnityEditor.QuickSearchModule:UnityEditor.Search:ASIAI0B)
Imported 'GUID: 5c81372d981403744adbdda4433c9c11' -> (Import Result ID: '30d1b2041bba2959d70957a9ce1d8576') in 0.010 seconds [static and dynamic dependencies]. Details - ImportResultOutputID=33e231418e82836a32982cbeabddcdd0 DependenciesID=a6bb0c6870fe943b791d99d6f0bf21cb StaticDependenciesID=38c2381d052ed164009f78bb2bddc08b 
Number of updated asset objects reloaded before import = 0
Number of asset objects unloaded after import = 6
========================================================================
Received Import Request.
  Time of request: 2026-08-26T03:18:57.9424143Z
  Time since last request: 0.0215342 seconds.
  importAddress: GUID: 7bd051581c284375b0ba2d185aca3541 - Path: Packages/com.unity.render-pipelines.universal/Tests/Editor/RenderingLayersTests.cs - Importer: ScriptedImporter/UnityEditor.QuickSearchModule:UnityEditor.Search:ASIAI0B
Importing 'GUID: 7bd051581c284375b0ba2d185aca3541 - Path: Packages/com.unity.render-pipelines.universal/Tests/Editor/RenderingLayersTests.cs - Importer: ScriptedImporter/UnityEditor.QuickSearchModule:UnityEditor.Search:ASIAI0B' with importer (ScriptedImporter : UnityEditor.QuickSearchModule:UnityEditor.Search:ASIAI0B)
Imported 'GUID: 7bd051581c284375b0ba2d185aca3541' -> (Import Result ID: '3f2a4c232092c5d1691813feb1fc6c21') in 0.003 seconds [static and dynamic dependencies]. Details - ImportResultOutputID=ac0e25b23a28f98859acdfd9a1062197 DependenciesID=bccf762457d55c9087348883aa538d3d StaticDependenciesID=9549d9d164a6f9ac045ff7003eec1a46 
Number of updated asset objects reloaded before import = 0
Number of asset objects unloaded after import = 0
========================================================================
Received Import Request.
  Time of request: 2026-08-26T03:18:57.9574619Z
  Time since last request: 0.0006484 seconds.
  importAddress: GUID: 3db6f9b04a31ea949aa7369a94fbbb8e - Path: Packages/com.unity.render-pipelines.universal/Tests/Runtime/LightTests.cs - Importer: ScriptedImporter/UnityEditor.QuickSearchModule:UnityEditor.Search:ASIAI0B
Importing 'GUID: 3db6f9b04a31ea949aa7369a94fbbb8e - Path: Packages/com.unity.render-pipelines.universal/Tests/Runtime/LightTests.cs - Importer: ScriptedImporter/UnityEditor.QuickSearchModule:UnityEditor.Search:ASIAI0B' with importer (ScriptedImporter : UnityEditor.QuickSearchModule:UnityEditor.Search:ASIAI0B)
Imported 'GUID: 3db6f9b04a31ea949aa7369a94fbbb8e' -> (Import Result ID: 'c71b3b7f8fc9574811dad52496fe211d') in 0.004 seconds [static and dynamic dependencies]. Details - ImportResultOutputID=1e861c195570cc55caf97c72e845ca1c DependenciesID=4670ca765152bd8615e9ec8d19a8e8db StaticDependenciesID=22bd4270f7870a740a03bdf10b36f7b3 
Number of updated asset objects reloaded before import = 0
Number of asset objects unloaded after import = 0
========================================================================
Received Import Request.
  Time of request: 2026-08-26T03:18:57.9732921Z
  Time since last request: 0.0003107 seconds.
  importAddress: GUID: 4a5118ba2fa293c4b8a60da869ccea72 - Path: Packages/com.unity.render-pipelines.universal/Tests/Runtime/TerrainShaderTests.cs - Importer: ScriptedImporter/UnityEditor.QuickSearchModule:UnityEditor.Search:ASIAI0B
Importing 'GUID: 4a5118ba2fa293c4b8a60da869ccea72 - Path: Packages/com.unity.render-pipelines.universal/Tests/Runtime/TerrainShaderTests.cs - Importer: ScriptedImporter/UnityEditor.QuickSearchModule:UnityEditor.Search:ASIAI0B' with importer (ScriptedImporter : UnityEditor.QuickSearchModule:UnityEditor.Search:ASIAI0B)
Imported 'GUID: 4a5118ba2fa293c4b8a60da869ccea72' -> (Import Result ID: 'de637aee41d879d571f87e788908bcdd') in 0.006 seconds [static and dynamic dependencies]. Details - ImportResultOutputID=a5f5df4726156b61824d1a2ba1afe2ed DependenciesID=f845aeeb22df5bb2d92f102bf4baa850 StaticDependenciesID=1d68d1fff30648a10cc8830e44098a46 
Number of updated asset objects reloaded before import = 0
Number of asset objects unloaded after import = 0
========================================================================
Received Import Request.
  Time of request: 2026-08-26T03:18:57.9920881Z
  Time since last request: 0.000368 seconds.
  importAddress: GUID: f89aac1e4f84468418fe30e611dff395 - Path: Packages/com.unity.render-pipelines.universal/Shaders/XR/XRMotionVector.shader - Importer: ScriptedImporter/UnityEditor.QuickSearchModule:UnityEditor.Search:ASIAI0B
Importing 'GUID: f89aac1e4f84468418fe30e611dff395 - Path: Packages/com.unity.render-pipelines.universal/Shaders/XR/XRMotionVector.shader - Importer: ScriptedImporter/UnityEditor.QuickSearchModule:UnityEditor.Search:ASIAI0B' with importer (ScriptedImporter : UnityEditor.QuickSearchModule:UnityEditor.Search:ASIAI0B)
Imported 'GUID: f89aac1e4f84468418fe30e611dff395' -> (Import Result ID: '26b4027ef84495f5f78a61d8ce7e6e2a') in 0.005 seconds [static and dynamic dependencies]. Details - ImportResultOutputID=d40a82b937eff257948ad09e3cc73e23 DependenciesID=a3d0493d0659db8027be7ab4f8d2ef19 StaticDependenciesID=e5feb9083923f4fa6efdc753672e5288 
Number of updated asset objects reloaded before import = 0
Number of asset objects unloaded after import = 1
========================================================================
Received Import Request.
  Time of request: 2026-08-26T03:18:58.0088223Z
  Time since last request: 0.0003958 seconds.
  importAddress: GUID: 83384e2d6206c8649ba879ec271c4254 - Path: Packages/com.unity.render-pipelines.universal/Shaders/Utils/StencilDeferred.hlsl - Importer: ScriptedImporter/UnityEditor.QuickSearchModule:UnityEditor.Search:ASIAI0B
Importing 'GUID: 83384e2d6206c8649ba879ec271c4254 - Path: Packages/com.unity.render-pipelines.universal/Shaders/Utils/StencilDeferred.hlsl - Importer: ScriptedImporter/UnityEditor.QuickSearchModule:UnityEditor.Search:ASIAI0B' with importer (ScriptedImporter : UnityEditor.QuickSearchModule:UnityEditor.Search:ASIAI0B)
Imported 'GUID: 83384e2d6206c8649ba879ec271c4254' -> (Import Result ID: '76f8d422ace7cf0fc6bd5de4fc6e6b1b') in 0.004 seconds [static and dynamic dependencies]. Details - ImportResultOutputID=fc3709cca341cae8c4dfa80721eb9db6 DependenciesID=2df5870e9e2f27e26e1d0f06b177fd46 StaticDependenciesID=739430afe9d556fdcd5fde6c08266e35 
Number of updated asset objects reloaded before import = 0
Number of asset objects unloaded after import = 1
========================================================================
Received Import Request.
  Time of request: 2026-08-26T03:18:58.0242905Z
  Time since last request: 0.0004304 seconds.
  importAddress: GUID: 222cce62363a44a380c36bf03b392608 - Path: Packages/com.unity.render-pipelines.universal/Shaders/Utils/ClusterDeferred.shader - Importer: ScriptedImporter/UnityEditor.QuickSearchModule:UnityEditor.Search:ASIAI0B
Importing 'GUID: 222cce62363a44a380c36bf03b392608 - Path: Packages/com.unity.render-pipelines.universal/Shaders/Utils/ClusterDeferred.shader - Importer: ScriptedImporter/UnityEditor.QuickSearchModule:UnityEditor.Search:ASIAI0B' with importer (ScriptedImporter : UnityEditor.QuickSearchModule:UnityEditor.Search:ASIAI0B)
Imported 'GUID: 222cce62363a44a380c36bf03b392608' -> (Import Result ID: 'bc56edc97b9d3fdb53b0e5c5802f2c08') in 0.005 seconds [static and dynamic dependencies]. Details - ImportResultOutputID=b762834f31642ba423098a440d540e8a DependenciesID=92485b6badc6ef3d6bb99f74fda2d62c StaticDependenciesID=bddf63ad9e08218af17831f2116ba210 
Number of updated asset objects reloaded before import = 0
Number of asset objects unloaded after import = 1
========================================================================
Received Import Request.
  Time of request: 2026-08-26T03:18:58.0419699Z
  Time since last request: 0.0004018 seconds.
  importAddress: GUID: e6e9a19c3678ded42a3bc431ebef7dbd - Path: Packages/com.unity.render-pipelines.universal/Shaders/Utils/FallbackError.shader - Importer: ScriptedImporter/UnityEditor.QuickSearchModule:UnityEditor.Search:ASIAI0B
Importing 'GUID: e6e9a19c3678ded42a3bc431ebef7dbd - Path: Packages/com.unity.render-pipelines.universal/Shaders/Utils/FallbackError.shader - Importer: ScriptedImporter/UnityEditor.QuickSearchModule:UnityEditor.Search:ASIAI0B' with importer (ScriptedImporter : UnityEditor.QuickSearchModule:UnityEditor.Search:ASIAI0B)
Imported 'GUID: e6e9a19c3678ded42a3bc431ebef7dbd' -> (Import Result ID: '3d281057b94473cb5591d18bfd3fe8bb') in 0.005 seconds [static and dynamic dependencies]. Details - ImportResultOutputID=1da7b67170a102286e29ba1f5b67bc84 DependenciesID=2e9742fc02b6d7e12f5c102abfda6009 StaticDependenciesID=2216b6ec4105e8dcd2838154e3aeb586 
Number of updated asset objects reloaded before import = 0
Number of asset objects unloaded after import = 1
========================================================================
Received Import Request.
  Time of request: 2026-08-26T03:18:58.0586348Z
  Time since last request: 0.0006676 seconds.
  importAddress: GUID: 3846104859549aa4eb627e318722149f - Path: Packages/com.unity.render-pipelines.universal/Tests/Runtime/RuntimeTests.cs - Importer: ScriptedImporter/UnityEditor.QuickSearchModule:UnityEditor.Search:ASIAI0B
Importing 'GUID: 3846104859549aa4eb627e318722149f - Path: Packages/com.unity.render-pipelines.universal/Tests/Runtime/RuntimeTests.cs - Importer: ScriptedImporter/UnityEditor.QuickSearchModule:UnityEditor.Search:ASIAI0B' with importer (ScriptedImporter : UnityEditor.QuickSearchModule:UnityEditor.Search:ASIAI0B)
Imported 'GUID: 3846104859549aa4eb627e318722149f' -> (Import Result ID: 'dede46d16d91515d6020a1d6ea76b119') in 0.004 seconds [static and dynamic dependencies]. Details - ImportResultOutputID=02417a9d5f35b5da2633fe0364554aaa DependenciesID=43249f0b543d22dccab244527636e5a8 StaticDependenciesID=2ea7a43b95c8b6b96443bd54974c3fb5 
Number of updated asset objects reloaded before import = 0
Number of asset objects unloaded after import = 0
========================================================================
Received Import Request.
  Time of request: 2026-08-26T03:18:58.0755544Z
  Time since last request: 0.0002943 seconds.
  importAddress: GUID: affb8a852369435f8e6a36bf7893715f - Path: Packages/com.unity.render-pipelines.universal/Shaders/Utils/ClusterDeferred.hlsl - Importer: ScriptedImporter/UnityEditor.QuickSearchModule:UnityEditor.Search:ASIAI0B
Importing 'GUID: affb8a852369435f8e6a36bf7893715f - Path: Packages/com.unity.render-pipelines.universal/Shaders/Utils/ClusterDeferred.hlsl - Importer: ScriptedImporter/UnityEditor.QuickSearchModule:UnityEditor.Search:ASIAI0B' with importer (ScriptedImporter : UnityEditor.QuickSearchModule:UnityEditor.Search:ASIAI0B)
Imported 'GUID: affb8a852369435f8e6a36bf7893715f' -> (Import Result ID: 'd862a0b53dcc2f8fc3c2153fad4f46ce') in 0.005 seconds [static and dynamic dependencies]. Details - ImportResultOutputID=6b49135bdc2783fd496a46c7536f6900 DependenciesID=db997f30e9fd2bf64eee634702e1a644 StaticDependenciesID=1b79465b44119dd01ac4eda67761b130 
Number of updated asset objects reloaded before import = 0
Number of asset objects unloaded after import = 1
========================================================================
Received Import Request.
  Time of request: 2026-08-26T03:18:58.0926976Z
  Time since last request: 0.0002363 seconds.
  importAddress: GUID: d104b2fc1ca6445babb8e90b0758136b - Path: Packages/com.unity.render-pipelines.universal/Shaders/Utils/CoreBlitColorAndDepth.shader - Importer: ScriptedImporter/UnityEditor.QuickSearchModule:UnityEditor.Search:ASIAI0B
Importing 'GUID: d104b2fc1ca6445babb8e90b0758136b - Path: Packages/com.unity.render-pipelines.universal/Shaders/Utils/CoreBlitColorAndDepth.shader - Importer: ScriptedImporter/UnityEditor.QuickSearchModule:UnityEditor.Search:ASIAI0B' with importer (ScriptedImporter : UnityEditor.QuickSearchModule:UnityEditor.Search:ASIAI0B)
Imported 'GUID: d104b2fc1ca6445babb8e90b0758136b' -> (Import Result ID: '1bfb898ce7e3bc7339bda2b2e1800539') in 0.005 seconds [static and dynamic dependencies]. Details - ImportResultOutputID=a39aea1bbfd8b66b35df8f57eacc7cd6 DependenciesID=9961e567aa686a18ddf1e1cc60cabbe1 StaticDependenciesID=ce2ebc1b06a7f586abfc3d73c67d7c02 
Number of updated asset objects reloaded before import = 0
Number of asset objects unloaded after import = 1
========================================================================
Received Import Request.
  Time of request: 2026-08-26T03:18:58.1100057Z
  Time since last request: 0.0003473 seconds.
  importAddress: GUID: d6dae50ee9e1bfa4db75f19f99355220 - Path: Packages/com.unity.render-pipelines.universal/Shaders/Utils/CopyDepth.shader - Importer: ScriptedImporter/UnityEditor.QuickSearchModule:UnityEditor.Search:ASIAI0B
Importing 'GUID: d6dae50ee9e1bfa4db75f19f99355220 - Path: Packages/com.unity.render-pipelines.universal/Shaders/Utils/CopyDepth.shader - Importer: ScriptedImporter/UnityEditor.QuickSearchModule:UnityEditor.Search:ASIAI0B' with importer (ScriptedImporter : UnityEditor.QuickSearchModule:UnityEditor.Search:ASIAI0B)
Imported 'GUID: d6dae50ee9e1bfa4db75f19f99355220' -> (Import Result ID: '9c83c7cd4c97bee0e0ef5c3a4604db4d') in 0.004 seconds [static and dynamic dependencies]. Details - ImportResultOutputID=28a54248e6980297e5feefb979bd8801 DependenciesID=4543694016a355874bcf610c2db56751 StaticDependenciesID=cc512f658975067ae19a72eb4c2438a0 
Number of updated asset objects reloaded before import = 0
Number of asset objects unloaded after import = 1
========================================================================
Received Import Request.
  Time of request: 2026-08-26T03:18:58.1270252Z
  Time since last request: 0.0002698 seconds.
  importAddress: GUID: 3d17dfbc1c864f5b993c279862bf9a0f - Path: Packages/com.unity.render-pipelines.universal/Shaders/Utils/SurfaceType.hlsl - Importer: ScriptedImporter/UnityEditor.QuickSearchModule:UnityEditor.Search:ASIAI0B
Importing 'GUID: 3d17dfbc1c864f5b993c279862bf9a0f - Path: Packages/com.unity.render-pipelines.universal/Shaders/Utils/SurfaceType.hlsl - Importer: ScriptedImporter/UnityEditor.QuickSearchModule:UnityEditor.Search:ASIAI0B' with importer (ScriptedImporter : UnityEditor.QuickSearchModule:UnityEditor.Search:ASIAI0B)
Imported 'GUID: 3d17dfbc1c864f5b993c279862bf9a0f' -> (Import Result ID: 'deee3f7f009bd64404d1916bae679bdc') in 0.004 seconds [static and dynamic dependencies]. Details - ImportResultOutputID=5720e25ee4a2e12495aac55356e852dc DependenciesID=a360f3b3df39314d2b536756ea08cb7e StaticDependenciesID=fe599f51f2742420e28fe381af22e5fd 
Number of updated asset objects reloaded before import = 0
Number of asset objects unloaded after import = 1
========================================================================
Received Import Request.
  Time of request: 2026-08-26T03:18:58.1450278Z
  Time since last request: 0.0004012 seconds.
  importAddress: GUID: 04c410c9937594faa893a11dceb85f7e - Path: Packages/com.unity.render-pipelines.universal/Shaders/Utils/Sampling.shader - Importer: ScriptedImporter/UnityEditor.QuickSearchModule:UnityEditor.Search:ASIAI0B
Importing 'GUID: 04c410c9937594faa893a11dceb85f7e - Path: Packages/com.unity.render-pipelines.universal/Shaders/Utils/Sampling.shader - Importer: ScriptedImporter/UnityEditor.QuickSearchModule:UnityEditor.Search:ASIAI0B' with importer (ScriptedImporter : UnityEditor.QuickSearchModule:UnityEditor.Search:ASIAI0B)
Imported 'GUID: 04c410c9937594faa893a11dceb85f7e' -> (Import Result ID: '1e498091c9ca72b95774d4daeeef18ca') in 0.005 seconds [static and dynamic dependencies]. Details - ImportResultOutputID=82e0a720bfb308f0d6ed2a14adbfa9b3 DependenciesID=a3a1c0a9b8a97e3ba4ca37db6594d3ba StaticDependenciesID=9578d8a694d1d237ea51d77d3e55d545 
Number of updated asset objects reloaded before import = 0
Number of asset objects unloaded after import = 1
========================================================================
Received Import Request.
  Time of request: 2026-08-26T03:18:58.1625675Z
  Time since last request: 0.0003882 seconds.
  importAddress: GUID: 3fc1d215954974240928b390996c4362 - Path: Packages/com.unity.render-pipelines.universal/Tests/Editor/SupportedOnRendererAttributeTests.cs - Importer: ScriptedImporter/UnityEditor.QuickSearchModule:UnityEditor.Search:ASIAI0B
Importing 'GUID: 3fc1d215954974240928b390996c4362 - Path: Packages/com.unity.render-pipelines.universal/Tests/Editor/SupportedOnRendererAttributeTests.cs - Importer: ScriptedImporter/UnityEditor.QuickSearchModule:UnityEditor.Search:ASIAI0B' with importer (ScriptedImporter : UnityEditor.QuickSearchModule:UnityEditor.Search:ASIAI0B)
Imported 'GUID: 3fc1d215954974240928b390996c4362' -> (Import Result ID: '8afbf44ab3e46de61b353a65b485c057') in 0.004 seconds [static and dynamic dependencies]. Details - ImportResultOutputID=6e4d7dce0fb4183e30b9389f9c99e53e DependenciesID=d44cee0134fd8e31e7b21db5710a5ae6 StaticDependenciesID=5ce2ba88820deac02d5ab4ee59257d64 
Number of updated asset objects reloaded before import = 0
Number of asset objects unloaded after import = 0
========================================================================
Received Import Request.
  Time of request: 2026-08-26T03:18:58.1790827Z
  Time since last request: 0.0003458 seconds.
  importAddress: GUID: 27afde9fbf110b740bc75164f58d4f21 - Path: Packages/com.unity.render-pipelines.universal/Tests/Runtime/Light2DTests.cs - Importer: ScriptedImporter/UnityEditor.QuickSearchModule:UnityEditor.Search:ASIAI0B
Importing 'GUID: 27afde9fbf110b740bc75164f58d4f21 - Path: Packages/com.unity.render-pipelines.universal/Tests/Runtime/Light2DTests.cs - Importer: ScriptedImporter/UnityEditor.QuickSearchModule:UnityEditor.Search:ASIAI0B' with importer (ScriptedImporter : UnityEditor.QuickSearchModule:UnityEditor.Search:ASIAI0B)
Imported 'GUID: 27afde9fbf110b740bc75164f58d4f21' -> (Import Result ID: '3f89bcc1f82d0e594305c229a12fe85b') in 0.004 seconds [static and dynamic dependencies]. Details - ImportResultOutputID=caf665ee603fdefbb3cd26b0504da7ec DependenciesID=25a2680cf01d7d3ae29fcba8a03a5805 StaticDependenciesID=0516ca6ce65b10b7732c5ed646abb963 
Number of updated asset objects reloaded before import = 0
Number of asset objects unloaded after import = 0
========================================================================
Received Import Request.
  Time of request: 2026-08-26T03:18:58.1966054Z
  Time since last request: 0.0004111 seconds.
  importAddress: GUID: 42af586c09f391941a2a8a7bd5164b31 - Path: Packages/com.unity.render-pipelines.universal/Tests/Editor/EditorTests.cs - Importer: ScriptedImporter/UnityEditor.QuickSearchModule:UnityEditor.Search:ASIAI0B
Importing 'GUID: 42af586c09f391941a2a8a7bd5164b31 - Path: Packages/com.unity.render-pipelines.universal/Tests/Editor/EditorTests.cs - Importer: ScriptedImporter/UnityEditor.QuickSearchModule:UnityEditor.Search:ASIAI0B' with importer (ScriptedImporter : UnityEditor.QuickSearchModule:UnityEditor.Search:ASIAI0B)
Imported 'GUID: 42af586c09f391941a2a8a7bd5164b31' -> (Import Result ID: '50481b689c790908ecd90afa482f2897') in 0.004 seconds [static and dynamic dependencies]. Details - ImportResultOutputID=f6de0ad19a518c2f68020be6da64cc47 DependenciesID=d1a53f5c07e17c6d22d21e644f363f78 StaticDependenciesID=df6fa3ae2568cc86d016bfd7ff4d7baf 
Number of updated asset objects reloaded before import = 0
Number of asset objects unloaded after import = 0
========================================================================
Received Import Request.
  Time of request: 2026-08-26T03:18:58.2267586Z
  Time since last request: 0.0140517 seconds.
  importAddress: GUID: a56824d790f2d894b87761a6d3c6f176 - Path: Packages/com.unity.render-pipelines.universal/Editor/2D/Converter/BuiltInToURP2DRenderSettingsConverter.cs - Importer: ScriptedImporter/UnityEditor.QuickSearchModule:UnityEditor.Search:ASIAI0B
Importing 'GUID: a56824d790f2d894b87761a6d3c6f176 - Path: Packages/com.unity.render-pipelines.universal/Editor/2D/Converter/BuiltInToURP2DRenderSettingsConverter.cs - Importer: ScriptedImporter/UnityEditor.QuickSearchModule:UnityEditor.Search:ASIAI0B' with importer (ScriptedImporter : UnityEditor.QuickSearchModule:UnityEditor.Search:ASIAI0B)
Imported 'GUID: a56824d790f2d894b87761a6d3c6f176' -> (Import Result ID: '93032b3130cf9560f51b2abf84ca1531') in 0.004 seconds [static and dynamic dependencies]. Details - ImportResultOutputID=b03ab968e9cc3e237e189d31a880ee17 DependenciesID=61911bbaa79916e09b7a23d74c200476 StaticDependenciesID=a0f45ea9c56c7d9e08453b5524a58e76 
Number of updated asset objects reloaded before import = 0
Number of asset objects unloaded after import = 0
========================================================================
Received Import Request.
  Time of request: 2026-08-26T03:18:58.2420754Z
  Time since last request: 0.0004828 seconds.
  importAddress: GUID: 02232385c7b444348987d74db8dd7b2e - Path: Packages/com.unity.render-pipelines.universal/Editor/2D/Resources/LightCapDown.png - Importer: ScriptedImporter/UnityEditor.QuickSearchModule:UnityEditor.Search:ASIAI0B
Importing 'GUID: 02232385c7b444348987d74db8dd7b2e - Path: Packages/com.unity.render-pipelines.universal/Editor/2D/Resources/LightCapDown.png - Importer: ScriptedImporter/UnityEditor.QuickSearchModule:UnityEditor.Search:ASIAI0B' with importer (ScriptedImporter : UnityEditor.QuickSearchModule:UnityEditor.Search:ASIAI0B)
Imported 'GUID: 02232385c7b444348987d74db8dd7b2e' -> (Import Result ID: '9209486caa42f36c453bd1b16e91535d') in 0.010 seconds [static and dynamic dependencies]. Details - ImportResultOutputID=6f1c524ef3df97acd0f956a4a33b43e6 DependenciesID=88f65d2d040ff898b77a7acc605a8398 StaticDependenciesID=9da0665d6242f5af6c57494e74eee9cc 
Number of updated asset objects reloaded before import = 0
Number of asset objects unloaded after import = 1
========================================================================
Received Import Request.
  Time of request: 2026-08-26T03:18:58.2646785Z
  Time since last request: 0.0006007 seconds.
  importAddress: GUID: 7cba34d70552e144586a4d3ce4a33de5 - Path: Packages/com.unity.render-pipelines.universal/Editor/2D/Resources/PixelPerfectCamera.png - Importer: ScriptedImporter/UnityEditor.QuickSearchModule:UnityEditor.Search:ASIAI0B
Importing 'GUID: 7cba34d70552e144586a4d3ce4a33de5 - Path: Packages/com.unity.render-pipelines.universal/Editor/2D/Resources/PixelPerfectCamera.png - Importer: ScriptedImporter/UnityEditor.QuickSearchModule:UnityEditor.Search:ASIAI0B' with importer (ScriptedImporter : UnityEditor.QuickSearchModule:UnityEditor.Search:ASIAI0B)
Imported 'GUID: 7cba34d70552e144586a4d3ce4a33de5' -> (Import Result ID: '9eba30b049d626a03934bb552a5188ee') in 0.011 seconds [static and dynamic dependencies]. Details - ImportResultOutputID=e658d0a1b7fb49598934d65cdf14f9fa DependenciesID=a40d2b2dd20196b96d4cfd02be4f7ce6 StaticDependenciesID=27a358be20becc72c2151d631a7923ad 
Number of updated asset objects reloaded before import = 0
Number of asset objects unloaded after import = 1
========================================================================
Received Import Request.
  Time of request: 2026-08-26T03:18:58.2912517Z
  Time since last request: 0.0003095 seconds.
  importAddress: GUID: 7f54b2764826949c192810bd3944abcc - Path: Packages/com.unity.render-pipelines.universal/Editor/2D/LightBatchingDebugger/LightBatchingDebugger.uxml - Importer: ScriptedImporter/UnityEditor.QuickSearchModule:UnityEditor.Search:ASIAI0B
Importing 'GUID: 7f54b2764826949c192810bd3944abcc - Path: Packages/com.unity.render-pipelines.universal/Editor/2D/LightBatchingDebugger/LightBatchingDebugger.uxml - Importer: ScriptedImporter/UnityEditor.QuickSearchModule:UnityEditor.Search:ASIAI0B' with importer (ScriptedImporter : UnityEditor.QuickSearchModule:UnityEditor.Search:ASIAI0B)
Imported 'GUID: 7f54b2764826949c192810bd3944abcc' -> (Import Result ID: '4b18c5b225606e40b469edf228c162b2') in 0.135 seconds [static and dynamic dependencies]. Details - ImportResultOutputID=f2f66df0c769414af2bcbca4a03ac99b DependenciesID=250d15237db209136bc267adb59400cc StaticDependenciesID=eb4a76c9e568ee3cb58c1e77b3dbdc12 
Number of updated asset objects reloaded before import = 0
Number of asset objects unloaded after import = 3
========================================================================
Received Import Request.
  Time of request: 2026-08-26T03:18:58.4401822Z
  Time since last request: 0.0002811 seconds.
  importAddress: GUID: aa2366bbec4f77041b59b590de916a32 - Path: Packages/com.unity.render-pipelines.universal/Editor/2D/Converter/URP3DToURP2DShaderConverter.cs - Importer: ScriptedImporter/UnityEditor.QuickSearchModule:UnityEditor.Search:ASIAI0B
Importing 'GUID: aa2366bbec4f77041b59b590de916a32 - Path: Packages/com.unity.render-pipelines.universal/Editor/2D/Converter/URP3DToURP2DShaderConverter.cs - Importer: ScriptedImporter/UnityEditor.QuickSearchModule:UnityEditor.Search:ASIAI0B' with importer (ScriptedImporter : UnityEditor.QuickSearchModule:UnityEditor.Search:ASIAI0B)
Imported 'GUID: aa2366bbec4f77041b59b590de916a32' -> (Import Result ID: 'bce554256faa4e26c3a35ed8a117c325') in 0.003 seconds [static and dynamic dependencies]. Details - ImportResultOutputID=bbcd4c35582289c08b908007bf804c6e DependenciesID=2bbc6de23da9051a41deb626ff6d496f StaticDependenciesID=847caf7bc41059b283a8bc875c190d90 
Number of updated asset objects reloaded before import = 0
Number of asset objects unloaded after import = 0
========================================================================
Received Import Request.
  Time of request: 2026-08-26T03:18:58.4570807Z
  Time since last request: 0.0003909 seconds.
  importAddress: GUID: 3302065f671a8450b82c9ddf07426f3a - Path: Packages/com.unity.render-pipelines.universal/Textures/BlueNoise256/LDR_LLL1_5.png - Importer: ScriptedImporter/UnityEditor.QuickSearchModule:UnityEditor.Search:ASIAI0B
Importing 'GUID: 3302065f671a8450b82c9ddf07426f3a - Path: Packages/com.unity.render-pipelines.universal/Textures/BlueNoise256/LDR_LLL1_5.png - Importer: ScriptedImporter/UnityEditor.QuickSearchModule:UnityEditor.Search:ASIAI0B' with importer (ScriptedImporter : UnityEditor.QuickSearchModule:UnityEditor.Search:ASIAI0B)
Imported 'GUID: 3302065f671a8450b82c9ddf07426f3a' -> (Import Result ID: '22a042919b8d0df8c5f17a3a861d99dc') in 0.010 seconds [static and dynamic dependencies]. Details - ImportResultOutputID=9f865160cdd2220e36a3aeb1a2cb6a09 DependenciesID=8693b8f7cf9ef405786d3983d07ecd2e StaticDependenciesID=2858a68c83cd36a89e990e38ab3e0363 
Number of updated asset objects reloaded before import = 0
Number of asset objects unloaded after import = 1
========================================================================
Received Import Request.
  Time of request: 2026-08-26T03:18:58.4804803Z
  Time since last request: 0.0003574 seconds.
  importAddress: GUID: f0b67500f7fad3b4c9f2b13e8f41ba6e - Path: Packages/com.unity.render-pipelines.universal/Textures/FilmGrain/Medium02.png - Importer: ScriptedImporter/UnityEditor.QuickSearchModule:UnityEditor.Search:ASIAI0B
Importing 'GUID: f0b67500f7fad3b4c9f2b13e8f41ba6e - Path: Packages/com.unity.render-pipelines.universal/Textures/FilmGrain/Medium02.png - Importer: ScriptedImporter/UnityEditor.QuickSearchModule:UnityEditor.Search:ASIAI0B' with importer (ScriptedImporter : UnityEditor.QuickSearchModule:UnityEditor.Search:ASIAI0B)
Imported 'GUID: f0b67500f7fad3b4c9f2b13e8f41ba6e' -> (Import Result ID: '742c3b173a3c354fe1759a2acaf708d9') in 0.009 seconds [static and dynamic dependencies]. Details - ImportResultOutputID=7c97c3da9e42280dd60bd8f95477d175 DependenciesID=f96f564687fd39d1775b09c25b784c83 StaticDependenciesID=53370278144875b79f5af4a1980cd329 
Number of updated asset objects reloaded before import = 0
Number of asset objects unloaded after import = 1
========================================================================
Received Import Request.
  Time of request: 2026-08-26T03:18:58.5027653Z
  Time since last request: 0.0003118 seconds.
  importAddress: GUID: fed0ca29658777447b2eedcce144000b - Path: Packages/com.unity.render-pipelines.universal/Editor/2D/Converter/BuiltInAndURP3DTo2DMaterialUpgrader.cs - Importer: ScriptedImporter/UnityEditor.QuickSearchModule:UnityEditor.Search:ASIAI0B
Importing 'GUID: fed0ca29658777447b2eedcce144000b - Path: Packages/com.unity.render-pipelines.universal/Editor/2D/Converter/BuiltInAndURP3DTo2DMaterialUpgrader.cs - Importer: ScriptedImporter/UnityEditor.QuickSearchModule:UnityEditor.Search:ASIAI0B' with importer (ScriptedImporter : UnityEditor.QuickSearchModule:UnityEditor.Search:ASIAI0B)
Imported 'GUID: fed0ca29658777447b2eedcce144000b' -> (Import Result ID: '37c5ef249ea0ba95337c29b6b0fec28c') in 0.005 seconds [static and dynamic dependencies]. Details - ImportResultOutputID=d2703eba84e3c488bcad299b1a6d7973 DependenciesID=1a2fad1b8b4df9429645e429e7fa7283 StaticDependenciesID=aae26d66fb640e6a6627fef1ef23dc3d 
Number of updated asset objects reloaded before import = 0
Number of asset objects unloaded after import = 0
========================================================================
Received Import Request.
  Time of request: 2026-08-26T03:18:58.5211629Z
  Time since last request: 0.0004114 seconds.
  importAddress: GUID: fb7e2c1cde476854fb7067dcca74511a - Path: Packages/com.unity.render-pipelines.universal/Editor/2D/Resources/LightCapBottomLeft.png - Importer: ScriptedImporter/UnityEditor.QuickSearchModule:UnityEditor.Search:ASIAI0B
Importing 'GUID: fb7e2c1cde476854fb7067dcca74511a - Path: Packages/com.unity.render-pipelines.universal/Editor/2D/Resources/LightCapBottomLeft.png - Importer: ScriptedImporter/UnityEditor.QuickSearchModule:UnityEditor.Search:ASIAI0B' with importer (ScriptedImporter : UnityEditor.QuickSearchModule:UnityEditor.Search:ASIAI0B)
Imported 'GUID: fb7e2c1cde476854fb7067dcca74511a' -> (Import Result ID: '26815207f220a5ec0057672904cf9150') in 0.013 seconds [static and dynamic dependencies]. Details - ImportResultOutputID=4e02bc76f11962b78ba6e8b073a00052 DependenciesID=6b2b28b902cff8b34366636d2b913bcc StaticDependenciesID=0949dd0e911729c28cfbe1c41bd9b839 
Number of updated asset objects reloaded before import = 0
Number of asset objects unloaded after import = 1
========================================================================
Received Import Request.
  Time of request: 2026-08-26T03:18:58.5478161Z
  Time since last request: 0.0003506 seconds.
  importAddress: GUID: e32226222ff144b24bf3a5a451de54bc - Path: Packages/com.unity.render-pipelines.universal/Textures/BlueNoise256/LDR_LLL1_4.png - Importer: ScriptedImporter/UnityEditor.QuickSearchModule:UnityEditor.Search:ASIAI0B
Importing 'GUID: e32226222ff144b24bf3a5a451de54bc - Path: Packages/com.unity.render-pipelines.universal/Textures/BlueNoise256/LDR_LLL1_4.png - Importer: ScriptedImporter/UnityEditor.QuickSearchModule:UnityEditor.Search:ASIAI0B' with importer (ScriptedImporter : UnityEditor.QuickSearchModule:UnityEditor.Search:ASIAI0B)
Imported 'GUID: e32226222ff144b24bf3a5a451de54bc' -> (Import Result ID: '84561d6346a89ec090c2384ca1ab93d7') in 0.011 seconds [static and dynamic dependencies]. Details - ImportResultOutputID=0945cf5167d88f1e088aa91ece6a79db DependenciesID=38a5873a5495a82c0ce14440606ca943 StaticDependenciesID=e1c23cbeadb6a9ac47c99985ece5b6d0 
Number of updated asset objects reloaded before import = 0
Number of asset objects unloaded after import = 1
========================================================================
Received Import Request.
  Time of request: 2026-08-26T03:18:58.572924Z
  Time since last request: 0.0003155 seconds.
  importAddress: GUID: 9ba98ca4f0fc0754caca09e38af0cc0a - Path: Packages/com.unity.render-pipelines.universal/Editor/Decal/Resources/DecalGizmo.png - Importer: ScriptedImporter/UnityEditor.QuickSearchModule:UnityEditor.Search:ASIAI0B
Importing 'GUID: 9ba98ca4f0fc0754caca09e38af0cc0a - Path: Packages/com.unity.render-pipelines.universal/Editor/Decal/Resources/DecalGizmo.png - Importer: ScriptedImporter/UnityEditor.QuickSearchModule:UnityEditor.Search:ASIAI0B' with importer (ScriptedImporter : UnityEditor.QuickSearchModule:UnityEditor.Search:ASIAI0B)
Imported 'GUID: 9ba98ca4f0fc0754caca09e38af0cc0a' -> (Import Result ID: '863a1c2c36667502464201419b01600e') in 0.009 seconds [static and dynamic dependencies]. Details - ImportResultOutputID=78aeafc5ff8d890e966291b7b0a8af2c DependenciesID=fbc946908ff1993813309ed144055084 StaticDependenciesID=67ec5e74d00babad43903da35c5258b8 
Number of updated asset objects reloaded before import = 0
Number of asset objects unloaded after import = 1
========================================================================
Received Import Request.
  Time of request: 2026-08-26T03:18:58.6080006Z
  Time since last request: 0.012895 seconds.
  importAddress: GUID: aa80e1eae2080d849a7ab1ccfbd6953c - Path: Packages/com.unity.render-pipelines.universal/Editor/ShaderGraph/Includes/ShaderVariablesDecal.hlsl - Importer: ScriptedImporter/UnityEditor.QuickSearchModule:UnityEditor.Search:ASIAI0B
Importing 'GUID: aa80e1eae2080d849a7ab1ccfbd6953c - Path: Packages/com.unity.render-pipelines.universal/Editor/ShaderGraph/Includes/ShaderVariablesDecal.hlsl - Importer: ScriptedImporter/UnityEditor.QuickSearchModule:UnityEditor.Search:ASIAI0B' with importer (ScriptedImporter : UnityEditor.QuickSearchModule:UnityEditor.Search:ASIAI0B)
Imported 'GUID: aa80e1eae2080d849a7ab1ccfbd6953c' -> (Import Result ID: '7257287995a65739306ba52050db1d48') in 0.005 seconds [static and dynamic dependencies]. Details - ImportResultOutputID=66bedc5112205faf233e064b2dfc51b1 DependenciesID=88b43aa31c0883db107d90bd06708cd9 StaticDependenciesID=727ba87a2eec0e916f80bff5fa6bd29e 
Number of updated asset objects reloaded before import = 0
Number of asset objects unloaded after import = 1
========================================================================
Received Import Request.
  Time of request: 2026-08-26T03:18:58.6254855Z
  Time since last request: 0.0005077 seconds.
  importAddress: GUID: 92228d45c1ff66740bfa9e6d97f7e280 - Path: Packages/com.unity.render-pipelines.universal/Editor/ShaderGraph/Targets/UniversalSubTarget.cs - Importer: ScriptedImporter/UnityEditor.QuickSearchModule:UnityEditor.Search:ASIAI0B
Importing 'GUID: 92228d45c1ff66740bfa9e6d97f7e280 - Path: Packages/com.unity.render-pipelines.universal/Editor/ShaderGraph/Targets/UniversalSubTarget.cs - Importer: ScriptedImporter/UnityEditor.QuickSearchModule:UnityEditor.Search:ASIAI0B' with importer (ScriptedImporter : UnityEditor.QuickSearchModule:UnityEditor.Search:ASIAI0B)
Imported 'GUID: 92228d45c1ff66740bfa9e6d97f7e280' -> (Import Result ID: '257bd96c7c7a87bbb3b5f160dacb1e7b') in 0.005 seconds [static and dynamic dependencies]. Details - ImportResultOutputID=0e2f14464da0728d705eff9245856987 DependenciesID=3b62226223ea667f317e7de1c4d88f5b StaticDependenciesID=fc9ff357a20e86b1073411bdedb8cdea 
Number of updated asset objects reloaded before import = 0
Number of asset objects unloaded after import = 0
========================================================================
Received Import Request.
  Time of request: 2026-08-26T03:18:58.6434085Z
  Time since last request: 0.0004386 seconds.
  importAddress: GUID: 92f845725428c954b878da352f657fe5 - Path: Packages/com.unity.render-pipelines.universal/Editor/SceneTemplates/Materials/Emissive.mat - Importer: ScriptedImporter/UnityEditor.QuickSearchModule:UnityEditor.Search:ASIAI0B
Importing 'GUID: 92f845725428c954b878da352f657fe5 - Path: Packages/com.unity.render-pipelines.universal/Editor/SceneTemplates/Materials/Emissive.mat - Importer: ScriptedImporter/UnityEditor.QuickSearchModule:UnityEditor.Search:ASIAI0B' with importer (ScriptedImporter : UnityEditor.QuickSearchModule:UnityEditor.Search:ASIAI0B)
Imported 'GUID: 92f845725428c954b878da352f657fe5' -> (Import Result ID: '6c7c8093f8f8d62efe0f979453dc4d82') in 0.008 seconds [static and dynamic dependencies]. Details - ImportResultOutputID=c72d33c90a991c1bbfcafbdb6c40c5ef DependenciesID=0a37821d7b8971e237e4a8bff841505e StaticDependenciesID=4724fea5d86b8fa58ea516d1778a60ec 
Number of updated asset objects reloaded before import = 0
Number of asset objects unloaded after import = 2
========================================================================
Received Import Request.
  Time of request: 2026-08-26T03:18:58.6651281Z
  Time since last request: 0.0002857 seconds.
  importAddress: GUID: afa2d039a61b9a44ab0eb7f1c138af34 - Path: Packages/com.unity.render-pipelines.universal/Editor/SceneTemplates/Indoors/GlobalVolumeProfile.asset - Importer: ScriptedImporter/UnityEditor.QuickSearchModule:UnityEditor.Search:ASIAI0B
Importing 'GUID: afa2d039a61b9a44ab0eb7f1c138af34 - Path: Packages/com.unity.render-pipelines.universal/Editor/SceneTemplates/Indoors/GlobalVolumeProfile.asset - Importer: ScriptedImporter/UnityEditor.QuickSearchModule:UnityEditor.Search:ASIAI0B' with importer (ScriptedImporter : UnityEditor.QuickSearchModule:UnityEditor.Search:ASIAI0B)
Imported 'GUID: afa2d039a61b9a44ab0eb7f1c138af34' -> (Import Result ID: '219a6f3a2acf6e36b06a6983dfe63f33') in 0.007 seconds [static and dynamic dependencies]. Details - ImportResultOutputID=97b306ea274fb5d14bb1ceeb8c690b83 DependenciesID=4e3ec974d399ed55f38dc42444e0fa52 StaticDependenciesID=ab4f0a2b35c369d09736a1dc27720775 
Number of updated asset objects reloaded before import = 0
Number of asset objects unloaded after import = 6
========================================================================
Received Import Request.
  Time of request: 2026-08-26T03:18:58.685453Z
  Time since last request: 0.0003517 seconds.
  importAddress: GUID: 7b0974d577112814b864532434d162a7 - Path: Packages/com.unity.render-pipelines.universal/Editor/ShaderGraph/Includes/DecalMeshBiasTypeEnum.cs - Importer: ScriptedImporter/UnityEditor.QuickSearchModule:UnityEditor.Search:ASIAI0B
Importing 'GUID: 7b0974d577112814b864532434d162a7 - Path: Packages/com.unity.render-pipelines.universal/Editor/ShaderGraph/Includes/DecalMeshBiasTypeEnum.cs - Importer: ScriptedImporter/UnityEditor.QuickSearchModule:UnityEditor.Search:ASIAI0B' with importer (ScriptedImporter : UnityEditor.QuickSearchModule:UnityEditor.Search:ASIAI0B)
Imported 'GUID: 7b0974d577112814b864532434d162a7' -> (Import Result ID: '23bf10bb140714663001cb848331f4ed') in 0.004 seconds [static and dynamic dependencies]. Details - ImportResultOutputID=b37b086fc47a435e02fa9a2fb44a7df5 DependenciesID=15c27b06979501102902da436c8b6e5f StaticDependenciesID=976e173a572658a517b013562ba8f408 
Number of updated asset objects reloaded before import = 0
Number of asset objects unloaded after import = 0
========================================================================
Received Import Request.
  Time of request: 2026-08-26T03:18:58.7042558Z
  Time since last request: 0.0004774 seconds.
  importAddress: GUID: f562fc45f8fc5434a96065e20892eff9 - Path: Packages/com.unity.render-pipelines.universal/Editor/ShaderGraph/Includes/PBRGBufferPass.hlsl - Importer: ScriptedImporter/UnityEditor.QuickSearchModule:UnityEditor.Search:ASIAI0B
Importing 'GUID: f562fc45f8fc5434a96065e20892eff9 - Path: Packages/com.unity.render-pipelines.universal/Editor/ShaderGraph/Includes/PBRGBufferPass.hlsl - Importer: ScriptedImporter/UnityEditor.QuickSearchModule:UnityEditor.Search:ASIAI0B' with importer (ScriptedImporter : UnityEditor.QuickSearchModule:UnityEditor.Search:ASIAI0B)
Imported 'GUID: f562fc45f8fc5434a96065e20892eff9' -> (Import Result ID: 'a9802d965e8bcc042181079bfed8e21b') in 0.005 seconds [static and dynamic dependencies]. Details - ImportResultOutputID=976e173df7207085c6c80f66d629786c DependenciesID=ca42efa9821e29687381125121a564cd StaticDependenciesID=653e481893225f58c7ca5eb943965f2d 
Number of updated asset objects reloaded before import = 0
Number of asset objects unloaded after import = 1
========================================================================
Received Import Request.
  Time of request: 2026-08-26T03:18:58.7253327Z
  Time since last request: 0.000739 seconds.
  importAddress: GUID: ba78d2682f9fed14fb0827a24fb5a1f0 - Path: Packages/com.unity.render-pipelines.universal/Editor/ShaderGraph/Includes/ShaderPass.hlsl - Importer: ScriptedImporter/UnityEditor.QuickSearchModule:UnityEditor.Search:ASIAI0B
Importing 'GUID: ba78d2682f9fed14fb0827a24fb5a1f0 - Path: Packages/com.unity.render-pipelines.universal/Editor/ShaderGraph/Includes/ShaderPass.hlsl - Importer: ScriptedImporter/UnityEditor.QuickSearchModule:UnityEditor.Search:ASIAI0B' with importer (ScriptedImporter : UnityEditor.QuickSearchModule:UnityEditor.Search:ASIAI0B)
Imported 'GUID: ba78d2682f9fed14fb0827a24fb5a1f0' -> (Import Result ID: '85699816771556a01b79da98bc9f19e9') in 0.005 seconds [static and dynamic dependencies]. Details - ImportResultOutputID=566c68ea3eec2be00c225dc3a44489d3 DependenciesID=43a293f5c21b1f129a606e1ee91522d8 StaticDependenciesID=091e2acf2f0e2859aacd83fa73ad2a43 
Number of updated asset objects reloaded before import = 0
Number of asset objects unloaded after import = 1
========================================================================
Received Import Request.
  Time of request: 2026-08-26T03:18:58.7434129Z
  Time since last request: 0.0004047 seconds.
  importAddress: GUID: 6f5f3e944558b294093fde8026e4d36e - Path: Packages/com.unity.render-pipelines.universal/Editor/SceneTemplates/Indoors/Indoors Baking Set.asset - Importer: ScriptedImporter/UnityEditor.QuickSearchModule:UnityEditor.Search:ASIAI0B
Importing 'GUID: 6f5f3e944558b294093fde8026e4d36e - Path: Packages/com.unity.render-pipelines.universal/Editor/SceneTemplates/Indoors/Indoors Baking Set.asset - Importer: ScriptedImporter/UnityEditor.QuickSearchModule:UnityEditor.Search:ASIAI0B' with importer (ScriptedImporter : UnityEditor.QuickSearchModule:UnityEditor.Search:ASIAI0B)
Imported 'GUID: 6f5f3e944558b294093fde8026e4d36e' -> (Import Result ID: 'f5b38a84944b8136640bca5e3f9f3005') in 0.048 seconds [static and dynamic dependencies]. Details - ImportResultOutputID=71481ca50ba69a65dbc3d90b04515732 DependenciesID=a2366ea66ed3026c247dcc6496a093cb StaticDependenciesID=8920515490c29159e850149a08bacf26 
Number of updated asset objects reloaded before import = 0
Number of asset objects unloaded after import = 1
========================================================================
Received Import Request.
  Time of request: 2026-08-26T03:18:58.8053812Z
  Time since last request: 0.0005393 seconds.
  importAddress: GUID: 8c72f47fdde33b14a9340e325ce56f4d - Path: Packages/com.unity.render-pipelines.universal/Editor/ShaderGraph/Targets/UniversalTarget.cs - Importer: ScriptedImporter/UnityEditor.QuickSearchModule:UnityEditor.Search:ASIAI0B
Importing 'GUID: 8c72f47fdde33b14a9340e325ce56f4d - Path: Packages/com.unity.render-pipelines.universal/Editor/ShaderGraph/Targets/UniversalTarget.cs - Importer: ScriptedImporter/UnityEditor.QuickSearchModule:UnityEditor.Search:ASIAI0B' with importer (ScriptedImporter : UnityEditor.QuickSearchModule:UnityEditor.Search:ASIAI0B)
Imported 'GUID: 8c72f47fdde33b14a9340e325ce56f4d' -> (Import Result ID: '730cb4a7e271550ac75a51aa6063080d') in 0.004 seconds [static and dynamic dependencies]. Details - ImportResultOutputID=400aaa5350ce5dff9b0d313c85e26b5c DependenciesID=b4fbd84cdce66cdd561a3c022ae7058b StaticDependenciesID=4aea4792e461782d60ef2f2be2a649e7 
Number of updated asset objects reloaded before import = 0
Number of asset objects unloaded after import = 0
========================================================================
Received Import Request.
  Time of request: 2026-08-26T03:18:58.8215516Z
  Time since last request: 0.0005316 seconds.
  importAddress: GUID: 9c44f71308994120a70f5c6b28210698 - Path: Packages/com.unity.render-pipelines.universal/Editor/Settings/PropertyDrawers/URPDefaultVolumeProfileSettingsPropertyDrawer.cs - Importer: ScriptedImporter/UnityEditor.QuickSearchModule:UnityEditor.Search:ASIAI0B
Importing 'GUID: 9c44f71308994120a70f5c6b28210698 - Path: Packages/com.unity.render-pipelines.universal/Editor/Settings/PropertyDrawers/URPDefaultVolumeProfileSettingsPropertyDrawer.cs - Importer: ScriptedImporter/UnityEditor.QuickSearchModule:UnityEditor.Search:ASIAI0B' with importer (ScriptedImporter : UnityEditor.QuickSearchModule:UnityEditor.Search:ASIAI0B)
Imported 'GUID: 9c44f71308994120a70f5c6b28210698' -> (Import Result ID: '0fab0bd98a593aad8468874c33d8de1d') in 0.005 seconds [static and dynamic dependencies]. Details - ImportResultOutputID=4916dbc206e5c97cf83abace967ad08c DependenciesID=11abf50f710b3d09a3126042d9e5a06c StaticDependenciesID=27e7bb1660cef3e82da48f55b9007506 
Number of updated asset objects reloaded before import = 0
Number of asset objects unloaded after import = 0
========================================================================
Received Import Request.
  Time of request: 2026-08-26T03:18:58.8395567Z
  Time since last request: 0.0004812 seconds.
  importAddress: GUID: bc3def193b270c649b041063a70a1a1f - Path: Packages/com.unity.render-pipelines.universal/Editor/ShaderGraph/GraphTemplates/Terrain Standard 4 Layers URP.shadergraph - Importer: ScriptedImporter/UnityEditor.QuickSearchModule:UnityEditor.Search:ASIAI0B
Importing 'GUID: bc3def193b270c649b041063a70a1a1f - Path: Packages/com.unity.render-pipelines.universal/Editor/ShaderGraph/GraphTemplates/Terrain Standard 4 Layers URP.shadergraph - Importer: ScriptedImporter/UnityEditor.QuickSearchModule:UnityEditor.Search:ASIAI0B' with importer (ScriptedImporter : UnityEditor.QuickSearchModule:UnityEditor.Search:ASIAI0B)
Imported 'GUID: bc3def193b270c649b041063a70a1a1f' -> (Import Result ID: 'd42a59febf8c41f05fe1daec773fa2c9') in 0.021 seconds [static and dynamic dependencies]. Details - ImportResultOutputID=fca864c677227591ad23c9ab060f585f DependenciesID=e2a709e87b641ee6a49f021cec1c1a17 StaticDependenciesID=e3b7580fd3d0447f39dec4e73006d826 
Number of updated asset objects reloaded before import = 0
Number of asset objects unloaded after import = 7
========================================================================
Received Import Request.
  Time of request: 2026-08-26T03:18:58.8728386Z
  Time since last request: 0.0000208 seconds.
  importAddress: GUID: 3e01bbae25716b24ea9da11102b44902 - Path: Packages/com.unity.render-pipelines.universal/Editor/ShaderGraph/GraphTemplates/UITKFullTemplate.shadergraph - Importer: ScriptedImporter/UnityEditor.QuickSearchModule:UnityEditor.Search:ASIAI0B
Importing 'GUID: 3e01bbae25716b24ea9da11102b44902 - Path: Packages/com.unity.render-pipelines.universal/Editor/ShaderGraph/GraphTemplates/UITKFullTemplate.shadergraph - Importer: ScriptedImporter/UnityEditor.QuickSearchModule:UnityEditor.Search:ASIAI0B' with importer (ScriptedImporter : UnityEditor.QuickSearchModule:UnityEditor.Search:ASIAI0B)
Imported 'GUID: 3e01bbae25716b24ea9da11102b44902' -> (Import Result ID: '9a4ce7e0c19fcea8b8fe7c07a0c94e0b') in 0.009 seconds [static and dynamic dependencies]. Details - ImportResultOutputID=177c9e9a4afeccb95c63a422fa987a56 DependenciesID=a68ff72fc9d5f739b3a6d88284cffb89 StaticDependenciesID=9e205c6dcba52593a01c8ec3606047c5 
Number of updated asset objects reloaded before import = 0
Number of asset objects unloaded after import = 5
========================================================================
Received Import Request.
  Time of request: 2026-08-26T03:18:58.8939168Z
  Time since last request: 0.000177 seconds.
  importAddress: GUID: 48080a5025a54a84087e882e2f988642 - Path: Packages/com.unity.render-pipelines.universal/Editor/ShaderGraph/Targets/UniversalFullscreenSubTarget.cs - Importer: ScriptedImporter/UnityEditor.QuickSearchModule:UnityEditor.Search:ASIAI0B
Importing 'GUID: 48080a5025a54a84087e882e2f988642 - Path: Packages/com.unity.render-pipelines.universal/Editor/ShaderGraph/Targets/UniversalFullscreenSubTarget.cs - Importer: ScriptedImporter/UnityEditor.QuickSearchModule:UnityEditor.Search:ASIAI0B' with importer (ScriptedImporter : UnityEditor.QuickSearchModule:UnityEditor.Search:ASIAI0B)
Imported 'GUID: 48080a5025a54a84087e882e2f988642' -> (Import Result ID: 'a1698cce8f0316207e77c4948593dca9') in 0.005 seconds [static and dynamic dependencies]. Details - ImportResultOutputID=0f23dcca1825ae35c12d1527831d9deb DependenciesID=dc9e9faafed7614c2704b04e79318de9 StaticDependenciesID=49fbdcaa2ee7402d9a47c40776865bc8 
Number of updated asset objects reloaded before import = 0
Number of asset objects unloaded after import = 0
========================================================================
Received Import Request.
  Time of request: 2026-08-26T03:18:58.911454Z
  Time since last request: 0.0003382 seconds.
  importAddress: GUID: 42c8d975867dbb34299217c9b3a62677 - Path: Packages/com.unity.render-pipelines.universal/Editor/SceneTemplates/Standard/ReflectionProbe-0.exr - Importer: ScriptedImporter/UnityEditor.QuickSearchModule:UnityEditor.Search:ASIAI0B
Importing 'GUID: 42c8d975867dbb34299217c9b3a62677 - Path: Packages/com.unity.render-pipelines.universal/Editor/SceneTemplates/Standard/ReflectionProbe-0.exr - Importer: ScriptedImporter/UnityEditor.QuickSearchModule:UnityEditor.Search:ASIAI0B' with importer (ScriptedImporter : UnityEditor.QuickSearchModule:UnityEditor.Search:ASIAI0B)
Imported 'GUID: 42c8d975867dbb34299217c9b3a62677' -> (Import Result ID: 'ba2bef29098560a37e66c26612914bab') in 0.011 seconds [static and dynamic dependencies]. Details - ImportResultOutputID=0f18bb58dbe3f8d8942e11c7ee4cef42 DependenciesID=aa81e57a3ffb6a4abde9435159ba9fb8 StaticDependenciesID=8ebaa113c664bc89827e5f55a7a5b456 
Number of updated asset objects reloaded before import = 0
Number of asset objects unloaded after import = 1
========================================================================
Received Import Request.
  Time of request: 2026-08-26T03:18:58.9494832Z
  Time since last request: 0.0150559 seconds.
  importAddress: GUID: 1e2567cd71037a647ad53fc83080600b - Path: Packages/com.unity.render-pipelines.universal/Runtime/2D/Rendergraph/CopyCameraSortingLayerPass.cs - Importer: ScriptedImporter/UnityEditor.QuickSearchModule:UnityEditor.Search:ASIAI0B
Importing 'GUID: 1e2567cd71037a647ad53fc83080600b - Path: Packages/com.unity.render-pipelines.universal/Runtime/2D/Rendergraph/CopyCameraSortingLayerPass.cs - Importer: ScriptedImporter/UnityEditor.QuickSearchModule:UnityEditor.Search:ASIAI0B' with importer (ScriptedImporter : UnityEditor.QuickSearchModule:UnityEditor.Search:ASIAI0B)
Imported 'GUID: 1e2567cd71037a647ad53fc83080600b' -> (Import Result ID: '3f9c251f079683f8c2f3649eab4e2294') in 0.004 seconds [static and dynamic dependencies]. Details - ImportResultOutputID=fabb1d4ba15f83b978339c354310c5e2 DependenciesID=867b1d3c1f0cb508c0b5fc132a0198f2 StaticDependenciesID=420db23bb81c530e4e8a48480ef6672c 
Number of updated asset objects reloaded before import = 0
Number of asset objects unloaded after import = 0
========================================================================
Received Import Request.
  Time of request: 2026-08-26T03:18:58.9641371Z
  Time since last request: 0.0002545 seconds.
  importAddress: GUID: 1202285d83908604784202e4a57aa93c - Path: Packages/com.unity.render-pipelines.universal/Runtime/2D/Lights/Light2DPoint.cs - Importer: ScriptedImporter/UnityEditor.QuickSearchModule:UnityEditor.Search:ASIAI0B
Importing 'GUID: 1202285d83908604784202e4a57aa93c - Path: Packages/com.unity.render-pipelines.universal/Runtime/2D/Lights/Light2DPoint.cs - Importer: ScriptedImporter/UnityEditor.QuickSearchModule:UnityEditor.Search:ASIAI0B' with importer (ScriptedImporter : UnityEditor.QuickSearchModule:UnityEditor.Search:ASIAI0B)
Imported 'GUID: 1202285d83908604784202e4a57aa93c' -> (Import Result ID: '9d6109a041574984e7746a96226e386e') in 0.006 seconds [static and dynamic dependencies]. Details - ImportResultOutputID=a2316208b08a4a4ca5c6cd5b846eb1b8 DependenciesID=63e6754907aa13977cbb0231c345343f StaticDependenciesID=93ff087fb9c9b514d7ec0e58a2590aba 
Number of updated asset objects reloaded before import = 0
Number of asset objects unloaded after import = 0
========================================================================
Received Import Request.
  Time of request: 2026-08-26T03:18:58.9816552Z
  Time since last request: 0.0003794 seconds.
  importAddress: GUID: 4c72c43322666bd4dbe58de9815b0639 - Path: Packages/com.unity.render-pipelines.universal/Editor/VFXGraph/Shaders/VFXSGSurfaceData.template - Importer: ScriptedImporter/UnityEditor.QuickSearchModule:UnityEditor.Search:ASIAI0B
Importing 'GUID: 4c72c43322666bd4dbe58de9815b0639 - Path: Packages/com.unity.render-pipelines.universal/Editor/VFXGraph/Shaders/VFXSGSurfaceData.template - Importer: ScriptedImporter/UnityEditor.QuickSearchModule:UnityEditor.Search:ASIAI0B' with importer (ScriptedImporter : UnityEditor.QuickSearchModule:UnityEditor.Search:ASIAI0B)
Imported 'GUID: 4c72c43322666bd4dbe58de9815b0639' -> (Import Result ID: '502bc6f4cf4f1dd23bb143dd4864b43f') in 0.004 seconds [static and dynamic dependencies]. Details - ImportResultOutputID=23af52644b198cc21d067fea21201e9f DependenciesID=5525cbc6ad9cebf42974fa63b176d26f StaticDependenciesID=55ed8eb30d156ac756d05394ba4a095d 
Number of updated asset objects reloaded before import = 0
Number of asset objects unloaded after import = 1
========================================================================
Received Import Request.
  Time of request: 2026-08-26T03:18:58.9983043Z
  Time since last request: 0.0003084 seconds.
  importAddress: GUID: 2f37f38354ae11b4ba31a324dbabef7d - Path: Packages/com.unity.render-pipelines.universal/Editor/Tools/MaterialUpgrader/MaterialUpgraderProviders.cs - Importer: ScriptedImporter/UnityEditor.QuickSearchModule:UnityEditor.Search:ASIAI0B
Importing 'GUID: 2f37f38354ae11b4ba31a324dbabef7d - Path: Packages/com.unity.render-pipelines.universal/Editor/Tools/MaterialUpgrader/MaterialUpgraderProviders.cs - Importer: ScriptedImporter/UnityEditor.QuickSearchModule:UnityEditor.Search:ASIAI0B' with importer (ScriptedImporter : UnityEditor.QuickSearchModule:UnityEditor.Search:ASIAI0B)
Imported 'GUID: 2f37f38354ae11b4ba31a324dbabef7d' -> (Import Result ID: 'b7106d5fc08b76cdff4dd37c5d711a92') in 0.004 seconds [static and dynamic dependencies]. Details - ImportResultOutputID=c150c3b3fa92e3d9ab9bd61588785439 DependenciesID=4ef421e472c45e5bd3adbe1df5f3e8cd StaticDependenciesID=74872efb44a7640ded2c0c8118b63d28 
Number of updated asset objects reloaded before import = 0
Number of asset objects unloaded after import = 0
========================================================================
Received Import Request.
  Time of request: 2026-08-26T03:18:59.0151857Z
  Time since last request: 0.0003106 seconds.
  importAddress: GUID: 65a21829bcfc0a7458e8ae05cf1e6291 - Path: Packages/com.unity.render-pipelines.universal/Runtime/2D/Sources/Provider2DKVPair.cs - Importer: ScriptedImporter/UnityEditor.QuickSearchModule:UnityEditor.Search:ASIAI0B
Importing 'GUID: 65a21829bcfc0a7458e8ae05cf1e6291 - Path: Packages/com.unity.render-pipelines.universal/Runtime/2D/Sources/Provider2DKVPair.cs - Importer: ScriptedImporter/UnityEditor.QuickSearchModule:UnityEditor.Search:ASIAI0B' with importer (ScriptedImporter : UnityEditor.QuickSearchModule:UnityEditor.Search:ASIAI0B)
Imported 'GUID: 65a21829bcfc0a7458e8ae05cf1e6291' -> (Import Result ID: '66ca1ceeef0ddc4e7f331e5fa73f9004') in 0.004 seconds [static and dynamic dependencies]. Details - ImportResultOutputID=e134f4c8b0d7d5c1cfcc51399a901602 DependenciesID=576ac49d6ed31edb966cccd1a16a04ce StaticDependenciesID=3dbf7d8ae3b7196f1d2fd60d47879d22 
Number of updated asset objects reloaded before import = 0
Number of asset objects unloaded after import = 0
========================================================================
Received Import Request.
  Time of request: 2026-08-26T03:18:59.0320167Z
  Time since last request: 0.0003047 seconds.
  importAddress: GUID: b3c58a63bfb3ecb4d81289bf60b5b802 - Path: Packages/com.unity.render-pipelines.universal/Editor/Tools/Converters/BuiltInToURP3DMaterialUpgrader.cs - Importer: ScriptedImporter/UnityEditor.QuickSearchModule:UnityEditor.Search:ASIAI0B
Importing 'GUID: b3c58a63bfb3ecb4d81289bf60b5b802 - Path: Packages/com.unity.render-pipelines.universal/Editor/Tools/Converters/BuiltInToURP3DMaterialUpgrader.cs - Importer: ScriptedImporter/UnityEditor.QuickSearchModule:UnityEditor.Search:ASIAI0B' with importer (ScriptedImporter : UnityEditor.QuickSearchModule:UnityEditor.Search:ASIAI0B)
Imported 'GUID: b3c58a63bfb3ecb4d81289bf60b5b802' -> (Import Result ID: '8b05e1de48039c89d144ab36f5e5e017') in 0.004 seconds [static and dynamic dependencies]. Details - ImportResultOutputID=a86e667d553a6eb1037c760b455c67b0 DependenciesID=2bfd6c73ca2320288a514e3e68863bb0 StaticDependenciesID=da9e65b43f7421b553b20b38d14c5e09 
Number of updated asset objects reloaded before import = 0
Number of asset objects unloaded after import = 0
========================================================================
Received Import Request.
  Time of request: 2026-08-26T03:18:59.0474427Z
  Time since last request: 0.0003304 seconds.
  importAddress: GUID: 73570bca5636a644cb758c4a0098ae05 - Path: Packages/com.unity.render-pipelines.universal/Editor/Tools/MaterialUpgrader/UniversalSpeedTree9MaterialUpgrader.cs - Importer: ScriptedImporter/UnityEditor.QuickSearchModule:UnityEditor.Search:ASIAI0B
Importing 'GUID: 73570bca5636a644cb758c4a0098ae05 - Path: Packages/com.unity.render-pipelines.universal/Editor/Tools/MaterialUpgrader/UniversalSpeedTree9MaterialUpgrader.cs - Importer: ScriptedImporter/UnityEditor.QuickSearchModule:UnityEditor.Search:ASIAI0B' with importer (ScriptedImporter : UnityEditor.QuickSearchModule:UnityEditor.Search:ASIAI0B)
Imported 'GUID: 73570bca5636a644cb758c4a0098ae05' -> (Import Result ID: '1980005f065050a1d1bc255ceec3c391') in 0.004 seconds [static and dynamic dependencies]. Details - ImportResultOutputID=235e3bc1b07ff38ab94b3daa6c2210f1 DependenciesID=fbf829548761292cec8207df987ba44d StaticDependenciesID=57f1bf45799668da010c0d61cbf5402c 
Number of updated asset objects reloaded before import = 0
Number of asset objects unloaded after import = 0
========================================================================
Received Import Request.
  Time of request: 2026-08-26T03:18:59.064484Z
  Time since last request: 0.0005 seconds.
  importAddress: GUID: d8151411c155429aa167611d958fbb8c - Path: Packages/com.unity.render-pipelines.universal/Runtime/2D/Lights/Light2DManager.cs - Importer: ScriptedImporter/UnityEditor.QuickSearchModule:UnityEditor.Search:ASIAI0B
Importing 'GUID: d8151411c155429aa167611d958fbb8c - Path: Packages/com.unity.render-pipelines.universal/Runtime/2D/Lights/Light2DManager.cs - Importer: ScriptedImporter/UnityEditor.QuickSearchModule:UnityEditor.Search:ASIAI0B' with importer (ScriptedImporter : UnityEditor.QuickSearchModule:UnityEditor.Search:ASIAI0B)
Imported 'GUID: d8151411c155429aa167611d958fbb8c' -> (Import Result ID: '18015b7aab2d2ce3cebd4156c64c6a3f') in 0.005 seconds [static and dynamic dependencies]. Details - ImportResultOutputID=88c92b2df2048ec260d439a801812cfc DependenciesID=6feb8ee20b52ec740e92fe114cd5f049 StaticDependenciesID=79ea5aca29ab38030e4bd45618cdab77 
Number of updated asset objects reloaded before import = 0
Number of asset objects unloaded after import = 0
========================================================================
Received Import Request.
  Time of request: 2026-08-26T03:18:59.0826528Z
  Time since last request: 0.0005299 seconds.
  importAddress: GUID: cfd8db254ecd63d45bc135530bd0c325 - Path: Packages/com.unity.render-pipelines.universal/Runtime/2D/FrameData/Universal2DRenderingData.cs - Importer: ScriptedImporter/UnityEditor.QuickSearchModule:UnityEditor.Search:ASIAI0B
Importing 'GUID: cfd8db254ecd63d45bc135530bd0c325 - Path: Packages/com.unity.render-pipelines.universal/Runtime/2D/FrameData/Universal2DRenderingData.cs - Importer: ScriptedImporter/UnityEditor.QuickSearchModule:UnityEditor.Search:ASIAI0B' with importer (ScriptedImporter : UnityEditor.QuickSearchModule:UnityEditor.Search:ASIAI0B)
Imported 'GUID: cfd8db254ecd63d45bc135530bd0c325' -> (Import Result ID: '10f983bd9d83648726d75cda74f79a9c') in 0.004 seconds [static and dynamic dependencies]. Details - ImportResultOutputID=45e2a9ce5271fb855c1bf23f6deb4f80 DependenciesID=fc265f974842ff37ace84552372ed66a StaticDependenciesID=33f09d2ae7058ebe4db5d83fbc6385d3 
Number of updated asset objects reloaded before import = 0
Number of asset objects unloaded after import = 0
========================================================================
Received Import Request.
  Time of request: 2026-08-26T03:18:59.0980919Z
  Time since last request: 0.0002613 seconds.
  importAddress: GUID: 56d99b71230e8854aa450311b2cc4e85 - Path: Packages/com.unity.render-pipelines.universal/Runtime/2D/Sources/Light2DProviderSources.cs - Importer: ScriptedImporter/UnityEditor.QuickSearchModule:UnityEditor.Search:ASIAI0B
Importing 'GUID: 56d99b71230e8854aa450311b2cc4e85 - Path: Packages/com.unity.render-pipelines.universal/Runtime/2D/Sources/Light2DProviderSources.cs - Importer: ScriptedImporter/UnityEditor.QuickSearchModule:UnityEditor.Search:ASIAI0B' with importer (ScriptedImporter : UnityEditor.QuickSearchModule:UnityEditor.Search:ASIAI0B)
Imported 'GUID: 56d99b71230e8854aa450311b2cc4e85' -> (Import Result ID: '7dce93cc473b8fdbf40db67eeb2e02a7') in 0.004 seconds [static and dynamic dependencies]. Details - ImportResultOutputID=70f590f595984f19db918aae703feeac DependenciesID=c8ebfd6bb88555818da2e1145b858ff5 StaticDependenciesID=9aa4eb48953e43ea134b8340b5f81aaf 
Number of updated asset objects reloaded before import = 0
Number of asset objects unloaded after import = 0
========================================================================
Received Import Request.
  Time of request: 2026-08-26T03:18:59.1144255Z
  Time since last request: 0.000551 seconds.
  importAddress: GUID: 96fe41ee3d39d724e8c066e89c73ee4d - Path: Packages/com.unity.render-pipelines.universal/Runtime/2D/Sources/Provider2DCache.cs - Importer: ScriptedImporter/UnityEditor.QuickSearchModule:UnityEditor.Search:ASIAI0B
Importing 'GUID: 96fe41ee3d39d724e8c066e89c73ee4d - Path: Packages/com.unity.render-pipelines.universal/Runtime/2D/Sources/Provider2DCache.cs - Importer: ScriptedImporter/UnityEditor.QuickSearchModule:UnityEditor.Search:ASIAI0B' with importer (ScriptedImporter : UnityEditor.QuickSearchModule:UnityEditor.Search:ASIAI0B)
Imported 'GUID: 96fe41ee3d39d724e8c066e89c73ee4d' -> (Import Result ID: '2051346d618624ff8ba692df9a597d1d') in 0.004 seconds [static and dynamic dependencies]. Details - ImportResultOutputID=7496d4266cb3513796bf3372273e565f DependenciesID=905ec64efd61a8f006f695800f98f1d7 StaticDependenciesID=13bb3b72912cc166b88188e7b9d44057 
Number of updated asset objects reloaded before import = 0
Number of asset objects unloaded after import = 0
========================================================================
Received Import Request.
  Time of request: 2026-08-26T03:18:59.1316345Z
  Time since last request: 0.0003527 seconds.
  importAddress: GUID: 3c49b0c9c0fdfac469942832f71ce5b1 - Path: Packages/com.unity.render-pipelines.universal/Runtime/2D/Rendergraph/GlobalPropertiesPass.cs - Importer: ScriptedImporter/UnityEditor.QuickSearchModule:UnityEditor.Search:ASIAI0B
Importing 'GUID: 3c49b0c9c0fdfac469942832f71ce5b1 - Path: Packages/com.unity.render-pipelines.universal/Runtime/2D/Rendergraph/GlobalPropertiesPass.cs - Importer: ScriptedImporter/UnityEditor.QuickSearchModule:UnityEditor.Search:ASIAI0B' with importer (ScriptedImporter : UnityEditor.QuickSearchModule:UnityEditor.Search:ASIAI0B)
Imported 'GUID: 3c49b0c9c0fdfac469942832f71ce5b1' -> (Import Result ID: 'e5365320e17e3ba24cf552828cf67932') in 0.004 seconds [static and dynamic dependencies]. Details - ImportResultOutputID=f8d0f74d72182a6b2cdf7ef46a91e810 DependenciesID=f7379068e464354c025e35c4f0ebbe69 StaticDependenciesID=c64100b1f492db9dc502a7f8f8cf7073 
Number of updated asset objects reloaded before import = 0
Number of asset objects unloaded after import = 0
========================================================================
Received Import Request.
  Time of request: 2026-08-26T03:18:59.1481883Z
  Time since last request: 0.0004157 seconds.
  importAddress: GUID: ed33028ae86f863468162a7c6b0ae962 - Path: Packages/com.unity.render-pipelines.universal/Editor/ShaderGraph/Templates/SharedCode.template.hlsl - Importer: ScriptedImporter/UnityEditor.QuickSearchModule:UnityEditor.Search:ASIAI0B
Importing 'GUID: ed33028ae86f863468162a7c6b0ae962 - Path: Packages/com.unity.render-pipelines.universal/Editor/ShaderGraph/Templates/SharedCode.template.hlsl - Importer: ScriptedImporter/UnityEditor.QuickSearchModule:UnityEditor.Search:ASIAI0B' with importer (ScriptedImporter : UnityEditor.QuickSearchModule:UnityEditor.Search:ASIAI0B)
Imported 'GUID: ed33028ae86f863468162a7c6b0ae962' -> (Import Result ID: '90f313e2f46f1d44e5420b84adf1f78a') in 0.008 seconds [static and dynamic dependencies]. Details - ImportResultOutputID=baef4eb2d97707094cb7302412582bb6 DependenciesID=c69d4cc74b844f8b026aed4197905700 StaticDependenciesID=a1c1c1b1144818057026c8b8323750a0 
Number of updated asset objects reloaded before import = 0
Number of asset objects unloaded after import = 1
========================================================================
Received Import Request.
  Time of request: 2026-08-26T03:18:59.1690984Z
  Time since last request: 0.0003749 seconds.
  importAddress: GUID: 6fb6d1c3ff6b1434aa8c4affe8313171 - Path: Packages/com.unity.render-pipelines.universal/Runtime/2D/Sources/Provider2DSources.cs - Importer: ScriptedImporter/UnityEditor.QuickSearchModule:UnityEditor.Search:ASIAI0B
Importing 'GUID: 6fb6d1c3ff6b1434aa8c4affe8313171 - Path: Packages/com.unity.render-pipelines.universal/Runtime/2D/Sources/Provider2DSources.cs - Importer: ScriptedImporter/UnityEditor.QuickSearchModule:UnityEditor.Search:ASIAI0B' with importer (ScriptedImporter : UnityEditor.QuickSearchModule:UnityEditor.Search:ASIAI0B)
Imported 'GUID: 6fb6d1c3ff6b1434aa8c4affe8313171' -> (Import Result ID: '866671d8665baf5e2493092bb2638e7f') in 0.005 seconds [static and dynamic dependencies]. Details - ImportResultOutputID=1f8aee005470ec28e2878dd0758cfc76 DependenciesID=4173b761971afa52fb42df25d4d24669 StaticDependenciesID=554cabff0ee99e3b81cf994c5f00daba 
Number of updated asset objects reloaded before import = 0
Number of asset objects unloaded after import = 0
========================================================================
Received Import Request.
  Time of request: 2026-08-26T03:18:59.1876276Z
  Time since last request: 0.0003425 seconds.
  importAddress: GUID: 38f48a8d66b2adc46887f23a3a88ac01 - Path: Packages/com.unity.render-pipelines.universal/Runtime/2D/Shadows/CompositeShadowCaster2D.cs - Importer: ScriptedImporter/UnityEditor.QuickSearchModule:UnityEditor.Search:ASIAI0B
Importing 'GUID: 38f48a8d66b2adc46887f23a3a88ac01 - Path: Packages/com.unity.render-pipelines.universal/Runtime/2D/Shadows/CompositeShadowCaster2D.cs - Importer: ScriptedImporter/UnityEditor.QuickSearchModule:UnityEditor.Search:ASIAI0B' with importer (ScriptedImporter : UnityEditor.QuickSearchModule:UnityEditor.Search:ASIAI0B)
Imported 'GUID: 38f48a8d66b2adc46887f23a3a88ac01' -> (Import Result ID: '6abb51774dfc9c072f9d8ffeae717f23') in 0.005 seconds [static and dynamic dependencies]. Details - ImportResultOutputID=1a602e3050ae6f9be170f2fabfbaced6 DependenciesID=4360651c5391c45e34185dcc85f3467c StaticDependenciesID=fdcd0ffdfec31d81ae06218b46a5911a 
Number of updated asset objects reloaded before import = 0
Number of asset objects unloaded after import = 0
========================================================================
Received Import Request.
  Time of request: 2026-08-26T03:18:59.2062367Z
  Time since last request: 0.0003776 seconds.
  importAddress: GUID: 64d01acbbe3ff8d4d9b89e2064405103 - Path: Packages/com.unity.render-pipelines.universal/Runtime/2D/Sources/Provider2DRef.cs - Importer: ScriptedImporter/UnityEditor.QuickSearchModule:UnityEditor.Search:ASIAI0B
Importing 'GUID: 64d01acbbe3ff8d4d9b89e2064405103 - Path: Packages/com.unity.render-pipelines.universal/Runtime/2D/Sources/Provider2DRef.cs - Importer: ScriptedImporter/UnityEditor.QuickSearchModule:UnityEditor.Search:ASIAI0B' with importer (ScriptedImporter : UnityEditor.QuickSearchModule:UnityEditor.Search:ASIAI0B)
Imported 'GUID: 64d01acbbe3ff8d4d9b89e2064405103' -> (Import Result ID: 'bbd521d800de3338a02ece134e098439') in 0.005 seconds [static and dynamic dependencies]. Details - ImportResultOutputID=84305d84562f5092877c573648d99caa DependenciesID=1b1564a898bb7a463258c88cb486b82b StaticDependenciesID=7a60280c4729fcbd932d0f5e2d8a33d4 
Number of updated asset objects reloaded before import = 0
Number of asset objects unloaded after import = 0
========================================================================
Received Import Request.
  Time of request: 2026-08-26T03:18:59.2282514Z
  Time since last request: 0.0033645 seconds.
  importAddress: GUID: 8406b95d18054752ac25ef8eb7ac2d41 - Path: Packages/com.unity.render-pipelines.universal/Runtime/RendererFeatures/SurfaceCacheGIRendererFeature/SurfaceCacheGIRendererFeature.cs - Importer: ScriptedImporter/UnityEditor.QuickSearchModule:UnityEditor.Search:ASIAI0B
Importing 'GUID: 8406b95d18054752ac25ef8eb7ac2d41 - Path: Packages/com.unity.render-pipelines.universal/Runtime/RendererFeatures/SurfaceCacheGIRendererFeature/SurfaceCacheGIRendererFeature.cs - Importer: ScriptedImporter/UnityEditor.QuickSearchModule:UnityEditor.Search:ASIAI0B' with importer (ScriptedImporter : UnityEditor.QuickSearchModule:UnityEditor.Search:ASIAI0B)
Imported 'GUID: 8406b95d18054752ac25ef8eb7ac2d41' -> (Import Result ID: '82a4af5a83a91f4e6aa1e0e864ad6524') in 0.004 seconds [static and dynamic dependencies]. Details - ImportResultOutputID=3db59d94998279edbe9ecdee78e707e1 DependenciesID=99cd30c7720891c9fc02107ac49fcec2 StaticDependenciesID=34aaa227c99de88113151e9b451138ce 
Number of updated asset objects reloaded before import = 0
Number of asset objects unloaded after import = 0
========================================================================
Received Import Request.
  Time of request: 2026-08-26T03:18:59.2450213Z
  Time since last request: 0.0004325 seconds.
  importAddress: GUID: 1a207e3bee00db44b940e6f362a8e148 - Path: Packages/com.unity.render-pipelines.universal/Runtime/Materials/PhysicalMaterial3DsMax/PhysicalMaterial3DsMaxTransparent.shadergraph - Importer: ScriptedImporter/UnityEditor.QuickSearchModule:UnityEditor.Search:ASIAI0B
Importing 'GUID: 1a207e3bee00db44b940e6f362a8e148 - Path: Packages/com.unity.render-pipelines.universal/Runtime/Materials/PhysicalMaterial3DsMax/PhysicalMaterial3DsMaxTransparent.shadergraph - Importer: ScriptedImporter/UnityEditor.QuickSearchModule:UnityEditor.Search:ASIAI0B' with importer (ScriptedImporter : UnityEditor.QuickSearchModule:UnityEditor.Search:ASIAI0B)
Imported 'GUID: 1a207e3bee00db44b940e6f362a8e148' -> (Import Result ID: 'f3fc628ef8688d734559e2609e434d19') in 0.010 seconds [static and dynamic dependencies]. Details - ImportResultOutputID=5a8b0556909f604c0d06ee7d9a7ccf8c DependenciesID=0296dd19f8385a76c006f0a7a56408a0 StaticDependenciesID=bb09e33fcc427ec5e13baf66ac1796cd 
Number of updated asset objects reloaded before import = 0
Number of asset objects unloaded after import = 6
========================================================================
Received Import Request.
  Time of request: 2026-08-26T03:18:59.2672592Z
  Time since last request: 0.0000723 seconds.
  importAddress: GUID: 3ff5a8cb01afe45ceb78977408e21133 - Path: Packages/com.unity.render-pipelines.universal/Runtime/Passes/PostProcess/StopNanPostProcessPass.cs - Importer: ScriptedImporter/UnityEditor.QuickSearchModule:UnityEditor.Search:ASIAI0B
Importing 'GUID: 3ff5a8cb01afe45ceb78977408e21133 - Path: Packages/com.unity.render-pipelines.universal/Runtime/Passes/PostProcess/StopNanPostProcessPass.cs - Importer: ScriptedImporter/UnityEditor.QuickSearchModule:UnityEditor.Search:ASIAI0B' with importer (ScriptedImporter : UnityEditor.QuickSearchModule:UnityEditor.Search:ASIAI0B)
Imported 'GUID: 3ff5a8cb01afe45ceb78977408e21133' -> (Import Result ID: 'd3bb171500888f02caf6dadc16790a7a') in 0.004 seconds [static and dynamic dependencies]. Details - ImportResultOutputID=c937bd0301ca7baeabb910deb9c3b542 DependenciesID=746077a0e8de1134a1d0ac4d1209a318 StaticDependenciesID=0e6521ceb7c78057eb97638350d40bf8 
Number of updated asset objects reloaded before import = 0
Number of asset objects unloaded after import = 0
========================================================================
Received Import Request.
  Time of request: 2026-08-26T03:18:59.2835812Z
  Time since last request: 0.0003462 seconds.
  importAddress: GUID: 81f448cc93783d24fbc04af4b95e8af0 - Path: Packages/com.unity.render-pipelines.universal/Runtime/Decal/Entities/DecalUpdateCullingGroupSystem.cs - Importer: ScriptedImporter/UnityEditor.QuickSearchModule:UnityEditor.Search:ASIAI0B
Importing 'GUID: 81f448cc93783d24fbc04af4b95e8af0 - Path: Packages/com.unity.render-pipelines.universal/Runtime/Decal/Entities/DecalUpdateCullingGroupSystem.cs - Importer: ScriptedImporter/UnityEditor.QuickSearchModule:UnityEditor.Search:ASIAI0B' with importer (ScriptedImporter : UnityEditor.QuickSearchModule:UnityEditor.Search:ASIAI0B)
Imported 'GUID: 81f448cc93783d24fbc04af4b95e8af0' -> (Import Result ID: 'f5400e6ead03b854a436c8c0c23c595a') in 0.004 seconds [static and dynamic dependencies]. Details - ImportResultOutputID=c37d09d7c0b0fb0f25ee5b44ae12e1e4 DependenciesID=4aa8c90790039034bd4c82bdc58175bc StaticDependenciesID=f6747bfc0aa2cf8ba087fde6cb94817c 
Number of updated asset objects reloaded before import = 0
Number of asset objects unloaded after import = 0
========================================================================
Received Import Request.
  Time of request: 2026-08-26T03:18:59.3004238Z
  Time since last request: 0.000477 seconds.
  importAddress: GUID: ad9384b4a85870d429d445bbad3ed38d - Path: Packages/com.unity.render-pipelines.universal/Runtime/Decal/Entities/DecalSkipCulledSystem.cs - Importer: ScriptedImporter/UnityEditor.QuickSearchModule:UnityEditor.Search:ASIAI0B
Importing 'GUID: ad9384b4a85870d429d445bbad3ed38d - Path: Packages/com.unity.render-pipelines.universal/Runtime/Decal/Entities/DecalSkipCulledSystem.cs - Importer: ScriptedImporter/UnityEditor.QuickSearchModule:UnityEditor.Search:ASIAI0B' with importer (ScriptedImporter : UnityEditor.QuickSearchModule:UnityEditor.Search:ASIAI0B)
Imported 'GUID: ad9384b4a85870d429d445bbad3ed38d' -> (Import Result ID: 'fea41aae58747f12f75b7b6364d584ce') in 0.004 seconds [static and dynamic dependencies]. Details - ImportResultOutputID=16724158ca6a2eb2d9ac8d643cb8ffe9 DependenciesID=b4caa1131a79344d21df53e2c8183d0c StaticDependenciesID=eb8523dcd5aa67acdaf2ab36dc38a281 
Number of updated asset objects reloaded before import = 0
Number of asset objects unloaded after import = 0
========================================================================
Received Import Request.
  Time of request: 2026-08-26T03:18:59.3163967Z
  Time since last request: 0.0003593 seconds.
  importAddress: GUID: 4fc75fc0db61f674ab4e788dd0b34295 - Path: Packages/com.unity.render-pipelines.universal/Runtime/Decal/ScreenSpace/DecalGBufferRenderPass.cs - Importer: ScriptedImporter/UnityEditor.QuickSearchModule:UnityEditor.Search:ASIAI0B
Importing 'GUID: 4fc75fc0db61f674ab4e788dd0b34295 - Path: Packages/com.unity.render-pipelines.universal/Runtime/Decal/ScreenSpace/DecalGBufferRenderPass.cs - Importer: ScriptedImporter/UnityEditor.QuickSearchModule:UnityEditor.Search:ASIAI0B' with importer (ScriptedImporter : UnityEditor.QuickSearchModule:UnityEditor.Search:ASIAI0B)
Imported 'GUID: 4fc75fc0db61f674ab4e788dd0b34295' -> (Import Result ID: 'e19f1bd847edb46f9f019f5e297fa0d6') in 0.004 seconds [static and dynamic dependencies]. Details - ImportResultOutputID=7016fd426caac5820b5ba912f1773d13 DependenciesID=a8970a861076f3e41803092016d19944 StaticDependenciesID=4f2758fa63a3b823dc71f3ddc503ec47 
Number of updated asset objects reloaded before import = 0
Number of asset objects unloaded after import = 0
========================================================================
Received Import Request.
  Time of request: 2026-08-26T03:18:59.3338196Z
  Time since last request: 0.000457 seconds.
  importAddress: GUID: e6ccd2bcab38044d49049ca64624997a - Path: Packages/com.unity.render-pipelines.universal/Runtime/Passes/PostProcess/ScalingSetupPostProcessPass.cs - Importer: ScriptedImporter/UnityEditor.QuickSearchModule:UnityEditor.Search:ASIAI0B
Importing 'GUID: e6ccd2bcab38044d49049ca64624997a - Path: Packages/com.unity.render-pipelines.universal/Runtime/Passes/PostProcess/ScalingSetupPostProcessPass.cs - Importer: ScriptedImporter/UnityEditor.QuickSearchModule:UnityEditor.Search:ASIAI0B' with importer (ScriptedImporter : UnityEditor.QuickSearchModule:UnityEditor.Search:ASIAI0B)
Imported 'GUID: e6ccd2bcab38044d49049ca64624997a' -> (Import Result ID: '661a7cf7738375b5d581bff562727fb8') in 0.004 seconds [static and dynamic dependencies]. Details - ImportResultOutputID=b039e3f0f645bbe4692fab7922c091bd DependenciesID=353ffc3d5fdf1e98d1df4c87697f5c82 StaticDependenciesID=9c7254ea1d17b0cc55c13e2c442d85c5 
Number of updated asset objects reloaded before import = 0
Number of asset objects unloaded after import = 0
========================================================================
Received Import Request.
  Time of request: 2026-08-26T03:18:59.3507978Z
  Time since last request: 0.0002783 seconds.
  importAddress: GUID: 4d40202dfa5473d44bcdc97e00d74703 - Path: Packages/com.unity.render-pipelines.universal/Runtime/RendererFeatures/SurfaceCacheGIRendererFeature/Debug.compute - Importer: ScriptedImporter/UnityEditor.QuickSearchModule:UnityEditor.Search:ASIAI0B
Importing 'GUID: 4d40202dfa5473d44bcdc97e00d74703 - Path: Packages/com.unity.render-pipelines.universal/Runtime/RendererFeatures/SurfaceCacheGIRendererFeature/Debug.compute - Importer: ScriptedImporter/UnityEditor.QuickSearchModule:UnityEditor.Search:ASIAI0B' with importer (ScriptedImporter : UnityEditor.QuickSearchModule:UnityEditor.Search:ASIAI0B)
Imported 'GUID: 4d40202dfa5473d44bcdc97e00d74703' -> (Import Result ID: '5331fbf3afbdaa1776e81283411bb206') in 0.005 seconds [static and dynamic dependencies]. Details - ImportResultOutputID=941b20445152b29c39f3ff83ccdc170e DependenciesID=88437a24b2a22af0b60a0e1e70b18255 StaticDependenciesID=e3c39d6d238caaf11cbbc57060e7174b 
Number of updated asset objects reloaded before import = 0
Number of asset objects unloaded after import = 1
========================================================================
Received Import Request.
  Time of request: 2026-08-26T03:18:59.3676922Z
  Time since last request: 0.000306 seconds.
  importAddress: GUID: 93c9bd87382837c4aab136fa4c0c7bf8 - Path: Packages/com.unity.render-pipelines.universal/Runtime/Decal/DBuffer/DecalForwardEmissivePass.cs - Importer: ScriptedImporter/UnityEditor.QuickSearchModule:UnityEditor.Search:ASIAI0B
Importing 'GUID: 93c9bd87382837c4aab136fa4c0c7bf8 - Path: Packages/com.unity.render-pipelines.universal/Runtime/Decal/DBuffer/DecalForwardEmissivePass.cs - Importer: ScriptedImporter/UnityEditor.QuickSearchModule:UnityEditor.Search:ASIAI0B' with importer (ScriptedImporter : UnityEditor.QuickSearchModule:UnityEditor.Search:ASIAI0B)
Imported 'GUID: 93c9bd87382837c4aab136fa4c0c7bf8' -> (Import Result ID: '7120d67ecd937ee6675e91cd496ee073') in 0.005 seconds [static and dynamic dependencies]. Details - ImportResultOutputID=5ab4179e2f520a93b87e1048757020bf DependenciesID=1e245ab1a319923686b4dc5796c26f01 StaticDependenciesID=14529f19b12c1a55287aae5be3f2843d 
Number of updated asset objects reloaded before import = 0
Number of asset objects unloaded after import = 0
========================================================================
Received Import Request.
  Time of request: 2026-08-26T03:18:59.3858169Z
  Time since last request: 0.0003727 seconds.
  importAddress: GUID: 389e75599c6f47399ec151a887fef961 - Path: Packages/com.unity.render-pipelines.universal/Runtime/Passes/PostProcess/PostProcessPass.cs - Importer: ScriptedImporter/UnityEditor.QuickSearchModule:UnityEditor.Search:ASIAI0B
Importing 'GUID: 389e75599c6f47399ec151a887fef961 - Path: Packages/com.unity.render-pipelines.universal/Runtime/Passes/PostProcess/PostProcessPass.cs - Importer: ScriptedImporter/UnityEditor.QuickSearchModule:UnityEditor.Search:ASIAI0B' with importer (ScriptedImporter : UnityEditor.QuickSearchModule:UnityEditor.Search:ASIAI0B)
Imported 'GUID: 389e75599c6f47399ec151a887fef961' -> (Import Result ID: 'abcddd5ea1c36b4a3d4cb31b8b512e33') in 0.004 seconds [static and dynamic dependencies]. Details - ImportResultOutputID=22ca1309b99cfa3f2ca736c931dc83eb DependenciesID=be2a4d4e76ab9c72cb655018e6899150 StaticDependenciesID=a0ff407f3d2a459a7c1afb83e215f0c8 
Number of updated asset objects reloaded before import = 0
Number of asset objects unloaded after import = 0
========================================================================
Received Import Request.
  Time of request: 2026-08-26T03:18:59.4028915Z
  Time since last request: 0.0002713 seconds.
  importAddress: GUID: fc978838bb481b649b885c2d6bbbbb4f - Path: Packages/com.unity.render-pipelines.universal/Runtime/2D/Sources/Shadow2DProviderSource.cs - Importer: ScriptedImporter/UnityEditor.QuickSearchModule:UnityEditor.Search:ASIAI0B
Importing 'GUID: fc978838bb481b649b885c2d6bbbbb4f - Path: Packages/com.unity.render-pipelines.universal/Runtime/2D/Sources/Shadow2DProviderSource.cs - Importer: ScriptedImporter/UnityEditor.QuickSearchModule:UnityEditor.Search:ASIAI0B' with importer (ScriptedImporter : UnityEditor.QuickSearchModule:UnityEditor.Search:ASIAI0B)
Imported 'GUID: fc978838bb481b649b885c2d6bbbbb4f' -> (Import Result ID: 'a5b152836adc6502659f5cb1e985eea4') in 0.005 seconds [static and dynamic dependencies]. Details - ImportResultOutputID=27944a6135a83d7be9ccf51d74127e24 DependenciesID=32d541f00b78cfb54090f1046f5cee34 StaticDependenciesID=3b0b091e04274a196818007c7ac98635 
Number of updated asset objects reloaded before import = 0
Number of asset objects unloaded after import = 0
========================================================================
Received Import Request.
  Time of request: 2026-08-26T03:18:59.4201471Z
  Time since last request: 0.0004294 seconds.
  importAddress: GUID: d776af40f15db584481ac25590babc57 - Path: Packages/com.unity.render-pipelines.universal/Runtime/Decal/Entities/DecalEntityManager.cs - Importer: ScriptedImporter/UnityEditor.QuickSearchModule:UnityEditor.Search:ASIAI0B
Importing 'GUID: d776af40f15db584481ac25590babc57 - Path: Packages/com.unity.render-pipelines.universal/Runtime/Decal/Entities/DecalEntityManager.cs - Importer: ScriptedImporter/UnityEditor.QuickSearchModule:UnityEditor.Search:ASIAI0B' with importer (ScriptedImporter : UnityEditor.QuickSearchModule:UnityEditor.Search:ASIAI0B)
Imported 'GUID: d776af40f15db584481ac25590babc57' -> (Import Result ID: 'ed1f6c203c16aa6c47e33e82f0351ec0') in 0.004 seconds [static and dynamic dependencies]. Details - ImportResultOutputID=cc4d98fd709a4b3f025239773ee9f383 DependenciesID=fa898ca0da1b7f55e6e6ff33d9a1608c StaticDependenciesID=cda917bd7cbeb691f3995b5128cb222f 
Number of updated asset objects reloaded before import = 0
Number of asset objects unloaded after import = 0
========================================================================
Received Import Request.
  Time of request: 2026-08-26T03:18:59.437732Z
  Time since last request: 0.0002975 seconds.
  importAddress: GUID: 939a2c8bde6318d4aae61003b98bafd0 - Path: Packages/com.unity.render-pipelines.universal/Runtime/Decal/Entities/DecalCreateDrawCallSystem.cs - Importer: ScriptedImporter/UnityEditor.QuickSearchModule:UnityEditor.Search:ASIAI0B
Importing 'GUID: 939a2c8bde6318d4aae61003b98bafd0 - Path: Packages/com.unity.render-pipelines.universal/Runtime/Decal/Entities/DecalCreateDrawCallSystem.cs - Importer: ScriptedImporter/UnityEditor.QuickSearchModule:UnityEditor.Search:ASIAI0B' with importer (ScriptedImporter : UnityEditor.QuickSearchModule:UnityEditor.Search:ASIAI0B)
Imported 'GUID: 939a2c8bde6318d4aae61003b98bafd0' -> (Import Result ID: 'a69a598ff843a47008309d4b82b12f6d') in 0.005 seconds [static and dynamic dependencies]. Details - ImportResultOutputID=0be8ef39e83502119de09740c4ee4c8a DependenciesID=0d8eec6d1bd457b947b5f960b6fd4af6 StaticDependenciesID=c182912e2e708fb7fc566ad1592eebae 
Number of updated asset objects reloaded before import = 0
Number of asset objects unloaded after import = 0
========================================================================
Received Import Request.
  Time of request: 2026-08-26T03:18:59.4928924Z
  Time since last request: 0.0371928 seconds.
  importAddress: GUID: d18a24d7b4ed50f4387993566d9d3ae2 - Path: Packages/com.unity.render-pipelines.universal/Textures/BlueNoise16/L/LDR_LLL1_26.png - Importer: ScriptedImporter/UnityEditor.QuickSearchModule:UnityEditor.Search:ASIAI0B
Importing 'GUID: d18a24d7b4ed50f4387993566d9d3ae2 - Path: Packages/com.unity.render-pipelines.universal/Textures/BlueNoise16/L/LDR_LLL1_26.png - Importer: ScriptedImporter/UnityEditor.QuickSearchModule:UnityEditor.Search:ASIAI0B' with importer (ScriptedImporter : UnityEditor.QuickSearchModule:UnityEditor.Search:ASIAI0B)
Imported 'GUID: d18a24d7b4ed50f4387993566d9d3ae2' -> (Import Result ID: 'c33d695e151776ab828965adad2d473a') in 0.008 seconds [static and dynamic dependencies]. Details - ImportResultOutputID=d6713f9450e75f79eb7c79e14194b536 DependenciesID=1d101a9b5f96542a395e436edd68dcbc StaticDependenciesID=b76e223a80a7b6d9c6c2e1b3432cccf1 
Number of updated asset objects reloaded before import = 0
Number of asset objects unloaded after import = 1
========================================================================
Received Import Request.
  Time of request: 2026-08-26T03:18:59.512288Z
  Time since last request: 0.0004376 seconds.
  importAddress: GUID: 4151cfb2494f10243a255c8a553306e3 - Path: Packages/com.unity.render-pipelines.universal/Shaders/2D/Include/ShapeLightShared.hlsl - Importer: ScriptedImporter/UnityEditor.QuickSearchModule:UnityEditor.Search:ASIAI0B
Importing 'GUID: 4151cfb2494f10243a255c8a553306e3 - Path: Packages/com.unity.render-pipelines.universal/Shaders/2D/Include/ShapeLightShared.hlsl - Importer: ScriptedImporter/UnityEditor.QuickSearchModule:UnityEditor.Search:ASIAI0B' with importer (ScriptedImporter : UnityEditor.QuickSearchModule:UnityEditor.Search:ASIAI0B)
Imported 'GUID: 4151cfb2494f10243a255c8a553306e3' -> (Import Result ID: '2284eca4b1463557ae7671c1ff0000b9') in 0.005 seconds [static and dynamic dependencies]. Details - ImportResultOutputID=0cce952930d2649e1e2386ce78c553d8 DependenciesID=9e2ccfcedf3201135ac787f299b47301 StaticDependenciesID=791ce964606e489ca8b05a63084a11b8 
Number of updated asset objects reloaded before import = 0
Number of asset objects unloaded after import = 1
========================================================================
Received Import Request.
  Time of request: 2026-08-26T03:18:59.5331498Z
  Time since last request: 0.0005666 seconds.
  importAddress: GUID: 6b0d344e5378a074fa2d1ee56002c555 - Path: Packages/com.unity.render-pipelines.universal/Tests/Editor/URPGlobalSettingsMigrationTests/RenderingLayersMigrationTest.cs - Importer: ScriptedImporter/UnityEditor.QuickSearchModule:UnityEditor.Search:ASIAI0B
Importing 'GUID: 6b0d344e5378a074fa2d1ee56002c555 - Path: Packages/com.unity.render-pipelines.universal/Tests/Editor/URPGlobalSettingsMigrationTests/RenderingLayersMigrationTest.cs - Importer: ScriptedImporter/UnityEditor.QuickSearchModule:UnityEditor.Search:ASIAI0B' with importer (ScriptedImporter : UnityEditor.QuickSearchModule:UnityEditor.Search:ASIAI0B)
Imported 'GUID: 6b0d344e5378a074fa2d1ee56002c555' -> (Import Result ID: '5fa3df911b262ed1c24bd2bbcc69508e') in 0.004 seconds [static and dynamic dependencies]. Details - ImportResultOutputID=b35746e2172db34c83efc6bf15f20dda DependenciesID=51044a93f52104ac11cb0f92a18ecfc1 StaticDependenciesID=e1fa41e32d8dc1ad4941011261ad58d1 
Number of updated asset objects reloaded before import = 0
Number of asset objects unloaded after import = 0
========================================================================
Received Import Request.
  Time of request: 2026-08-26T03:18:59.5503525Z
  Time since last request: 0.0002614 seconds.
  importAddress: GUID: e7b20d8e594294f4380ea14212e1b042 - Path: Packages/com.unity.render-pipelines.universal/Tests/Editor/PostProcessDataTests/PostProcessData BloomPS Different.asset - Importer: ScriptedImporter/UnityEditor.QuickSearchModule:UnityEditor.Search:ASIAI0B
Importing 'GUID: e7b20d8e594294f4380ea14212e1b042 - Path: Packages/com.unity.render-pipelines.universal/Tests/Editor/PostProcessDataTests/PostProcessData BloomPS Different.asset - Importer: ScriptedImporter/UnityEditor.QuickSearchModule:UnityEditor.Search:ASIAI0B' with importer (ScriptedImporter : UnityEditor.QuickSearchModule:UnityEditor.Search:ASIAI0B)
Imported 'GUID: e7b20d8e594294f4380ea14212e1b042' -> (Import Result ID: 'f489f0a7d0acb0e985044b2eea5dbab3') in 0.009 seconds [static and dynamic dependencies]. Details - ImportResultOutputID=8b02f0e593078ef363c6a911998bc368 DependenciesID=eec72f9e51ad3065edea0f969bbc76b6 StaticDependenciesID=b76f5d6d7b785b832f35909f971fe75d 
Number of updated asset objects reloaded before import = 0
Number of asset objects unloaded after import = 1
========================================================================
Received Import Request.
  Time of request: 2026-08-26T03:18:59.5714138Z
  Time since last request: 0.0003578 seconds.
  importAddress: GUID: d50c5e07c9911a74982bddf7f3075e7b - Path: Packages/com.unity.render-pipelines.universal/Textures/BlueNoise16/L/LDR_LLL1_1.png - Importer: ScriptedImporter/UnityEditor.QuickSearchModule:UnityEditor.Search:ASIAI0B
Importing 'GUID: d50c5e07c9911a74982bddf7f3075e7b - Path: Packages/com.unity.render-pipelines.universal/Textures/BlueNoise16/L/LDR_LLL1_1.png - Importer: ScriptedImporter/UnityEditor.QuickSearchModule:UnityEditor.Search:ASIAI0B' with importer (ScriptedImporter : UnityEditor.QuickSearchModule:UnityEditor.Search:ASIAI0B)
Imported 'GUID: d50c5e07c9911a74982bddf7f3075e7b' -> (Import Result ID: '11f92e1405e93c803ae380c30cc5c006') in 0.008 seconds [static and dynamic dependencies]. Details - ImportResultOutputID=664f742e1225187f15926d2078457aa8 DependenciesID=f19a90db449062de468449f61db04be0 StaticDependenciesID=0ea4c835116c2bb0fc4dc9c7bff099a9 
Number of updated asset objects reloaded before import = 0
Number of asset objects unloaded after import = 1
========================================================================
Received Import Request.
  Time of request: 2026-08-26T03:18:59.5924361Z
  Time since last request: 0.0003118 seconds.
  importAddress: GUID: 3d9f007ebf49681499e13ba8a66c386d - Path: Packages/com.unity.render-pipelines.universal/Tests/Editor/URPGlobalSettingsMigrationTests/ShaderStrippingSettingsMigrationTest.cs - Importer: ScriptedImporter/UnityEditor.QuickSearchModule:UnityEditor.Search:ASIAI0B
Importing 'GUID: 3d9f007ebf49681499e13ba8a66c386d - Path: Packages/com.unity.render-pipelines.universal/Tests/Editor/URPGlobalSettingsMigrationTests/ShaderStrippingSettingsMigrationTest.cs - Importer: ScriptedImporter/UnityEditor.QuickSearchModule:UnityEditor.Search:ASIAI0B' with importer (ScriptedImporter : UnityEditor.QuickSearchModule:UnityEditor.Search:ASIAI0B)
Imported 'GUID: 3d9f007ebf49681499e13ba8a66c386d' -> (Import Result ID: 'ac7e0165ad6809876f1a5a45d75e56a4') in 0.004 seconds [static and dynamic dependencies]. Details - ImportResultOutputID=ced37b20dc6f27bb7efc8f99333bbd58 DependenciesID=4c98a0bd2badcd8d8f33997c9a5d08a0 StaticDependenciesID=f826eb53aabbc223f62f886a7e833109 
Number of updated asset objects reloaded before import = 0
Number of asset objects unloaded after import = 0
========================================================================
Received Import Request.
  Time of request: 2026-08-26T03:18:59.6096983Z
  Time since last request: 0.0002992 seconds.
  importAddress: GUID: fc3fa8f108657e14486697c9a84ccfc5 - Path: Packages/com.unity.render-pipelines.universal/Textures/BlueNoise16/L/LDR_LLL1_11.png - Importer: ScriptedImporter/UnityEditor.QuickSearchModule:UnityEditor.Search:ASIAI0B
Importing 'GUID: fc3fa8f108657e14486697c9a84ccfc5 - Path: Packages/com.unity.render-pipelines.universal/Textures/BlueNoise16/L/LDR_LLL1_11.png - Importer: ScriptedImporter/UnityEditor.QuickSearchModule:UnityEditor.Search:ASIAI0B' with importer (ScriptedImporter : UnityEditor.QuickSearchModule:UnityEditor.Search:ASIAI0B)
Imported 'GUID: fc3fa8f108657e14486697c9a84ccfc5' -> (Import Result ID: 'fb28179f371d8eaad79c4c7e60616439') in 0.007 seconds [static and dynamic dependencies]. Details - ImportResultOutputID=5c3a60fd7dff9a62e4ddebf7dea7578b DependenciesID=227124972f6d79ecc4980eba3cc7bb98 StaticDependenciesID=5b57e10d4d03e44a24d7ed8f6027d064 
Number of updated asset objects reloaded before import = 0
Number of asset objects unloaded after import = 1
========================================================================
Received Import Request.
  Time of request: 2026-08-26T03:18:59.629225Z
  Time since last request: 0.0003208 seconds.
  importAddress: GUID: ace59f7f124432f4f923bd3bfa93e0ad - Path: Packages/com.unity.render-pipelines.universal/Tests/Editor/PostProcessDataTests/2.shader - Importer: ScriptedImporter/UnityEditor.QuickSearchModule:UnityEditor.Search:ASIAI0B
Importing 'GUID: ace59f7f124432f4f923bd3bfa93e0ad - Path: Packages/com.unity.render-pipelines.universal/Tests/Editor/PostProcessDataTests/2.shader - Importer: ScriptedImporter/UnityEditor.QuickSearchModule:UnityEditor.Search:ASIAI0B' with importer (ScriptedImporter : UnityEditor.QuickSearchModule:UnityEditor.Search:ASIAI0B)
Imported 'GUID: ace59f7f124432f4f923bd3bfa93e0ad' -> (Import Result ID: 'd16b5d877abb0454e05033377a230e6f') in 0.006 seconds [static and dynamic dependencies]. Details - ImportResultOutputID=abb01ad10387947de20e55c4b8aea87e DependenciesID=5ea6470b2dbb9c9c31d4b4487a6d740f StaticDependenciesID=a8c2f2de7aace40b5362ac5967536064 
Number of updated asset objects reloaded before import = 0
Number of asset objects unloaded after import = 1
========================================================================
Received Import Request.
  Time of request: 2026-08-26T03:18:59.6490179Z
  Time since last request: 0.0002992 seconds.
  importAddress: GUID: d5c9b274310e5524ebe32a4e4da3df1f - Path: Packages/com.unity.render-pipelines.universal/Textures/BlueNoise16/L/LDR_LLL1_21.png - Importer: ScriptedImporter/UnityEditor.QuickSearchModule:UnityEditor.Search:ASIAI0B
Importing 'GUID: d5c9b274310e5524ebe32a4e4da3df1f - Path: Packages/com.unity.render-pipelines.universal/Textures/BlueNoise16/L/LDR_LLL1_21.png - Importer: ScriptedImporter/UnityEditor.QuickSearchModule:UnityEditor.Search:ASIAI0B' with importer (ScriptedImporter : UnityEditor.QuickSearchModule:UnityEditor.Search:ASIAI0B)
Imported 'GUID: d5c9b274310e5524ebe32a4e4da3df1f' -> (Import Result ID: '9886f0dc51a31332593dcec5daab2676') in 0.008 seconds [static and dynamic dependencies]. Details - ImportResultOutputID=c91b8d677b5c826c9eb808338945410b DependenciesID=3ab7a0945ccb3b97fac28907dd810224 StaticDependenciesID=127239ae33e21bf2819f88d63283d302 
Number of updated asset objects reloaded before import = 0
Number of asset objects unloaded after import = 1
========================================================================
Received Import Request.
  Time of request: 2026-08-26T03:18:59.6706039Z
  Time since last request: 0.0002637 seconds.
  importAddress: GUID: 81200413a40918d4d8702e94db29911c - Path: Packages/com.unity.render-pipelines.universal/Textures/BlueNoise16/L/LDR_LLL1_0.png - Importer: ScriptedImporter/UnityEditor.QuickSearchModule:UnityEditor.Search:ASIAI0B
Importing 'GUID: 81200413a40918d4d8702e94db29911c - Path: Packages/com.unity.render-pipelines.universal/Textures/BlueNoise16/L/LDR_LLL1_0.png - Importer: ScriptedImporter/UnityEditor.QuickSearchModule:UnityEditor.Search:ASIAI0B' with importer (ScriptedImporter : UnityEditor.QuickSearchModule:UnityEditor.Search:ASIAI0B)
Imported 'GUID: 81200413a40918d4d8702e94db29911c' -> (Import Result ID: '539ff3fe2012b5c86a8d794a4ef749f8') in 0.009 seconds [static and dynamic dependencies]. Details - ImportResultOutputID=ebd355fca14ee04829235507e267430a DependenciesID=fa1ee446bbe15174fb215d3b41a0dec7 StaticDependenciesID=3e8899b61c483a69b8203f9a237edaac 
Number of updated asset objects reloaded before import = 0
Number of asset objects unloaded after import = 1
========================================================================
Received Import Request.
  Time of request: 2026-08-26T03:18:59.6922373Z
  Time since last request: 0.0003521 seconds.
  importAddress: GUID: 96aaab9cc247d0b4c98132159688c1af - Path: Packages/com.unity.render-pipelines.universal/Textures/BlueNoise16/L/LDR_LLL1_10.png - Importer: ScriptedImporter/UnityEditor.QuickSearchModule:UnityEditor.Search:ASIAI0B
Importing 'GUID: 96aaab9cc247d0b4c98132159688c1af - Path: Packages/com.unity.render-pipelines.universal/Textures/BlueNoise16/L/LDR_LLL1_10.png - Importer: ScriptedImporter/UnityEditor.QuickSearchModule:UnityEditor.Search:ASIAI0B' with importer (ScriptedImporter : UnityEditor.QuickSearchModule:UnityEditor.Search:ASIAI0B)
Imported 'GUID: 96aaab9cc247d0b4c98132159688c1af' -> (Import Result ID: '88c65fe5b402bc21158423d659eec6d9') in 0.010 seconds [static and dynamic dependencies]. Details - ImportResultOutputID=1603fd2bc9b594a83e1dd6f880021a7d DependenciesID=654c3b56f2e93b0a34d8e1e448b60884 StaticDependenciesID=ed24814c8a8096bbbe434dbe19ee1b18 
Number of updated asset objects reloaded before import = 0
Number of asset objects unloaded after import = 1
========================================================================
Received Import Request.
  Time of request: 2026-08-26T03:18:59.7279029Z
  Time since last request: 0.0122005 seconds.
  importAddress: GUID: 179f794063d2a66478e6e726f84a65bc - Path: Packages/com.unity.render-pipelines.universal/Textures/BlueNoise16/L/LDR_LLL1_31.png - Importer: ScriptedImporter/UnityEditor.QuickSearchModule:UnityEditor.Search:ASIAI0B
Importing 'GUID: 179f794063d2a66478e6e726f84a65bc - Path: Packages/com.unity.render-pipelines.universal/Textures/BlueNoise16/L/LDR_LLL1_31.png - Importer: ScriptedImporter/UnityEditor.QuickSearchModule:UnityEditor.Search:ASIAI0B' with importer (ScriptedImporter : UnityEditor.QuickSearchModule:UnityEditor.Search:ASIAI0B)
Imported 'GUID: 179f794063d2a66478e6e726f84a65bc' -> (Import Result ID: '522223f43dd9139425ce9f32c61ab2f4') in 0.010 seconds [static and dynamic dependencies]. Details - ImportResultOutputID=62abd29d34069f261b4e2de83a674456 DependenciesID=1bbb09c2d0e8588f030edf3bb929fd08 StaticDependenciesID=c0a3358841070506ab7cbe7548e290f9 
Number of updated asset objects reloaded before import = 0
Number of asset objects unloaded after import = 1
========================================================================
Received Import Request.
  Time of request: 2026-08-26T03:18:59.754199Z
  Time since last request: 0.0004477 seconds.
  importAddress: GUID: b1d9d11b6a33b4b4e83c36bd926bbb77 - Path: Packages/com.unity.render-pipelines.universal/Editor/2D/ShaderGraph/AssetCallbacks/CreateSpriteUnlitShaderGraph.cs - Importer: ScriptedImporter/UnityEditor.QuickSearchModule:UnityEditor.Search:ASIAI0B
Importing 'GUID: b1d9d11b6a33b4b4e83c36bd926bbb77 - Path: Packages/com.unity.render-pipelines.universal/Editor/2D/ShaderGraph/AssetCallbacks/CreateSpriteUnlitShaderGraph.cs - Importer: ScriptedImporter/UnityEditor.QuickSearchModule:UnityEditor.Search:ASIAI0B' with importer (ScriptedImporter : UnityEditor.QuickSearchModule:UnityEditor.Search:ASIAI0B)
Imported 'GUID: b1d9d11b6a33b4b4e83c36bd926bbb77' -> (Import Result ID: 'e0e221bc41b77114584d13376ff03ba4') in 0.005 seconds [static and dynamic dependencies]. Details - ImportResultOutputID=9f940ebc4fbccbee0c06de7fd26312ca DependenciesID=cdabc6399e65ac0818615d47942f390e StaticDependenciesID=0c24bc6af1fa244f8700f819b4df23a7 
Number of updated asset objects reloaded before import = 0
Number of asset objects unloaded after import = 0
========================================================================
Received Import Request.
  Time of request: 2026-08-26T03:18:59.7738111Z
  Time since last request: 0.000346 seconds.
  importAddress: GUID: ff47e5a0f105eb34883b973e51f4db62 - Path: Packages/com.unity.render-pipelines.universal/Textures/BlueNoise16/L/LDR_LLL1_28.png - Importer: ScriptedImporter/UnityEditor.QuickSearchModule:UnityEditor.Search:ASIAI0B
Importing 'GUID: ff47e5a0f105eb34883b973e51f4db62 - Path: Packages/com.unity.render-pipelines.universal/Textures/BlueNoise16/L/LDR_LLL1_28.png - Importer: ScriptedImporter/UnityEditor.QuickSearchModule:UnityEditor.Search:ASIAI0B' with importer (ScriptedImporter : UnityEditor.QuickSearchModule:UnityEditor.Search:ASIAI0B)
Imported 'GUID: ff47e5a0f105eb34883b973e51f4db62' -> (Import Result ID: '893c9ea40be9b1aeda26f3fcff0d8cbe') in 0.012 seconds [static and dynamic dependencies]. Details - ImportResultOutputID=d0f5c5d8ddfdb1d679c34c2d712894d0 DependenciesID=593134d5dbac234510331c5d08cde15f StaticDependenciesID=aa12873629ffdb74c8dfc2ba1bf80a8f 
Number of updated asset objects reloaded before import = 0
Number of asset objects unloaded after import = 1
========================================================================
Received Import Request.
  Time of request: 2026-08-26T03:18:59.8008703Z
  Time since last request: 0.0004482 seconds.
  importAddress: GUID: e3d24661c1e055f45a7560c033dbb837 - Path: Packages/com.unity.render-pipelines.universal/Textures/BlueNoise64/L/LDR_LLL1_0.png - Importer: ScriptedImporter/UnityEditor.QuickSearchModule:UnityEditor.Search:ASIAI0B
Importing 'GUID: e3d24661c1e055f45a7560c033dbb837 - Path: Packages/com.unity.render-pipelines.universal/Textures/BlueNoise64/L/LDR_LLL1_0.png - Importer: ScriptedImporter/UnityEditor.QuickSearchModule:UnityEditor.Search:ASIAI0B' with importer (ScriptedImporter : UnityEditor.QuickSearchModule:UnityEditor.Search:ASIAI0B)
Imported 'GUID: e3d24661c1e055f45a7560c033dbb837' -> (Import Result ID: '5060947f12cef88d0651c7f870fcb9ed') in 0.010 seconds [static and dynamic dependencies]. Details - ImportResultOutputID=80e33af100413f7a4792b74058f37218 DependenciesID=d34dd449f949d5a6558f533a82b512dc StaticDependenciesID=5d9a7f4f285221e86141311eed26af77 
Number of updated asset objects reloaded before import = 0
Number of asset objects unloaded after import = 1
========================================================================
Received Import Request.
  Time of request: 2026-08-26T03:18:59.8251402Z
  Time since last request: 0.0003625 seconds.
  importAddress: GUID: 7ce2118f74614a94aa8a0cdf2e6062c3 - Path: Packages/com.unity.render-pipelines.universal/Textures/BlueNoise16/L/LDR_LLL1_3.png - Importer: ScriptedImporter/UnityEditor.QuickSearchModule:UnityEditor.Search:ASIAI0B
Importing 'GUID: 7ce2118f74614a94aa8a0cdf2e6062c3 - Path: Packages/com.unity.render-pipelines.universal/Textures/BlueNoise16/L/LDR_LLL1_3.png - Importer: ScriptedImporter/UnityEditor.QuickSearchModule:UnityEditor.Search:ASIAI0B' with importer (ScriptedImporter : UnityEditor.QuickSearchModule:UnityEditor.Search:ASIAI0B)
Imported 'GUID: 7ce2118f74614a94aa8a0cdf2e6062c3' -> (Import Result ID: 'c2209b66f048b89ffd60c413938c730d') in 0.010 seconds [static and dynamic dependencies]. Details - ImportResultOutputID=91f889309ad4393e0e7dcf467cfc9393 DependenciesID=9ec83f6ff846a4f8d890fefb8828e78f StaticDependenciesID=a23982b7d83bcf9273abd3f78ecad3e6 
Number of updated asset objects reloaded before import = 0
Number of asset objects unloaded after import = 1
========================================================================
Received Import Request.
  Time of request: 2026-08-26T03:18:59.8490304Z
  Time since last request: 0.0003114 seconds.
  importAddress: GUID: 172e304acf14e434e967133e7ee67273 - Path: Packages/com.unity.render-pipelines.universal/Editor/2D/ShaderGraph/Includes/SpriteUnlitPass.hlsl - Importer: ScriptedImporter/UnityEditor.QuickSearchModule:UnityEditor.Search:ASIAI0B
Importing 'GUID: 172e304acf14e434e967133e7ee67273 - Path: Packages/com.unity.render-pipelines.universal/Editor/2D/ShaderGraph/Includes/SpriteUnlitPass.hlsl - Importer: ScriptedImporter/UnityEditor.QuickSearchModule:UnityEditor.Search:ASIAI0B' with importer (ScriptedImporter : UnityEditor.QuickSearchModule:UnityEditor.Search:ASIAI0B)
Imported 'GUID: 172e304acf14e434e967133e7ee67273' -> (Import Result ID: 'f241a36c32f57e53212c2330e1c13385') in 0.005 seconds [static and dynamic dependencies]. Details - ImportResultOutputID=955f8b2fba8661f19f957c5e568385fe DependenciesID=fd6d08bbefeb1cb2603790a4eafa0964 StaticDependenciesID=6bcd73249f9c3fd3b7bb7e4aa9b0fb51 
Number of updated asset objects reloaded before import = 0
Number of asset objects unloaded after import = 1
========================================================================
Received Import Request.
  Time of request: 2026-08-26T03:18:59.8662413Z
  Time since last request: 0.000306 seconds.
  importAddress: GUID: 571ac9b288ab81e4c9c3aad150d6cb3e - Path: Packages/com.unity.render-pipelines.universal/Editor/VFXGraph/Shaders/Templates/VFXParticleLitPlanarPrimitive.template - Importer: ScriptedImporter/UnityEditor.QuickSearchModule:UnityEditor.Search:ASIAI0B
Importing 'GUID: 571ac9b288ab81e4c9c3aad150d6cb3e - Path: Packages/com.unity.render-pipelines.universal/Editor/VFXGraph/Shaders/Templates/VFXParticleLitPlanarPrimitive.template - Importer: ScriptedImporter/UnityEditor.QuickSearchModule:UnityEditor.Search:ASIAI0B' with importer (ScriptedImporter : UnityEditor.QuickSearchModule:UnityEditor.Search:ASIAI0B)
Imported 'GUID: 571ac9b288ab81e4c9c3aad150d6cb3e' -> (Import Result ID: '4f54b5e5e00fd254f6ac8f83d62bf300') in 0.004 seconds [static and dynamic dependencies]. Details - ImportResultOutputID=d91017067c42710dbd032dee6db79e25 DependenciesID=dfdc6ca3bc7708a6eabc1ee67c5a027a StaticDependenciesID=4e668f07047676da54a91e17a7e30d73 
Number of updated asset objects reloaded before import = 0
Number of asset objects unloaded after import = 1
========================================================================
Received Import Request.
  Time of request: 2026-08-26T03:18:59.8832275Z
  Time since last request: 0.000483 seconds.
  importAddress: GUID: 54019ac30a4ca724eac51bad54f48aac - Path: Packages/com.unity.render-pipelines.universal/Editor/Tools/Converters/PPv2/PPv2Converter.cs - Importer: ScriptedImporter/UnityEditor.QuickSearchModule:UnityEditor.Search:ASIAI0B
Importing 'GUID: 54019ac30a4ca724eac51bad54f48aac - Path: Packages/com.unity.render-pipelines.universal/Editor/Tools/Converters/PPv2/PPv2Converter.cs - Importer: ScriptedImporter/UnityEditor.QuickSearchModule:UnityEditor.Search:ASIAI0B' with importer (ScriptedImporter : UnityEditor.QuickSearchModule:UnityEditor.Search:ASIAI0B)
Imported 'GUID: 54019ac30a4ca724eac51bad54f48aac' -> (Import Result ID: '3305359129da41865ce82f7ff87576e4') in 0.004 seconds [static and dynamic dependencies]. Details - ImportResultOutputID=6ccf22357769e8af8648d29311d44516 DependenciesID=855c44d91ae1dabf116ff572ce7b6180 StaticDependenciesID=5fb6603900841eaeff50501407bcd254 
Number of updated asset objects reloaded before import = 0
Number of asset objects unloaded after import = 0
========================================================================
Received Import Request.
  Time of request: 2026-08-26T03:18:59.8984476Z
  Time since last request: 0.0004026 seconds.
  importAddress: GUID: 78121747aa974234f94f7fda667dbbe1 - Path: Packages/com.unity.render-pipelines.universal/Editor/ShaderGraph/Includes/Terrain/DepthNormalsOnlyPass.hlsl - Importer: ScriptedImporter/UnityEditor.QuickSearchModule:UnityEditor.Search:ASIAI0B
Importing 'GUID: 78121747aa974234f94f7fda667dbbe1 - Path: Packages/com.unity.render-pipelines.universal/Editor/ShaderGraph/Includes/Terrain/DepthNormalsOnlyPass.hlsl - Importer: ScriptedImporter/UnityEditor.QuickSearchModule:UnityEditor.Search:ASIAI0B' with importer (ScriptedImporter : UnityEditor.QuickSearchModule:UnityEditor.Search:ASIAI0B)
Imported 'GUID: 78121747aa974234f94f7fda667dbbe1' -> (Import Result ID: 'c6f4bc6f57af2ec74b0be0c041db6683') in 0.005 seconds [static and dynamic dependencies]. Details - ImportResultOutputID=faa02f82f13a307990b0e8f8f5ec6ff9 DependenciesID=0ebbb1c1cfa99c63498f0117b6874441 StaticDependenciesID=1b4e18910b5340e72ec547d4d2e6d690 
Number of updated asset objects reloaded before import = 0
Number of asset objects unloaded after import = 1
========================================================================
Received Import Request.
  Time of request: 2026-08-26T03:18:59.917661Z
  Time since last request: 0.0003657 seconds.
  importAddress: GUID: 19a7eabf161c29846b42f73a2965d39b - Path: Packages/com.unity.render-pipelines.universal/Editor/2D/ShaderGraph/Includes/Mesh2DLitPass.hlsl - Importer: ScriptedImporter/UnityEditor.QuickSearchModule:UnityEditor.Search:ASIAI0B
Importing 'GUID: 19a7eabf161c29846b42f73a2965d39b - Path: Packages/com.unity.render-pipelines.universal/Editor/2D/ShaderGraph/Includes/Mesh2DLitPass.hlsl - Importer: ScriptedImporter/UnityEditor.QuickSearchModule:UnityEditor.Search:ASIAI0B' with importer (ScriptedImporter : UnityEditor.QuickSearchModule:UnityEditor.Search:ASIAI0B)
Imported 'GUID: 19a7eabf161c29846b42f73a2965d39b' -> (Import Result ID: '25f247f3690e95fbb231a442f03bc007') in 0.005 seconds [static and dynamic dependencies]. Details - ImportResultOutputID=844a7450a36ea8d06a5a408fd752869f DependenciesID=4009c068e6ebe67c9d34e33d15d555ce StaticDependenciesID=d673b4a741dbfb7416100eddeea6a116 
Number of updated asset objects reloaded before import = 0
Number of asset objects unloaded after import = 1
========================================================================
Received Import Request.
  Time of request: 2026-08-26T03:18:59.936937Z
  Time since last request: 0.0004626 seconds.
  importAddress: GUID: e9aa28223a914899adffca20c1ff4226 - Path: Packages/com.unity.render-pipelines.universal/Editor/2D/ShaderGraph/Nodes/LightTextureNode.cs - Importer: ScriptedImporter/UnityEditor.QuickSearchModule:UnityEditor.Search:ASIAI0B
Importing 'GUID: e9aa28223a914899adffca20c1ff4226 - Path: Packages/com.unity.render-pipelines.universal/Editor/2D/ShaderGraph/Nodes/LightTextureNode.cs - Importer: ScriptedImporter/UnityEditor.QuickSearchModule:UnityEditor.Search:ASIAI0B' with importer (ScriptedImporter : UnityEditor.QuickSearchModule:UnityEditor.Search:ASIAI0B)
Imported 'GUID: e9aa28223a914899adffca20c1ff4226' -> (Import Result ID: '489803d754361822f5070948a931be58') in 0.005 seconds [static and dynamic dependencies]. Details - ImportResultOutputID=3916fb214f3463f84073fd8a19168faa DependenciesID=38bc31519193ecd1e1c7268af4a12fed StaticDependenciesID=180cf1ae5d0569a88a666bfd5f963615 
Number of updated asset objects reloaded before import = 0
Number of asset objects unloaded after import = 0
========================================================================
Received Import Request.
  Time of request: 2026-08-26T03:18:59.9554619Z
  Time since last request: 0.0005258 seconds.
  importAddress: GUID: 349d67d896d33a54181e800b229b65ec - Path: Packages/com.unity.render-pipelines.universal/Editor/VFXGraph/Shaders/Templates/VFXParticleLinesSW.template - Importer: ScriptedImporter/UnityEditor.QuickSearchModule:UnityEditor.Search:ASIAI0B
Importing 'GUID: 349d67d896d33a54181e800b229b65ec - Path: Packages/com.unity.render-pipelines.universal/Editor/VFXGraph/Shaders/Templates/VFXParticleLinesSW.template - Importer: ScriptedImporter/UnityEditor.QuickSearchModule:UnityEditor.Search:ASIAI0B' with importer (ScriptedImporter : UnityEditor.QuickSearchModule:UnityEditor.Search:ASIAI0B)
Imported 'GUID: 349d67d896d33a54181e800b229b65ec' -> (Import Result ID: 'e0289ce9af72513bcc33010173500292') in 0.004 seconds [static and dynamic dependencies]. Details - ImportResultOutputID=198d800cd24cc9328a69a5ea55af4234 DependenciesID=352fa608fbe3e6dcbbe994251ff5d80b StaticDependenciesID=ce4af139260117e98df37450271e5b1e 
Number of updated asset objects reloaded before import = 0
Number of asset objects unloaded after import = 1
========================================================================
Received Import Request.
  Time of request: 2026-08-26T03:18:59.9732996Z
  Time since last request: 0.0004145 seconds.
  importAddress: GUID: 1c9e0e166435ac24eacc5a8f047aff75 - Path: Packages/com.unity.render-pipelines.universal/Editor/VFXGraph/Shaders/Templates/VFXParticleLinesHW.template - Importer: ScriptedImporter/UnityEditor.QuickSearchModule:UnityEditor.Search:ASIAI0B
Importing 'GUID: 1c9e0e166435ac24eacc5a8f047aff75 - Path: Packages/com.unity.render-pipelines.universal/Editor/VFXGraph/Shaders/Templates/VFXParticleLinesHW.template - Importer: ScriptedImporter/UnityEditor.QuickSearchModule:UnityEditor.Search:ASIAI0B' with importer (ScriptedImporter : UnityEditor.QuickSearchModule:UnityEditor.Search:ASIAI0B)
Imported 'GUID: 1c9e0e166435ac24eacc5a8f047aff75' -> (Import Result ID: 'caa815a0dfdc8e45ba734e8f691a0863') in 0.004 seconds [static and dynamic dependencies]. Details - ImportResultOutputID=65283d7e627aad61789d342f5a07dace DependenciesID=9d600d374ab99abded4f5e432d371ad0 StaticDependenciesID=a8839886992bc4e162ca0a405a90f18f 
Number of updated asset objects reloaded before import = 0
Number of asset objects unloaded after import = 1
========================================================================
Received Import Request.
  Time of request: 2026-08-26T03:18:59.9913355Z
  Time since last request: 0.0003777 seconds.
  importAddress: GUID: 302e68dd45b9b2d4194ff0f7f454436f - Path: Packages/com.unity.render-pipelines.universal/Editor/2D/Resources/SceneViewIcons/ParametricLight.png - Importer: ScriptedImporter/UnityEditor.QuickSearchModule:UnityEditor.Search:ASIAI0B
Importing 'GUID: 302e68dd45b9b2d4194ff0f7f454436f - Path: Packages/com.unity.render-pipelines.universal/Editor/2D/Resources/SceneViewIcons/ParametricLight.png - Importer: ScriptedImporter/UnityEditor.QuickSearchModule:UnityEditor.Search:ASIAI0B' with importer (ScriptedImporter : UnityEditor.QuickSearchModule:UnityEditor.Search:ASIAI0B)
Imported 'GUID: 302e68dd45b9b2d4194ff0f7f454436f' -> (Import Result ID: '0991a3d8b3d72e6b74891e8a271f2dd4') in 0.014 seconds [static and dynamic dependencies]. Details - ImportResultOutputID=23050bccc2cae8bba9681c6847d1e96e DependenciesID=4988f214d0c9ce39db24f98c1e370a11 StaticDependenciesID=99e024a4bcd60ea7e923fd5a69b57a07 
Number of updated asset objects reloaded before import = 0
Number of asset objects unloaded after import = 1
========================================================================
Received Import Request.
  Time of request: 2026-08-26T03:19:00.0190419Z
  Time since last request: 0.0003434 seconds.
  importAddress: GUID: 494ba6900e1d9f34da743bb68ff82ddb - Path: Packages/com.unity.render-pipelines.universal/Editor/ShaderGraph/GraphTemplates/2D/2DSpriteLitTemplateThumbnail.png - Importer: ScriptedImporter/UnityEditor.QuickSearchModule:UnityEditor.Search:ASIAI0B
Importing 'GUID: 494ba6900e1d9f34da743bb68ff82ddb - Path: Packages/com.unity.render-pipelines.universal/Editor/ShaderGraph/GraphTemplates/2D/2DSpriteLitTemplateThumbnail.png - Importer: ScriptedImporter/UnityEditor.QuickSearchModule:UnityEditor.Search:ASIAI0B' with importer (ScriptedImporter : UnityEditor.QuickSearchModule:UnityEditor.Search:ASIAI0B)
Imported 'GUID: 494ba6900e1d9f34da743bb68ff82ddb' -> (Import Result ID: 'bab067cec7bac253a4fab416fc560029') in 0.010 seconds [static and dynamic dependencies]. Details - ImportResultOutputID=ce350f1b52b81560e474176b96149935 DependenciesID=9ac319bd79fbb6e1dd3e9c7f24ccc91d StaticDependenciesID=324979a960d4ae75574192ed3970737f 
Number of updated asset objects reloaded before import = 0
Number of asset objects unloaded after import = 1
========================================================================
Received Import Request.
  Time of request: 2026-08-26T03:19:00.0436238Z
  Time since last request: 0.0002643 seconds.
  importAddress: GUID: 4ad8b54817d9f5441910014b5ceb8583 - Path: Packages/com.unity.render-pipelines.universal/Editor/2D/ShaderGraph/Includes/SpriteForwardPass.hlsl - Importer: ScriptedImporter/UnityEditor.QuickSearchModule:UnityEditor.Search:ASIAI0B
Importing 'GUID: 4ad8b54817d9f5441910014b5ceb8583 - Path: Packages/com.unity.render-pipelines.universal/Editor/2D/ShaderGraph/Includes/SpriteForwardPass.hlsl - Importer: ScriptedImporter/UnityEditor.QuickSearchModule:UnityEditor.Search:ASIAI0B' with importer (ScriptedImporter : UnityEditor.QuickSearchModule:UnityEditor.Search:ASIAI0B)
Imported 'GUID: 4ad8b54817d9f5441910014b5ceb8583' -> (Import Result ID: 'f012b9beabf4e18deee9b19f18bf3719') in 0.004 seconds [static and dynamic dependencies]. Details - ImportResultOutputID=45cdb9acad9147eea937bf42189d865a DependenciesID=f423771be85e23ab9db40dd60f722374 StaticDependenciesID=88d3f8f54a50d22796adda2eee7e7586 
Number of updated asset objects reloaded before import = 0
Number of asset objects unloaded after import = 1
========================================================================
Received Import Request.
  Time of request: 2026-08-26T03:19:00.0923533Z
  Time since last request: 0.0319291 seconds.
  importAddress: GUID: aca2b17be79ab654989699ca3d36b741 - Path: Packages/com.unity.render-pipelines.universal/Runtime/2D/Shadows/Shadow Provider Utility/EdgeDictionary.cs - Importer: ScriptedImporter/UnityEditor.QuickSearchModule:UnityEditor.Search:ASIAI0B
Importing 'GUID: aca2b17be79ab654989699ca3d36b741 - Path: Packages/com.unity.render-pipelines.universal/Runtime/2D/Shadows/Shadow Provider Utility/EdgeDictionary.cs - Importer: ScriptedImporter/UnityEditor.QuickSearchModule:UnityEditor.Search:ASIAI0B' with importer (ScriptedImporter : UnityEditor.QuickSearchModule:UnityEditor.Search:ASIAI0B)
Imported 'GUID: aca2b17be79ab654989699ca3d36b741' -> (Import Result ID: '047df889893772828e3fdfdd6c4e0a12') in 0.004 seconds [static and dynamic dependencies]. Details - ImportResultOutputID=f9b504814205224e1566ed2cdcdd3c92 DependenciesID=3a12ba955fde8ecd0abdbb6066bdf0d6 StaticDependenciesID=b514d4337ecbdd243035a23975a8d460 
Number of updated asset objects reloaded before import = 0
Number of asset objects unloaded after import = 0
========================================================================
Received Import Request.
  Time of request: 2026-08-26T03:19:00.109582Z
  Time since last request: 0.0002401 seconds.
  importAddress: GUID: c67e061ed96500e4ba8ddeabc5f46958 - Path: Packages/com.unity.render-pipelines.universal/Runtime/2D/Passes/Utility/LightBatch.cs - Importer: ScriptedImporter/UnityEditor.QuickSearchModule:UnityEditor.Search:ASIAI0B
Importing 'GUID: c67e061ed96500e4ba8ddeabc5f46958 - Path: Packages/com.unity.render-pipelines.universal/Runtime/2D/Passes/Utility/LightBatch.cs - Importer: ScriptedImporter/UnityEditor.QuickSearchModule:UnityEditor.Search:ASIAI0B' with importer (ScriptedImporter : UnityEditor.QuickSearchModule:UnityEditor.Search:ASIAI0B)
Imported 'GUID: c67e061ed96500e4ba8ddeabc5f46958' -> (Import Result ID: '955cd375cc4ace750a5566c2c8e9aed5') in 0.004 seconds [static and dynamic dependencies]. Details - ImportResultOutputID=b25b5c1b5d9d1d5cd327e0e1fd354b70 DependenciesID=2da80b1ce47628c3d45e47acd253d6ad StaticDependenciesID=b904cf52f8f0dd3157803ee825f03fc3 
Number of updated asset objects reloaded before import = 0
Number of asset objects unloaded after import = 0
========================================================================
Received Import Request.
  Time of request: 2026-08-26T03:19:00.1256813Z
  Time since last request: 0.0002203 seconds.
  importAddress: GUID: 6f14d9931cb70f041af1569642d3b639 - Path: Packages/com.unity.render-pipelines.universal/Runtime/2D/Shadows/Shadow Provider Utility/ShapeProviderUtility.cs - Importer: ScriptedImporter/UnityEditor.QuickSearchModule:UnityEditor.Search:ASIAI0B
Importing 'GUID: 6f14d9931cb70f041af1569642d3b639 - Path: Packages/com.unity.render-pipelines.universal/Runtime/2D/Shadows/Shadow Provider Utility/ShapeProviderUtility.cs - Importer: ScriptedImporter/UnityEditor.QuickSearchModule:UnityEditor.Search:ASIAI0B' with importer (ScriptedImporter : UnityEditor.QuickSearchModule:UnityEditor.Search:ASIAI0B)
Imported 'GUID: 6f14d9931cb70f041af1569642d3b639' -> (Import Result ID: 'd05b3673ded65ff320d5b0d6e0fc9ebb') in 0.004 seconds [static and dynamic dependencies]. Details - ImportResultOutputID=1cd6854c5c068f1b432f9069e3e1bee3 DependenciesID=325a020c1b64fb2006791137567b0d4d StaticDependenciesID=378f634891bd18e24d343e22b2798546 
Number of updated asset objects reloaded before import = 0
Number of asset objects unloaded after import = 0
========================================================================
Received Import Request.
  Time of request: 2026-08-26T03:19:00.1424247Z
  Time since last request: 0.0003333 seconds.
  importAddress: GUID: 387b120d24fbd4f4294bd52bb2104930 - Path: Packages/com.unity.render-pipelines.universal/Runtime/2D/Shadows/Providers/ShadowShape2DProvider_SpriteShape.cs - Importer: ScriptedImporter/UnityEditor.QuickSearchModule:UnityEditor.Search:ASIAI0B
Importing 'GUID: 387b120d24fbd4f4294bd52bb2104930 - Path: Packages/com.unity.render-pipelines.universal/Runtime/2D/Shadows/Providers/ShadowShape2DProvider_SpriteShape.cs - Importer: ScriptedImporter/UnityEditor.QuickSearchModule:UnityEditor.Search:ASIAI0B' with importer (ScriptedImporter : UnityEditor.QuickSearchModule:UnityEditor.Search:ASIAI0B)
Imported 'GUID: 387b120d24fbd4f4294bd52bb2104930' -> (Import Result ID: 'e9bb87674253abfc1d1b4b47fe4cf0d0') in 0.004 seconds [static and dynamic dependencies]. Details - ImportResultOutputID=caa500aaa592f9b7073fddcc299b765d DependenciesID=665f457ca405801e1e4ebdd0dc60a3d0 StaticDependenciesID=59f134690564a4be1c2f3b2705c57ba2 
Number of updated asset objects reloaded before import = 0
Number of asset objects unloaded after import = 0
========================================================================
Received Import Request.
  Time of request: 2026-08-26T03:19:00.1592809Z
  Time since last request: 0.000302 seconds.
  importAddress: GUID: e428475e2bdb81f499cdbe3c59953975 - Path: Packages/com.unity.render-pipelines.universal/Runtime/2D/Shadows/Providers/ShadowShapeProvider2D_Utility.cs - Importer: ScriptedImporter/UnityEditor.QuickSearchModule:UnityEditor.Search:ASIAI0B
Importing 'GUID: e428475e2bdb81f499cdbe3c59953975 - Path: Packages/com.unity.render-pipelines.universal/Runtime/2D/Shadows/Providers/ShadowShapeProvider2D_Utility.cs - Importer: ScriptedImporter/UnityEditor.QuickSearchModule:UnityEditor.Search:ASIAI0B' with importer (ScriptedImporter : UnityEditor.QuickSearchModule:UnityEditor.Search:ASIAI0B)
Imported 'GUID: e428475e2bdb81f499cdbe3c59953975' -> (Import Result ID: 'f44e58067e3408e4e17b44e1ba056520') in 0.004 seconds [static and dynamic dependencies]. Details - ImportResultOutputID=70d674eb682a8e679bb59d160e259063 DependenciesID=543181ab336c536eba9220c97e5bcf1b StaticDependenciesID=ecd19c2c907b05ddbd4450ce4daf0b0a 
Number of updated asset objects reloaded before import = 0
Number of asset objects unloaded after import = 0
========================================================================
Received Import Request.
  Time of request: 2026-08-26T03:19:00.176876Z
  Time since last request: 0.0003806 seconds.
  importAddress: GUID: 27e716c92bd24f94a8eb7f5d18240b6d - Path: Packages/com.unity.render-pipelines.universal/Runtime/2D/Shadows/Shadow Provider Utility/ShadowEdge.cs - Importer: ScriptedImporter/UnityEditor.QuickSearchModule:UnityEditor.Search:ASIAI0B
Importing 'GUID: 27e716c92bd24f94a8eb7f5d18240b6d - Path: Packages/com.unity.render-pipelines.universal/Runtime/2D/Shadows/Shadow Provider Utility/ShadowEdge.cs - Importer: ScriptedImporter/UnityEditor.QuickSearchModule:UnityEditor.Search:ASIAI0B' with importer (ScriptedImporter : UnityEditor.QuickSearchModule:UnityEditor.Search:ASIAI0B)
Imported 'GUID: 27e716c92bd24f94a8eb7f5d18240b6d' -> (Import Result ID: 'c0e0ddaa6cbcb2c6df3930c529cab987') in 0.004 seconds [static and dynamic dependencies]. Details - ImportResultOutputID=ded9aadc77a82c69d15ac2ccabf98776 DependenciesID=69fcd13f36454954ce89a07795749b06 StaticDependenciesID=c5af1a7b10d43180104794b4ac0cf684 
Number of updated asset objects reloaded before import = 0
Number of asset objects unloaded after import = 0
========================================================================
Received Import Request.
  Time of request: 2026-08-26T03:19:00.2135581Z
  Time since last request: 0.0207459 seconds.
  importAddress: GUID: 2d6519c74f7a7584685798d2431960f2 - Path: Packages/com.unity.render-pipelines.universal/Editor/VFXGraph/Shaders/Templates/ParticleHexahedron/PassForward2D.template - Importer: ScriptedImporter/UnityEditor.QuickSearchModule:UnityEditor.Search:ASIAI0B
Importing 'GUID: 2d6519c74f7a7584685798d2431960f2 - Path: Packages/com.unity.render-pipelines.universal/Editor/VFXGraph/Shaders/Templates/ParticleHexahedron/PassForward2D.template - Importer: ScriptedImporter/UnityEditor.QuickSearchModule:UnityEditor.Search:ASIAI0B' with importer (ScriptedImporter : UnityEditor.QuickSearchModule:UnityEditor.Search:ASIAI0B)
Imported 'GUID: 2d6519c74f7a7584685798d2431960f2' -> (Import Result ID: '276dd3e7dcf7a86f02105a16dcde63e6') in 0.005 seconds [static and dynamic dependencies]. Details - ImportResultOutputID=9581c9b103ca88dec4cfd5b101f2bd9d DependenciesID=cda40302d8b640393456f1139eb0f0e6 StaticDependenciesID=e10ad5bf3261637ed13ac3254e247536 
Number of updated asset objects reloaded before import = 0
Number of asset objects unloaded after import = 1
========================================================================
Received Import Request.
  Time of request: 2026-08-26T03:19:00.2325863Z
  Time since last request: 0.0003056 seconds.
  importAddress: GUID: 92bae492fd0c48fca15a3c15dc732416 - Path: Packages/com.unity.render-pipelines.universal/Editor/VFXGraph/Shaders/Templates/URPDecal/PassGBuffer.template - Importer: ScriptedImporter/UnityEditor.QuickSearchModule:UnityEditor.Search:ASIAI0B
Importing 'GUID: 92bae492fd0c48fca15a3c15dc732416 - Path: Packages/com.unity.render-pipelines.universal/Editor/VFXGraph/Shaders/Templates/URPDecal/PassGBuffer.template - Importer: ScriptedImporter/UnityEditor.QuickSearchModule:UnityEditor.Search:ASIAI0B' with importer (ScriptedImporter : UnityEditor.QuickSearchModule:UnityEditor.Search:ASIAI0B)
Imported 'GUID: 92bae492fd0c48fca15a3c15dc732416' -> (Import Result ID: '873f990c90578eed2e65922264093901') in 0.004 seconds [static and dynamic dependencies]. Details - ImportResultOutputID=1ef04e0fe5324405db809300004d8699 DependenciesID=e9fd843a5cc61c4adc9b98f2d23aee87 StaticDependenciesID=9a68d1c7c51d31242fe451b7e4fc86ad 
Number of updated asset objects reloaded before import = 0
Number of asset objects unloaded after import = 1
========================================================================
Received Import Request.
  Time of request: 2026-08-26T03:19:00.2491113Z
  Time since last request: 0.0007045 seconds.
  importAddress: GUID: e54411f64dc2beb43998b9727f62fa32 - Path: Packages/com.unity.render-pipelines.universal/Editor/VFXGraph/Shaders/Templates/ParticlePlanarPrimitivesLit/PassDepthOrMV.template - Importer: ScriptedImporter/UnityEditor.QuickSearchModule:UnityEditor.Search:ASIAI0B
Importing 'GUID: e54411f64dc2beb43998b9727f62fa32 - Path: Packages/com.unity.render-pipelines.universal/Editor/VFXGraph/Shaders/Templates/ParticlePlanarPrimitivesLit/PassDepthOrMV.template - Importer: ScriptedImporter/UnityEditor.QuickSearchModule:UnityEditor.Search:ASIAI0B' with importer (ScriptedImporter : UnityEditor.QuickSearchModule:UnityEditor.Search:ASIAI0B)
Imported 'GUID: e54411f64dc2beb43998b9727f62fa32' -> (Import Result ID: '8fa2edf40f084d591e75c2b5a79aa7fc') in 0.004 seconds [static and dynamic dependencies]. Details - ImportResultOutputID=3b4180a81facc92b5ed11877542831fe DependenciesID=95f234078c160cd863d7d0717565fb5e StaticDependenciesID=e6398fc39a5a7f7cf2b7e83c689be2ca 
Number of updated asset objects reloaded before import = 0
Number of asset objects unloaded after import = 1
========================================================================
Received Import Request.
  Time of request: 2026-08-26T03:19:00.2665445Z
  Time since last request: 0.0002125 seconds.
  importAddress: GUID: 915f7a9ae9b5ab542b48b313dbf0489c - Path: Packages/com.unity.render-pipelines.universal/Editor/VFXGraph/Shaders/Templates/ParticleMeshesLit/PassSelection.template - Importer: ScriptedImporter/UnityEditor.QuickSearchModule:UnityEditor.Search:ASIAI0B
Importing 'GUID: 915f7a9ae9b5ab542b48b313dbf0489c - Path: Packages/com.unity.render-pipelines.universal/Editor/VFXGraph/Shaders/Templates/ParticleMeshesLit/PassSelection.template - Importer: ScriptedImporter/UnityEditor.QuickSearchModule:UnityEditor.Search:ASIAI0B' with importer (ScriptedImporter : UnityEditor.QuickSearchModule:UnityEditor.Search:ASIAI0B)
Imported 'GUID: 915f7a9ae9b5ab542b48b313dbf0489c' -> (Import Result ID: '83bcdbf885da93c015614d4023f244a0') in 0.004 seconds [static and dynamic dependencies]. Details - ImportResultOutputID=262218158e755dfbd445db2ae5dff8ab DependenciesID=ed70ae4d2eb17bce9d37e8ed06954ed2 StaticDependenciesID=6e285cd6f84dd834c567db5b9414b9e7 
Number of updated asset objects reloaded before import = 0
Number of asset objects unloaded after import = 1
========================================================================
Received Import Request.
  Time of request: 2026-08-26T03:19:00.2826855Z
  Time since last request: 0.000369 seconds.
  importAddress: GUID: 60e6c40c533c7ed4fbf6a90081f0e415 - Path: Packages/com.unity.render-pipelines.universal/Editor/VFXGraph/Shaders/Templates/ParticlePlanarPrimitives/PassForward2D.template - Importer: ScriptedImporter/UnityEditor.QuickSearchModule:UnityEditor.Search:ASIAI0B
Importing 'GUID: 60e6c40c533c7ed4fbf6a90081f0e415 - Path: Packages/com.unity.render-pipelines.universal/Editor/VFXGraph/Shaders/Templates/ParticlePlanarPrimitives/PassForward2D.template - Importer: ScriptedImporter/UnityEditor.QuickSearchModule:UnityEditor.Search:ASIAI0B' with importer (ScriptedImporter : UnityEditor.QuickSearchModule:UnityEditor.Search:ASIAI0B)
Imported 'GUID: 60e6c40c533c7ed4fbf6a90081f0e415' -> (Import Result ID: 'adab2107230cf01af22e4b2f057aeb91') in 0.005 seconds [static and dynamic dependencies]. Details - ImportResultOutputID=ed73939568458684ff0f000fa0cd843d DependenciesID=6cd9421249ca27b68d918b0d4a24600a StaticDependenciesID=5af32abee22a4a4b6ea496f348180f5e 
Number of updated asset objects reloaded before import = 0
Number of asset objects unloaded after import = 1
========================================================================
Received Import Request.
  Time of request: 2026-08-26T03:19:00.2997899Z
  Time since last request: 0.000418 seconds.
  importAddress: GUID: f857058956905cc46809c39c05d64706 - Path: Packages/com.unity.render-pipelines.universal/Tests/Editor/Tools/Converters/ConvertersTests.cs - Importer: ScriptedImporter/UnityEditor.QuickSearchModule:UnityEditor.Search:ASIAI0B
Importing 'GUID: f857058956905cc46809c39c05d64706 - Path: Packages/com.unity.render-pipelines.universal/Tests/Editor/Tools/Converters/ConvertersTests.cs - Importer: ScriptedImporter/UnityEditor.QuickSearchModule:UnityEditor.Search:ASIAI0B' with importer (ScriptedImporter : UnityEditor.QuickSearchModule:UnityEditor.Search:ASIAI0B)
Imported 'GUID: f857058956905cc46809c39c05d64706' -> (Import Result ID: 'e7ad3a6f3321d1da91026818484bbb3f') in 0.004 seconds [static and dynamic dependencies]. Details - ImportResultOutputID=87ef90cb5be6e94d6295c6017cbb0271 DependenciesID=23b9b82608e14dc5dc1b805a6c7b79f2 StaticDependenciesID=5c98580468a6beefe24d59d5aa76db94 
Number of updated asset objects reloaded before import = 0
Number of asset objects unloaded after import = 0
========================================================================
Received Import Request.
  Time of request: 2026-08-26T03:19:00.3165489Z
  Time since last request: 0.0003231 seconds.
  importAddress: GUID: 5fa54a2ce1bced448b6bd9cfcac6c25d - Path: Packages/com.unity.render-pipelines.universal/Editor/VFXGraph/Shaders/Templates/ParticlePlanarPrimitivesLit/PassForward.template - Importer: ScriptedImporter/UnityEditor.QuickSearchModule:UnityEditor.Search:ASIAI0B
Importing 'GUID: 5fa54a2ce1bced448b6bd9cfcac6c25d - Path: Packages/com.unity.render-pipelines.universal/Editor/VFXGraph/Shaders/Templates/ParticlePlanarPrimitivesLit/PassForward.template - Importer: ScriptedImporter/UnityEditor.QuickSearchModule:UnityEditor.Search:ASIAI0B' with importer (ScriptedImporter : UnityEditor.QuickSearchModule:UnityEditor.Search:ASIAI0B)
Imported 'GUID: 5fa54a2ce1bced448b6bd9cfcac6c25d' -> (Import Result ID: '36ad0108bcaec01ada9e486a8efde33c') in 0.004 seconds [static and dynamic dependencies]. Details - ImportResultOutputID=459bb1f33dab16e747ee239d5d7c1eda DependenciesID=41bddfa97e46956e261d966f1ad52934 StaticDependenciesID=986c2e14246b9ec0efa1644ca1af340d 
Number of updated asset objects reloaded before import = 0
Number of asset objects unloaded after import = 1
========================================================================
Received Import Request.
  Time of request: 2026-08-26T03:19:00.3329591Z
  Time since last request: 0.0004103 seconds.
  importAddress: GUID: df39fb04691e914469d4b4ae2a027fb4 - Path: Packages/com.unity.render-pipelines.universal/Editor/Tools/Converters/PPv2/EffectConverters/GrainConverter.cs - Importer: ScriptedImporter/UnityEditor.QuickSearchModule:UnityEditor.Search:ASIAI0B
Importing 'GUID: df39fb04691e914469d4b4ae2a027fb4 - Path: Packages/com.unity.render-pipelines.universal/Editor/Tools/Converters/PPv2/EffectConverters/GrainConverter.cs - Importer: ScriptedImporter/UnityEditor.QuickSearchModule:UnityEditor.Search:ASIAI0B' with importer (ScriptedImporter : UnityEditor.QuickSearchModule:UnityEditor.Search:ASIAI0B)
Imported 'GUID: df39fb04691e914469d4b4ae2a027fb4' -> (Import Result ID: '44e7084775bd83492be9189beef952af') in 0.004 seconds [static and dynamic dependencies]. Details - ImportResultOutputID=b369ce85bc9f203e3f50abe6abca515b DependenciesID=c11d9bc45030d4b02d91d735d43ded62 StaticDependenciesID=a6ec0515156aebaa8daef9d4c6cd8b5a 
Number of updated asset objects reloaded before import = 0
Number of asset objects unloaded after import = 0
========================================================================
Received Import Request.
  Time of request: 2026-08-26T03:19:00.3485522Z
  Time since last request: 0.0005263 seconds.
  importAddress: GUID: 4059f0b867f24f38b3d2baed5de3cc8c - Path: Packages/com.unity.render-pipelines.universal/Editor/VFXGraph/Shaders/Templates/URPDecal/PassScreenSpace.template - Importer: ScriptedImporter/UnityEditor.QuickSearchModule:UnityEditor.Search:ASIAI0B
Importing 'GUID: 4059f0b867f24f38b3d2baed5de3cc8c - Path: Packages/com.unity.render-pipelines.universal/Editor/VFXGraph/Shaders/Templates/URPDecal/PassScreenSpace.template - Importer: ScriptedImporter/UnityEditor.QuickSearchModule:UnityEditor.Search:ASIAI0B' with importer (ScriptedImporter : UnityEditor.QuickSearchModule:UnityEditor.Search:ASIAI0B)
Imported 'GUID: 4059f0b867f24f38b3d2baed5de3cc8c' -> (Import Result ID: '1a6f381804a55b45ae2072889b912fff') in 0.006 seconds [static and dynamic dependencies]. Details - ImportResultOutputID=41fbc49fb3c8121d5f5ca815a038829d DependenciesID=a5b92b397cb060a476cc30b996dbe017 StaticDependenciesID=76c562b061022e162a22073324def7b9 
Number of updated asset objects reloaded before import = 0
Number of asset objects unloaded after import = 1
========================================================================
Received Import Request.
  Time of request: 2026-08-26T03:19:00.370829Z
  Time since last request: 0.00039 seconds.
  importAddress: GUID: 23f922a362522a540b38b85bb2a5353f - Path: Packages/com.unity.render-pipelines.universal/Editor/VFXGraph/Shaders/Templates/ParticleMeshesLit/PassDepth.template - Importer: ScriptedImporter/UnityEditor.QuickSearchModule:UnityEditor.Search:ASIAI0B
Importing 'GUID: 23f922a362522a540b38b85bb2a5353f - Path: Packages/com.unity.render-pipelines.universal/Editor/VFXGraph/Shaders/Templates/ParticleMeshesLit/PassDepth.template - Importer: ScriptedImporter/UnityEditor.QuickSearchModule:UnityEditor.Search:ASIAI0B' with importer (ScriptedImporter : UnityEditor.QuickSearchModule:UnityEditor.Search:ASIAI0B)
Imported 'GUID: 23f922a362522a540b38b85bb2a5353f' -> (Import Result ID: '6e008dd7f5bb258cac89545745c8d8c4') in 0.006 seconds [static and dynamic dependencies]. Details - ImportResultOutputID=f0757d3706c52cc0b1fbe6cb9db0d751 DependenciesID=43ebd96214305f91620a46a0485fb820 StaticDependenciesID=2d45cd73ec5b5e6c7ce972da4ceebeb6 
Number of updated asset objects reloaded before import = 0
Number of asset objects unloaded after import = 1
========================================================================
Received Import Request.
  Time of request: 2026-08-26T03:19:00.4010185Z
  Time since last request: 0.0104587 seconds.
  importAddress: GUID: 86bc95e6fdb13ff43aa04316542905ae - Path: Packages/com.unity.render-pipelines.universal-config/Runtime/Unity.RenderPipelines.Universal.Config.Runtime.asmdef - Importer: ScriptedImporter/UnityEditor.QuickSearchModule:UnityEditor.Search:ASIAI0B
Importing 'GUID: 86bc95e6fdb13ff43aa04316542905ae - Path: Packages/com.unity.render-pipelines.universal-config/Runtime/Unity.RenderPipelines.Universal.Config.Runtime.asmdef - Importer: ScriptedImporter/UnityEditor.QuickSearchModule:UnityEditor.Search:ASIAI0B' with importer (ScriptedImporter : UnityEditor.QuickSearchModule:UnityEditor.Search:ASIAI0B)
Imported 'GUID: 86bc95e6fdb13ff43aa04316542905ae' -> (Import Result ID: 'c80226276f53350fd72d9203b176a11b') in 0.007 seconds [static and dynamic dependencies]. Details - ImportResultOutputID=4f59c6a0591353e9e2768111ff3ff77d DependenciesID=305a455876311a344facbd72c05a6859 StaticDependenciesID=1217246fa3ea755de83c9cf179608c5f 
Number of updated asset objects reloaded before import = 0
Number of asset objects unloaded after import = 1
========================================================================
Received Import Request.
  Time of request: 2026-08-26T03:19:00.4233779Z
  Time since last request: 0.0004181 seconds.
  importAddress: GUID: 5e031dc4f3118ad44b907737119d7ed1 - Path: Packages/com.unity.render-pipelines.universal-config/CHANGELOG.md - Importer: ScriptedImporter/UnityEditor.QuickSearchModule:UnityEditor.Search:ASIAI0B
Importing 'GUID: 5e031dc4f3118ad44b907737119d7ed1 - Path: Packages/com.unity.render-pipelines.universal-config/CHANGELOG.md - Importer: ScriptedImporter/UnityEditor.QuickSearchModule:UnityEditor.Search:ASIAI0B' with importer (ScriptedImporter : UnityEditor.QuickSearchModule:UnityEditor.Search:ASIAI0B)
Imported 'GUID: 5e031dc4f3118ad44b907737119d7ed1' -> (Import Result ID: '4e5c6ea35128be1ec918589d5e39f3e6') in 0.008 seconds [static and dynamic dependencies]. Details - ImportResultOutputID=a0ad35dcf1f4be90c7dc5557050eb8a9 DependenciesID=1e6783d17b1048e67b1433b987872ffe StaticDependenciesID=b1b3667c374fd56995439ab39caf323b 
Number of updated asset objects reloaded before import = 0
Number of asset objects unloaded after import = 1
========================================================================
Received Import Request.
  Time of request: 2026-08-26T03:19:00.4457465Z
  Time since last request: 0.0002585 seconds.
  importAddress: GUID: 0722f9616ea0a48e280b552e67e783a5 - Path: Packages/com.unity.render-pipelines.universal/Tests/Editor/Tools/Converters/MaterialUpgrader/StandardMaterialUpgraderTest.cs - Importer: ScriptedImporter/UnityEditor.QuickSearchModule:UnityEditor.Search:ASIAI0B
Importing 'GUID: 0722f9616ea0a48e280b552e67e783a5 - Path: Packages/com.unity.render-pipelines.universal/Tests/Editor/Tools/Converters/MaterialUpgrader/StandardMaterialUpgraderTest.cs - Importer: ScriptedImporter/UnityEditor.QuickSearchModule:UnityEditor.Search:ASIAI0B' with importer (ScriptedImporter : UnityEditor.QuickSearchModule:UnityEditor.Search:ASIAI0B)
Imported 'GUID: 0722f9616ea0a48e280b552e67e783a5' -> (Import Result ID: '604ddc8416c327ed320d1f25e475e586') in 0.008 seconds [static and dynamic dependencies]. Details - ImportResultOutputID=eaa275a33de39d1fffe129bad6b37c6f DependenciesID=757f1b124169beb4003d0f73d56b7061 StaticDependenciesID=1ff6049057918fa0c2c9be2c39070324 
Number of updated asset objects reloaded before import = 0
Number of asset objects unloaded after import = 0
========================================================================
Received Import Request.
  Time of request: 2026-08-26T03:19:00.4704357Z
  Time since last request: 0.000396 seconds.
  importAddress: GUID: ace421d79f5a6bd41bca418cddff7683 - Path: Packages/com.unity.render-pipelines.universal/Tests/Editor/Tools/Converters/ReadonlyMaterialConverter/ReadonlyMaterialConverterTests.MaterialReferenceBuilder.cs - Importer: ScriptedImporter/UnityEditor.QuickSearchModule:UnityEditor.Search:ASIAI0B
Importing 'GUID: ace421d79f5a6bd41bca418cddff7683 - Path: Packages/com.unity.render-pipelines.universal/Tests/Editor/Tools/Converters/ReadonlyMaterialConverter/ReadonlyMaterialConverterTests.MaterialReferenceBuilder.cs - Importer: ScriptedImporter/UnityEditor.QuickSearchModule:UnityEditor.Search:ASIAI0B' with importer (ScriptedImporter : UnityEditor.QuickSearchModule:UnityEditor.Search:ASIAI0B)
Imported 'GUID: ace421d79f5a6bd41bca418cddff7683' -> (Import Result ID: 'a5e041cb6cb588eadaffff103aef3564') in 0.007 seconds [static and dynamic dependencies]. Details - ImportResultOutputID=dbb8fefe14311fa21e3ef6d7fca58007 DependenciesID=3e1c16a57ef3e389146f43570342895a StaticDependenciesID=7b70a27071b3b8b8ca7e860c25089a7c 
Number of updated asset objects reloaded before import = 0
Number of asset objects unloaded after import = 0
========================================================================
Received Import Request.
  Time of request: 2026-08-26T03:19:00.4931189Z
  Time since last request: 0.0003425 seconds.
  importAddress: GUID: 43674d438e19b89d7fe6af07234f3252 - Path: Packages/com.unity.modules.accessibility/package.json - Importer: ScriptedImporter/UnityEditor.QuickSearchModule:UnityEditor.Search:ASIAI0B
Importing 'GUID: 43674d438e19b89d7fe6af07234f3252 - Path: Packages/com.unity.modules.accessibility/package.json - Importer: ScriptedImporter/UnityEditor.QuickSearchModule:UnityEditor.Search:ASIAI0B' with importer (ScriptedImporter : UnityEditor.QuickSearchModule:UnityEditor.Search:ASIAI0B)
Imported 'GUID: 43674d438e19b89d7fe6af07234f3252' -> (Import Result ID: '84794fc18e092508832b03fa0d916884') in 0.006 seconds [static and dynamic dependencies]. Details - ImportResultOutputID=a199004a8b592746dc9452404963dd02 DependenciesID=a2cf1214d53926ff3e5a89083fcb23b7 StaticDependenciesID=e12f49522e3beb5aea878309c0c081e3 
Number of updated asset objects reloaded before import = 0
Number of asset objects unloaded after import = 1
========================================================================
Received Import Request.
  Time of request: 2026-08-26T03:19:00.5137755Z
  Time since last request: 0.0003733 seconds.
  importAddress: GUID: 3cc1ebf2abb7fef6871ad48f499b6e21 - Path: Packages/com.unity.modules.vectorgraphics/package.ModuleCompilationTrigger - Importer: ScriptedImporter/UnityEditor.QuickSearchModule:UnityEditor.Search:ASIAI0B
Importing 'GUID: 3cc1ebf2abb7fef6871ad48f499b6e21 - Path: Packages/com.unity.modules.vectorgraphics/package.ModuleCompilationTrigger - Importer: ScriptedImporter/UnityEditor.QuickSearchModule:UnityEditor.Search:ASIAI0B' with importer (ScriptedImporter : UnityEditor.QuickSearchModule:UnityEditor.Search:ASIAI0B)
Imported 'GUID: 3cc1ebf2abb7fef6871ad48f499b6e21' -> (Import Result ID: 'f2c7b157f45f6c3c3ddad828bf689f12') in 0.005 seconds [static and dynamic dependencies]. Details - ImportResultOutputID=6b6fa1c57f79d2c0eecc7540ce0fde9c DependenciesID=1885bed92452a33db4f0cd02c2bbfde2 StaticDependenciesID=741519ee7592cafaacacd13a7b7f3def 
Number of updated asset objects reloaded before import = 0
Number of asset objects unloaded after import = 1
========================================================================
Received Import Request.
  Time of request: 2026-08-26T03:19:00.5347988Z
  Time since last request: 0.0003897 seconds.
  importAddress: GUID: 8a8d9e4408d3f1247884b71451a0abcf - Path: Packages/com.unity.render-pipelines.universal-config/LICENSE.md - Importer: ScriptedImporter/UnityEditor.QuickSearchModule:UnityEditor.Search:ASIAI0B
Importing 'GUID: 8a8d9e4408d3f1247884b71451a0abcf - Path: Packages/com.unity.render-pipelines.universal-config/LICENSE.md - Importer: ScriptedImporter/UnityEditor.QuickSearchModule:UnityEditor.Search:ASIAI0B' with importer (ScriptedImporter : UnityEditor.QuickSearchModule:UnityEditor.Search:ASIAI0B)
Imported 'GUID: 8a8d9e4408d3f1247884b71451a0abcf' -> (Import Result ID: '7329218830a510ce0ddf895d4cd9e3c2') in 0.005 seconds [static and dynamic dependencies]. Details - ImportResultOutputID=f5b5be8d0fa65c00d6a9aa07ab335f59 DependenciesID=e9bffe0a9840e347d237ae920dfd5f61 StaticDependenciesID=3077c7e0ff592cd4e81bc8789268966d 
Number of updated asset objects reloaded before import = 0
Number of asset objects unloaded after import = 1
========================================================================
Received Import Request.
  Time of request: 2026-08-26T03:19:00.568818Z
  Time since last request: 0.0129497 seconds.
  importAddress: GUID: 23032f4383e95e772bce465c5896d0fd - Path: Packages/com.unity.modules.terrain/package.ModuleCompilationTrigger - Importer: ScriptedImporter/UnityEditor.QuickSearchModule:UnityEditor.Search:ASIAI0B
Importing 'GUID: 23032f4383e95e772bce465c5896d0fd - Path: Packages/com.unity.modules.terrain/package.ModuleCompilationTrigger - Importer: ScriptedImporter/UnityEditor.QuickSearchModule:UnityEditor.Search:ASIAI0B' with importer (ScriptedImporter : UnityEditor.QuickSearchModule:UnityEditor.Search:ASIAI0B)
Imported 'GUID: 23032f4383e95e772bce465c5896d0fd' -> (Import Result ID: 'ce2b69ead471b8cb10bffa89367b8f36') in 0.005 seconds [static and dynamic dependencies]. Details - ImportResultOutputID=2e321a7222790689682d3377c22444e8 DependenciesID=1eefbb7dd17484d1b01b7d7fb3afd5b2 StaticDependenciesID=32d0ec804e1016d0720c0d8302af5457 
Number of updated asset objects reloaded before import = 0
Number of asset objects unloaded after import = 1
========================================================================
Received Import Request.
  Time of request: 2026-08-26T03:19:00.5883992Z
  Time since last request: 0.0003692 seconds.
  importAddress: GUID: f7a8357347c80dc69c08d0b1a05e2122 - Path: Packages/com.unity.modules.physics2d/package.json - Importer: ScriptedImporter/UnityEditor.QuickSearchModule:UnityEditor.Search:ASIAI0B
Importing 'GUID: f7a8357347c80dc69c08d0b1a05e2122 - Path: Packages/com.unity.modules.physics2d/package.json - Importer: ScriptedImporter/UnityEditor.QuickSearchModule:UnityEditor.Search:ASIAI0B' with importer (ScriptedImporter : UnityEditor.QuickSearchModule:UnityEditor.Search:ASIAI0B)
Imported 'GUID: f7a8357347c80dc69c08d0b1a05e2122' -> (Import Result ID: '2831ecc14949c0b323bbbcc78508adf6') in 0.007 seconds [static and dynamic dependencies]. Details - ImportResultOutputID=5cec9bc4c76fc55e5765ca96e87e4479 DependenciesID=46b2c4084bf8cb1bc7579d4b55c21b42 StaticDependenciesID=693da2655c7b99c52a0d03519e91d767 
Number of updated asset objects reloaded before import = 0
Number of asset objects unloaded after import = 1
========================================================================
Received Import Request.
  Time of request: 2026-08-26T03:19:00.6097327Z
  Time since last request: 0.0004288 seconds.
  importAddress: GUID: c9c6fc292cac43d7a2bc05803fd5f49f - Path: Packages/com.unity.test-framework.performance/Runtime/Meters/IStopWatch.cs - Importer: ScriptedImporter/UnityEditor.QuickSearchModule:UnityEditor.Search:ASIAI0B
Importing 'GUID: c9c6fc292cac43d7a2bc05803fd5f49f - Path: Packages/com.unity.test-framework.performance/Runtime/Meters/IStopWatch.cs - Importer: ScriptedImporter/UnityEditor.QuickSearchModule:UnityEditor.Search:ASIAI0B' with importer (ScriptedImporter : UnityEditor.QuickSearchModule:UnityEditor.Search:ASIAI0B)
Imported 'GUID: c9c6fc292cac43d7a2bc05803fd5f49f' -> (Import Result ID: 'dceecd689bc1f6f21464128feccc8268') in 0.005 seconds [static and dynamic dependencies]. Details - ImportResultOutputID=eeab756620fb670c5c3dd82468f967d6 DependenciesID=7e5f249f9dcdc14fa99c0efa24246565 StaticDependenciesID=b32f7dae83c1aa60bd4f2da3ae413118 
Number of updated asset objects reloaded before import = 0
Number of asset objects unloaded after import = 0
========================================================================
Received Import Request.
  Time of request: 2026-08-26T03:19:00.6287236Z
  Time since last request: 0.0002955 seconds.
  importAddress: GUID: 9f7fc0eedf514939aced1b50b9163974 - Path: Packages/com.unity.test-framework.performance/Runtime/ResourcesLoader.cs - Importer: ScriptedImporter/UnityEditor.QuickSearchModule:UnityEditor.Search:ASIAI0B
Importing 'GUID: 9f7fc0eedf514939aced1b50b9163974 - Path: Packages/com.unity.test-framework.performance/Runtime/ResourcesLoader.cs - Importer: ScriptedImporter/UnityEditor.QuickSearchModule:UnityEditor.Search:ASIAI0B' with importer (ScriptedImporter : UnityEditor.QuickSearchModule:UnityEditor.Search:ASIAI0B)
Imported 'GUID: 9f7fc0eedf514939aced1b50b9163974' -> (Import Result ID: 'f9afe9da43c8b97ed155e789a0e3a63d') in 0.005 seconds [static and dynamic dependencies]. Details - ImportResultOutputID=7fcf2c3867fa0187dae79ac44814a4ac DependenciesID=6979972073c78a766cfd445eb8ce45ed StaticDependenciesID=1dca4de0975204bb4c6441a0ee7c491c 
Number of updated asset objects reloaded before import = 0
Number of asset objects unloaded after import = 0
========================================================================
Received Import Request.
  Time of request: 2026-08-26T03:19:00.6492619Z
  Time since last request: 0.0003146 seconds.
  importAddress: GUID: 6ad2e365b2be44c3aedc5892edc0ae8d - Path: Packages/com.unity.test-framework.performance/Editor/TestResultsParser.cs - Importer: ScriptedImporter/UnityEditor.QuickSearchModule:UnityEditor.Search:ASIAI0B
Importing 'GUID: 6ad2e365b2be44c3aedc5892edc0ae8d - Path: Packages/com.unity.test-framework.performance/Editor/TestResultsParser.cs - Importer: ScriptedImporter/UnityEditor.QuickSearchModule:UnityEditor.Search:ASIAI0B' with importer (ScriptedImporter : UnityEditor.QuickSearchModule:UnityEditor.Search:ASIAI0B)
Imported 'GUID: 6ad2e365b2be44c3aedc5892edc0ae8d' -> (Import Result ID: 'd8720fefa56e45c2380009b483c9c0fe') in 0.006 seconds [static and dynamic dependencies]. Details - ImportResultOutputID=a95c96670d6b6253742a3facb51c1ab2 DependenciesID=dad2545782ebeb63ff3327ba79e8d9ad StaticDependenciesID=cdf121ac8dc1d6feaa0d686ef5596d3e 
Number of updated asset objects reloaded before import = 0
Number of asset objects unloaded after import = 0
========================================================================
Received Import Request.
  Time of request: 2026-08-26T03:19:00.6700938Z
  Time since last request: 0.0003512 seconds.
  importAddress: GUID: 3e68133cd13ef104088b87bbf4f00320 - Path: Packages/com.unity.test-framework.performance/Editor/TestRunBuilder.cs - Importer: ScriptedImporter/UnityEditor.QuickSearchModule:UnityEditor.Search:ASIAI0B
Importing 'GUID: 3e68133cd13ef104088b87bbf4f00320 - Path: Packages/com.unity.test-framework.performance/Editor/TestRunBuilder.cs - Importer: ScriptedImporter/UnityEditor.QuickSearchModule:UnityEditor.Search:ASIAI0B' with importer (ScriptedImporter : UnityEditor.QuickSearchModule:UnityEditor.Search:ASIAI0B)
Imported 'GUID: 3e68133cd13ef104088b87bbf4f00320' -> (Import Result ID: '5fe57ae8189da596d5dec24378020e40') in 0.005 seconds [static and dynamic dependencies]. Details - ImportResultOutputID=55fdb8614a3f6df4730f208998996a67 DependenciesID=c08d25e852af58790d33682fdf246b12 StaticDependenciesID=fa6eb2a8b32b325870380b5e94dbe8fb 
Number of updated asset objects reloaded before import = 0
Number of asset objects unloaded after import = 0
========================================================================
Received Import Request.
  Time of request: 2026-08-26T03:19:00.6925712Z
  Time since last request: 0.000846 seconds.
  importAddress: GUID: 788d1fc54ab24f14d80cb45b26012c82 - Path: Packages/com.unity.test-framework.performance/Runtime/Measure.cs - Importer: ScriptedImporter/UnityEditor.QuickSearchModule:UnityEditor.Search:ASIAI0B
Importing 'GUID: 788d1fc54ab24f14d80cb45b26012c82 - Path: Packages/com.unity.test-framework.performance/Runtime/Measure.cs - Importer: ScriptedImporter/UnityEditor.QuickSearchModule:UnityEditor.Search:ASIAI0B' with importer (ScriptedImporter : UnityEditor.QuickSearchModule:UnityEditor.Search:ASIAI0B)
Imported 'GUID: 788d1fc54ab24f14d80cb45b26012c82' -> (Import Result ID: '061e1cedc1aedfe591eceb0032b6a425') in 0.009 seconds [static and dynamic dependencies]. Details - ImportResultOutputID=99970263c3d88df3988c4b886e86f701 DependenciesID=ca984737867cb029692363c8996dc71c StaticDependenciesID=78e6f6409635b328c65f3b0dc9f7f22d 
Number of updated asset objects reloaded before import = 0
Number of asset objects unloaded after import = 0
========================================================================
Received Import Request.
  Time of request: 2026-08-26T03:19:00.7219011Z
  Time since last request: 0.0014529 seconds.
  importAddress: GUID: acd1f5cc793f24d4ba37a3c34952bde0 - Path: Packages/com.unity.test-framework.performance/Editor/TestResultXmlParser.cs - Importer: ScriptedImporter/UnityEditor.QuickSearchModule:UnityEditor.Search:ASIAI0B
Importing 'GUID: acd1f5cc793f24d4ba37a3c34952bde0 - Path: Packages/com.unity.test-framework.performance/Editor/TestResultXmlParser.cs - Importer: ScriptedImporter/UnityEditor.QuickSearchModule:UnityEditor.Search:ASIAI0B' with importer (ScriptedImporter : UnityEditor.QuickSearchModule:UnityEditor.Search:ASIAI0B)
Imported 'GUID: acd1f5cc793f24d4ba37a3c34952bde0' -> (Import Result ID: '93593052b92c3b968f770c0470cc9138') in 0.007 seconds [static and dynamic dependencies]. Details - ImportResultOutputID=f2ebdbfd2da5d871bea940f267a731e3 DependenciesID=8728d8c73061e5068c7ddd4a8cc36e00 StaticDependenciesID=a60c2db05c86523bf02a26aa049026bb 
Number of updated asset objects reloaded before import = 0
Number of asset objects unloaded after import = 0
========================================================================
Received Import Request.
  Time of request: 2026-08-26T03:19:00.7520168Z
  Time since last request: 0.000526 seconds.
  importAddress: GUID: 682cbcd3b2e7545e2bbc6306016e7bb7 - Path: Packages/com.unity.test-framework.performance/Third Party Notices.md - Importer: ScriptedImporter/UnityEditor.QuickSearchModule:UnityEditor.Search:ASIAI0B
Importing 'GUID: 682cbcd3b2e7545e2bbc6306016e7bb7 - Path: Packages/com.unity.test-framework.performance/Third Party Notices.md - Importer: ScriptedImporter/UnityEditor.QuickSearchModule:UnityEditor.Search:ASIAI0B' with importer (ScriptedImporter : UnityEditor.QuickSearchModule:UnityEditor.Search:ASIAI0B)
Imported 'GUID: 682cbcd3b2e7545e2bbc6306016e7bb7' -> (Import Result ID: 'd2f9c88d8b9b37de22dcfb7b5f7a425d') in 0.006 seconds [static and dynamic dependencies]. Details - ImportResultOutputID=25a3b4ec9666652e8f883fc12a1980fe DependenciesID=7626a4c61ea887a720954376943ece22 StaticDependenciesID=c54d6bb4d83d1fdef99cc08cd5a9f57b 
Number of updated asset objects reloaded before import = 0
Number of asset objects unloaded after import = 1
========================================================================
Received Import Request.
  Time of request: 2026-08-26T03:19:00.7738403Z
  Time since last request: 0.000512 seconds.
  importAddress: GUID: 65a435b219724f1c9e25b4f8d4564bb3 - Path: Packages/com.unity.test-framework.performance/Editor/CmdLineResultsSavingCallbacks.cs - Importer: ScriptedImporter/UnityEditor.QuickSearchModule:UnityEditor.Search:ASIAI0B
Importing 'GUID: 65a435b219724f1c9e25b4f8d4564bb3 - Path: Packages/com.unity.test-framework.performance/Editor/CmdLineResultsSavingCallbacks.cs - Importer: ScriptedImporter/UnityEditor.QuickSearchModule:UnityEditor.Search:ASIAI0B' with importer (ScriptedImporter : UnityEditor.QuickSearchModule:UnityEditor.Search:ASIAI0B)
Imported 'GUID: 65a435b219724f1c9e25b4f8d4564bb3' -> (Import Result ID: 'bf49929969c5671611bc5db38a590dd3') in 0.005 seconds [static and dynamic dependencies]. Details - ImportResultOutputID=36975bc0c0e6aaef2865ad173f971582 DependenciesID=cf9ef7055727bb1eb0dbf83a348d40ea StaticDependenciesID=52f40b166a413e71866716d6c3c874dd 
Number of updated asset objects reloaded before import = 0
Number of asset objects unloaded after import = 0
========================================================================
Received Import Request.
  Time of request: 2026-08-26T03:19:00.7946656Z
  Time since last request: 0.0007405 seconds.
  importAddress: GUID: 451a2d412ec85674b870cfe148524e5c - Path: Packages/com.unity.test-framework.performance/Runtime/Data/Player.cs - Importer: ScriptedImporter/UnityEditor.QuickSearchModule:UnityEditor.Search:ASIAI0B
Importing 'GUID: 451a2d412ec85674b870cfe148524e5c - Path: Packages/com.unity.test-framework.performance/Runtime/Data/Player.cs - Importer: ScriptedImporter/UnityEditor.QuickSearchModule:UnityEditor.Search:ASIAI0B' with importer (ScriptedImporter : UnityEditor.QuickSearchModule:UnityEditor.Search:ASIAI0B)
Imported 'GUID: 451a2d412ec85674b870cfe148524e5c' -> (Import Result ID: '5f2537c317bd356b1e90291c2bcb9deb') in 0.005 seconds [static and dynamic dependencies]. Details - ImportResultOutputID=9aaddc50a487f5281d1399afe6ef2184 DependenciesID=ca893daf6d9fae8cade5024dabdb4a11 StaticDependenciesID=89dab9702c5048ee9a32073b8d46b206 
Number of updated asset objects reloaded before import = 0
Number of asset objects unloaded after import = 0
========================================================================
Received Import Request.
  Time of request: 2026-08-26T03:19:00.8147512Z
  Time since last request: 0.0004441 seconds.
  importAddress: GUID: 88e4f63cb3be45a6afbc8f43bc4683d1 - Path: Packages/com.unity.test-framework.performance/Runtime/Statistics/ConfidenceLevelExtensions.cs - Importer: ScriptedImporter/UnityEditor.QuickSearchModule:UnityEditor.Search:ASIAI0B
Importing 'GUID: 88e4f63cb3be45a6afbc8f43bc4683d1 - Path: Packages/com.unity.test-framework.performance/Runtime/Statistics/ConfidenceLevelExtensions.cs - Importer: ScriptedImporter/UnityEditor.QuickSearchModule:UnityEditor.Search:ASIAI0B' with importer (ScriptedImporter : UnityEditor.QuickSearchModule:UnityEditor.Search:ASIAI0B)
Imported 'GUID: 88e4f63cb3be45a6afbc8f43bc4683d1' -> (Import Result ID: '00158f9859f88c1cf8dc41e2e6ad8f97') in 0.006 seconds [static and dynamic dependencies]. Details - ImportResultOutputID=efdf9cb305ee7b7e67b85cc0bfae9fba DependenciesID=d38f133b9dbd0ce9e5992a6ce5631a60 StaticDependenciesID=20bdd22216be91a709d93a35d7a866e1 
Number of updated asset objects reloaded before import = 0
Number of asset objects unloaded after import = 0
========================================================================
Received Import Request.
  Time of request: 2026-08-26T03:19:00.8368537Z
  Time since last request: 0.000464 seconds.
  importAddress: GUID: aa2734fdf41ccae4d8e95492e9e75620 - Path: Packages/com.unity.test-framework.performance/Runtime/Measurements/ProfilerMarkerMeasurement.cs - Importer: ScriptedImporter/UnityEditor.QuickSearchModule:UnityEditor.Search:ASIAI0B
Importing 'GUID: aa2734fdf41ccae4d8e95492e9e75620 - Path: Packages/com.unity.test-framework.performance/Runtime/Measurements/ProfilerMarkerMeasurement.cs - Importer: ScriptedImporter/UnityEditor.QuickSearchModule:UnityEditor.Search:ASIAI0B' with importer (ScriptedImporter : UnityEditor.QuickSearchModule:UnityEditor.Search:ASIAI0B)
Imported 'GUID: aa2734fdf41ccae4d8e95492e9e75620' -> (Import Result ID: 'deda59f0061e92306dd16e0a2f0b3df5') in 0.005 seconds [static and dynamic dependencies]. Details - ImportResultOutputID=82ad8f57e0d3e734c1143999c0c530f1 DependenciesID=fffef4796cc69fc9895409c45e5a22b8 StaticDependenciesID=e063a0b519103ba806d717d278a69ddb 
Number of updated asset objects reloaded before import = 0
Number of asset objects unloaded after import = 0
========================================================================
Received Import Request.
  Time of request: 2026-08-26T03:19:00.8564554Z
  Time since last request: 0.0003852 seconds.
  importAddress: GUID: 60f3b660212a40e7afb5bf15edcd64f2 - Path: Packages/com.unity.test-framework.performance/Runtime/Data/RunSettings.cs - Importer: ScriptedImporter/UnityEditor.QuickSearchModule:UnityEditor.Search:ASIAI0B
Importing 'GUID: 60f3b660212a40e7afb5bf15edcd64f2 - Path: Packages/com.unity.test-framework.performance/Runtime/Data/RunSettings.cs - Importer: ScriptedImporter/UnityEditor.QuickSearchModule:UnityEditor.Search:ASIAI0B' with importer (ScriptedImporter : UnityEditor.QuickSearchModule:UnityEditor.Search:ASIAI0B)
Imported 'GUID: 60f3b660212a40e7afb5bf15edcd64f2' -> (Import Result ID: '0fee617ce4db90474aa548c685c0dfe3') in 0.004 seconds [static and dynamic dependencies]. Details - ImportResultOutputID=68a69fd11a446fad16b928f221a61aec DependenciesID=d639f5af5b7a1b0d915916c082e9edd4 StaticDependenciesID=21e8507c068ec694169941f2b6df50f5 
Number of updated asset objects reloaded before import = 0
Number of asset objects unloaded after import = 0
========================================================================
Received Import Request.
  Time of request: 2026-08-26T03:19:00.8761405Z
  Time since last request: 0.0003482 seconds.
  importAddress: GUID: 9f2b7554f46f00c488dabcaaf44ed09e - Path: Packages/com.unity.test-framework.performance/Runtime/Measurements/FramesMeasurement.cs - Importer: ScriptedImporter/UnityEditor.QuickSearchModule:UnityEditor.Search:ASIAI0B
Importing 'GUID: 9f2b7554f46f00c488dabcaaf44ed09e - Path: Packages/com.unity.test-framework.performance/Runtime/Measurements/FramesMeasurement.cs - Importer: ScriptedImporter/UnityEditor.QuickSearchModule:UnityEditor.Search:ASIAI0B' with importer (ScriptedImporter : UnityEditor.QuickSearchModule:UnityEditor.Search:ASIAI0B)
Imported 'GUID: 9f2b7554f46f00c488dabcaaf44ed09e' -> (Import Result ID: '318cc51db1d6409f1b766ae73641ec76') in 0.004 seconds [static and dynamic dependencies]. Details - ImportResultOutputID=a212d6ef037894aba7aacaeb73411017 DependenciesID=6a8cda44ed27127c50fa47330b68095f StaticDependenciesID=b48ab95b1b2a810f6b6e83295f4e197e 
Number of updated asset objects reloaded before import = 0
Number of asset objects unloaded after import = 0
========================================================================
Received Import Request.
  Time of request: 2026-08-26T03:19:00.8933408Z
  Time since last request: 0.0003187 seconds.
  importAddress: GUID: a23a55c69f9544b56a85639e7258ea1d - Path: Packages/com.unity.test-framework.performance/ValidationExceptions.json - Importer: ScriptedImporter/UnityEditor.QuickSearchModule:UnityEditor.Search:ASIAI0B
Importing 'GUID: a23a55c69f9544b56a85639e7258ea1d - Path: Packages/com.unity.test-framework.performance/ValidationExceptions.json - Importer: ScriptedImporter/UnityEditor.QuickSearchModule:UnityEditor.Search:ASIAI0B' with importer (ScriptedImporter : UnityEditor.QuickSearchModule:UnityEditor.Search:ASIAI0B)
Imported 'GUID: a23a55c69f9544b56a85639e7258ea1d' -> (Import Result ID: '8378cf1e00492da3d3ef7136aea618d8') in 0.005 seconds [static and dynamic dependencies]. Details - ImportResultOutputID=bb4b04ef97c41eeeb49ffc3beccad392 DependenciesID=c99092e5d69e6ed9d5bfe9f0c57556e4 StaticDependenciesID=2d1dd28cfd799fe807b33868fc6f17c8 
Number of updated asset objects reloaded before import = 0
Number of asset objects unloaded after import = 1
========================================================================
Received Prepare
AcceleratorClientConnectionCallback - disconnected - :0
Refreshing native plugins compatible for Editor in 4.34 ms, found 5 plugins.
Unloading 65 Unused Serialized files (Serialized files now loaded: 0)
Unloading 10241 unused Assets / (19.5 MB). Loaded Objects now: 11248.
Memory consumption went from 489.8 MB to 470.3 MB.
Total: 79.031100 ms (FindLiveObjects: 1.309800 ms CreateObjectMapping: 7.613200 ms MarkObjects: 61.854800 ms  DeleteObjects: 8.251900 ms)

Prepare: number of updated asset objects reloaded= 0
Editor requested this worker to shutdown with reason: Scaling down because of idle timeout
AcceleratorClientConnectionCallback - disconnected - :0
AssetImportWorker is now disconnected from the server
Process exiting
Exiting without the bug reporter. Application will terminate with return code 0