[Licensing::Module] Trying to connect to existing licensing client channel...
Built from '6000.5/staging' branch; Version is '6000.5.8f1 (5cb7df797b7d) revision 6076383'; Using compiler version '194234433'; Build Type 'Release'
OS: 'Windows 11  (10.0.26200) Core' Language: 'en' Physical Memory: 32632 MB
[Licensing::IpcConnector] Successfully connected to: "LicenseClient-Len" at "2026-08-28T04:49:01.8761202Z"
BatchMode: 1, IsHumanControllingUs: 0, StartBugReporterOnCrash: 0, Is64bit: 1
System  architecture: x64
Process architecture: x64
Date: 2026-08-28T04:49:01Z

COMMAND LINE ARGUMENTS:
C:\Program Files\Unity\Hub\Editor\6000.5.8f1\Editor\Unity.exe
-adb2
-batchMode
-noUpm
-name
AssetImportWorkerHW3
-projectPath
C:/Users/Len/Lenomation_V3
-logFile
Logs/AssetImportWorkerHW3.log
-srvPort
54427
-parentPid
5444
-analyticsCloudUserId
6500056
-analyticsCloudProjectId
0956883a-88ea-49b2-bde1-fe810ba60755
-analyticsLocalProjectId
a56d578cae808794b840954f198d8c38
-editorAnalyticsEnabled
1
-cbmEditorLicense
a6b17b70c364649abcf2a12ba2e16345950779f9
-cbmMachineId
YsBmvqtNExQjYkfo7ZFy7ZTOaSw=
-licensingIpc
LicenseClient-Len
-noDiagnosticSwitchPersistentStore
-job-worker-count
7
-background-job-worker-count
8
-asset-garbage-collectors
1
-force-d3d12
-name
AssetImport
Successfully changed project path to: C:/Users/Len/Lenomation_V3
C:/Users/Len/Lenomation_V3
[UnityMemory] Configuration Parameters - Can be set up in boot.config
    "memorysetup-temp-allocator-size-gi-baking-worker=262144"
    "memorysetup-temp-allocator-size-gi-baking-worker=262144"
    "memorysetup-temp-allocator-size-gi-baking-worker=262144"
    "memorysetup-temp-allocator-size-gi-baking-worker=262144"
    "memorysetup-temp-allocator-size-gi-baking-worker=262144"
    "memorysetup-temp-allocator-size-nav-mesh-worker=65536"
    "memorysetup-temp-allocator-size-audio-worker=65536"
    "memorysetup-temp-allocator-size-cloud-worker=32768"
    "memorysetup-temp-allocator-size-gfx=262144"
    "memorysetup-temp-allocator-size-preload-manager=33554432"
    "memorysetup-allocator-temp-initial-block-size-main=262144"
    "memorysetup-allocator-temp-initial-block-size-worker=262144"
    "memorysetup-temp-allocator-size-job-worker=262144"
    "memorysetup-temp-allocator-size-background-worker=32768"
    "memorysetup-bucket-allocator-granularity=16"
    "memorysetup-bucket-allocator-bucket-count=8"
    "memorysetup-bucket-allocator-block-size=33554432"
    "memorysetup-bucket-allocator-block-count=8"
    "memorysetup-main-allocator-block-size=16777216"
    "memorysetup-thread-allocator-block-size=16777216"
    "memorysetup-main-allocator-mimalloc-enabled=0"
    "memorysetup-gfx-main-allocator-block-size=16777216"
    "memorysetup-gfx-thread-allocator-block-size=16777216"
    "memorysetup-cache-allocator-block-size=4194304"
    "memorysetup-typetree-allocator-block-size=2097152"
    "memorysetup-profiler-bucket-allocator-granularity=16"
    "memorysetup-profiler-bucket-allocator-bucket-count=8"
    "memorysetup-profiler-bucket-allocator-block-size=33554432"
    "memorysetup-profiler-bucket-allocator-block-count=8"
    "memorysetup-profiler-allocator-block-size=16777216"
    "memorysetup-profiler-editor-allocator-block-size=1048576"
    "memorysetup-temp-allocator-size-main=16777216"
    "memorysetup-job-temp-allocator-block-size=2097152"
    "memorysetup-job-temp-allocator-block-size-background=1048576"
    "memorysetup-job-temp-allocator-reduction-small-platforms=262144"
Player connection [30736]  Target information:

Player connection [30736]  * "[IP] 192.168.1.149 [Port] 0 [Flags] 2 [Guid] 377405961 [EditorId] 377405961 [Version] 1048832 [Id] WindowsEditor(7,LenPC) [Debug] 1 [PackageName] WindowsEditor [ProjectName] Editor" 

Player connection [30736] Host joined multi-casting on [225.0.0.222:54997]...
Player connection [30736] Host joined alternative multi-casting on [225.0.0.222:34997]...
JobSystem: Creating JobQueue using job-worker-count value 7
Input System module state changed to: Initialized.
[Physics::Module] Initialized fallback backend.
[Physics::Module] Id: 0xdecafbad
Library Redirect Path: Library/
[Physics::Module] Selected backend.
[Physics::Module] Name: PhysX
[Physics::Module] Id: 0xf2b8ea05
[Physics::Module] SDK Version: 4.1.2
[Physics::Module] Integration Version: 1.0.0
[Physics::Module] Threading Mode: Multi-Threaded
Refreshing native plugins compatible for Editor in 6.28 ms, found 5 plugins.
Initialize engine version: 6000.5.8f1 (5cb7df797b7d)
[Subsystems] Discovering subsystems at path C:/Program Files/Unity/Hub/Editor/6000.5.8f1/Editor/Data/Resources/UnitySubsystems
[Subsystems] Discovering subsystems at path C:/Users/Len/Lenomation_V3/Assets
Forcing GfxDevice: Direct3D 12
GfxDevice: creating device client; kGfxThreadingModeNonThreaded
d3d12: failed to query info queue interface (0x80004002).
Direct3D:
    Version:         Direct3D 12 [level 12.2]
    Renderer:        NVIDIA GeForce RTX 3080 Ti (ID=0x2208)
    Vendor:          NVIDIA
    VRAM:            12086 MB
    App VRAM Budget: 11318 MB
    Driver:          32.0.16.1656
Initialize mono
Mono path[0] = 'C:/Program Files/Unity/Hub/Editor/6000.5.8f1/Editor/Data/Managed'
Mono path[1] = 'C:/Program Files/Unity/Hub/Editor/6000.5.8f1/Editor/Data/BCLExtensions/runtime/netstandard2.1'
Mono path[2] = 'C:/Program Files/Unity/Hub/Editor/6000.5.8f1/Editor/Data/MonoBleedingEdge/lib/mono/unityjit-win32'
Mono config path = 'C:/Program Files/Unity/Hub/Editor/6000.5.8f1/Editor/Data/MonoBleedingEdge/etc'
Using monoOptions --debugger-agent=transport=dt_socket,embedding=1,server=y,suspend=n,address=127.0.0.1:56448
CodeReloadManager initialized
Begin MonoManager ReloadAssembly
Registering precompiled unity dll's ...
Register platform support module: C:/Program Files/Unity/Hub/Editor/6000.5.8f1/Editor/Data/PlaybackEngines/WebGLSupport/UnityEditor.WebGL.Extensions.dll
Register platform support module: C:/Program Files/Unity/Hub/Editor/6000.5.8f1/Editor/Data/PlaybackEngines/WindowsStandaloneSupport/UnityEditor.WindowsStandalone.Extensions.dll
Registered in 0.001633 seconds.
[Licensing::Client] Error: HandshakeResponse reported an error:
	ResponseCode: 505
	ResponseStatus: Unsupported protocol version '1.18.1'.
[Licensing::Module] Error: Failed to handshake to channel: "LicenseClient-Len"
[Licensing::IpcConnector] LicenseClient-Len channel disconnected successfully.
[Licensing::IpcConnector] Successfully connected to: "LicenseClient-Len-6000.5.8" at "2026-08-28T04:49:03.0966186Z"
[Licensing::Client] Code 10 while verifying Licensing Client signature (process Id: 29592, path: "C:/Program Files/Unity/Hub/Editor/6000.5.8f1/Editor/Data/Resources/Licensing/Client/Unity.Licensing.Client.exe")
[Licensing::Module] LicensingClient has failed validation; ignoring
[Licensing::Client] Handshaking with LicensingClient:
  Version:                 1.18.1+9fbee8e
  Session Id:              95aeeba6e75f484e9e44ff6c5bc96ce1
  Correlation Id:          f062c296463cb8ab94537773c48b6686
  External correlation Id: 6432826730295905375
  Machine Id:              YsBmvqtNExQjYkfo7ZFy7ZTOaSw=
[Licensing::Module] Successfully connected to LicensingClient on channel: "LicenseClient-Len-6000.5.8" (connect: 0.00s, validation: 0.00s, handshake: 0.01s)
[Licensing::IpcConnector] Successfully connected to: "LicenseClient-Len-6000.5.8-notifications" at "2026-08-28T04:49:03.1051523Z"
[Licensing::Module] Licensing Background thread has ended after 1.23s
Native extension for WindowsStandalone target not found
Native extension for WebGL target not found
Package Manager log level set to [2]
[Package Manager] Failed to launch server process. Reason: Unity was launched with the -noUpm command-line argument
[Package Manager] Unable to send message (not connected to server process).
[Package Manager] Cannot connect to Unity Package Manager local server
ScheduleIndexationOnStartup MainProcess:False IndexOnStartup:True
Mono: successfully reloaded assembly
- Finished resetting the current domain, in  0.464 seconds
Domain Reload Profiling: 1025ms
	BeginReloadAssembly (126ms)
	RebuildCommonClasses (4ms)
	RebuildNativeTypeToScriptingClass (16ms)
	initialDomainReloadingComplete (66ms)
	LoadAllAssembliesAndSetupDomain (347ms)
		LoadAssemblies (124ms)
		AnalyzeDomain (227ms)
			TypeCache.Refresh (224ms)
				TypeCache.ScanAssembly (203ms)
	FinalizeReload (465ms)
		SetupLoadedEditorAssemblies (0ms)
			BeforeProcessingInitializeOnLoad (84ms)
			ProcessInitializeOnLoadAttributes (95ms)
			ProcessInitializeOnLoadMethodAttributes (197ms)
Initializing Unity extensions:
[Licensing::Client] Successfully resolved entitlement details
[Licensing::Module] License group:
  Id: 6500056-UnityPersXXXX
  Product: Unity Personal
  Type: Assigned
  Expiration: Unlimited
Curl error 3: URL rejected: Malformed input to a URL function
========================================================================
Worker process is ready to serve import requests
Import Worker Mode flag is 0x00
Begin MonoManager ReloadAssembly
Symbol file LoadedFromMemory is not a mono symbol file
Symbol file LoadedFromMemory is not a mono symbol file
Refreshing native plugins compatible for Editor in 2.26 ms, found 5 plugins.
Native extension for WindowsStandalone target not found
Native extension for WebGL target not found
[Package Manager] Failed to launch server process. Reason: Unity was launched with the -noUpm command-line argument
[Package Manager] Unable to send message (not connected to server process).
[Package Manager] Cannot connect to Unity Package Manager local server
Refreshing native plugins compatible for Editor in 5.76 ms, found 5 plugins.
Refreshing native plugins compatible for Editor in 2.37 ms, found 5 plugins.
[Package Manager] Failed to launch server process. Reason: Unity was launched with the -noUpm command-line argument
[Package Manager] Unable to send message (not connected to server process).
[Package Manager] Cannot connect to Unity Package Manager local server
[Licensing::Client] Error: Code 404 while processing request (status: Found 0 entitlement groups and 0 free entitlements matching requested entitlement ids)
ScheduleIndexationOnStartup MainProcess:False IndexOnStartup:True
Mono: successfully reloaded assembly
- Finished resetting the current domain, in  2.803 seconds
Domain Reload Profiling: 4112ms
	BeginReloadAssembly (198ms)
		DisableScriptedObjects (9ms)
		CreateAndSetChildDomain (35ms)
	RebuildCommonClasses (11ms)
	RebuildNativeTypeToScriptingClass (19ms)
	initialDomainReloadingComplete (136ms)
	LoadAllAssembliesAndSetupDomain (944ms)
		LoadAssemblies (449ms)
		AnalyzeDomain (452ms)
			TypeCache.Refresh (362ms)
				TypeCache.ScanAssembly (340ms)
			BuildScriptInfoCaches (83ms)
			ResolveRequiredComponents (5ms)
	FinalizeReload (2805ms)
		SetupLoadedEditorAssemblies (0ms)
			BeforeProcessingInitializeOnLoad (162ms)
			ProcessInitializeOnLoadAttributes (1577ms)
			ProcessInitializeOnLoadMethodAttributes (699ms)
			AfterProcessingInitializeOnLoad (9ms)
		AwakeInstancesAfterBackupRestoration (10ms)
AcceleratorClientConnectionCallback - disconnected - :0
Launched and connected shader compiler UnityShaderCompiler.exe after 0.01 seconds
Refreshing native plugins compatible for Editor in 2.71 ms, found 5 plugins.
Unloading 65 Unused Serialized files (Serialized files now loaded: 0)
Curl error 3: URL rejected: Malformed input to a URL function
Unloading 10283 unused Assets / (25.3 MB). Loaded Objects now: 11264.
Memory consumption went from 483.5 MB to 458.2 MB.
Total: 35.079900 ms (FindLiveObjects: 0.999700 ms CreateObjectMapping: 5.382500 ms MarkObjects: 19.209300 ms  DeleteObjects: 9.485300 ms)

========================================================================
Received Prepare
AcceleratorClientConnectionCallback - disconnected - :0
Refreshing native plugins compatible for Editor in 2.60 ms, found 5 plugins.
Unloading 65 Unused Serialized files (Serialized files now loaded: 0)
Unloading 10259 unused Assets / (22.7 MB). Loaded Objects now: 11264.
Memory consumption went from 479.5 MB to 456.8 MB.
Total: 27.922200 ms (FindLiveObjects: 1.047800 ms CreateObjectMapping: 5.076500 ms MarkObjects: 14.270800 ms  DeleteObjects: 7.524800 ms)

Prepare: number of updated asset objects reloaded= 0
========================================================================
Received Prepare
AcceleratorClientConnectionCallback - disconnected - :0
Refreshing native plugins compatible for Editor in 2.65 ms, found 5 plugins.
Unloading 65 Unused Serialized files (Serialized files now loaded: 0)
Unloading 10259 unused Assets / (18.5 MB). Loaded Objects now: 11264.
Memory consumption went from 481.9 MB to 463.4 MB.
Total: 31.390500 ms (FindLiveObjects: 1.178100 ms CreateObjectMapping: 6.444700 ms MarkObjects: 18.446100 ms  DeleteObjects: 5.320300 ms)

Prepare: number of updated asset objects reloaded= 0
========================================================================
Received Prepare
AcceleratorClientConnectionCallback - disconnected - :0
Refreshing native plugins compatible for Editor in 3.52 ms, found 5 plugins.
Unloading 65 Unused Serialized files (Serialized files now loaded: 0)
Unloading 10259 unused Assets / (22.5 MB). Loaded Objects now: 11264.
Memory consumption went from 484.4 MB to 461.9 MB.
Total: 64.423000 ms (FindLiveObjects: 1.171000 ms CreateObjectMapping: 5.364300 ms MarkObjects: 42.007100 ms  DeleteObjects: 15.879200 ms)

Prepare: number of updated asset objects reloaded= 0
========================================================================
Received Import Request.
  Time of request: 2026-08-28T04:49:15.5608076Z
  Time since last request: 220887.51434940000763 seconds.
  importAddress: GUID: 7ce55f8cbb08af24b8fc3eee4f8b3fe6 - Path: Assets/Scripts/Logistics/PackageRider.cs - Importer: PreviewImporter
Importing 'GUID: 7ce55f8cbb08af24b8fc3eee4f8b3fe6 - Path: Assets/Scripts/Logistics/PackageRider.cs - Importer: PreviewImporter' with importer (PreviewImporter)
Imported 'GUID: 7ce55f8cbb08af24b8fc3eee4f8b3fe6' -> (Import Result ID: '45e80b96702d1b238b48cc87298967c7') in 0.005 seconds [static and dynamic dependencies]. Details - ImportResultOutputID=c4e1c65238c4a669e8c8a1980a78aa11 DependenciesID=33735f23a5c10d25769222dd30b50421 StaticDependenciesID=522a499c665b9d8f6bba436f7590c31d 
Number of updated asset objects reloaded before import = 0
Number of asset objects unloaded after import = 0
========================================================================
Received Prepare
AcceleratorClientConnectionCallback - disconnected - :0
Refreshing native plugins compatible for Editor in 2.79 ms, found 5 plugins.
Unloading 65 Unused Serialized files (Serialized files now loaded: 0)
Unloading 10259 unused Assets / (18.8 MB). Loaded Objects now: 11266.
Memory consumption went from 487.6 MB to 468.8 MB.
Total: 32.562600 ms (FindLiveObjects: 1.512200 ms CreateObjectMapping: 7.508400 ms MarkObjects: 17.700000 ms  DeleteObjects: 5.840600 ms)

Prepare: number of updated asset objects reloaded= 0
========================================================================
Received Prepare
AcceleratorClientConnectionCallback - disconnected - :0
Begin MonoManager ReloadAssembly
Symbol file LoadedFromMemory is not a mono symbol file
Symbol file LoadedFromMemory is not a mono symbol file
Refreshing native plugins compatible for Editor in 2.81 ms, found 5 plugins.
Native extension for WindowsStandalone target not found
Native extension for WebGL target not found
[Package Manager] Failed to launch server process. Reason: Unity was launched with the -noUpm command-line argument
[Package Manager] Unable to send message (not connected to server process).
[Package Manager] Cannot connect to Unity Package Manager local server
Refreshing native plugins compatible for Editor in 2.52 ms, found 5 plugins.
[Package Manager] Failed to launch server process. Reason: Unity was launched with the -noUpm command-line argument
[Package Manager] Unable to send message (not connected to server process).
[Package Manager] Cannot connect to Unity Package Manager local server
[Licensing::Client] Error: Code 404 while processing request (status: Found 0 entitlement groups and 0 free entitlements matching requested entitlement ids)
ScheduleIndexationOnStartup MainProcess:False IndexOnStartup:True
Mono: successfully reloaded assembly
- Finished resetting the current domain, in  1.814 seconds
Domain Reload Profiling: 3063ms
	BeginReloadAssembly (288ms)
		DisableScriptedObjects (10ms)
		CreateAndSetChildDomain (108ms)
	RebuildCommonClasses (10ms)
	RebuildNativeTypeToScriptingClass (18ms)
	initialDomainReloadingComplete (101ms)
	LoadAllAssembliesAndSetupDomain (831ms)
		LoadAssemblies (462ms)
		AnalyzeDomain (332ms)
			TypeCache.Refresh (15ms)
			BuildScriptInfoCaches (310ms)
			ResolveRequiredComponents (5ms)
	FinalizeReload (1815ms)
		SetupLoadedEditorAssemblies (0ms)
			BeforeProcessingInitializeOnLoad (139ms)
			ProcessInitializeOnLoadAttributes (839ms)
			ProcessInitializeOnLoadMethodAttributes (478ms)
			AfterProcessingInitializeOnLoad (5ms)
		AwakeInstancesAfterBackupRestoration (22ms)
Refreshing native plugins compatible for Editor in 2.59 ms, found 5 plugins.
Unloading 65 Unused Serialized files (Serialized files now loaded: 0)
Unloading 10279 unused Assets / (20.5 MB). Loaded Objects now: 11310.
Memory consumption went from 494.3 MB to 473.8 MB.
Total: 25.132500 ms (FindLiveObjects: 1.154800 ms CreateObjectMapping: 4.511500 ms MarkObjects: 14.430900 ms  DeleteObjects: 5.034200 ms)

Prepare: number of updated asset objects reloaded= 0
========================================================================
Received Prepare
AcceleratorClientConnectionCallback - disconnected - :0
Begin MonoManager ReloadAssembly
Symbol file LoadedFromMemory is not a mono symbol file
Symbol file LoadedFromMemory is not a mono symbol file
Refreshing native plugins compatible for Editor in 2.34 ms, found 5 plugins.
Native extension for WindowsStandalone target not found
Native extension for WebGL target not found
[Package Manager] Failed to launch server process. Reason: Unity was launched with the -noUpm command-line argument
[Package Manager] Unable to send message (not connected to server process).
[Package Manager] Cannot connect to Unity Package Manager local server
Refreshing native plugins compatible for Editor in 2.52 ms, found 5 plugins.
[Package Manager] Failed to launch server process. Reason: Unity was launched with the -noUpm command-line argument
[Package Manager] Unable to send message (not connected to server process).
[Package Manager] Cannot connect to Unity Package Manager local server
[Licensing::Client] Error: Code 404 while processing request (status: Found 0 entitlement groups and 0 free entitlements matching requested entitlement ids)
ScheduleIndexationOnStartup MainProcess:False IndexOnStartup:True
Mono: successfully reloaded assembly
- Finished resetting the current domain, in  1.800 seconds
Domain Reload Profiling: 2690ms
	BeginReloadAssembly (293ms)
		DisableScriptedObjects (9ms)
		CreateAndSetChildDomain (113ms)
	RebuildCommonClasses (8ms)
	RebuildNativeTypeToScriptingClass (15ms)
	initialDomainReloadingComplete (108ms)
	LoadAllAssembliesAndSetupDomain (466ms)
		LoadAssemblies (395ms)
		AnalyzeDomain (21ms)
			TypeCache.Refresh (11ms)
			ResolveRequiredComponents (6ms)
	FinalizeReload (1802ms)
		SetupLoadedEditorAssemblies (0ms)
			BeforeProcessingInitializeOnLoad (138ms)
			ProcessInitializeOnLoadAttributes (843ms)
			ProcessInitializeOnLoadMethodAttributes (494ms)
			AfterProcessingInitializeOnLoad (7ms)
		AwakeInstancesAfterBackupRestoration (43ms)
Refreshing native plugins compatible for Editor in 2.56 ms, found 5 plugins.
Unloading 65 Unused Serialized files (Serialized files now loaded: 0)
Unloading 10279 unused Assets / (21.8 MB). Loaded Objects now: 11313.
Memory consumption went from 494.5 MB to 472.7 MB.
Total: 26.691700 ms (FindLiveObjects: 0.947500 ms CreateObjectMapping: 4.813500 ms MarkObjects: 14.944900 ms  DeleteObjects: 5.984200 ms)

Prepare: number of updated asset objects reloaded= 0
========================================================================
Received Prepare
AcceleratorClientConnectionCallback - disconnected - :0
Refreshing native plugins compatible for Editor in 2.96 ms, found 5 plugins.
Unloading 65 Unused Serialized files (Serialized files now loaded: 0)
Unloading 10259 unused Assets / (20.5 MB). Loaded Objects now: 11313.
Memory consumption went from 496.9 MB to 476.4 MB.
Total: 24.766400 ms (FindLiveObjects: 0.966400 ms CreateObjectMapping: 4.255400 ms MarkObjects: 14.356500 ms  DeleteObjects: 5.186900 ms)

Prepare: number of updated asset objects reloaded= 0
========================================================================
Received Prepare
AcceleratorClientConnectionCallback - disconnected - :0
[Licensing::Client] Successfully resolved entitlement details
Begin MonoManager ReloadAssembly
Symbol file LoadedFromMemory is not a mono symbol file
Symbol file LoadedFromMemory is not a mono symbol file
Refreshing native plugins compatible for Editor in 2.27 ms, found 5 plugins.
Native extension for WindowsStandalone target not found
Native extension for WebGL target not found
[Package Manager] Failed to launch server process. Reason: Unity was launched with the -noUpm command-line argument
[Package Manager] Unable to send message (not connected to server process).
[Package Manager] Cannot connect to Unity Package Manager local server
Refreshing native plugins compatible for Editor in 2.49 ms, found 5 plugins.
[Package Manager] Failed to launch server process. Reason: Unity was launched with the -noUpm command-line argument
[Package Manager] Unable to send message (not connected to server process).
[Package Manager] Cannot connect to Unity Package Manager local server
[Licensing::Client] Error: Code 404 while processing request (status: Found 0 entitlement groups and 0 free entitlements matching requested entitlement ids)
ScheduleIndexationOnStartup MainProcess:False IndexOnStartup:True
Mono: successfully reloaded assembly
- Finished resetting the current domain, in  1.567 seconds
Domain Reload Profiling: 2703ms
	BeginReloadAssembly (257ms)
		DisableScriptedObjects (9ms)
		CreateAndSetChildDomain (87ms)
	RebuildCommonClasses (8ms)
	RebuildNativeTypeToScriptingClass (15ms)
	initialDomainReloadingComplete (96ms)
	LoadAllAssembliesAndSetupDomain (760ms)
		LoadAssemblies (389ms)
		AnalyzeDomain (333ms)
			TypeCache.Refresh (14ms)
			BuildScriptInfoCaches (312ms)
			ResolveRequiredComponents (5ms)
	FinalizeReload (1568ms)
		SetupLoadedEditorAssemblies (0ms)
			BeforeProcessingInitializeOnLoad (119ms)
			ProcessInitializeOnLoadAttributes (739ms)
			ProcessInitializeOnLoadMethodAttributes (449ms)
			AfterProcessingInitializeOnLoad (6ms)
		AwakeInstancesAfterBackupRestoration (26ms)
Refreshing native plugins compatible for Editor in 2.34 ms, found 5 plugins.
Unloading 65 Unused Serialized files (Serialized files now loaded: 0)
Unloading 10279 unused Assets / (20.7 MB). Loaded Objects now: 11316.
Memory consumption went from 503.2 MB to 482.5 MB.
Total: 25.394600 ms (FindLiveObjects: 0.870800 ms CreateObjectMapping: 4.565800 ms MarkObjects: 14.763200 ms  DeleteObjects: 5.193800 ms)

Prepare: number of updated asset objects reloaded= 0
========================================================================
Received Prepare
AcceleratorClientConnectionCallback - disconnected - :0
Refreshing native plugins compatible for Editor in 2.60 ms, found 5 plugins.
Unloading 65 Unused Serialized files (Serialized files now loaded: 0)
Unloading 65 unused Assets / (13.7 MB). Loaded Objects now: 11316.
Memory consumption went from 498.1 MB to 484.4 MB.
Total: 20.958400 ms (FindLiveObjects: 0.468800 ms CreateObjectMapping: 1.759200 ms MarkObjects: 16.704300 ms  DeleteObjects: 2.024000 ms)

Prepare: number of updated asset objects reloaded= 0
========================================================================
Received Prepare
AcceleratorClientConnectionCallback - disconnected - :0
Begin MonoManager ReloadAssembly
Failed to create domain‐reload token.
UnityEngine.Debug:ExtractStackTraceNoAlloc (byte*,int,string)
UnityEngine.StackTraceUtility:ExtractStackTrace ()
UnityEngine.DebugLogHandler:Internal_Log (UnityEngine.LogType,UnityEngine.LogOption,string,UnityEngine.Object)
UnityEngine.DebugLogHandler:LogFormat (UnityEngine.LogType,UnityEngine.Object,string,object[])
UnityEngine.Logger:Log (UnityEngine.LogType,object)
UnityEngine.Debug:LogError (object)
Unity.AI.Generators.UI.Utilities.DomainReloadUtilities:CreateToken () (at ./Library/PackageCache/com.unity.ai.assistant@c0127625258e/Modules/Unity.AI.Generators.UI/Utilities/DomainReloadUtilities.cs:50)
UnityEditor.AssemblyReloadEvents:OnBeforeAssemblyReload ()

(Filename: ./Library/PackageCache/com.unity.ai.assistant@c0127625258e/Modules/Unity.AI.Generators.UI/Utilities/DomainReloadUtilities.cs Line: 50)

Symbol file LoadedFromMemory is not a mono symbol file
Symbol file LoadedFromMemory is not a mono symbol file
Refreshing native plugins compatible for Editor in 2.68 ms, found 5 plugins.
Native extension for WindowsStandalone target not found
Native extension for WebGL target not found
[Package Manager] Failed to launch server process. Reason: Unity was launched with the -noUpm command-line argument
[Package Manager] Unable to send message (not connected to server process).
[Package Manager] Cannot connect to Unity Package Manager local server
Refreshing native plugins compatible for Editor in 2.53 ms, found 5 plugins.
[Package Manager] Failed to launch server process. Reason: Unity was launched with the -noUpm command-line argument
[Package Manager] Unable to send message (not connected to server process).
[Package Manager] Cannot connect to Unity Package Manager local server
[Licensing::Client] Error: Code 404 while processing request (status: Found 0 entitlement groups and 0 free entitlements matching requested entitlement ids)
ScheduleIndexationOnStartup MainProcess:False IndexOnStartup:True
Mono: successfully reloaded assembly
- Finished resetting the current domain, in  1.695 seconds
Domain Reload Profiling: 2507ms
	BeginReloadAssembly (251ms)
		DisableScriptedObjects (8ms)
		CreateAndSetChildDomain (84ms)
	RebuildCommonClasses (8ms)
	RebuildNativeTypeToScriptingClass (14ms)
	initialDomainReloadingComplete (88ms)
	LoadAllAssembliesAndSetupDomain (449ms)
		LoadAssemblies (375ms)
		AnalyzeDomain (20ms)
			TypeCache.Refresh (10ms)
			ResolveRequiredComponents (7ms)
	FinalizeReload (1696ms)
		SetupLoadedEditorAssemblies (0ms)
			BeforeProcessingInitializeOnLoad (124ms)
			ProcessInitializeOnLoadAttributes (789ms)
			ProcessInitializeOnLoadMethodAttributes (517ms)
			AfterProcessingInitializeOnLoad (7ms)
		AwakeInstancesAfterBackupRestoration (29ms)
Refreshing native plugins compatible for Editor in 3.22 ms, found 5 plugins.
Unloading 65 Unused Serialized files (Serialized files now loaded: 0)
Unloading 10279 unused Assets / (20.5 MB). Loaded Objects now: 11319.
Memory consumption went from 508.2 MB to 487.7 MB.
Total: 26.050000 ms (FindLiveObjects: 1.002600 ms CreateObjectMapping: 5.313100 ms MarkObjects: 14.105900 ms  DeleteObjects: 5.626500 ms)

Prepare: number of updated asset objects reloaded= 0
========================================================================
Received Prepare
AcceleratorClientConnectionCallback - disconnected - :0
Refreshing native plugins compatible for Editor in 3.66 ms, found 5 plugins.
Unloading 65 Unused Serialized files (Serialized files now loaded: 0)
Unloading 10259 unused Assets / (22.1 MB). Loaded Objects now: 11319.
Memory consumption went from 510.6 MB to 488.5 MB.
Total: 33.075200 ms (FindLiveObjects: 1.013800 ms CreateObjectMapping: 4.470700 ms MarkObjects: 19.257300 ms  DeleteObjects: 8.332100 ms)

Prepare: number of updated asset objects reloaded= 0
========================================================================
Received Prepare
AcceleratorClientConnectionCallback - disconnected - :0
[Licensing::Client] Successfully resolved entitlement details
Begin MonoManager ReloadAssembly
Symbol file LoadedFromMemory is not a mono symbol file
Symbol file LoadedFromMemory is not a mono symbol file
Refreshing native plugins compatible for Editor in 2.45 ms, found 5 plugins.
Native extension for WindowsStandalone target not found
Native extension for WebGL target not found
[Package Manager] Failed to launch server process. Reason: Unity was launched with the -noUpm command-line argument
[Package Manager] Unable to send message (not connected to server process).
[Package Manager] Cannot connect to Unity Package Manager local server
Refreshing native plugins compatible for Editor in 2.34 ms, found 5 plugins.
[Package Manager] Failed to launch server process. Reason: Unity was launched with the -noUpm command-line argument
[Package Manager] Unable to send message (not connected to server process).
[Package Manager] Cannot connect to Unity Package Manager local server
[Licensing::Client] Error: Code 404 while processing request (status: Found 0 entitlement groups and 0 free entitlements matching requested entitlement ids)
ScheduleIndexationOnStartup MainProcess:False IndexOnStartup:True
Mono: successfully reloaded assembly
- Finished resetting the current domain, in  1.640 seconds
Domain Reload Profiling: 2969ms
	BeginReloadAssembly (301ms)
		DisableScriptedObjects (11ms)
		CreateAndSetChildDomain (102ms)
	RebuildCommonClasses (9ms)
	RebuildNativeTypeToScriptingClass (15ms)
	initialDomainReloadingComplete (115ms)
	LoadAllAssembliesAndSetupDomain (887ms)
		LoadAssemblies (434ms)
		AnalyzeDomain (374ms)
			TypeCache.Refresh (17ms)
			BuildScriptInfoCaches (347ms)
			ResolveRequiredComponents (7ms)
	FinalizeReload (1641ms)
		SetupLoadedEditorAssemblies (0ms)
			BeforeProcessingInitializeOnLoad (143ms)
			ProcessInitializeOnLoadAttributes (751ms)
			ProcessInitializeOnLoadMethodAttributes (448ms)
			AfterProcessingInitializeOnLoad (7ms)
		AwakeInstancesAfterBackupRestoration (26ms)
Refreshing native plugins compatible for Editor in 2.42 ms, found 5 plugins.
Unloading 65 Unused Serialized files (Serialized files now loaded: 0)
Unloading 10279 unused Assets / (20.2 MB). Loaded Objects now: 11322.
Memory consumption went from 0.50 GB to 497.5 MB.
Total: 25.738300 ms (FindLiveObjects: 0.919800 ms CreateObjectMapping: 4.766800 ms MarkObjects: 13.859100 ms  DeleteObjects: 6.191200 ms)

Prepare: number of updated asset objects reloaded= 0
========================================================================
Received Prepare
AcceleratorClientConnectionCallback - disconnected - :0
Refreshing native plugins compatible for Editor in 3.01 ms, found 5 plugins.
Unloading 65 Unused Serialized files (Serialized files now loaded: 0)
Unloading 65 unused Assets / (13.7 MB). Loaded Objects now: 11322.
Memory consumption went from 0.50 GB to 498.9 MB.
Total: 16.752400 ms (FindLiveObjects: 0.465800 ms CreateObjectMapping: 1.691400 ms MarkObjects: 13.099800 ms  DeleteObjects: 1.494100 ms)

Prepare: number of updated asset objects reloaded= 0
========================================================================
Received Prepare
AcceleratorClientConnectionCallback - disconnected - :0
Begin MonoManager ReloadAssembly
Symbol file LoadedFromMemory is not a mono symbol file
Symbol file LoadedFromMemory is not a mono symbol file
Refreshing native plugins compatible for Editor in 2.18 ms, found 5 plugins.
Native extension for WindowsStandalone target not found
Native extension for WebGL target not found
[Package Manager] Failed to launch server process. Reason: Unity was launched with the -noUpm command-line argument
[Package Manager] Unable to send message (not connected to server process).
[Package Manager] Cannot connect to Unity Package Manager local server
Refreshing native plugins compatible for Editor in 3.02 ms, found 5 plugins.
[Package Manager] Failed to launch server process. Reason: Unity was launched with the -noUpm command-line argument
[Package Manager] Unable to send message (not connected to server process).
[Package Manager] Cannot connect to Unity Package Manager local server
[Licensing::Client] Error: Code 404 while processing request (status: Found 0 entitlement groups and 0 free entitlements matching requested entitlement ids)
ScheduleIndexationOnStartup MainProcess:False IndexOnStartup:True
Mono: successfully reloaded assembly
- Finished resetting the current domain, in  1.730 seconds
Domain Reload Profiling: 2561ms
	BeginReloadAssembly (260ms)
		DisableScriptedObjects (9ms)
		CreateAndSetChildDomain (89ms)
	RebuildCommonClasses (8ms)
	RebuildNativeTypeToScriptingClass (20ms)
	initialDomainReloadingComplete (87ms)
	LoadAllAssembliesAndSetupDomain (455ms)
		LoadAssemblies (396ms)
		AnalyzeDomain (18ms)
			TypeCache.Refresh (9ms)
			ResolveRequiredComponents (5ms)
	FinalizeReload (1731ms)
		SetupLoadedEditorAssemblies (0ms)
			BeforeProcessingInitializeOnLoad (137ms)
			ProcessInitializeOnLoadAttributes (796ms)
			ProcessInitializeOnLoadMethodAttributes (518ms)
			AfterProcessingInitializeOnLoad (6ms)
		AwakeInstancesAfterBackupRestoration (30ms)
Refreshing native plugins compatible for Editor in 2.52 ms, found 5 plugins.
Unloading 65 Unused Serialized files (Serialized files now loaded: 0)
Unloading 10279 unused Assets / (21.6 MB). Loaded Objects now: 11325.
Memory consumption went from 0.51 GB to 500.3 MB.
Total: 24.751700 ms (FindLiveObjects: 0.915400 ms CreateObjectMapping: 4.272300 ms MarkObjects: 13.719200 ms  DeleteObjects: 5.843400 ms)

Prepare: number of updated asset objects reloaded= 0
========================================================================
Received Prepare
AcceleratorClientConnectionCallback - disconnected - :0
Refreshing native plugins compatible for Editor in 2.48 ms, found 5 plugins.
Unloading 65 Unused Serialized files (Serialized files now loaded: 0)
Unloading 65 unused Assets / (13.7 MB). Loaded Objects now: 11325.
Memory consumption went from 0.50 GB to 503.1 MB.
Total: 17.236800 ms (FindLiveObjects: 0.450600 ms CreateObjectMapping: 1.700900 ms MarkObjects: 13.377700 ms  DeleteObjects: 1.706600 ms)

Prepare: number of updated asset objects reloaded= 0
========================================================================
Received Prepare
AcceleratorClientConnectionCallback - disconnected - :0
[Licensing::Client] Successfully resolved entitlement details
Begin MonoManager ReloadAssembly
Symbol file LoadedFromMemory is not a mono symbol file
Symbol file LoadedFromMemory is not a mono symbol file
Refreshing native plugins compatible for Editor in 2.67 ms, found 5 plugins.
Native extension for WindowsStandalone target not found
Native extension for WebGL target not found
[Package Manager] Failed to launch server process. Reason: Unity was launched with the -noUpm command-line argument
[Package Manager] Unable to send message (not connected to server process).
[Package Manager] Cannot connect to Unity Package Manager local server
Refreshing native plugins compatible for Editor in 2.69 ms, found 5 plugins.
[Package Manager] Failed to launch server process. Reason: Unity was launched with the -noUpm command-line argument
[Package Manager] Unable to send message (not connected to server process).
[Package Manager] Cannot connect to Unity Package Manager local server
[Licensing::Client] Error: Code 404 while processing request (status: Found 0 entitlement groups and 0 free entitlements matching requested entitlement ids)
ScheduleIndexationOnStartup MainProcess:False IndexOnStartup:True
Mono: successfully reloaded assembly
- Finished resetting the current domain, in  1.631 seconds
Domain Reload Profiling: 2458ms
	BeginReloadAssembly (252ms)
		DisableScriptedObjects (9ms)
		CreateAndSetChildDomain (78ms)
	RebuildCommonClasses (9ms)
	RebuildNativeTypeToScriptingClass (14ms)
	initialDomainReloadingComplete (89ms)
	LoadAllAssembliesAndSetupDomain (462ms)
		LoadAssemblies (383ms)
		AnalyzeDomain (20ms)
			TypeCache.Refresh (10ms)
			ResolveRequiredComponents (5ms)
	FinalizeReload (1632ms)
		SetupLoadedEditorAssemblies (0ms)
			BeforeProcessingInitializeOnLoad (126ms)
			ProcessInitializeOnLoadAttributes (794ms)
			ProcessInitializeOnLoadMethodAttributes (467ms)
			AfterProcessingInitializeOnLoad (5ms)
		AwakeInstancesAfterBackupRestoration (24ms)
Refreshing native plugins compatible for Editor in 2.67 ms, found 5 plugins.
Unloading 65 Unused Serialized files (Serialized files now loaded: 0)
Unloading 10279 unused Assets / (20.6 MB). Loaded Objects now: 11328.
Memory consumption went from 0.51 GB to 506.1 MB.
Total: 23.426100 ms (FindLiveObjects: 0.899800 ms CreateObjectMapping: 4.278500 ms MarkObjects: 13.302800 ms  DeleteObjects: 4.944100 ms)

Prepare: number of updated asset objects reloaded= 0
========================================================================
Received Prepare
AcceleratorClientConnectionCallback - disconnected - :0
Refreshing native plugins compatible for Editor in 3.52 ms, found 5 plugins.
Unloading 65 Unused Serialized files (Serialized files now loaded: 0)
Unloading 10259 unused Assets / (20.4 MB). Loaded Objects now: 11328.
Memory consumption went from 0.52 GB to 508.7 MB.
Total: 26.102500 ms (FindLiveObjects: 1.118300 ms CreateObjectMapping: 4.847000 ms MarkObjects: 14.602900 ms  DeleteObjects: 5.532500 ms)

Prepare: number of updated asset objects reloaded= 0
========================================================================
Received Prepare
AcceleratorClientConnectionCallback - disconnected - :0
[Licensing::Client] Successfully resolved entitlement details
Begin MonoManager ReloadAssembly
Symbol file LoadedFromMemory is not a mono symbol file
Symbol file LoadedFromMemory is not a mono symbol file
Refreshing native plugins compatible for Editor in 2.29 ms, found 5 plugins.
Native extension for WindowsStandalone target not found
Native extension for WebGL target not found
[Package Manager] Failed to launch server process. Reason: Unity was launched with the -noUpm command-line argument
[Package Manager] Unable to send message (not connected to server process).
[Package Manager] Cannot connect to Unity Package Manager local server
Refreshing native plugins compatible for Editor in 2.44 ms, found 5 plugins.
[Package Manager] Failed to launch server process. Reason: Unity was launched with the -noUpm command-line argument
[Package Manager] Unable to send message (not connected to server process).
[Package Manager] Cannot connect to Unity Package Manager local server
[Licensing::Client] Error: Code 404 while processing request (status: Found 0 entitlement groups and 0 free entitlements matching requested entitlement ids)
ScheduleIndexationOnStartup MainProcess:False IndexOnStartup:True
Mono: successfully reloaded assembly
- Finished resetting the current domain, in  1.612 seconds
Domain Reload Profiling: 2739ms
	BeginReloadAssembly (264ms)
		DisableScriptedObjects (9ms)
		CreateAndSetChildDomain (91ms)
	RebuildCommonClasses (9ms)
	RebuildNativeTypeToScriptingClass (17ms)
	initialDomainReloadingComplete (88ms)
	LoadAllAssembliesAndSetupDomain (748ms)
		LoadAssemblies (372ms)
		AnalyzeDomain (337ms)
			TypeCache.Refresh (13ms)
			BuildScriptInfoCaches (318ms)
			ResolveRequiredComponents (5ms)
	FinalizeReload (1613ms)
		SetupLoadedEditorAssemblies (0ms)
			BeforeProcessingInitializeOnLoad (135ms)
			ProcessInitializeOnLoadAttributes (766ms)
			ProcessInitializeOnLoadMethodAttributes (437ms)
			AfterProcessingInitializeOnLoad (5ms)
		AwakeInstancesAfterBackupRestoration (24ms)
Refreshing native plugins compatible for Editor in 2.46 ms, found 5 plugins.
Unloading 65 Unused Serialized files (Serialized files now loaded: 0)
Unloading 10279 unused Assets / (20.5 MB). Loaded Objects now: 11331.
Memory consumption went from 0.52 GB to 0.50 GB.
Total: 24.029900 ms (FindLiveObjects: 0.962000 ms CreateObjectMapping: 4.413600 ms MarkObjects: 13.650400 ms  DeleteObjects: 5.002800 ms)

Prepare: number of updated asset objects reloaded= 0
========================================================================
Received Prepare
AcceleratorClientConnectionCallback - disconnected - :0
Refreshing native plugins compatible for Editor in 2.97 ms, found 5 plugins.
Unloading 65 Unused Serialized files (Serialized files now loaded: 0)
Unloading 65 unused Assets / (13.7 MB). Loaded Objects now: 11331.
Memory consumption went from 0.52 GB to 0.51 GB.
Total: 18.022500 ms (FindLiveObjects: 0.515000 ms CreateObjectMapping: 1.714200 ms MarkObjects: 14.208100 ms  DeleteObjects: 1.583100 ms)

Prepare: number of updated asset objects reloaded= 0
========================================================================
Received Prepare
AcceleratorClientConnectionCallback - disconnected - :0
Begin MonoManager ReloadAssembly
Symbol file LoadedFromMemory is not a mono symbol file
Symbol file LoadedFromMemory is not a mono symbol file
Refreshing native plugins compatible for Editor in 2.63 ms, found 5 plugins.
Native extension for WindowsStandalone target not found
Native extension for WebGL target not found
[Package Manager] Failed to launch server process. Reason: Unity was launched with the -noUpm command-line argument
[Package Manager] Unable to send message (not connected to server process).
[Package Manager] Cannot connect to Unity Package Manager local server
Refreshing native plugins compatible for Editor in 2.52 ms, found 5 plugins.
[Package Manager] Failed to launch server process. Reason: Unity was launched with the -noUpm command-line argument
[Package Manager] Unable to send message (not connected to server process).
[Package Manager] Cannot connect to Unity Package Manager local server
[Licensing::Client] Error: Code 404 while processing request (status: Found 0 entitlement groups and 0 free entitlements matching requested entitlement ids)
ScheduleIndexationOnStartup MainProcess:False IndexOnStartup:True
Mono: successfully reloaded assembly
- Finished resetting the current domain, in  1.735 seconds
Domain Reload Profiling: 2601ms
	BeginReloadAssembly (274ms)
		DisableScriptedObjects (9ms)
		CreateAndSetChildDomain (100ms)
	RebuildCommonClasses (13ms)
	RebuildNativeTypeToScriptingClass (22ms)
	initialDomainReloadingComplete (91ms)
	LoadAllAssembliesAndSetupDomain (465ms)
		LoadAssemblies (395ms)
		AnalyzeDomain (18ms)
			TypeCache.Refresh (9ms)
			ResolveRequiredComponents (5ms)
	FinalizeReload (1736ms)
		SetupLoadedEditorAssemblies (0ms)
			BeforeProcessingInitializeOnLoad (128ms)
			ProcessInitializeOnLoadAttributes (807ms)
			ProcessInitializeOnLoadMethodAttributes (536ms)
			AfterProcessingInitializeOnLoad (7ms)
		AwakeInstancesAfterBackupRestoration (30ms)
Refreshing native plugins compatible for Editor in 2.60 ms, found 5 plugins.
Unloading 65 Unused Serialized files (Serialized files now loaded: 0)
Unloading 10279 unused Assets / (21.5 MB). Loaded Objects now: 11334.
Memory consumption went from 0.53 GB to 0.51 GB.
Total: 26.282600 ms (FindLiveObjects: 1.028800 ms CreateObjectMapping: 4.402200 ms MarkObjects: 13.204100 ms  DeleteObjects: 7.646300 ms)

Prepare: number of updated asset objects reloaded= 0
========================================================================
Received Prepare
AcceleratorClientConnectionCallback - disconnected - :0
Refreshing native plugins compatible for Editor in 3.87 ms, found 5 plugins.
Unloading 65 Unused Serialized files (Serialized files now loaded: 0)
Unloading 10259 unused Assets / (19.1 MB). Loaded Objects now: 11334.
Memory consumption went from 0.53 GB to 0.51 GB.
Total: 26.573500 ms (FindLiveObjects: 0.923900 ms CreateObjectMapping: 4.979700 ms MarkObjects: 14.400100 ms  DeleteObjects: 6.268600 ms)

Prepare: number of updated asset objects reloaded= 0
========================================================================
Received Prepare
AcceleratorClientConnectionCallback - disconnected - :0
[Licensing::Client] Successfully resolved entitlement details
Begin MonoManager ReloadAssembly
Symbol file LoadedFromMemory is not a mono symbol file
Symbol file LoadedFromMemory is not a mono symbol file
Refreshing native plugins compatible for Editor in 2.26 ms, found 5 plugins.
Native extension for WindowsStandalone target not found
Native extension for WebGL target not found
[Package Manager] Failed to launch server process. Reason: Unity was launched with the -noUpm command-line argument
[Package Manager] Unable to send message (not connected to server process).
[Package Manager] Cannot connect to Unity Package Manager local server
Refreshing native plugins compatible for Editor in 2.63 ms, found 5 plugins.
[Package Manager] Failed to launch server process. Reason: Unity was launched with the -noUpm command-line argument
[Package Manager] Unable to send message (not connected to server process).
[Package Manager] Cannot connect to Unity Package Manager local server
[Licensing::Client] Error: Code 404 while processing request (status: Found 0 entitlement groups and 0 free entitlements matching requested entitlement ids)
ScheduleIndexationOnStartup MainProcess:False IndexOnStartup:True
Mono: successfully reloaded assembly
- Finished resetting the current domain, in  2.056 seconds
Domain Reload Profiling: 3495ms
	BeginReloadAssembly (324ms)
		DisableScriptedObjects (12ms)
		CreateAndSetChildDomain (112ms)
	RebuildCommonClasses (16ms)
	RebuildNativeTypeToScriptingClass (17ms)
	initialDomainReloadingComplete (102ms)
	LoadAllAssembliesAndSetupDomain (978ms)
		LoadAssemblies (471ms)
		AnalyzeDomain (424ms)
			TypeCache.Refresh (18ms)
			BuildScriptInfoCaches (395ms)
			ResolveRequiredComponents (8ms)
	FinalizeReload (2058ms)
		SetupLoadedEditorAssemblies (0ms)
			BeforeProcessingInitializeOnLoad (173ms)
			ProcessInitializeOnLoadAttributes (939ms)
			ProcessInitializeOnLoadMethodAttributes (596ms)
			AfterProcessingInitializeOnLoad (9ms)
		AwakeInstancesAfterBackupRestoration (35ms)
Refreshing native plugins compatible for Editor in 3.10 ms, found 5 plugins.
Unloading 65 Unused Serialized files (Serialized files now loaded: 0)
Unloading 10279 unused Assets / (18.9 MB). Loaded Objects now: 11337.
Memory consumption went from 0.54 GB to 0.52 GB.
Total: 28.207200 ms (FindLiveObjects: 1.153800 ms CreateObjectMapping: 5.492900 ms MarkObjects: 15.036000 ms  DeleteObjects: 6.522800 ms)

Prepare: number of updated asset objects reloaded= 0
========================================================================
Received Prepare
AcceleratorClientConnectionCallback - disconnected - :0
Refreshing native plugins compatible for Editor in 3.43 ms, found 5 plugins.
Unloading 65 Unused Serialized files (Serialized files now loaded: 0)
Unloading 10259 unused Assets / (20.3 MB). Loaded Objects now: 11337.
Memory consumption went from 0.54 GB to 0.52 GB.
Total: 34.134700 ms (FindLiveObjects: 1.177100 ms CreateObjectMapping: 4.565400 ms MarkObjects: 20.771800 ms  DeleteObjects: 7.619300 ms)

Prepare: number of updated asset objects reloaded= 0
========================================================================
Received Prepare
AcceleratorClientConnectionCallback - disconnected - :0
Begin MonoManager ReloadAssembly
Symbol file LoadedFromMemory is not a mono symbol file
Symbol file LoadedFromMemory is not a mono symbol file
Refreshing native plugins compatible for Editor in 2.45 ms, found 5 plugins.
Native extension for WindowsStandalone target not found
Native extension for WebGL target not found
[Package Manager] Failed to launch server process. Reason: Unity was launched with the -noUpm command-line argument
[Package Manager] Unable to send message (not connected to server process).
[Package Manager] Cannot connect to Unity Package Manager local server
Refreshing native plugins compatible for Editor in 4.01 ms, found 5 plugins.
[Package Manager] Failed to launch server process. Reason: Unity was launched with the -noUpm command-line argument
[Package Manager] Unable to send message (not connected to server process).
[Package Manager] Cannot connect to Unity Package Manager local server
[Licensing::Client] Error: Code 404 while processing request (status: Found 0 entitlement groups and 0 free entitlements matching requested entitlement ids)
ScheduleIndexationOnStartup MainProcess:False IndexOnStartup:True
Mono: successfully reloaded assembly
- Finished resetting the current domain, in  2.080 seconds
Domain Reload Profiling: 3530ms
	BeginReloadAssembly (333ms)
		DisableScriptedObjects (14ms)
		CreateAndSetChildDomain (123ms)
	RebuildCommonClasses (14ms)
	RebuildNativeTypeToScriptingClass (27ms)
	initialDomainReloadingComplete (117ms)
	LoadAllAssembliesAndSetupDomain (958ms)
		LoadAssemblies (462ms)
		AnalyzeDomain (427ms)
			TypeCache.Refresh (19ms)
			BuildScriptInfoCaches (397ms)
			ResolveRequiredComponents (7ms)
	FinalizeReload (2081ms)
		SetupLoadedEditorAssemblies (0ms)
			InitializePlatformSupportModulesInManaged (3ms)
			BeforeProcessingInitializeOnLoad (177ms)
			ProcessInitializeOnLoadAttributes (972ms)
			ProcessInitializeOnLoadMethodAttributes (575ms)
			AfterProcessingInitializeOnLoad (8ms)
		AwakeInstancesAfterBackupRestoration (27ms)
Refreshing native plugins compatible for Editor in 3.98 ms, found 5 plugins.
Unloading 65 Unused Serialized files (Serialized files now loaded: 0)
Unloading 10279 unused Assets / (24.1 MB). Loaded Objects now: 11340.
Memory consumption went from 0.54 GB to 0.52 GB.
Total: 33.334400 ms (FindLiveObjects: 0.929800 ms CreateObjectMapping: 4.620000 ms MarkObjects: 18.662900 ms  DeleteObjects: 9.120500 ms)

Prepare: number of updated asset objects reloaded= 0
========================================================================
Received Prepare
AcceleratorClientConnectionCallback - disconnected - :0
Refreshing native plugins compatible for Editor in 4.34 ms, found 5 plugins.
Unloading 65 Unused Serialized files (Serialized files now loaded: 0)
Unloading 10259 unused Assets / (20.7 MB). Loaded Objects now: 11340.
Memory consumption went from 0.55 GB to 0.53 GB.
Total: 30.932000 ms (FindLiveObjects: 1.204100 ms CreateObjectMapping: 5.452400 ms MarkObjects: 17.055400 ms  DeleteObjects: 7.219000 ms)

Prepare: number of updated asset objects reloaded= 0
========================================================================
Received Prepare
AcceleratorClientConnectionCallback - disconnected - :0
[Licensing::Client] Successfully resolved entitlement details
Begin MonoManager ReloadAssembly
Symbol file LoadedFromMemory is not a mono symbol file
Symbol file LoadedFromMemory is not a mono symbol file
Refreshing native plugins compatible for Editor in 3.22 ms, found 5 plugins.
Native extension for WindowsStandalone target not found
Native extension for WebGL target not found
[Package Manager] Failed to launch server process. Reason: Unity was launched with the -noUpm command-line argument
[Package Manager] Unable to send message (not connected to server process).
[Package Manager] Cannot connect to Unity Package Manager local server
Refreshing native plugins compatible for Editor in 4.16 ms, found 5 plugins.
[Package Manager] Failed to launch server process. Reason: Unity was launched with the -noUpm command-line argument
[Package Manager] Unable to send message (not connected to server process).
[Package Manager] Cannot connect to Unity Package Manager local server
[Licensing::Client] Error: Code 404 while processing request (status: Found 0 entitlement groups and 0 free entitlements matching requested entitlement ids)
ScheduleIndexationOnStartup MainProcess:False IndexOnStartup:True
Mono: successfully reloaded assembly
- Finished resetting the current domain, in  2.087 seconds
Domain Reload Profiling: 3508ms
	BeginReloadAssembly (355ms)
		DisableScriptedObjects (11ms)
		CreateAndSetChildDomain (159ms)
	RebuildCommonClasses (11ms)
	RebuildNativeTypeToScriptingClass (17ms)
	initialDomainReloadingComplete (113ms)
	LoadAllAssembliesAndSetupDomain (923ms)
		LoadAssemblies (445ms)
		AnalyzeDomain (428ms)
			TypeCache.Refresh (18ms)
			BuildScriptInfoCaches (401ms)
			ResolveRequiredComponents (8ms)
	FinalizeReload (2089ms)
		SetupLoadedEditorAssemblies (0ms)
			InitializePlatformSupportModulesInManaged (3ms)
			BeforeProcessingInitializeOnLoad (175ms)
			ProcessInitializeOnLoadAttributes (978ms)
			ProcessInitializeOnLoadMethodAttributes (558ms)
			AfterProcessingInitializeOnLoad (5ms)
		AwakeInstancesAfterBackupRestoration (32ms)
Refreshing native plugins compatible for Editor in 3.43 ms, found 5 plugins.
Unloading 65 Unused Serialized files (Serialized files now loaded: 0)
Unloading 10279 unused Assets / (22.4 MB). Loaded Objects now: 11343.
Memory consumption went from 0.55 GB to 0.53 GB.
Total: 28.777100 ms (FindLiveObjects: 1.158400 ms CreateObjectMapping: 4.480000 ms MarkObjects: 16.040000 ms  DeleteObjects: 7.097600 ms)

Prepare: number of updated asset objects reloaded= 0
========================================================================
Received Prepare
AcceleratorClientConnectionCallback - disconnected - :0
Refreshing native plugins compatible for Editor in 3.23 ms, found 5 plugins.
Unloading 65 Unused Serialized files (Serialized files now loaded: 0)
Unloading 10259 unused Assets / (20.8 MB). Loaded Objects now: 11343.
Memory consumption went from 0.55 GB to 0.53 GB.
Total: 24.440500 ms (FindLiveObjects: 0.955600 ms CreateObjectMapping: 4.206900 ms MarkObjects: 13.790900 ms  DeleteObjects: 5.486000 ms)

Prepare: number of updated asset objects reloaded= 0
========================================================================
Received Prepare
AcceleratorClientConnectionCallback - disconnected - :0
Begin MonoManager ReloadAssembly
Symbol file LoadedFromMemory is not a mono symbol file
Symbol file LoadedFromMemory is not a mono symbol file
Refreshing native plugins compatible for Editor in 2.32 ms, found 5 plugins.
Native extension for WindowsStandalone target not found
Native extension for WebGL target not found
[Package Manager] Failed to launch server process. Reason: Unity was launched with the -noUpm command-line argument
[Package Manager] Unable to send message (not connected to server process).
[Package Manager] Cannot connect to Unity Package Manager local server
Refreshing native plugins compatible for Editor in 2.64 ms, found 5 plugins.
[Package Manager] Failed to launch server process. Reason: Unity was launched with the -noUpm command-line argument
[Package Manager] Unable to send message (not connected to server process).
[Package Manager] Cannot connect to Unity Package Manager local server
[Licensing::Client] Error: Code 404 while processing request (status: Found 0 entitlement groups and 0 free entitlements matching requested entitlement ids)
ScheduleIndexationOnStartup MainProcess:False IndexOnStartup:True
Mono: successfully reloaded assembly
- Finished resetting the current domain, in  1.708 seconds
Domain Reload Profiling: 2928ms
	BeginReloadAssembly (270ms)
		DisableScriptedObjects (9ms)
		CreateAndSetChildDomain (97ms)
	RebuildCommonClasses (9ms)
	RebuildNativeTypeToScriptingClass (16ms)
	initialDomainReloadingComplete (93ms)
	LoadAllAssembliesAndSetupDomain (830ms)
		LoadAssemblies (456ms)
		AnalyzeDomain (325ms)
			TypeCache.Refresh (13ms)
			BuildScriptInfoCaches (303ms)
			ResolveRequiredComponents (6ms)
	FinalizeReload (1710ms)
		SetupLoadedEditorAssemblies (0ms)
			BeforeProcessingInitializeOnLoad (130ms)
			ProcessInitializeOnLoadAttributes (798ms)
			ProcessInitializeOnLoadMethodAttributes (505ms)
			AfterProcessingInitializeOnLoad (8ms)
		AwakeInstancesAfterBackupRestoration (28ms)
Refreshing native plugins compatible for Editor in 3.46 ms, found 5 plugins.
Unloading 65 Unused Serialized files (Serialized files now loaded: 0)
Unloading 10279 unused Assets / (22.1 MB). Loaded Objects now: 11346.
Memory consumption went from 0.56 GB to 0.54 GB.
Total: 29.054400 ms (FindLiveObjects: 1.249400 ms CreateObjectMapping: 5.379900 ms MarkObjects: 14.664600 ms  DeleteObjects: 7.759200 ms)

Prepare: number of updated asset objects reloaded= 0
========================================================================
Received Prepare
AcceleratorClientConnectionCallback - disconnected - :0
Refreshing native plugins compatible for Editor in 3.31 ms, found 5 plugins.
Unloading 65 Unused Serialized files (Serialized files now loaded: 0)
Unloading 10259 unused Assets / (18.9 MB). Loaded Objects now: 11346.
Memory consumption went from 0.56 GB to 0.54 GB.
Total: 30.179900 ms (FindLiveObjects: 1.242600 ms CreateObjectMapping: 5.195200 ms MarkObjects: 17.699300 ms  DeleteObjects: 6.041900 ms)

Prepare: number of updated asset objects reloaded= 0
========================================================================
Received Prepare
AcceleratorClientConnectionCallback - disconnected - :0
[Licensing::Client] Successfully resolved entitlement details
Begin MonoManager ReloadAssembly
Symbol file LoadedFromMemory is not a mono symbol file
Symbol file LoadedFromMemory is not a mono symbol file
Refreshing native plugins compatible for Editor in 3.65 ms, found 5 plugins.
Native extension for WindowsStandalone target not found
Native extension for WebGL target not found
[Package Manager] Failed to launch server process. Reason: Unity was launched with the -noUpm command-line argument
[Package Manager] Unable to send message (not connected to server process).
[Package Manager] Cannot connect to Unity Package Manager local server
Refreshing native plugins compatible for Editor in 4.13 ms, found 5 plugins.
[Package Manager] Failed to launch server process. Reason: Unity was launched with the -noUpm command-line argument
[Package Manager] Unable to send message (not connected to server process).
[Package Manager] Cannot connect to Unity Package Manager local server
[Licensing::Client] Error: Code 404 while processing request (status: Found 0 entitlement groups and 0 free entitlements matching requested entitlement ids)
ScheduleIndexationOnStartup MainProcess:False IndexOnStartup:True
Mono: successfully reloaded assembly
- Finished resetting the current domain, in  1.973 seconds
Domain Reload Profiling: 3369ms
	BeginReloadAssembly (316ms)
		DisableScriptedObjects (13ms)
		CreateAndSetChildDomain (109ms)
	RebuildCommonClasses (14ms)
	RebuildNativeTypeToScriptingClass (16ms)
	initialDomainReloadingComplete (107ms)
	LoadAllAssembliesAndSetupDomain (942ms)
		LoadAssemblies (464ms)
		AnalyzeDomain (423ms)
			TypeCache.Refresh (14ms)
			BuildScriptInfoCaches (398ms)
			ResolveRequiredComponents (8ms)
	FinalizeReload (1974ms)
		SetupLoadedEditorAssemblies (0ms)
			InitializePlatformSupportModulesInManaged (3ms)
			BeforeProcessingInitializeOnLoad (156ms)
			ProcessInitializeOnLoadAttributes (920ms)
			ProcessInitializeOnLoadMethodAttributes (560ms)
			AfterProcessingInitializeOnLoad (9ms)
		AwakeInstancesAfterBackupRestoration (41ms)
Refreshing native plugins compatible for Editor in 4.63 ms, found 5 plugins.
Unloading 65 Unused Serialized files (Serialized files now loaded: 0)
Unloading 10279 unused Assets / (20.8 MB). Loaded Objects now: 11349.
Memory consumption went from 0.56 GB to 0.54 GB.
Total: 32.382600 ms (FindLiveObjects: 1.555600 ms CreateObjectMapping: 6.719300 ms MarkObjects: 15.856600 ms  DeleteObjects: 8.249900 ms)

Prepare: number of updated asset objects reloaded= 0
========================================================================
Received Prepare
AcceleratorClientConnectionCallback - disconnected - :0
Begin MonoManager ReloadAssembly
Symbol file LoadedFromMemory is not a mono symbol file
Symbol file LoadedFromMemory is not a mono symbol file
Refreshing native plugins compatible for Editor in 2.34 ms, found 5 plugins.
Native extension for WindowsStandalone target not found
Native extension for WebGL target not found
[Package Manager] Failed to launch server process. Reason: Unity was launched with the -noUpm command-line argument
[Package Manager] Unable to send message (not connected to server process).
[Package Manager] Cannot connect to Unity Package Manager local server
Refreshing native plugins compatible for Editor in 2.74 ms, found 5 plugins.
[Package Manager] Failed to launch server process. Reason: Unity was launched with the -noUpm command-line argument
[Package Manager] Unable to send message (not connected to server process).
[Package Manager] Cannot connect to Unity Package Manager local server
[Licensing::Client] Error: Code 404 while processing request (status: Found 0 entitlement groups and 0 free entitlements matching requested entitlement ids)
ScheduleIndexationOnStartup MainProcess:False IndexOnStartup:True
Mono: successfully reloaded assembly
- Finished resetting the current domain, in  1.706 seconds
Domain Reload Profiling: 2543ms
	BeginReloadAssembly (267ms)
		DisableScriptedObjects (12ms)
		CreateAndSetChildDomain (95ms)
	RebuildCommonClasses (8ms)
	RebuildNativeTypeToScriptingClass (14ms)
	initialDomainReloadingComplete (93ms)
	LoadAllAssembliesAndSetupDomain (454ms)
		LoadAssemblies (389ms)
		AnalyzeDomain (18ms)
			TypeCache.Refresh (9ms)
			ResolveRequiredComponents (5ms)
	FinalizeReload (1707ms)
		SetupLoadedEditorAssemblies (0ms)
			BeforeProcessingInitializeOnLoad (123ms)
			ProcessInitializeOnLoadAttributes (832ms)
			ProcessInitializeOnLoadMethodAttributes (473ms)
			AfterProcessingInitializeOnLoad (6ms)
		AwakeInstancesAfterBackupRestoration (28ms)
Refreshing native plugins compatible for Editor in 2.51 ms, found 5 plugins.
Unloading 65 Unused Serialized files (Serialized files now loaded: 0)
Unloading 10279 unused Assets / (21.1 MB). Loaded Objects now: 11352.
Memory consumption went from 0.57 GB to 0.55 GB.
Total: 26.256300 ms (FindLiveObjects: 1.084300 ms CreateObjectMapping: 5.349700 ms MarkObjects: 13.448600 ms  DeleteObjects: 6.372100 ms)

Prepare: number of updated asset objects reloaded= 0
========================================================================
Received Prepare
AcceleratorClientConnectionCallback - disconnected - :0
Begin MonoManager ReloadAssembly
Symbol file LoadedFromMemory is not a mono symbol file
Symbol file LoadedFromMemory is not a mono symbol file
Refreshing native plugins compatible for Editor in 2.57 ms, found 5 plugins.
Native extension for WindowsStandalone target not found
Native extension for WebGL target not found
[Package Manager] Failed to launch server process. Reason: Unity was launched with the -noUpm command-line argument
[Package Manager] Unable to send message (not connected to server process).
[Package Manager] Cannot connect to Unity Package Manager local server
Refreshing native plugins compatible for Editor in 2.52 ms, found 5 plugins.
[Package Manager] Failed to launch server process. Reason: Unity was launched with the -noUpm command-line argument
[Package Manager] Unable to send message (not connected to server process).
[Package Manager] Cannot connect to Unity Package Manager local server
[Licensing::Client] Error: Code 404 while processing request (status: Found 0 entitlement groups and 0 free entitlements matching requested entitlement ids)
ScheduleIndexationOnStartup MainProcess:False IndexOnStartup:True
Mono: successfully reloaded assembly
- Finished resetting the current domain, in  1.644 seconds
Domain Reload Profiling: 2502ms
	BeginReloadAssembly (271ms)
		DisableScriptedObjects (10ms)
		CreateAndSetChildDomain (92ms)
	RebuildCommonClasses (9ms)
	RebuildNativeTypeToScriptingClass (15ms)
	initialDomainReloadingComplete (92ms)
	LoadAllAssembliesAndSetupDomain (470ms)
		LoadAssemblies (393ms)
		AnalyzeDomain (19ms)
			TypeCache.Refresh (10ms)
			ResolveRequiredComponents (5ms)
	FinalizeReload (1645ms)
		SetupLoadedEditorAssemblies (0ms)
			BeforeProcessingInitializeOnLoad (142ms)
			ProcessInitializeOnLoadAttributes (791ms)
			ProcessInitializeOnLoadMethodAttributes (451ms)
			AfterProcessingInitializeOnLoad (5ms)
		AwakeInstancesAfterBackupRestoration (23ms)
Refreshing native plugins compatible for Editor in 2.91 ms, found 5 plugins.
Unloading 65 Unused Serialized files (Serialized files now loaded: 0)
Unloading 10279 unused Assets / (21.6 MB). Loaded Objects now: 11355.
Memory consumption went from 0.57 GB to 0.55 GB.
Total: 27.162200 ms (FindLiveObjects: 0.919200 ms CreateObjectMapping: 4.492700 ms MarkObjects: 14.387700 ms  DeleteObjects: 7.360600 ms)

Prepare: number of updated asset objects reloaded= 0
========================================================================
Received Prepare
AcceleratorClientConnectionCallback - disconnected - :0
Refreshing native plugins compatible for Editor in 3.16 ms, found 5 plugins.
Unloading 65 Unused Serialized files (Serialized files now loaded: 0)
Unloading 65 unused Assets / (13.7 MB). Loaded Objects now: 11355.
Memory consumption went from 0.56 GB to 0.55 GB.
Total: 17.171800 ms (FindLiveObjects: 0.496000 ms CreateObjectMapping: 1.632900 ms MarkObjects: 13.357500 ms  DeleteObjects: 1.684400 ms)

Prepare: number of updated asset objects reloaded= 0
========================================================================
Received Prepare
AcceleratorClientConnectionCallback - disconnected - :0
Begin MonoManager ReloadAssembly
Symbol file LoadedFromMemory is not a mono symbol file
Symbol file LoadedFromMemory is not a mono symbol file
Refreshing native plugins compatible for Editor in 2.50 ms, found 5 plugins.
Native extension for WindowsStandalone target not found
Native extension for WebGL target not found
[Package Manager] Failed to launch server process. Reason: Unity was launched with the -noUpm command-line argument
[Package Manager] Unable to send message (not connected to server process).
[Package Manager] Cannot connect to Unity Package Manager local server
Refreshing native plugins compatible for Editor in 2.44 ms, found 5 plugins.
[Package Manager] Failed to launch server process. Reason: Unity was launched with the -noUpm command-line argument
[Package Manager] Unable to send message (not connected to server process).
[Package Manager] Cannot connect to Unity Package Manager local server
[Licensing::Client] Error: Code 404 while processing request (status: Found 0 entitlement groups and 0 free entitlements matching requested entitlement ids)
ScheduleIndexationOnStartup MainProcess:False IndexOnStartup:True
Mono: successfully reloaded assembly
- Finished resetting the current domain, in  1.748 seconds
Domain Reload Profiling: 2543ms
	BeginReloadAssembly (253ms)
		DisableScriptedObjects (9ms)
		CreateAndSetChildDomain (89ms)
	RebuildCommonClasses (8ms)
	RebuildNativeTypeToScriptingClass (14ms)
	initialDomainReloadingComplete (88ms)
	LoadAllAssembliesAndSetupDomain (429ms)
		LoadAssemblies (368ms)
		AnalyzeDomain (19ms)
			TypeCache.Refresh (10ms)
			ResolveRequiredComponents (5ms)
	FinalizeReload (1750ms)
		SetupLoadedEditorAssemblies (0ms)
			BeforeProcessingInitializeOnLoad (135ms)
			ProcessInitializeOnLoadAttributes (806ms)
			ProcessInitializeOnLoadMethodAttributes (523ms)
			AfterProcessingInitializeOnLoad (6ms)
		AwakeInstancesAfterBackupRestoration (27ms)
Refreshing native plugins compatible for Editor in 2.67 ms, found 5 plugins.
Unloading 65 Unused Serialized files (Serialized files now loaded: 0)
Unloading 10279 unused Assets / (19.2 MB). Loaded Objects now: 11358.
Memory consumption went from 0.57 GB to 0.56 GB.
Total: 27.646800 ms (FindLiveObjects: 1.119900 ms CreateObjectMapping: 5.094300 ms MarkObjects: 15.078000 ms  DeleteObjects: 6.353200 ms)

Prepare: number of updated asset objects reloaded= 0
========================================================================
Received Prepare
AcceleratorClientConnectionCallback - disconnected - :0
Refreshing native plugins compatible for Editor in 3.43 ms, found 5 plugins.
Unloading 65 Unused Serialized files (Serialized files now loaded: 0)
Unloading 10259 unused Assets / (19.5 MB). Loaded Objects now: 11358.
Memory consumption went from 0.58 GB to 0.56 GB.
Total: 34.553100 ms (FindLiveObjects: 1.252500 ms CreateObjectMapping: 5.821800 ms MarkObjects: 20.625200 ms  DeleteObjects: 6.852300 ms)

Prepare: number of updated asset objects reloaded= 0
========================================================================
Received Prepare
AcceleratorClientConnectionCallback - disconnected - :0
[Licensing::Client] Successfully resolved entitlement details
Begin MonoManager ReloadAssembly
Symbol file LoadedFromMemory is not a mono symbol file
Symbol file LoadedFromMemory is not a mono symbol file
Refreshing native plugins compatible for Editor in 3.26 ms, found 5 plugins.
Native extension for WindowsStandalone target not found
Native extension for WebGL target not found
[Package Manager] Failed to launch server process. Reason: Unity was launched with the -noUpm command-line argument
[Package Manager] Unable to send message (not connected to server process).
[Package Manager] Cannot connect to Unity Package Manager local server
Refreshing native plugins compatible for Editor in 3.38 ms, found 5 plugins.
[Package Manager] Failed to launch server process. Reason: Unity was launched with the -noUpm command-line argument
[Package Manager] Unable to send message (not connected to server process).
[Package Manager] Cannot connect to Unity Package Manager local server
[Licensing::Client] Error: Code 404 while processing request (status: Found 0 entitlement groups and 0 free entitlements matching requested entitlement ids)
ScheduleIndexationOnStartup MainProcess:False IndexOnStartup:True
Mono: successfully reloaded assembly
- Finished resetting the current domain, in  2.381 seconds
Domain Reload Profiling: 3802ms
	BeginReloadAssembly (328ms)
		DisableScriptedObjects (12ms)
		CreateAndSetChildDomain (110ms)
	RebuildCommonClasses (9ms)
	RebuildNativeTypeToScriptingClass (20ms)
	initialDomainReloadingComplete (115ms)
	LoadAllAssembliesAndSetupDomain (948ms)
		LoadAssemblies (480ms)
		AnalyzeDomain (432ms)
			TypeCache.Refresh (18ms)
			BuildScriptInfoCaches (407ms)
			ResolveRequiredComponents (5ms)
	FinalizeReload (2383ms)
		SetupLoadedEditorAssemblies (0ms)
			InitializePlatformSupportModulesInManaged (3ms)
			BeforeProcessingInitializeOnLoad (167ms)
			ProcessInitializeOnLoadAttributes (1060ms)
			ProcessInitializeOnLoadMethodAttributes (725ms)
			AfterProcessingInitializeOnLoad (30ms)
		AwakeInstancesAfterBackupRestoration (79ms)
Refreshing native plugins compatible for Editor in 3.24 ms, found 5 plugins.
Unloading 65 Unused Serialized files (Serialized files now loaded: 0)
Unloading 10279 unused Assets / (19.7 MB). Loaded Objects now: 11361.
Memory consumption went from 0.58 GB to 0.56 GB.
Total: 33.672300 ms (FindLiveObjects: 1.143500 ms CreateObjectMapping: 4.852500 ms MarkObjects: 19.643600 ms  DeleteObjects: 8.031600 ms)

Prepare: number of updated asset objects reloaded= 0
========================================================================
Received Prepare
AcceleratorClientConnectionCallback - disconnected - :0
Begin MonoManager ReloadAssembly
Symbol file LoadedFromMemory is not a mono symbol file
Symbol file LoadedFromMemory is not a mono symbol file
Refreshing native plugins compatible for Editor in 3.73 ms, found 5 plugins.
Native extension for WindowsStandalone target not found
Native extension for WebGL target not found
[Package Manager] Failed to launch server process. Reason: Unity was launched with the -noUpm command-line argument
[Package Manager] Unable to send message (not connected to server process).
[Package Manager] Cannot connect to Unity Package Manager local server
Refreshing native plugins compatible for Editor in 3.84 ms, found 5 plugins.
[Package Manager] Failed to launch server process. Reason: Unity was launched with the -noUpm command-line argument
[Package Manager] Unable to send message (not connected to server process).
[Package Manager] Cannot connect to Unity Package Manager local server
[Licensing::Client] Error: Code 404 while processing request (status: Found 0 entitlement groups and 0 free entitlements matching requested entitlement ids)
ScheduleIndexationOnStartup MainProcess:False IndexOnStartup:True
Mono: successfully reloaded assembly
- Finished resetting the current domain, in  2.027 seconds
Domain Reload Profiling: 3397ms
	BeginReloadAssembly (327ms)
		DisableScriptedObjects (11ms)
		CreateAndSetChildDomain (105ms)
	RebuildCommonClasses (9ms)
	RebuildNativeTypeToScriptingClass (15ms)
	initialDomainReloadingComplete (106ms)
	LoadAllAssembliesAndSetupDomain (911ms)
		LoadAssemblies (485ms)
		AnalyzeDomain (369ms)
			TypeCache.Refresh (13ms)
			BuildScriptInfoCaches (349ms)
			ResolveRequiredComponents (5ms)
	FinalizeReload (2028ms)
		SetupLoadedEditorAssemblies (0ms)
			InitializePlatformSupportModulesInManaged (3ms)
			BeforeProcessingInitializeOnLoad (159ms)
			ProcessInitializeOnLoadAttributes (989ms)
			ProcessInitializeOnLoadMethodAttributes (563ms)
			AfterProcessingInitializeOnLoad (8ms)
		AwakeInstancesAfterBackupRestoration (32ms)
Refreshing native plugins compatible for Editor in 3.55 ms, found 5 plugins.
Unloading 65 Unused Serialized files (Serialized files now loaded: 0)
Unloading 10279 unused Assets / (22.7 MB). Loaded Objects now: 11364.
Memory consumption went from 0.59 GB to 0.57 GB.
Total: 32.740800 ms (FindLiveObjects: 1.229800 ms CreateObjectMapping: 5.166600 ms MarkObjects: 18.423100 ms  DeleteObjects: 7.919900 ms)

Prepare: number of updated asset objects reloaded= 0
========================================================================
Received Prepare
AcceleratorClientConnectionCallback - disconnected - :0
Refreshing native plugins compatible for Editor in 2.45 ms, found 5 plugins.
Unloading 65 Unused Serialized files (Serialized files now loaded: 0)
Unloading 10259 unused Assets / (19.5 MB). Loaded Objects now: 11364.
Memory consumption went from 0.59 GB to 0.57 GB.
Total: 31.677700 ms (FindLiveObjects: 1.098200 ms CreateObjectMapping: 4.810300 ms MarkObjects: 19.099000 ms  DeleteObjects: 6.668500 ms)

Prepare: number of updated asset objects reloaded= 0
========================================================================
Received Prepare
AcceleratorClientConnectionCallback - disconnected - :0
Refreshing native plugins compatible for Editor in 3.95 ms, found 5 plugins.
Unloading 65 Unused Serialized files (Serialized files now loaded: 0)
Unloading 10259 unused Assets / (20.6 MB). Loaded Objects now: 11364.
Memory consumption went from 0.59 GB to 0.57 GB.
Total: 39.848900 ms (FindLiveObjects: 1.898000 ms CreateObjectMapping: 6.437100 ms MarkObjects: 21.177200 ms  DeleteObjects: 10.334700 ms)

Prepare: number of updated asset objects reloaded= 0
========================================================================
Received Prepare
AcceleratorClientConnectionCallback - disconnected - :0
Refreshing native plugins compatible for Editor in 4.73 ms, found 5 plugins.
Unloading 65 Unused Serialized files (Serialized files now loaded: 0)
Unloading 10259 unused Assets / (18.5 MB). Loaded Objects now: 11364.
Memory consumption went from 0.59 GB to 0.58 GB.
Total: 54.133700 ms (FindLiveObjects: 4.316500 ms CreateObjectMapping: 12.299900 ms MarkObjects: 31.538800 ms  DeleteObjects: 5.977000 ms)

Prepare: number of updated asset objects reloaded= 0
========================================================================
Received Prepare
AcceleratorClientConnectionCallback - disconnected - :0
Begin MonoManager ReloadAssembly
Symbol file LoadedFromMemory is not a mono symbol file
Symbol file LoadedFromMemory is not a mono symbol file
Refreshing native plugins compatible for Editor in 3.65 ms, found 5 plugins.
Native extension for WindowsStandalone target not found
Native extension for WebGL target not found
[Package Manager] Failed to launch server process. Reason: Unity was launched with the -noUpm command-line argument
[Package Manager] Unable to send message (not connected to server process).
[Package Manager] Cannot connect to Unity Package Manager local server
Refreshing native plugins compatible for Editor in 4.01 ms, found 5 plugins.
[Package Manager] Failed to launch server process. Reason: Unity was launched with the -noUpm command-line argument
[Package Manager] Unable to send message (not connected to server process).
[Package Manager] Cannot connect to Unity Package Manager local server
[Licensing::Client] Error: Code 404 while processing request (status: Found 0 entitlement groups and 0 free entitlements matching requested entitlement ids)
ScheduleIndexationOnStartup MainProcess:False IndexOnStartup:True
Mono: successfully reloaded assembly
- Finished resetting the current domain, in  2.107 seconds
Domain Reload Profiling: 3507ms
	BeginReloadAssembly (347ms)
		DisableScriptedObjects (10ms)
		CreateAndSetChildDomain (124ms)
	RebuildCommonClasses (14ms)
	RebuildNativeTypeToScriptingClass (19ms)
	initialDomainReloadingComplete (104ms)
	LoadAllAssembliesAndSetupDomain (915ms)
		LoadAssemblies (479ms)
		AnalyzeDomain (399ms)
			TypeCache.Refresh (16ms)
			BuildScriptInfoCaches (372ms)
			ResolveRequiredComponents (7ms)
	FinalizeReload (2109ms)
		SetupLoadedEditorAssemblies (0ms)
			InitializePlatformSupportModulesInManaged (3ms)
			BeforeProcessingInitializeOnLoad (185ms)
			ProcessInitializeOnLoadAttributes (1029ms)
			ProcessInitializeOnLoadMethodAttributes (563ms)
			AfterProcessingInitializeOnLoad (8ms)
		AwakeInstancesAfterBackupRestoration (31ms)
Refreshing native plugins compatible for Editor in 4.37 ms, found 5 plugins.
Unloading 65 Unused Serialized files (Serialized files now loaded: 0)
Unloading 10279 unused Assets / (19.5 MB). Loaded Objects now: 11367.
Memory consumption went from 0.60 GB to 0.58 GB.
Total: 27.767100 ms (FindLiveObjects: 1.567500 ms CreateObjectMapping: 6.656500 ms MarkObjects: 13.349400 ms  DeleteObjects: 6.191900 ms)

Prepare: number of updated asset objects reloaded= 0
========================================================================
Received Prepare
AcceleratorClientConnectionCallback - disconnected - :0
[Licensing::Client] Successfully resolved entitlement details
Begin MonoManager ReloadAssembly
Symbol file LoadedFromMemory is not a mono symbol file
Symbol file LoadedFromMemory is not a mono symbol file
Refreshing native plugins compatible for Editor in 2.36 ms, found 5 plugins.
Native extension for WindowsStandalone target not found
Native extension for WebGL target not found
[Package Manager] Failed to launch server process. Reason: Unity was launched with the -noUpm command-line argument
[Package Manager] Unable to send message (not connected to server process).
[Package Manager] Cannot connect to Unity Package Manager local server
Refreshing native plugins compatible for Editor in 2.75 ms, found 5 plugins.
[Package Manager] Failed to launch server process. Reason: Unity was launched with the -noUpm command-line argument
[Package Manager] Unable to send message (not connected to server process).
[Package Manager] Cannot connect to Unity Package Manager local server
[Licensing::Client] Error: Code 404 while processing request (status: Found 0 entitlement groups and 0 free entitlements matching requested entitlement ids)
ScheduleIndexationOnStartup MainProcess:False IndexOnStartup:True
Mono: successfully reloaded assembly
- Finished resetting the current domain, in  1.675 seconds
Domain Reload Profiling: 2529ms
	BeginReloadAssembly (301ms)
		DisableScriptedObjects (49ms)
		CreateAndSetChildDomain (90ms)
	RebuildCommonClasses (8ms)
	RebuildNativeTypeToScriptingClass (15ms)
	initialDomainReloadingComplete (86ms)
	LoadAllAssembliesAndSetupDomain (442ms)
		LoadAssemblies (368ms)
		AnalyzeDomain (18ms)
			TypeCache.Refresh (9ms)
			ResolveRequiredComponents (5ms)
	FinalizeReload (1676ms)
		SetupLoadedEditorAssemblies (0ms)
			BeforeProcessingInitializeOnLoad (125ms)
			ProcessInitializeOnLoadAttributes (803ms)
			ProcessInitializeOnLoadMethodAttributes (474ms)
			AfterProcessingInitializeOnLoad (5ms)
		AwakeInstancesAfterBackupRestoration (30ms)
Refreshing native plugins compatible for Editor in 2.48 ms, found 5 plugins.
Unloading 65 Unused Serialized files (Serialized files now loaded: 0)
Unloading 10279 unused Assets / (20.5 MB). Loaded Objects now: 11370.
Memory consumption went from 0.60 GB to 0.58 GB.
Total: 23.818800 ms (FindLiveObjects: 0.996700 ms CreateObjectMapping: 4.646200 ms MarkObjects: 13.272500 ms  DeleteObjects: 4.902400 ms)

Prepare: number of updated asset objects reloaded= 0
========================================================================
Received Prepare
AcceleratorClientConnectionCallback - disconnected - :0
Refreshing native plugins compatible for Editor in 3.79 ms, found 5 plugins.
Unloading 65 Unused Serialized files (Serialized files now loaded: 0)
Unloading 10259 unused Assets / (19.1 MB). Loaded Objects now: 11370.
Memory consumption went from 0.61 GB to 0.59 GB.
Total: 29.513200 ms (FindLiveObjects: 1.030000 ms CreateObjectMapping: 4.711000 ms MarkObjects: 16.384000 ms  DeleteObjects: 7.386300 ms)

Prepare: number of updated asset objects reloaded= 0
========================================================================
Received Prepare
AcceleratorClientConnectionCallback - disconnected - :0
[Licensing::Client] Successfully resolved entitlement details
Begin MonoManager ReloadAssembly
Symbol file LoadedFromMemory is not a mono symbol file
Symbol file LoadedFromMemory is not a mono symbol file
Refreshing native plugins compatible for Editor in 3.17 ms, found 5 plugins.
Native extension for WindowsStandalone target not found
Native extension for WebGL target not found
[Package Manager] Failed to launch server process. Reason: Unity was launched with the -noUpm command-line argument
[Package Manager] Unable to send message (not connected to server process).
[Package Manager] Cannot connect to Unity Package Manager local server
Refreshing native plugins compatible for Editor in 3.99 ms, found 5 plugins.
[Package Manager] Failed to launch server process. Reason: Unity was launched with the -noUpm command-line argument
[Package Manager] Unable to send message (not connected to server process).
[Package Manager] Cannot connect to Unity Package Manager local server
[Licensing::Client] Error: Code 404 while processing request (status: Found 0 entitlement groups and 0 free entitlements matching requested entitlement ids)
ScheduleIndexationOnStartup MainProcess:False IndexOnStartup:True
Mono: successfully reloaded assembly
- Finished resetting the current domain, in  1.972 seconds
Domain Reload Profiling: 3392ms
	BeginReloadAssembly (328ms)
		DisableScriptedObjects (10ms)
		CreateAndSetChildDomain (116ms)
	RebuildCommonClasses (14ms)
	RebuildNativeTypeToScriptingClass (16ms)
	initialDomainReloadingComplete (142ms)
	LoadAllAssembliesAndSetupDomain (918ms)
		LoadAssemblies (476ms)
		AnalyzeDomain (384ms)
			TypeCache.Refresh (16ms)
			BuildScriptInfoCaches (362ms)
			ResolveRequiredComponents (4ms)
	FinalizeReload (1974ms)
		SetupLoadedEditorAssemblies (0ms)
			BeforeProcessingInitializeOnLoad (167ms)
			ProcessInitializeOnLoadAttributes (945ms)
			ProcessInitializeOnLoadMethodAttributes (539ms)
			AfterProcessingInitializeOnLoad (9ms)
		AwakeInstancesAfterBackupRestoration (33ms)
Refreshing native plugins compatible for Editor in 3.49 ms, found 5 plugins.
Unloading 65 Unused Serialized files (Serialized files now loaded: 0)
Unloading 10279 unused Assets / (21.0 MB). Loaded Objects now: 11373.
Memory consumption went from 0.61 GB to 0.59 GB.
Total: 27.602600 ms (FindLiveObjects: 1.329000 ms CreateObjectMapping: 5.950900 ms MarkObjects: 13.649900 ms  DeleteObjects: 6.670700 ms)

Prepare: number of updated asset objects reloaded= 0
========================================================================
Received Prepare
AcceleratorClientConnectionCallback - disconnected - :0
Refreshing native plugins compatible for Editor in 2.45 ms, found 5 plugins.
Unloading 65 Unused Serialized files (Serialized files now loaded: 0)
Unloading 10259 unused Assets / (18.4 MB). Loaded Objects now: 11373.
Memory consumption went from 0.61 GB to 0.59 GB.
Total: 23.615000 ms (FindLiveObjects: 0.942800 ms CreateObjectMapping: 4.505700 ms MarkObjects: 13.176200 ms  DeleteObjects: 4.988500 ms)

Prepare: number of updated asset objects reloaded= 0
========================================================================
Received Prepare
AcceleratorClientConnectionCallback - disconnected - :0
[Licensing::Client] Successfully resolved entitlement details
Begin MonoManager ReloadAssembly
Symbol file LoadedFromMemory is not a mono symbol file
Symbol file LoadedFromMemory is not a mono symbol file
Refreshing native plugins compatible for Editor in 3.69 ms, found 5 plugins.
Native extension for WindowsStandalone target not found
Native extension for WebGL target not found
[Package Manager] Failed to launch server process. Reason: Unity was launched with the -noUpm command-line argument
[Package Manager] Unable to send message (not connected to server process).
[Package Manager] Cannot connect to Unity Package Manager local server
Refreshing native plugins compatible for Editor in 3.99 ms, found 5 plugins.
[Package Manager] Failed to launch server process. Reason: Unity was launched with the -noUpm command-line argument
[Package Manager] Unable to send message (not connected to server process).
[Package Manager] Cannot connect to Unity Package Manager local server
[Licensing::Client] Error: Code 404 while processing request (status: Found 0 entitlement groups and 0 free entitlements matching requested entitlement ids)
ScheduleIndexationOnStartup MainProcess:False IndexOnStartup:True
Mono: successfully reloaded assembly
- Finished resetting the current domain, in  2.086 seconds
Domain Reload Profiling: 3447ms
	BeginReloadAssembly (328ms)
		DisableScriptedObjects (11ms)
		CreateAndSetChildDomain (121ms)
	RebuildCommonClasses (9ms)
	RebuildNativeTypeToScriptingClass (17ms)
	initialDomainReloadingComplete (123ms)
	LoadAllAssembliesAndSetupDomain (883ms)
		LoadAssemblies (450ms)
		AnalyzeDomain (371ms)
			TypeCache.Refresh (19ms)
			BuildScriptInfoCaches (343ms)
			ResolveRequiredComponents (7ms)
	FinalizeReload (2088ms)
		SetupLoadedEditorAssemblies (0ms)
			BeforeProcessingInitializeOnLoad (162ms)
			ProcessInitializeOnLoadAttributes (982ms)
			ProcessInitializeOnLoadMethodAttributes (550ms)
			AfterProcessingInitializeOnLoad (7ms)
		AwakeInstancesAfterBackupRestoration (33ms)
Refreshing native plugins compatible for Editor in 2.70 ms, found 5 plugins.
Unloading 65 Unused Serialized files (Serialized files now loaded: 0)
Unloading 10279 unused Assets / (17.8 MB). Loaded Objects now: 11376.
Memory consumption went from 0.62 GB to 0.60 GB.
Total: 27.648000 ms (FindLiveObjects: 1.407100 ms CreateObjectMapping: 5.180700 ms MarkObjects: 16.194300 ms  DeleteObjects: 4.864700 ms)

Prepare: number of updated asset objects reloaded= 0
========================================================================
Received Prepare
AcceleratorClientConnectionCallback - disconnected - :0
Refreshing native plugins compatible for Editor in 2.48 ms, found 5 plugins.
Unloading 65 Unused Serialized files (Serialized files now loaded: 0)
Unloading 10259 unused Assets / (21.7 MB). Loaded Objects now: 11376.
Memory consumption went from 0.62 GB to 0.60 GB.
Total: 32.319900 ms (FindLiveObjects: 1.014200 ms CreateObjectMapping: 4.904300 ms MarkObjects: 19.815800 ms  DeleteObjects: 6.583800 ms)

Prepare: number of updated asset objects reloaded= 0
========================================================================
Received Prepare
AcceleratorClientConnectionCallback - disconnected - :0
Begin MonoManager ReloadAssembly
Symbol file LoadedFromMemory is not a mono symbol file
Symbol file LoadedFromMemory is not a mono symbol file
Refreshing native plugins compatible for Editor in 3.42 ms, found 5 plugins.
Native extension for WindowsStandalone target not found
Native extension for WebGL target not found
[Package Manager] Failed to launch server process. Reason: Unity was launched with the -noUpm command-line argument
[Package Manager] Unable to send message (not connected to server process).
[Package Manager] Cannot connect to Unity Package Manager local server
Refreshing native plugins compatible for Editor in 4.64 ms, found 5 plugins.
[Package Manager] Failed to launch server process. Reason: Unity was launched with the -noUpm command-line argument
[Package Manager] Unable to send message (not connected to server process).
[Package Manager] Cannot connect to Unity Package Manager local server
[Licensing::Client] Error: Code 404 while processing request (status: Found 0 entitlement groups and 0 free entitlements matching requested entitlement ids)
ScheduleIndexationOnStartup MainProcess:False IndexOnStartup:True
Mono: successfully reloaded assembly
- Finished resetting the current domain, in  2.103 seconds
Domain Reload Profiling: 3451ms
	BeginReloadAssembly (355ms)
		DisableScriptedObjects (13ms)
		CreateAndSetChildDomain (143ms)
	RebuildCommonClasses (15ms)
	RebuildNativeTypeToScriptingClass (16ms)
	initialDomainReloadingComplete (103ms)
	LoadAllAssembliesAndSetupDomain (859ms)
		LoadAssemblies (447ms)
		AnalyzeDomain (370ms)
			TypeCache.Refresh (18ms)
			BuildScriptInfoCaches (346ms)
			ResolveRequiredComponents (5ms)
	FinalizeReload (2104ms)
		SetupLoadedEditorAssemblies (0ms)
			InitializePlatformSupportModulesInManaged (3ms)
			BeforeProcessingInitializeOnLoad (165ms)
			ProcessInitializeOnLoadAttributes (981ms)
			ProcessInitializeOnLoadMethodAttributes (572ms)
			AfterProcessingInitializeOnLoad (8ms)
		AwakeInstancesAfterBackupRestoration (36ms)
Refreshing native plugins compatible for Editor in 3.68 ms, found 5 plugins.
Unloading 65 Unused Serialized files (Serialized files now loaded: 0)
Unloading 10279 unused Assets / (17.8 MB). Loaded Objects now: 11379.
Memory consumption went from 0.63 GB to 0.61 GB.
Total: 29.529500 ms (FindLiveObjects: 1.215500 ms CreateObjectMapping: 5.116400 ms MarkObjects: 19.196500 ms  DeleteObjects: 3.999800 ms)

Prepare: number of updated asset objects reloaded= 0
========================================================================
Received Prepare
AcceleratorClientConnectionCallback - disconnected - :0
Begin MonoManager ReloadAssembly
Symbol file LoadedFromMemory is not a mono symbol file
Symbol file LoadedFromMemory is not a mono symbol file
Refreshing native plugins compatible for Editor in 3.00 ms, found 5 plugins.
Native extension for WindowsStandalone target not found
Native extension for WebGL target not found
[Package Manager] Failed to launch server process. Reason: Unity was launched with the -noUpm command-line argument
[Package Manager] Unable to send message (not connected to server process).
[Package Manager] Cannot connect to Unity Package Manager local server
Refreshing native plugins compatible for Editor in 2.57 ms, found 5 plugins.
[Package Manager] Failed to launch server process. Reason: Unity was launched with the -noUpm command-line argument
[Package Manager] Unable to send message (not connected to server process).
[Package Manager] Cannot connect to Unity Package Manager local server
[Licensing::Client] Error: Code 404 while processing request (status: Found 0 entitlement groups and 0 free entitlements matching requested entitlement ids)
ScheduleIndexationOnStartup MainProcess:False IndexOnStartup:True
Mono: successfully reloaded assembly
- Finished resetting the current domain, in  1.715 seconds
Domain Reload Profiling: 2525ms
	BeginReloadAssembly (259ms)
		DisableScriptedObjects (9ms)
		CreateAndSetChildDomain (94ms)
	RebuildCommonClasses (9ms)
	RebuildNativeTypeToScriptingClass (15ms)
	initialDomainReloadingComplete (86ms)
	LoadAllAssembliesAndSetupDomain (440ms)
		LoadAssemblies (376ms)
		AnalyzeDomain (18ms)
			TypeCache.Refresh (9ms)
			ResolveRequiredComponents (5ms)
	FinalizeReload (1716ms)
		SetupLoadedEditorAssemblies (0ms)
			BeforeProcessingInitializeOnLoad (132ms)
			ProcessInitializeOnLoadAttributes (837ms)
			ProcessInitializeOnLoadMethodAttributes (476ms)
			AfterProcessingInitializeOnLoad (5ms)
		AwakeInstancesAfterBackupRestoration (28ms)
Refreshing native plugins compatible for Editor in 2.78 ms, found 5 plugins.
Unloading 65 Unused Serialized files (Serialized files now loaded: 0)
Unloading 10279 unused Assets / (21.6 MB). Loaded Objects now: 11382.
Memory consumption went from 0.63 GB to 0.61 GB.
Total: 26.141200 ms (FindLiveObjects: 1.040200 ms CreateObjectMapping: 4.638000 ms MarkObjects: 13.288300 ms  DeleteObjects: 7.173400 ms)

Prepare: number of updated asset objects reloaded= 0
========================================================================
Received Prepare
AcceleratorClientConnectionCallback - disconnected - :0
Refreshing native plugins compatible for Editor in 3.53 ms, found 5 plugins.
Unloading 65 Unused Serialized files (Serialized files now loaded: 0)
Unloading 10260 unused Assets / (19.3 MB). Loaded Objects now: 11383.
Memory consumption went from 0.63 GB to 0.61 GB.
Total: 29.962500 ms (FindLiveObjects: 0.972000 ms CreateObjectMapping: 5.267600 ms MarkObjects: 16.135200 ms  DeleteObjects: 7.586300 ms)

Prepare: number of updated asset objects reloaded= 0
========================================================================
Received Prepare
AcceleratorClientConnectionCallback - disconnected - :0
Refreshing native plugins compatible for Editor in 2.56 ms, found 5 plugins.
Unloading 65 Unused Serialized files (Serialized files now loaded: 0)
Unloading 10259 unused Assets / (20.5 MB). Loaded Objects now: 11382.
Memory consumption went from 0.63 GB to 0.62 GB.
Total: 24.258800 ms (FindLiveObjects: 0.993000 ms CreateObjectMapping: 4.826000 ms MarkObjects: 13.659700 ms  DeleteObjects: 4.778900 ms)

Prepare: number of updated asset objects reloaded= 0
========================================================================
Received Prepare
AcceleratorClientConnectionCallback - disconnected - :0
[Licensing::Client] Successfully resolved entitlement details
Begin MonoManager ReloadAssembly
Failed to create domain‐reload token.
UnityEngine.Debug:ExtractStackTraceNoAlloc (byte*,int,string)
UnityEngine.StackTraceUtility:ExtractStackTrace ()
UnityEngine.DebugLogHandler:Internal_Log (UnityEngine.LogType,UnityEngine.LogOption,string,UnityEngine.Object)
UnityEngine.DebugLogHandler:LogFormat (UnityEngine.LogType,UnityEngine.Object,string,object[])
UnityEngine.Logger:Log (UnityEngine.LogType,object)
UnityEngine.Debug:LogError (object)
Unity.AI.Generators.UI.Utilities.DomainReloadUtilities:CreateToken () (at ./Library/PackageCache/com.unity.ai.assistant@c0127625258e/Modules/Unity.AI.Generators.UI/Utilities/DomainReloadUtilities.cs:50)
UnityEditor.AssemblyReloadEvents:OnBeforeAssemblyReload ()

(Filename: ./Library/PackageCache/com.unity.ai.assistant@c0127625258e/Modules/Unity.AI.Generators.UI/Utilities/DomainReloadUtilities.cs Line: 50)

Symbol file LoadedFromMemory is not a mono symbol file
Symbol file LoadedFromMemory is not a mono symbol file
Refreshing native plugins compatible for Editor in 2.49 ms, found 5 plugins.
Native extension for WindowsStandalone target not found
Native extension for WebGL target not found
[Package Manager] Failed to launch server process. Reason: Unity was launched with the -noUpm command-line argument
[Package Manager] Unable to send message (not connected to server process).
[Package Manager] Cannot connect to Unity Package Manager local server
Refreshing native plugins compatible for Editor in 3.11 ms, found 5 plugins.
[Package Manager] Failed to launch server process. Reason: Unity was launched with the -noUpm command-line argument
[Package Manager] Unable to send message (not connected to server process).
[Package Manager] Cannot connect to Unity Package Manager local server
[Licensing::Client] Error: Code 404 while processing request (status: Found 0 entitlement groups and 0 free entitlements matching requested entitlement ids)
ScheduleIndexationOnStartup MainProcess:False IndexOnStartup:True
Mono: successfully reloaded assembly
- Finished resetting the current domain, in  1.771 seconds
Domain Reload Profiling: 2954ms
	BeginReloadAssembly (271ms)
		DisableScriptedObjects (10ms)
		CreateAndSetChildDomain (92ms)
	RebuildCommonClasses (10ms)
	RebuildNativeTypeToScriptingClass (16ms)
	initialDomainReloadingComplete (98ms)
	LoadAllAssembliesAndSetupDomain (787ms)
		LoadAssemblies (407ms)
		AnalyzeDomain (335ms)
			TypeCache.Refresh (14ms)
			BuildScriptInfoCaches (313ms)
			ResolveRequiredComponents (5ms)
	FinalizeReload (1772ms)
		SetupLoadedEditorAssemblies (0ms)
			BeforeProcessingInitializeOnLoad (141ms)
			ProcessInitializeOnLoadAttributes (909ms)
			ProcessInitializeOnLoadMethodAttributes (470ms)
			AfterProcessingInitializeOnLoad (7ms)
		AwakeInstancesAfterBackupRestoration (24ms)
Refreshing native plugins compatible for Editor in 2.94 ms, found 5 plugins.
Unloading 65 Unused Serialized files (Serialized files now loaded: 0)
Unloading 10279 unused Assets / (20.5 MB). Loaded Objects now: 11385.
Memory consumption went from 0.64 GB to 0.62 GB.
Total: 25.617600 ms (FindLiveObjects: 1.041400 ms CreateObjectMapping: 4.674200 ms MarkObjects: 13.853300 ms  DeleteObjects: 6.047300 ms)

Prepare: number of updated asset objects reloaded= 0
========================================================================
Received Prepare
AcceleratorClientConnectionCallback - disconnected - :0
Refreshing native plugins compatible for Editor in 2.77 ms, found 5 plugins.
Unloading 65 Unused Serialized files (Serialized files now loaded: 0)
Unloading 10259 unused Assets / (18.7 MB). Loaded Objects now: 11385.
Memory consumption went from 0.64 GB to 0.62 GB.
Total: 26.775700 ms (FindLiveObjects: 1.087600 ms CreateObjectMapping: 4.979800 ms MarkObjects: 15.231000 ms  DeleteObjects: 5.476100 ms)

Prepare: number of updated asset objects reloaded= 0
========================================================================
Received Prepare
AcceleratorClientConnectionCallback - disconnected - :0
[Licensing::Client] Successfully resolved entitlement details
Begin MonoManager ReloadAssembly
Symbol file LoadedFromMemory is not a mono symbol file
Symbol file LoadedFromMemory is not a mono symbol file
Refreshing native plugins compatible for Editor in 2.74 ms, found 5 plugins.
Native extension for WindowsStandalone target not found
Native extension for WebGL target not found
[Package Manager] Failed to launch server process. Reason: Unity was launched with the -noUpm command-line argument
[Package Manager] Unable to send message (not connected to server process).
[Package Manager] Cannot connect to Unity Package Manager local server
Refreshing native plugins compatible for Editor in 4.30 ms, found 5 plugins.
[Package Manager] Failed to launch server process. Reason: Unity was launched with the -noUpm command-line argument
[Package Manager] Unable to send message (not connected to server process).
[Package Manager] Cannot connect to Unity Package Manager local server
[Licensing::Client] Error: Code 404 while processing request (status: Found 0 entitlement groups and 0 free entitlements matching requested entitlement ids)
ScheduleIndexationOnStartup MainProcess:False IndexOnStartup:True
Mono: successfully reloaded assembly
- Finished resetting the current domain, in  2.109 seconds
Domain Reload Profiling: 3560ms
	BeginReloadAssembly (345ms)
		DisableScriptedObjects (13ms)
		CreateAndSetChildDomain (137ms)
	RebuildCommonClasses (15ms)
	RebuildNativeTypeToScriptingClass (21ms)
	initialDomainReloadingComplete (111ms)
	LoadAllAssembliesAndSetupDomain (957ms)
		LoadAssemblies (495ms)
		AnalyzeDomain (411ms)
			TypeCache.Refresh (17ms)
			BuildScriptInfoCaches (385ms)
			ResolveRequiredComponents (7ms)
	FinalizeReload (2110ms)
		SetupLoadedEditorAssemblies (0ms)
			InitializePlatformSupportModulesInManaged (3ms)
			BeforeProcessingInitializeOnLoad (167ms)
			ProcessInitializeOnLoadAttributes (980ms)
			ProcessInitializeOnLoadMethodAttributes (595ms)
			AfterProcessingInitializeOnLoad (7ms)
		AwakeInstancesAfterBackupRestoration (32ms)
Refreshing native plugins compatible for Editor in 3.39 ms, found 5 plugins.
Unloading 65 Unused Serialized files (Serialized files now loaded: 0)
Unloading 10279 unused Assets / (19.1 MB). Loaded Objects now: 11388.
Memory consumption went from 0.65 GB to 0.63 GB.
Total: 30.271700 ms (FindLiveObjects: 1.302300 ms CreateObjectMapping: 6.393800 ms MarkObjects: 17.013600 ms  DeleteObjects: 5.560700 ms)

Prepare: number of updated asset objects reloaded= 0
========================================================================
Received Prepare
AcceleratorClientConnectionCallback - disconnected - :0
Refreshing native plugins compatible for Editor in 2.49 ms, found 5 plugins.
Unloading 65 Unused Serialized files (Serialized files now loaded: 0)
Unloading 10259 unused Assets / (18.6 MB). Loaded Objects now: 11388.
Memory consumption went from 0.65 GB to 0.63 GB.
Total: 32.111400 ms (FindLiveObjects: 1.000700 ms CreateObjectMapping: 5.024900 ms MarkObjects: 20.895800 ms  DeleteObjects: 5.188700 ms)

Prepare: number of updated asset objects reloaded= 0
========================================================================
Received Prepare
AcceleratorClientConnectionCallback - disconnected - :0
[Licensing::Client] Successfully resolved entitlement details
Begin MonoManager ReloadAssembly
Symbol file LoadedFromMemory is not a mono symbol file
Symbol file LoadedFromMemory is not a mono symbol file
Refreshing native plugins compatible for Editor in 3.84 ms, found 5 plugins.
Native extension for WindowsStandalone target not found
Native extension for WebGL target not found
[Package Manager] Failed to launch server process. Reason: Unity was launched with the -noUpm command-line argument
[Package Manager] Unable to send message (not connected to server process).
[Package Manager] Cannot connect to Unity Package Manager local server
Refreshing native plugins compatible for Editor in 4.29 ms, found 5 plugins.
[Package Manager] Failed to launch server process. Reason: Unity was launched with the -noUpm command-line argument
[Package Manager] Unable to send message (not connected to server process).
[Package Manager] Cannot connect to Unity Package Manager local server
[Licensing::Client] Error: Code 404 while processing request (status: Found 0 entitlement groups and 0 free entitlements matching requested entitlement ids)
ScheduleIndexationOnStartup MainProcess:False IndexOnStartup:True
Mono: successfully reloaded assembly
- Finished resetting the current domain, in  2.173 seconds
Domain Reload Profiling: 3616ms
	BeginReloadAssembly (333ms)
		DisableScriptedObjects (11ms)
		CreateAndSetChildDomain (124ms)
	RebuildCommonClasses (19ms)
	RebuildNativeTypeToScriptingClass (24ms)
	initialDomainReloadingComplete (110ms)
	LoadAllAssembliesAndSetupDomain (957ms)
		LoadAssemblies (483ms)
		AnalyzeDomain (433ms)
			TypeCache.Refresh (15ms)
			BuildScriptInfoCaches (410ms)
			ResolveRequiredComponents (5ms)
	FinalizeReload (2174ms)
		SetupLoadedEditorAssemblies (0ms)
			BeforeProcessingInitializeOnLoad (204ms)
			ProcessInitializeOnLoadAttributes (1039ms)
			ProcessInitializeOnLoadMethodAttributes (583ms)
			AfterProcessingInitializeOnLoad (9ms)
		AwakeInstancesAfterBackupRestoration (42ms)
Refreshing native plugins compatible for Editor in 2.43 ms, found 5 plugins.
Unloading 65 Unused Serialized files (Serialized files now loaded: 0)
Unloading 10279 unused Assets / (19.4 MB). Loaded Objects now: 11391.
Memory consumption went from 0.65 GB to 0.63 GB.
Total: 31.616300 ms (FindLiveObjects: 0.922600 ms CreateObjectMapping: 4.389600 ms MarkObjects: 19.156600 ms  DeleteObjects: 7.146500 ms)

Prepare: number of updated asset objects reloaded= 0
========================================================================
Received Prepare
AcceleratorClientConnectionCallback - disconnected - :0
Refreshing native plugins compatible for Editor in 2.61 ms, found 5 plugins.
Unloading 65 Unused Serialized files (Serialized files now loaded: 0)
Unloading 10259 unused Assets / (19.8 MB). Loaded Objects now: 11391.
Memory consumption went from 0.66 GB to 0.64 GB.
Total: 26.490900 ms (FindLiveObjects: 1.016100 ms CreateObjectMapping: 4.651100 ms MarkObjects: 13.970200 ms  DeleteObjects: 6.852100 ms)

Prepare: number of updated asset objects reloaded= 0
========================================================================
Received Prepare
AcceleratorClientConnectionCallback - disconnected - :0
Refreshing native plugins compatible for Editor in 3.97 ms, found 5 plugins.
Unloading 65 Unused Serialized files (Serialized files now loaded: 0)
Unloading 10259 unused Assets / (20.2 MB). Loaded Objects now: 11391.
Memory consumption went from 0.66 GB to 0.64 GB.
Total: 32.284700 ms (FindLiveObjects: 0.991300 ms CreateObjectMapping: 4.852100 ms MarkObjects: 19.543700 ms  DeleteObjects: 6.896400 ms)

Prepare: number of updated asset objects reloaded= 0
========================================================================
Received Prepare
AcceleratorClientConnectionCallback - disconnected - :0
[Licensing::Client] Successfully resolved entitlement details
Begin MonoManager ReloadAssembly
Failed to create domain‐reload token.
UnityEngine.Debug:ExtractStackTraceNoAlloc (byte*,int,string)
UnityEngine.StackTraceUtility:ExtractStackTrace ()
UnityEngine.DebugLogHandler:Internal_Log (UnityEngine.LogType,UnityEngine.LogOption,string,UnityEngine.Object)
UnityEngine.DebugLogHandler:LogFormat (UnityEngine.LogType,UnityEngine.Object,string,object[])
UnityEngine.Logger:Log (UnityEngine.LogType,object)
UnityEngine.Debug:LogError (object)
Unity.AI.Generators.UI.Utilities.DomainReloadUtilities:CreateToken () (at ./Library/PackageCache/com.unity.ai.assistant@c0127625258e/Modules/Unity.AI.Generators.UI/Utilities/DomainReloadUtilities.cs:50)
UnityEditor.AssemblyReloadEvents:OnBeforeAssemblyReload ()

(Filename: ./Library/PackageCache/com.unity.ai.assistant@c0127625258e/Modules/Unity.AI.Generators.UI/Utilities/DomainReloadUtilities.cs Line: 50)

Symbol file LoadedFromMemory is not a mono symbol file
Symbol file LoadedFromMemory is not a mono symbol file
Refreshing native plugins compatible for Editor in 3.55 ms, found 5 plugins.
Native extension for WindowsStandalone target not found
Native extension for WebGL target not found
[Package Manager] Failed to launch server process. Reason: Unity was launched with the -noUpm command-line argument
[Package Manager] Unable to send message (not connected to server process).
[Package Manager] Cannot connect to Unity Package Manager local server
Refreshing native plugins compatible for Editor in 4.05 ms, found 5 plugins.
[Package Manager] Failed to launch server process. Reason: Unity was launched with the -noUpm command-line argument
[Package Manager] Unable to send message (not connected to server process).
[Package Manager] Cannot connect to Unity Package Manager local server
[Licensing::Client] Error: Code 404 while processing request (status: Found 0 entitlement groups and 0 free entitlements matching requested entitlement ids)
ScheduleIndexationOnStartup MainProcess:False IndexOnStartup:True
Mono: successfully reloaded assembly
- Finished resetting the current domain, in  2.024 seconds
Domain Reload Profiling: 3408ms
	BeginReloadAssembly (342ms)
		DisableScriptedObjects (12ms)
		CreateAndSetChildDomain (131ms)
	RebuildCommonClasses (12ms)
	RebuildNativeTypeToScriptingClass (19ms)
	initialDomainReloadingComplete (99ms)
	LoadAllAssembliesAndSetupDomain (912ms)
		LoadAssemblies (462ms)
		AnalyzeDomain (403ms)
			TypeCache.Refresh (17ms)
			BuildScriptInfoCaches (380ms)
			ResolveRequiredComponents (5ms)
	FinalizeReload (2024ms)
		SetupLoadedEditorAssemblies (0ms)
			BeforeProcessingInitializeOnLoad (159ms)
			ProcessInitializeOnLoadAttributes (936ms)
			ProcessInitializeOnLoadMethodAttributes (547ms)
			AfterProcessingInitializeOnLoad (9ms)
		AwakeInstancesAfterBackupRestoration (26ms)
Refreshing native plugins compatible for Editor in 3.03 ms, found 5 plugins.
Unloading 65 Unused Serialized files (Serialized files now loaded: 0)
Unloading 10279 unused Assets / (22.9 MB). Loaded Objects now: 11394.
Memory consumption went from 0.66 GB to 0.64 GB.
Total: 31.657000 ms (FindLiveObjects: 1.384400 ms CreateObjectMapping: 5.415500 ms MarkObjects: 18.291300 ms  DeleteObjects: 6.564000 ms)

Prepare: number of updated asset objects reloaded= 0
========================================================================
Received Prepare
AcceleratorClientConnectionCallback - disconnected - :0
Refreshing native plugins compatible for Editor in 3.20 ms, found 5 plugins.
Unloading 65 Unused Serialized files (Serialized files now loaded: 0)
Unloading 65 unused Assets / (13.7 MB). Loaded Objects now: 11394.
Memory consumption went from 0.66 GB to 0.64 GB.
Total: 16.687300 ms (FindLiveObjects: 0.509800 ms CreateObjectMapping: 1.679800 ms MarkObjects: 13.043400 ms  DeleteObjects: 1.453000 ms)

Prepare: number of updated asset objects reloaded= 0
========================================================================
Received Prepare
AcceleratorClientConnectionCallback - disconnected - :0
Refreshing native plugins compatible for Editor in 3.58 ms, found 5 plugins.
Unloading 65 Unused Serialized files (Serialized files now loaded: 0)
Unloading 10259 unused Assets / (19.0 MB). Loaded Objects now: 11394.
Memory consumption went from 0.67 GB to 0.65 GB.
Total: 33.541800 ms (FindLiveObjects: 1.222800 ms CreateObjectMapping: 5.574000 ms MarkObjects: 20.754600 ms  DeleteObjects: 5.988900 ms)

Prepare: number of updated asset objects reloaded= 0
========================================================================
Received Prepare
AcceleratorClientConnectionCallback - disconnected - :0
[Licensing::Client] Successfully resolved entitlement details
Begin MonoManager ReloadAssembly
Symbol file LoadedFromMemory is not a mono symbol file
Symbol file LoadedFromMemory is not a mono symbol file
Refreshing native plugins compatible for Editor in 2.31 ms, found 5 plugins.
Native extension for WindowsStandalone target not found
Native extension for WebGL target not found
[Package Manager] Failed to launch server process. Reason: Unity was launched with the -noUpm command-line argument
[Package Manager] Unable to send message (not connected to server process).
[Package Manager] Cannot connect to Unity Package Manager local server
Refreshing native plugins compatible for Editor in 4.59 ms, found 5 plugins.
[Package Manager] Failed to launch server process. Reason: Unity was launched with the -noUpm command-line argument
[Package Manager] Unable to send message (not connected to server process).
[Package Manager] Cannot connect to Unity Package Manager local server
[Licensing::Client] Error: Code 404 while processing request (status: Found 0 entitlement groups and 0 free entitlements matching requested entitlement ids)
ScheduleIndexationOnStartup MainProcess:False IndexOnStartup:True
Mono: successfully reloaded assembly
- Finished resetting the current domain, in  2.016 seconds
Domain Reload Profiling: 3415ms
	BeginReloadAssembly (339ms)
		DisableScriptedObjects (13ms)
		CreateAndSetChildDomain (119ms)
	RebuildCommonClasses (15ms)
	RebuildNativeTypeToScriptingClass (18ms)
	initialDomainReloadingComplete (116ms)
	LoadAllAssembliesAndSetupDomain (910ms)
		LoadAssemblies (481ms)
		AnalyzeDomain (389ms)
			TypeCache.Refresh (14ms)
			BuildScriptInfoCaches (366ms)
			ResolveRequiredComponents (7ms)
	FinalizeReload (2017ms)
		SetupLoadedEditorAssemblies (0ms)
			InitializePlatformSupportModulesInManaged (3ms)
			BeforeProcessingInitializeOnLoad (157ms)
			ProcessInitializeOnLoadAttributes (965ms)
			ProcessInitializeOnLoadMethodAttributes (556ms)
			AfterProcessingInitializeOnLoad (5ms)
		AwakeInstancesAfterBackupRestoration (24ms)
Refreshing native plugins compatible for Editor in 3.72 ms, found 5 plugins.
Unloading 65 Unused Serialized files (Serialized files now loaded: 0)
Unloading 10279 unused Assets / (23.2 MB). Loaded Objects now: 11397.
Memory consumption went from 0.67 GB to 0.65 GB.
Total: 32.342300 ms (FindLiveObjects: 0.931500 ms CreateObjectMapping: 4.725300 ms MarkObjects: 19.233900 ms  DeleteObjects: 7.450700 ms)

Prepare: number of updated asset objects reloaded= 0
========================================================================
Received Prepare
AcceleratorClientConnectionCallback - disconnected - :0
Refreshing native plugins compatible for Editor in 2.57 ms, found 5 plugins.
Unloading 65 Unused Serialized files (Serialized files now loaded: 0)
Unloading 65 unused Assets / (13.7 MB). Loaded Objects now: 11397.
Memory consumption went from 0.67 GB to 0.65 GB.
Total: 16.865300 ms (FindLiveObjects: 0.491900 ms CreateObjectMapping: 1.631300 ms MarkObjects: 13.137900 ms  DeleteObjects: 1.602900 ms)

Prepare: number of updated asset objects reloaded= 0
========================================================================
Received Prepare
AcceleratorClientConnectionCallback - disconnected - :0
Refreshing native plugins compatible for Editor in 3.91 ms, found 5 plugins.
Unloading 65 Unused Serialized files (Serialized files now loaded: 0)
Unloading 10259 unused Assets / (20.9 MB). Loaded Objects now: 11397.
Memory consumption went from 0.68 GB to 0.66 GB.
Total: 31.885200 ms (FindLiveObjects: 1.215700 ms CreateObjectMapping: 5.336000 ms MarkObjects: 17.529700 ms  DeleteObjects: 7.802300 ms)

Prepare: number of updated asset objects reloaded= 0
========================================================================
Received Prepare
AcceleratorClientConnectionCallback - disconnected - :0
[Licensing::Client] Successfully resolved entitlement details
Begin MonoManager ReloadAssembly
Symbol file LoadedFromMemory is not a mono symbol file
Symbol file LoadedFromMemory is not a mono symbol file
Refreshing native plugins compatible for Editor in 2.60 ms, found 5 plugins.
Native extension for WindowsStandalone target not found
Native extension for WebGL target not found
[Package Manager] Failed to launch server process. Reason: Unity was launched with the -noUpm command-line argument
[Package Manager] Unable to send message (not connected to server process).
[Package Manager] Cannot connect to Unity Package Manager local server
Refreshing native plugins compatible for Editor in 2.75 ms, found 5 plugins.
[Package Manager] Failed to launch server process. Reason: Unity was launched with the -noUpm command-line argument
[Package Manager] Unable to send message (not connected to server process).
[Package Manager] Cannot connect to Unity Package Manager local server
[Licensing::Client] Error: Code 404 while processing request (status: Found 0 entitlement groups and 0 free entitlements matching requested entitlement ids)
ScheduleIndexationOnStartup MainProcess:False IndexOnStartup:True
Mono: successfully reloaded assembly
- Finished resetting the current domain, in  1.751 seconds
Domain Reload Profiling: 3150ms
	BeginReloadAssembly (352ms)
		DisableScriptedObjects (11ms)
		CreateAndSetChildDomain (113ms)
	RebuildCommonClasses (13ms)
	RebuildNativeTypeToScriptingClass (18ms)
	initialDomainReloadingComplete (109ms)
	LoadAllAssembliesAndSetupDomain (907ms)
		LoadAssemblies (483ms)
		AnalyzeDomain (396ms)
			TypeCache.Refresh (18ms)
			BuildScriptInfoCaches (372ms)
			ResolveRequiredComponents (5ms)
	FinalizeReload (1752ms)
		SetupLoadedEditorAssemblies (0ms)
			BeforeProcessingInitializeOnLoad (136ms)
			ProcessInitializeOnLoadAttributes (827ms)
			ProcessInitializeOnLoadMethodAttributes (503ms)
			AfterProcessingInitializeOnLoad (7ms)
		AwakeInstancesAfterBackupRestoration (30ms)
Refreshing native plugins compatible for Editor in 3.32 ms, found 5 plugins.
Unloading 65 Unused Serialized files (Serialized files now loaded: 0)
Unloading 10279 unused Assets / (22.6 MB). Loaded Objects now: 11400.
Memory consumption went from 0.68 GB to 0.66 GB.
Total: 25.636900 ms (FindLiveObjects: 1.060100 ms CreateObjectMapping: 4.776100 ms MarkObjects: 12.848700 ms  DeleteObjects: 6.950900 ms)

Prepare: number of updated asset objects reloaded= 0
========================================================================
Received Prepare
AcceleratorClientConnectionCallback - disconnected - :0
Refreshing native plugins compatible for Editor in 2.76 ms, found 5 plugins.
Unloading 65 Unused Serialized files (Serialized files now loaded: 0)
Unloading 65 unused Assets / (13.7 MB). Loaded Objects now: 11400.
Memory consumption went from 0.67 GB to 0.66 GB.
Total: 16.554400 ms (FindLiveObjects: 0.467200 ms CreateObjectMapping: 1.701300 ms MarkObjects: 12.856900 ms  DeleteObjects: 1.527800 ms)

Prepare: number of updated asset objects reloaded= 0
========================================================================
Received Prepare
AcceleratorClientConnectionCallback - disconnected - :0
Refreshing native plugins compatible for Editor in 3.16 ms, found 5 plugins.
Unloading 65 Unused Serialized files (Serialized files now loaded: 0)
Unloading 10259 unused Assets / (20.4 MB). Loaded Objects now: 11400.
Memory consumption went from 0.68 GB to 0.67 GB.
Total: 32.468400 ms (FindLiveObjects: 1.182100 ms CreateObjectMapping: 5.388300 ms MarkObjects: 19.047500 ms  DeleteObjects: 6.849400 ms)

Prepare: number of updated asset objects reloaded= 0
========================================================================
Received Prepare
AcceleratorClientConnectionCallback - disconnected - :0
Begin MonoManager ReloadAssembly
Failed to create domain‐reload token.
UnityEngine.Debug:ExtractStackTraceNoAlloc (byte*,int,string)
UnityEngine.StackTraceUtility:ExtractStackTrace ()
UnityEngine.DebugLogHandler:Internal_Log (UnityEngine.LogType,UnityEngine.LogOption,string,UnityEngine.Object)
UnityEngine.DebugLogHandler:LogFormat (UnityEngine.LogType,UnityEngine.Object,string,object[])
UnityEngine.Logger:Log (UnityEngine.LogType,object)
UnityEngine.Debug:LogError (object)
Unity.AI.Generators.UI.Utilities.DomainReloadUtilities:CreateToken () (at ./Library/PackageCache/com.unity.ai.assistant@c0127625258e/Modules/Unity.AI.Generators.UI/Utilities/DomainReloadUtilities.cs:50)
UnityEditor.AssemblyReloadEvents:OnBeforeAssemblyReload ()

(Filename: ./Library/PackageCache/com.unity.ai.assistant@c0127625258e/Modules/Unity.AI.Generators.UI/Utilities/DomainReloadUtilities.cs Line: 50)

Symbol file LoadedFromMemory is not a mono symbol file
Symbol file LoadedFromMemory is not a mono symbol file
Refreshing native plugins compatible for Editor in 2.45 ms, found 5 plugins.
Native extension for WindowsStandalone target not found
Native extension for WebGL target not found
[Package Manager] Failed to launch server process. Reason: Unity was launched with the -noUpm command-line argument
[Package Manager] Unable to send message (not connected to server process).
[Package Manager] Cannot connect to Unity Package Manager local server
Refreshing native plugins compatible for Editor in 4.22 ms, found 5 plugins.
[Package Manager] Failed to launch server process. Reason: Unity was launched with the -noUpm command-line argument
[Package Manager] Unable to send message (not connected to server process).
[Package Manager] Cannot connect to Unity Package Manager local server
[Licensing::Client] Error: Code 404 while processing request (status: Found 0 entitlement groups and 0 free entitlements matching requested entitlement ids)
ScheduleIndexationOnStartup MainProcess:False IndexOnStartup:True
Mono: successfully reloaded assembly
- Finished resetting the current domain, in  2.057 seconds
Domain Reload Profiling: 3456ms
	BeginReloadAssembly (370ms)
		DisableScriptedObjects (30ms)
		CreateAndSetChildDomain (137ms)
	RebuildCommonClasses (9ms)
	RebuildNativeTypeToScriptingClass (21ms)
	initialDomainReloadingComplete (106ms)
	LoadAllAssembliesAndSetupDomain (891ms)
		LoadAssemblies (460ms)
		AnalyzeDomain (380ms)
			TypeCache.Refresh (13ms)
			BuildScriptInfoCaches (357ms)
			ResolveRequiredComponents (7ms)
	FinalizeReload (2059ms)
		SetupLoadedEditorAssemblies (0ms)
			InitializePlatformSupportModulesInManaged (3ms)
			BeforeProcessingInitializeOnLoad (157ms)
			ProcessInitializeOnLoadAttributes (1003ms)
			ProcessInitializeOnLoadMethodAttributes (558ms)
			AfterProcessingInitializeOnLoad (5ms)
		AwakeInstancesAfterBackupRestoration (34ms)
Refreshing native plugins compatible for Editor in 3.36 ms, found 5 plugins.
Unloading 65 Unused Serialized files (Serialized files now loaded: 0)
Unloading 10279 unused Assets / (22.9 MB). Loaded Objects now: 11403.
Memory consumption went from 0.69 GB to 0.67 GB.
Total: 32.161000 ms (FindLiveObjects: 1.159100 ms CreateObjectMapping: 4.941000 ms MarkObjects: 18.773300 ms  DeleteObjects: 7.286100 ms)

Prepare: number of updated asset objects reloaded= 0
========================================================================
Received Prepare
AcceleratorClientConnectionCallback - disconnected - :0
Refreshing native plugins compatible for Editor in 3.30 ms, found 5 plugins.
Unloading 65 Unused Serialized files (Serialized files now loaded: 0)
Unloading 65 unused Assets / (13.7 MB). Loaded Objects now: 11403.
Memory consumption went from 0.68 GB to 0.67 GB.
Total: 17.048600 ms (FindLiveObjects: 0.480100 ms CreateObjectMapping: 1.598100 ms MarkObjects: 13.412200 ms  DeleteObjects: 1.557200 ms)

Prepare: number of updated asset objects reloaded= 0
========================================================================
Received Prepare
AcceleratorClientConnectionCallback - disconnected - :0
Refreshing native plugins compatible for Editor in 3.27 ms, found 5 plugins.
Unloading 65 Unused Serialized files (Serialized files now loaded: 0)
Unloading 10259 unused Assets / (18.7 MB). Loaded Objects now: 11403.
Memory consumption went from 0.69 GB to 0.67 GB.
Total: 34.152000 ms (FindLiveObjects: 1.325400 ms CreateObjectMapping: 5.694700 ms MarkObjects: 21.205100 ms  DeleteObjects: 5.925200 ms)

Prepare: number of updated asset objects reloaded= 0
========================================================================
Received Prepare
AcceleratorClientConnectionCallback - disconnected - :0
Refreshing native plugins compatible for Editor in 3.56 ms, found 5 plugins.
Unloading 65 Unused Serialized files (Serialized files now loaded: 0)
Unloading 10259 unused Assets / (18.8 MB). Loaded Objects now: 11403.
Memory consumption went from 0.70 GB to 0.68 GB.
Total: 62.410800 ms (FindLiveObjects: 1.086200 ms CreateObjectMapping: 12.169400 ms MarkObjects: 42.225200 ms  DeleteObjects: 6.928800 ms)

Prepare: number of updated asset objects reloaded= 0
========================================================================
Received Prepare
AcceleratorClientConnectionCallback - disconnected - :0
[Licensing::Client] Successfully resolved entitlement details
Begin MonoManager ReloadAssembly
Symbol file LoadedFromMemory is not a mono symbol file
Symbol file LoadedFromMemory is not a mono symbol file
Refreshing native plugins compatible for Editor in 4.41 ms, found 5 plugins.
Native extension for WindowsStandalone target not found
Native extension for WebGL target not found
[Package Manager] Failed to launch server process. Reason: Unity was launched with the -noUpm command-line argument
[Package Manager] Unable to send message (not connected to server process).
[Package Manager] Cannot connect to Unity Package Manager local server
Refreshing native plugins compatible for Editor in 4.58 ms, found 5 plugins.
[Package Manager] Failed to launch server process. Reason: Unity was launched with the -noUpm command-line argument
[Package Manager] Unable to send message (not connected to server process).
[Package Manager] Cannot connect to Unity Package Manager local server
[Licensing::Client] Error: Code 404 while processing request (status: Found 0 entitlement groups and 0 free entitlements matching requested entitlement ids)
ScheduleIndexationOnStartup MainProcess:False IndexOnStartup:True
Mono: successfully reloaded assembly
- Finished resetting the current domain, in  2.089 seconds
Domain Reload Profiling: 3472ms
	BeginReloadAssembly (341ms)
		DisableScriptedObjects (12ms)
		CreateAndSetChildDomain (124ms)
	RebuildCommonClasses (13ms)
	RebuildNativeTypeToScriptingClass (20ms)
	initialDomainReloadingComplete (118ms)
	LoadAllAssembliesAndSetupDomain (889ms)
		LoadAssemblies (499ms)
		AnalyzeDomain (362ms)
			TypeCache.Refresh (16ms)
			BuildScriptInfoCaches (339ms)
			ResolveRequiredComponents (5ms)
	FinalizeReload (2091ms)
		SetupLoadedEditorAssemblies (0ms)
			BeforeProcessingInitializeOnLoad (155ms)
			ProcessInitializeOnLoadAttributes (1038ms)
			ProcessInitializeOnLoadMethodAttributes (573ms)
			AfterProcessingInitializeOnLoad (8ms)
		AwakeInstancesAfterBackupRestoration (42ms)
Refreshing native plugins compatible for Editor in 3.88 ms, found 5 plugins.
Unloading 65 Unused Serialized files (Serialized files now loaded: 0)
Unloading 10279 unused Assets / (21.8 MB). Loaded Objects now: 11406.
Memory consumption went from 0.70 GB to 0.68 GB.
Total: 35.469500 ms (FindLiveObjects: 1.420100 ms CreateObjectMapping: 5.868400 ms MarkObjects: 20.285700 ms  DeleteObjects: 7.893900 ms)

Prepare: number of updated asset objects reloaded= 0
========================================================================
Received Prepare
AcceleratorClientConnectionCallback - disconnected - :0
Refreshing native plugins compatible for Editor in 3.78 ms, found 5 plugins.
Unloading 65 Unused Serialized files (Serialized files now loaded: 0)
Unloading 65 unused Assets / (13.7 MB). Loaded Objects now: 11406.
Memory consumption went from 0.70 GB to 0.68 GB.
Total: 20.248500 ms (FindLiveObjects: 0.528500 ms CreateObjectMapping: 2.047700 ms MarkObjects: 15.739700 ms  DeleteObjects: 1.931400 ms)

Prepare: number of updated asset objects reloaded= 0
========================================================================
Received Prepare
AcceleratorClientConnectionCallback - disconnected - :0
Refreshing native plugins compatible for Editor in 2.63 ms, found 5 plugins.
Unloading 65 Unused Serialized files (Serialized files now loaded: 0)
Unloading 65 unused Assets / (13.7 MB). Loaded Objects now: 11406.
Memory consumption went from 0.70 GB to 0.68 GB.
Total: 16.442800 ms (FindLiveObjects: 0.482300 ms CreateObjectMapping: 1.608000 ms MarkObjects: 12.947000 ms  DeleteObjects: 1.403700 ms)

Prepare: number of updated asset objects reloaded= 0
========================================================================
Received Prepare
AcceleratorClientConnectionCallback - disconnected - :0
Refreshing native plugins compatible for Editor in 2.55 ms, found 5 plugins.
Unloading 65 Unused Serialized files (Serialized files now loaded: 0)
Unloading 65 unused Assets / (13.7 MB). Loaded Objects now: 11406.
Memory consumption went from 0.70 GB to 0.69 GB.
Total: 18.151200 ms (FindLiveObjects: 0.578900 ms CreateObjectMapping: 1.965300 ms MarkObjects: 14.155800 ms  DeleteObjects: 1.450000 ms)

Prepare: number of updated asset objects reloaded= 0
========================================================================
Received Prepare
AcceleratorClientConnectionCallback - disconnected - :0
Refreshing native plugins compatible for Editor in 3.35 ms, found 5 plugins.
Unloading 65 Unused Serialized files (Serialized files now loaded: 0)
Unloading 10259 unused Assets / (18.0 MB). Loaded Objects now: 11406.
Memory consumption went from 0.71 GB to 0.69 GB.
Total: 26.773000 ms (FindLiveObjects: 0.968500 ms CreateObjectMapping: 4.338600 ms MarkObjects: 17.108700 ms  DeleteObjects: 4.355500 ms)

Prepare: number of updated asset objects reloaded= 0
========================================================================
Received Prepare
AcceleratorClientConnectionCallback - disconnected - :0
[Licensing::Client] Successfully resolved entitlement details
Begin MonoManager ReloadAssembly
Symbol file LoadedFromMemory is not a mono symbol file
Symbol file LoadedFromMemory is not a mono symbol file
Refreshing native plugins compatible for Editor in 2.66 ms, found 5 plugins.
Native extension for WindowsStandalone target not found
Native extension for WebGL target not found
[Package Manager] Failed to launch server process. Reason: Unity was launched with the -noUpm command-line argument
[Package Manager] Unable to send message (not connected to server process).
[Package Manager] Cannot connect to Unity Package Manager local server
Refreshing native plugins compatible for Editor in 2.55 ms, found 5 plugins.
[Package Manager] Failed to launch server process. Reason: Unity was launched with the -noUpm command-line argument
[Package Manager] Unable to send message (not connected to server process).
[Package Manager] Cannot connect to Unity Package Manager local server
[Licensing::Client] Error: Code 404 while processing request (status: Found 0 entitlement groups and 0 free entitlements matching requested entitlement ids)
ScheduleIndexationOnStartup MainProcess:False IndexOnStartup:True
Mono: successfully reloaded assembly
- Finished resetting the current domain, in  1.686 seconds
Domain Reload Profiling: 3008ms
	BeginReloadAssembly (391ms)
		DisableScriptedObjects (9ms)
		CreateAndSetChildDomain (103ms)
	RebuildCommonClasses (9ms)
	RebuildNativeTypeToScriptingClass (16ms)
	initialDomainReloadingComplete (95ms)
	LoadAllAssembliesAndSetupDomain (809ms)
		LoadAssemblies (512ms)
		AnalyzeDomain (357ms)
			TypeCache.Refresh (14ms)
			BuildScriptInfoCaches (337ms)
			ResolveRequiredComponents (5ms)
	FinalizeReload (1687ms)
		SetupLoadedEditorAssemblies (0ms)
			BeforeProcessingInitializeOnLoad (134ms)
			ProcessInitializeOnLoadAttributes (789ms)
			ProcessInitializeOnLoadMethodAttributes (487ms)
			AfterProcessingInitializeOnLoad (5ms)
		AwakeInstancesAfterBackupRestoration (25ms)
Refreshing native plugins compatible for Editor in 2.62 ms, found 5 plugins.
Unloading 65 Unused Serialized files (Serialized files now loaded: 0)
Unloading 10279 unused Assets / (20.6 MB). Loaded Objects now: 11409.
Memory consumption went from 0.71 GB to 0.69 GB.
Total: 24.348800 ms (FindLiveObjects: 1.001000 ms CreateObjectMapping: 4.599600 ms MarkObjects: 12.621800 ms  DeleteObjects: 6.125200 ms)

Prepare: number of updated asset objects reloaded= 0
========================================================================
Received Prepare
AcceleratorClientConnectionCallback - disconnected - :0
Refreshing native plugins compatible for Editor in 2.60 ms, found 5 plugins.
Unloading 65 Unused Serialized files (Serialized files now loaded: 0)
Unloading 65 unused Assets / (13.7 MB). Loaded Objects now: 11409.
Memory consumption went from 0.71 GB to 0.70 GB.
Total: 16.665000 ms (FindLiveObjects: 0.457700 ms CreateObjectMapping: 1.572200 ms MarkObjects: 13.228900 ms  DeleteObjects: 1.405100 ms)

Prepare: number of updated asset objects reloaded= 0
========================================================================
Received Import Request.
  Time of request: 2026-08-28T05:42:17.9948128Z
  Time since last request: 3182.41581580000002 seconds.
  importAddress: GUID: 0e58d376e98b8d942bf4cceddd0d3e21 - Path: Assets/Prefabs/Logistics/Conveyors/Corners/CornerConveyor_L1.prefab - Importer: PreviewImporter
Importing 'GUID: 0e58d376e98b8d942bf4cceddd0d3e21 - Path: Assets/Prefabs/Logistics/Conveyors/Corners/CornerConveyor_L1.prefab - Importer: PreviewImporter' with importer (PreviewImporter)
Imported 'GUID: 0e58d376e98b8d942bf4cceddd0d3e21' -> (Import Result ID: '10f7ebea054974be4a66ec0daa83ef60') in 0.621 seconds [static and dynamic dependencies]. Details - ImportResultOutputID=396808c3d6dafd534f1df4558b883f33 DependenciesID=3e74ffe3fd066aaa5d2c63008fce52c2 StaticDependenciesID=a40e47e0d9f6453b7c43ece1b51dbcb6 
Number of updated asset objects reloaded before import = 0
Number of asset objects unloaded after import = 36
========================================================================
Received Prepare
AcceleratorClientConnectionCallback - disconnected - :0
Refreshing native plugins compatible for Editor in 2.89 ms, found 5 plugins.
Unloading 65 Unused Serialized files (Serialized files now loaded: 0)
Unloading 10259 unused Assets / (19.6 MB). Loaded Objects now: 11530.
Memory consumption went from 0.56 GB to 0.54 GB.
Total: 38.257900 ms (FindLiveObjects: 1.551400 ms CreateObjectMapping: 7.405700 ms MarkObjects: 21.596700 ms  DeleteObjects: 7.702700 ms)

Prepare: number of updated asset objects reloaded= 0
========================================================================
Received Prepare
AcceleratorClientConnectionCallback - disconnected - :0
Refreshing native plugins compatible for Editor in 3.37 ms, found 5 plugins.
Unloading 65 Unused Serialized files (Serialized files now loaded: 0)
Unloading 10259 unused Assets / (18.4 MB). Loaded Objects now: 11530.
Memory consumption went from 0.56 GB to 0.54 GB.
Total: 30.890500 ms (FindLiveObjects: 0.939600 ms CreateObjectMapping: 4.877300 ms MarkObjects: 19.186600 ms  DeleteObjects: 5.885400 ms)

Prepare: number of updated asset objects reloaded= 0
========================================================================
Received Prepare
AcceleratorClientConnectionCallback - disconnected - :0
Refreshing native plugins compatible for Editor in 2.52 ms, found 5 plugins.
Unloading 65 Unused Serialized files (Serialized files now loaded: 0)
Unloading 10259 unused Assets / (20.4 MB). Loaded Objects now: 11530.
Memory consumption went from 0.56 GB to 0.54 GB.
Total: 27.063500 ms (FindLiveObjects: 0.939100 ms CreateObjectMapping: 4.114500 ms MarkObjects: 15.926100 ms  DeleteObjects: 6.082700 ms)

Prepare: number of updated asset objects reloaded= 0
========================================================================
Received Prepare
AcceleratorClientConnectionCallback - disconnected - :0
Refreshing native plugins compatible for Editor in 13.62 ms, found 5 plugins.
Unloading 65 Unused Serialized files (Serialized files now loaded: 0)
Unloading 10259 unused Assets / (22.0 MB). Loaded Objects now: 11530.
Memory consumption went from 0.56 GB to 0.54 GB.
Total: 50.968500 ms (FindLiveObjects: 2.575400 ms CreateObjectMapping: 16.602600 ms MarkObjects: 22.898900 ms  DeleteObjects: 8.889600 ms)

Prepare: number of updated asset objects reloaded= 0
========================================================================
Received Prepare
AcceleratorClientConnectionCallback - disconnected - :0
Refreshing native plugins compatible for Editor in 3.15 ms, found 5 plugins.
Unloading 65 Unused Serialized files (Serialized files now loaded: 0)
Unloading 10259 unused Assets / (21.8 MB). Loaded Objects now: 11530.
Memory consumption went from 0.57 GB to 0.54 GB.
Total: 41.961200 ms (FindLiveObjects: 2.130400 ms CreateObjectMapping: 7.084600 ms MarkObjects: 21.925700 ms  DeleteObjects: 10.818000 ms)

Prepare: number of updated asset objects reloaded= 0
========================================================================
Received Prepare
AcceleratorClientConnectionCallback - disconnected - :0
Refreshing native plugins compatible for Editor in 4.01 ms, found 5 plugins.
Unloading 65 Unused Serialized files (Serialized files now loaded: 0)
Unloading 10259 unused Assets / (20.5 MB). Loaded Objects now: 11530.
Memory consumption went from 0.57 GB to 0.55 GB.
Total: 38.671700 ms (FindLiveObjects: 1.314500 ms CreateObjectMapping: 6.175100 ms MarkObjects: 21.885600 ms  DeleteObjects: 9.294700 ms)

Prepare: number of updated asset objects reloaded= 0
========================================================================
Received Prepare
AcceleratorClientConnectionCallback - disconnected - :0
Refreshing native plugins compatible for Editor in 4.55 ms, found 5 plugins.
Unloading 65 Unused Serialized files (Serialized files now loaded: 0)
Unloading 10259 unused Assets / (20.9 MB). Loaded Objects now: 11530.
Memory consumption went from 0.57 GB to 0.55 GB.
Total: 40.108100 ms (FindLiveObjects: 1.092700 ms CreateObjectMapping: 6.425900 ms MarkObjects: 23.499500 ms  DeleteObjects: 9.088300 ms)

Prepare: number of updated asset objects reloaded= 0
========================================================================
Received Prepare
AcceleratorClientConnectionCallback - disconnected - :0
[Licensing::Client] Successfully resolved entitlement details
Begin MonoManager ReloadAssembly
Symbol file LoadedFromMemory is not a mono symbol file
Symbol file LoadedFromMemory is not a mono symbol file
Refreshing native plugins compatible for Editor in 2.84 ms, found 5 plugins.
Native extension for WindowsStandalone target not found
Native extension for WebGL target not found
[Package Manager] Failed to launch server process. Reason: Unity was launched with the -noUpm command-line argument
[Package Manager] Unable to send message (not connected to server process).
[Package Manager] Cannot connect to Unity Package Manager local server
Refreshing native plugins compatible for Editor in 2.67 ms, found 5 plugins.
[Package Manager] Failed to launch server process. Reason: Unity was launched with the -noUpm command-line argument
[Package Manager] Unable to send message (not connected to server process).
[Package Manager] Cannot connect to Unity Package Manager local server
[Licensing::Client] Error: Code 404 while processing request (status: Found 0 entitlement groups and 0 free entitlements matching requested entitlement ids)
ScheduleIndexationOnStartup MainProcess:False IndexOnStartup:True
Mono: successfully reloaded assembly
- Finished resetting the current domain, in  1.744 seconds
Domain Reload Profiling: 3034ms
	BeginReloadAssembly (332ms)
		DisableScriptedObjects (22ms)
		CreateAndSetChildDomain (115ms)
	RebuildCommonClasses (10ms)
	RebuildNativeTypeToScriptingClass (23ms)
	initialDomainReloadingComplete (96ms)
	LoadAllAssembliesAndSetupDomain (829ms)
		LoadAssemblies (435ms)
		AnalyzeDomain (368ms)
			TypeCache.Refresh (15ms)
			BuildScriptInfoCaches (346ms)
			ResolveRequiredComponents (5ms)
	FinalizeReload (1745ms)
		SetupLoadedEditorAssemblies (0ms)
			BeforeProcessingInitializeOnLoad (136ms)
			ProcessInitializeOnLoadAttributes (861ms)
			ProcessInitializeOnLoadMethodAttributes (476ms)
			AfterProcessingInitializeOnLoad (5ms)
		AwakeInstancesAfterBackupRestoration (24ms)
Refreshing native plugins compatible for Editor in 2.78 ms, found 5 plugins.
Unloading 65 Unused Serialized files (Serialized files now loaded: 0)
Unloading 10279 unused Assets / (20.6 MB). Loaded Objects now: 11442.
Memory consumption went from 0.57 GB to 0.55 GB.
Total: 23.953300 ms (FindLiveObjects: 0.936000 ms CreateObjectMapping: 4.588500 ms MarkObjects: 13.342200 ms  DeleteObjects: 5.085700 ms)

Prepare: number of updated asset objects reloaded= 0
========================================================================
Received Prepare
AcceleratorClientConnectionCallback - disconnected - :0
Refreshing native plugins compatible for Editor in 2.91 ms, found 5 plugins.
Unloading 65 Unused Serialized files (Serialized files now loaded: 0)
Unloading 65 unused Assets / (13.7 MB). Loaded Objects now: 11442.
Memory consumption went from 0.56 GB to 0.55 GB.
Total: 17.927100 ms (FindLiveObjects: 0.512100 ms CreateObjectMapping: 1.634500 ms MarkObjects: 14.003600 ms  DeleteObjects: 1.775900 ms)

Prepare: number of updated asset objects reloaded= 0
========================================================================
Received Prepare
AcceleratorClientConnectionCallback - disconnected - :0
Begin MonoManager ReloadAssembly
Symbol file LoadedFromMemory is not a mono symbol file
Symbol file LoadedFromMemory is not a mono symbol file
Refreshing native plugins compatible for Editor in 2.41 ms, found 5 plugins.
Native extension for WindowsStandalone target not found
Native extension for WebGL target not found
[Package Manager] Failed to launch server process. Reason: Unity was launched with the -noUpm command-line argument
[Package Manager] Unable to send message (not connected to server process).
[Package Manager] Cannot connect to Unity Package Manager local server
Refreshing native plugins compatible for Editor in 2.77 ms, found 5 plugins.
[Package Manager] Failed to launch server process. Reason: Unity was launched with the -noUpm command-line argument
[Package Manager] Unable to send message (not connected to server process).
[Package Manager] Cannot connect to Unity Package Manager local server
[Licensing::Client] Error: Code 404 while processing request (status: Found 0 entitlement groups and 0 free entitlements matching requested entitlement ids)
ScheduleIndexationOnStartup MainProcess:False IndexOnStartup:True
Mono: successfully reloaded assembly
- Finished resetting the current domain, in  1.787 seconds
Domain Reload Profiling: 2648ms
	BeginReloadAssembly (284ms)
		DisableScriptedObjects (9ms)
		CreateAndSetChildDomain (103ms)
	RebuildCommonClasses (9ms)
	RebuildNativeTypeToScriptingClass (15ms)
	initialDomainReloadingComplete (89ms)
	LoadAllAssembliesAndSetupDomain (463ms)
		LoadAssemblies (400ms)
		AnalyzeDomain (18ms)
			TypeCache.Refresh (9ms)
			ResolveRequiredComponents (5ms)
	FinalizeReload (1787ms)
		SetupLoadedEditorAssemblies (0ms)
			BeforeProcessingInitializeOnLoad (145ms)
			ProcessInitializeOnLoadAttributes (876ms)
			ProcessInitializeOnLoadMethodAttributes (480ms)
			AfterProcessingInitializeOnLoad (5ms)
		AwakeInstancesAfterBackupRestoration (28ms)
Refreshing native plugins compatible for Editor in 3.14 ms, found 5 plugins.
Unloading 65 Unused Serialized files (Serialized files now loaded: 0)
Unloading 10279 unused Assets / (22.0 MB). Loaded Objects now: 11445.
Memory consumption went from 0.57 GB to 0.55 GB.
Total: 31.211000 ms (FindLiveObjects: 1.476800 ms CreateObjectMapping: 5.991100 ms MarkObjects: 15.247500 ms  DeleteObjects: 8.494400 ms)

Prepare: number of updated asset objects reloaded= 0
========================================================================
Received Prepare
AcceleratorClientConnectionCallback - disconnected - :0
Refreshing native plugins compatible for Editor in 3.05 ms, found 5 plugins.
Unloading 65 Unused Serialized files (Serialized files now loaded: 0)
Unloading 10259 unused Assets / (20.2 MB). Loaded Objects now: 11445.
Memory consumption went from 0.57 GB to 0.55 GB.
Total: 25.258600 ms (FindLiveObjects: 0.942400 ms CreateObjectMapping: 4.236800 ms MarkObjects: 14.380100 ms  DeleteObjects: 5.698000 ms)

Prepare: number of updated asset objects reloaded= 0
========================================================================
Received Prepare
AcceleratorClientConnectionCallback - disconnected - :0
[Licensing::Client] Successfully resolved entitlement details
Begin MonoManager ReloadAssembly
Symbol file LoadedFromMemory is not a mono symbol file
Symbol file LoadedFromMemory is not a mono symbol file
Refreshing native plugins compatible for Editor in 2.55 ms, found 5 plugins.
Native extension for WindowsStandalone target not found
Native extension for WebGL target not found
[Package Manager] Failed to launch server process. Reason: Unity was launched with the -noUpm command-line argument
[Package Manager] Unable to send message (not connected to server process).
[Package Manager] Cannot connect to Unity Package Manager local server
Refreshing native plugins compatible for Editor in 2.64 ms, found 5 plugins.
[Package Manager] Failed to launch server process. Reason: Unity was launched with the -noUpm command-line argument
[Package Manager] Unable to send message (not connected to server process).
[Package Manager] Cannot connect to Unity Package Manager local server
[Licensing::Client] Error: Code 404 while processing request (status: Found 0 entitlement groups and 0 free entitlements matching requested entitlement ids)
ScheduleIndexationOnStartup MainProcess:False IndexOnStartup:True
Mono: successfully reloaded assembly
- Finished resetting the current domain, in  1.761 seconds
Domain Reload Profiling: 3011ms
	BeginReloadAssembly (301ms)
		DisableScriptedObjects (10ms)
		CreateAndSetChildDomain (105ms)
	RebuildCommonClasses (9ms)
	RebuildNativeTypeToScriptingClass (17ms)
	initialDomainReloadingComplete (97ms)
	LoadAllAssembliesAndSetupDomain (825ms)
		LoadAssemblies (420ms)
		AnalyzeDomain (354ms)
			TypeCache.Refresh (13ms)
			BuildScriptInfoCaches (334ms)
			ResolveRequiredComponents (5ms)
	FinalizeReload (1762ms)
		SetupLoadedEditorAssemblies (0ms)
			BeforeProcessingInitializeOnLoad (146ms)
			ProcessInitializeOnLoadAttributes (839ms)
			ProcessInitializeOnLoadMethodAttributes (477ms)
			AfterProcessingInitializeOnLoad (5ms)
		AwakeInstancesAfterBackupRestoration (27ms)
Refreshing native plugins compatible for Editor in 2.66 ms, found 5 plugins.
Unloading 65 Unused Serialized files (Serialized files now loaded: 0)
Unloading 10279 unused Assets / (20.7 MB). Loaded Objects now: 11448.
Memory consumption went from 0.58 GB to 0.56 GB.
Total: 24.985200 ms (FindLiveObjects: 1.067700 ms CreateObjectMapping: 4.885400 ms MarkObjects: 13.567000 ms  DeleteObjects: 5.463800 ms)

Prepare: number of updated asset objects reloaded= 0
========================================================================
Received Prepare
AcceleratorClientConnectionCallback - disconnected - :0
Begin MonoManager ReloadAssembly
Symbol file LoadedFromMemory is not a mono symbol file
Symbol file LoadedFromMemory is not a mono symbol file
Refreshing native plugins compatible for Editor in 2.56 ms, found 5 plugins.
Native extension for WindowsStandalone target not found
Native extension for WebGL target not found
[Package Manager] Failed to launch server process. Reason: Unity was launched with the -noUpm command-line argument
[Package Manager] Unable to send message (not connected to server process).
[Package Manager] Cannot connect to Unity Package Manager local server
Refreshing native plugins compatible for Editor in 3.19 ms, found 5 plugins.
[Package Manager] Failed to launch server process. Reason: Unity was launched with the -noUpm command-line argument
[Package Manager] Unable to send message (not connected to server process).
[Package Manager] Cannot connect to Unity Package Manager local server
[Licensing::Client] Error: Code 404 while processing request (status: Found 0 entitlement groups and 0 free entitlements matching requested entitlement ids)
ScheduleIndexationOnStartup MainProcess:False IndexOnStartup:True
Mono: successfully reloaded assembly
- Finished resetting the current domain, in  1.888 seconds
Domain Reload Profiling: 2744ms
	BeginReloadAssembly (274ms)
		DisableScriptedObjects (10ms)
		CreateAndSetChildDomain (99ms)
	RebuildCommonClasses (11ms)
	RebuildNativeTypeToScriptingClass (16ms)
	initialDomainReloadingComplete (93ms)
	LoadAllAssembliesAndSetupDomain (461ms)
		LoadAssemblies (395ms)
		AnalyzeDomain (19ms)
			TypeCache.Refresh (10ms)
			ResolveRequiredComponents (5ms)
	FinalizeReload (1890ms)
		SetupLoadedEditorAssemblies (0ms)
			BeforeProcessingInitializeOnLoad (134ms)
			ProcessInitializeOnLoadAttributes (883ms)
			ProcessInitializeOnLoadMethodAttributes (543ms)
			AfterProcessingInitializeOnLoad (7ms)
		AwakeInstancesAfterBackupRestoration (40ms)
Refreshing native plugins compatible for Editor in 3.20 ms, found 5 plugins.
Unloading 65 Unused Serialized files (Serialized files now loaded: 0)
Unloading 10279 unused Assets / (22.4 MB). Loaded Objects now: 11451.
Memory consumption went from 0.58 GB to 0.56 GB.
Total: 29.223000 ms (FindLiveObjects: 1.134700 ms CreateObjectMapping: 5.517700 ms MarkObjects: 15.005000 ms  DeleteObjects: 7.564600 ms)

Prepare: number of updated asset objects reloaded= 0
========================================================================
Received Prepare
AcceleratorClientConnectionCallback - disconnected - :0
Refreshing native plugins compatible for Editor in 3.52 ms, found 5 plugins.
Unloading 65 Unused Serialized files (Serialized files now loaded: 0)
Unloading 10259 unused Assets / (17.9 MB). Loaded Objects now: 11451.
Memory consumption went from 0.58 GB to 0.56 GB.
Total: 28.613100 ms (FindLiveObjects: 0.959100 ms CreateObjectMapping: 4.599200 ms MarkObjects: 18.631500 ms  DeleteObjects: 4.421100 ms)

Prepare: number of updated asset objects reloaded= 0
========================================================================
Received Prepare
AcceleratorClientConnectionCallback - disconnected - :0
Begin MonoManager ReloadAssembly
Symbol file LoadedFromMemory is not a mono symbol file
Symbol file LoadedFromMemory is not a mono symbol file
Refreshing native plugins compatible for Editor in 2.83 ms, found 5 plugins.
Native extension for WindowsStandalone target not found
Native extension for WebGL target not found
[Package Manager] Failed to launch server process. Reason: Unity was launched with the -noUpm command-line argument
[Package Manager] Unable to send message (not connected to server process).
[Package Manager] Cannot connect to Unity Package Manager local server
[Licensing::Client] Successfully resolved entitlement details
Refreshing native plugins compatible for Editor in 4.18 ms, found 5 plugins.
[Package Manager] Failed to launch server process. Reason: Unity was launched with the -noUpm command-line argument
[Package Manager] Unable to send message (not connected to server process).
[Package Manager] Cannot connect to Unity Package Manager local server
[Licensing::Client] Error: Code 404 while processing request (status: Found 0 entitlement groups and 0 free entitlements matching requested entitlement ids)
ScheduleIndexationOnStartup MainProcess:False IndexOnStartup:True
Mono: successfully reloaded assembly
- Finished resetting the current domain, in  2.076 seconds
Domain Reload Profiling: 3484ms
	BeginReloadAssembly (327ms)
		DisableScriptedObjects (12ms)
		CreateAndSetChildDomain (117ms)
	RebuildCommonClasses (16ms)
	RebuildNativeTypeToScriptingClass (17ms)
	initialDomainReloadingComplete (107ms)
	LoadAllAssembliesAndSetupDomain (940ms)
		LoadAssemblies (453ms)
		AnalyzeDomain (429ms)
			TypeCache.Refresh (17ms)
			BuildScriptInfoCaches (404ms)
			ResolveRequiredComponents (5ms)
	FinalizeReload (2077ms)
		SetupLoadedEditorAssemblies (0ms)
			InitializePlatformSupportModulesInManaged (3ms)
			BeforeProcessingInitializeOnLoad (170ms)
			ProcessInitializeOnLoadAttributes (1008ms)
			ProcessInitializeOnLoadMethodAttributes (564ms)
			AfterProcessingInitializeOnLoad (5ms)
		AwakeInstancesAfterBackupRestoration (25ms)
Refreshing native plugins compatible for Editor in 3.41 ms, found 5 plugins.
Unloading 65 Unused Serialized files (Serialized files now loaded: 0)
Unloading 10279 unused Assets / (19.1 MB). Loaded Objects now: 11454.
Memory consumption went from 0.58 GB to 0.57 GB.
Total: 30.782700 ms (FindLiveObjects: 1.171300 ms CreateObjectMapping: 5.123500 ms MarkObjects: 17.746300 ms  DeleteObjects: 6.740500 ms)

Prepare: number of updated asset objects reloaded= 0
========================================================================
Received Prepare
AcceleratorClientConnectionCallback - disconnected - :0
Begin MonoManager ReloadAssembly
Symbol file LoadedFromMemory is not a mono symbol file
Symbol file LoadedFromMemory is not a mono symbol file
Refreshing native plugins compatible for Editor in 2.74 ms, found 5 plugins.
Native extension for WindowsStandalone target not found
Native extension for WebGL target not found
[Package Manager] Failed to launch server process. Reason: Unity was launched with the -noUpm command-line argument
[Package Manager] Unable to send message (not connected to server process).
[Package Manager] Cannot connect to Unity Package Manager local server
Refreshing native plugins compatible for Editor in 2.55 ms, found 5 plugins.
[Package Manager] Failed to launch server process. Reason: Unity was launched with the -noUpm command-line argument
[Package Manager] Unable to send message (not connected to server process).
[Package Manager] Cannot connect to Unity Package Manager local server
[Licensing::Client] Error: Code 404 while processing request (status: Found 0 entitlement groups and 0 free entitlements matching requested entitlement ids)
ScheduleIndexationOnStartup MainProcess:False IndexOnStartup:True
Mono: successfully reloaded assembly
- Finished resetting the current domain, in  1.837 seconds
Domain Reload Profiling: 2690ms
	BeginReloadAssembly (272ms)
		DisableScriptedObjects (9ms)
		CreateAndSetChildDomain (100ms)
	RebuildCommonClasses (9ms)
	RebuildNativeTypeToScriptingClass (15ms)
	initialDomainReloadingComplete (86ms)
	LoadAllAssembliesAndSetupDomain (470ms)
		LoadAssemblies (402ms)
		AnalyzeDomain (19ms)
			TypeCache.Refresh (10ms)
			ResolveRequiredComponents (5ms)
	FinalizeReload (1838ms)
		SetupLoadedEditorAssemblies (0ms)
			BeforeProcessingInitializeOnLoad (136ms)
			ProcessInitializeOnLoadAttributes (861ms)
			ProcessInitializeOnLoadMethodAttributes (524ms)
			AfterProcessingInitializeOnLoad (6ms)
		AwakeInstancesAfterBackupRestoration (37ms)
Refreshing native plugins compatible for Editor in 2.84 ms, found 5 plugins.
Unloading 65 Unused Serialized files (Serialized files now loaded: 0)
Unloading 10279 unused Assets / (19.8 MB). Loaded Objects now: 11457.
Memory consumption went from 0.59 GB to 0.57 GB.
Total: 28.943200 ms (FindLiveObjects: 1.087100 ms CreateObjectMapping: 5.568600 ms MarkObjects: 15.672500 ms  DeleteObjects: 6.613700 ms)

Prepare: number of updated asset objects reloaded= 0
========================================================================
Received Prepare
AcceleratorClientConnectionCallback - disconnected - :0
Refreshing native plugins compatible for Editor in 2.89 ms, found 5 plugins.
Unloading 65 Unused Serialized files (Serialized files now loaded: 0)
Unloading 65 unused Assets / (13.7 MB). Loaded Objects now: 11457.
Memory consumption went from 0.58 GB to 0.57 GB.
Total: 17.845600 ms (FindLiveObjects: 0.512200 ms CreateObjectMapping: 1.784800 ms MarkObjects: 13.956400 ms  DeleteObjects: 1.590700 ms)

Prepare: number of updated asset objects reloaded= 0
Editor requested this worker to shutdown with reason: Editor is closing down
AcceleratorClientConnectionCallback - disconnected - :0
AssetImportWorker is now disconnected from the server
Process exiting
Exiting without the bug reporter. Application will terminate with return code 0