[Licensing::Module] Trying to connect to existing licensing client channel...
[Licensing::IpcConnector] Successfully connected to: "LicenseClient-Len" at "2026-08-29T04:25:10.8106806Z"
Built from '6000.5/staging' branch; Version is '6000.5.8f1 (5cb7df797b7d) revision 6076383'; Using compiler version '194234433'; Build Type 'Release'
OS: 'Windows 11  (10.0.26200) Core' Language: 'en' Physical Memory: 32632 MB
BatchMode: 1, IsHumanControllingUs: 0, StartBugReporterOnCrash: 0, Is64bit: 1
System  architecture: x64
Process architecture: x64
Date: 2026-08-29T04:25:10Z

COMMAND LINE ARGUMENTS:
C:\Program Files\Unity\Hub\Editor\6000.5.8f1\Editor\Unity.exe
-adb2
-batchMode
-noUpm
-name
AssetImportWorkerHW1
-projectPath
C:/Users/Len/Lenomation_V3
-logFile
Logs/AssetImportWorkerHW1.log
-srvPort
55946
-parentPid
30864
-analyticsCloudUserId
6500056
-analyticsCloudProjectId
0956883a-88ea-49b2-bde1-fe810ba60755
-analyticsLocalProjectId
a56d578cae808794b840954f198d8c38
-editorAnalyticsEnabled
1
-cbmEditorLicense
a6b17b70c364649abcf2a12ba2e16345950779f9
-cbmMachineId
YsBmvqtNExQjYkfo7ZFy7ZTOaSw=
-licensingIpc
LicenseClient-Len
-noDiagnosticSwitchPersistentStore
-job-worker-count
7
-background-job-worker-count
8
-asset-garbage-collectors
1
-force-d3d12
-name
AssetImport
Successfully changed project path to: C:/Users/Len/Lenomation_V3
C:/Users/Len/Lenomation_V3
[UnityMemory] Configuration Parameters - Can be set up in boot.config
    "memorysetup-temp-allocator-size-gi-baking-worker=262144"
    "memorysetup-temp-allocator-size-gi-baking-worker=262144"
    "memorysetup-temp-allocator-size-gi-baking-worker=262144"
    "memorysetup-temp-allocator-size-gi-baking-worker=262144"
    "memorysetup-temp-allocator-size-gi-baking-worker=262144"
    "memorysetup-temp-allocator-size-nav-mesh-worker=65536"
    "memorysetup-temp-allocator-size-audio-worker=65536"
    "memorysetup-temp-allocator-size-cloud-worker=32768"
    "memorysetup-temp-allocator-size-gfx=262144"
    "memorysetup-temp-allocator-size-preload-manager=33554432"
    "memorysetup-allocator-temp-initial-block-size-main=262144"
    "memorysetup-allocator-temp-initial-block-size-worker=262144"
    "memorysetup-temp-allocator-size-job-worker=262144"
    "memorysetup-temp-allocator-size-background-worker=32768"
    "memorysetup-bucket-allocator-granularity=16"
    "memorysetup-bucket-allocator-bucket-count=8"
    "memorysetup-bucket-allocator-block-size=33554432"
    "memorysetup-bucket-allocator-block-count=8"
    "memorysetup-main-allocator-block-size=16777216"
    "memorysetup-thread-allocator-block-size=16777216"
    "memorysetup-main-allocator-mimalloc-enabled=0"
    "memorysetup-gfx-main-allocator-block-size=16777216"
    "memorysetup-gfx-thread-allocator-block-size=16777216"
    "memorysetup-cache-allocator-block-size=4194304"
    "memorysetup-typetree-allocator-block-size=2097152"
    "memorysetup-profiler-bucket-allocator-granularity=16"
    "memorysetup-profiler-bucket-allocator-bucket-count=8"
    "memorysetup-profiler-bucket-allocator-block-size=33554432"
    "memorysetup-profiler-bucket-allocator-block-count=8"
    "memorysetup-profiler-allocator-block-size=16777216"
    "memorysetup-profiler-editor-allocator-block-size=1048576"
    "memorysetup-temp-allocator-size-main=16777216"
    "memorysetup-job-temp-allocator-block-size=2097152"
    "memorysetup-job-temp-allocator-block-size-background=1048576"
    "memorysetup-job-temp-allocator-reduction-small-platforms=262144"
Player connection [25524]  Target information:

Player connection [25524]  * "[IP] 192.168.1.149 [Port] 0 [Flags] 2 [Guid] 1002262637 [EditorId] 1002262637 [Version] 1048832 [Id] WindowsEditor(7,LenPC) [Debug] 1 [PackageName] WindowsEditor [ProjectName] Editor" 

Player connection [25524] Host joined multi-casting on [225.0.0.222:54997]...
Player connection [25524] Host joined alternative multi-casting on [225.0.0.222:34997]...
JobSystem: Creating JobQueue using job-worker-count value 7
Input System module state changed to: Initialized.
[Physics::Module] Initialized fallback backend.
[Physics::Module] Id: 0xdecafbad
Library Redirect Path: Library/
[Physics::Module] Selected backend.
[Physics::Module] Name: PhysX
[Physics::Module] Id: 0xf2b8ea05
[Physics::Module] SDK Version: 4.1.2
[Physics::Module] Integration Version: 1.0.0
[Physics::Module] Threading Mode: Multi-Threaded
Refreshing native plugins compatible for Editor in 4.87 ms, found 5 plugins.
Initialize engine version: 6000.5.8f1 (5cb7df797b7d)
[Subsystems] Discovering subsystems at path C:/Program Files/Unity/Hub/Editor/6000.5.8f1/Editor/Data/Resources/UnitySubsystems
[Subsystems] Discovering subsystems at path C:/Users/Len/Lenomation_V3/Assets
Forcing GfxDevice: Direct3D 12
GfxDevice: creating device client; kGfxThreadingModeNonThreaded
d3d12: failed to query info queue interface (0x80004002).
Direct3D:
    Version:         Direct3D 12 [level 12.2]
    Renderer:        NVIDIA GeForce RTX 3080 Ti (ID=0x2208)
    Vendor:          NVIDIA
    VRAM:            12086 MB
    App VRAM Budget: 11318 MB
    Driver:          32.0.16.1656
Initialize mono
Mono path[0] = 'C:/Program Files/Unity/Hub/Editor/6000.5.8f1/Editor/Data/Managed'
Mono path[1] = 'C:/Program Files/Unity/Hub/Editor/6000.5.8f1/Editor/Data/BCLExtensions/runtime/netstandard2.1'
Mono path[2] = 'C:/Program Files/Unity/Hub/Editor/6000.5.8f1/Editor/Data/MonoBleedingEdge/lib/mono/unityjit-win32'
Mono config path = 'C:/Program Files/Unity/Hub/Editor/6000.5.8f1/Editor/Data/MonoBleedingEdge/etc'
Using monoOptions --debugger-agent=transport=dt_socket,embedding=1,server=y,suspend=n,address=127.0.0.1:56732
CodeReloadManager initialized
Begin MonoManager ReloadAssembly
Registering precompiled unity dll's ...
Register platform support module: C:/Program Files/Unity/Hub/Editor/6000.5.8f1/Editor/Data/PlaybackEngines/WebGLSupport/UnityEditor.WebGL.Extensions.dll
Register platform support module: C:/Program Files/Unity/Hub/Editor/6000.5.8f1/Editor/Data/PlaybackEngines/WindowsStandaloneSupport/UnityEditor.WindowsStandalone.Extensions.dll
Registered in 0.001668 seconds.
[Licensing::Client] Error: HandshakeResponse reported an error:
	ResponseCode: 505
	ResponseStatus: Unsupported protocol version '1.18.1'.
[Licensing::Module] Error: Failed to handshake to channel: "LicenseClient-Len"
[Licensing::IpcConnector] LicenseClient-Len channel disconnected successfully.
[Licensing::IpcConnector] Successfully connected to: "LicenseClient-Len-6000.5.8" at "2026-08-29T04:25:11.9526458Z"
[Licensing::Client] Code 10 while verifying Licensing Client signature (process Id: 18936, path: "C:/Program Files/Unity/Hub/Editor/6000.5.8f1/Editor/Data/Resources/Licensing/Client/Unity.Licensing.Client.exe")
[Licensing::Module] LicensingClient has failed validation; ignoring
[Licensing::Client] Handshaking with LicensingClient:
  Version:                 1.18.1+9fbee8e
  Session Id:              39d90c1fed824abebadb487b9caa422c
  Correlation Id:          ea7155844b0a52533f2c935c4ebdb778
  External correlation Id: 4967398455563368535
  Machine Id:              YsBmvqtNExQjYkfo7ZFy7ZTOaSw=
[Licensing::Module] Successfully connected to LicensingClient on channel: "LicenseClient-Len-6000.5.8" (connect: 0.00s, validation: 0.00s, handshake: 0.01s)
[Licensing::IpcConnector] Successfully connected to: "LicenseClient-Len-6000.5.8-notifications" at "2026-08-29T04:25:11.9593692Z"
[Licensing::Module] Licensing Background thread has ended after 1.15s
Native extension for WindowsStandalone target not found
Native extension for WebGL target not found
Package Manager log level set to [2]
[Package Manager] Failed to launch server process. Reason: Unity was launched with the -noUpm command-line argument
[Package Manager] Unable to send message (not connected to server process).
[Package Manager] Cannot connect to Unity Package Manager local server
ScheduleIndexationOnStartup MainProcess:False IndexOnStartup:True
Mono: successfully reloaded assembly
- Finished resetting the current domain, in  0.559 seconds
Domain Reload Profiling: 1139ms
	BeginReloadAssembly (129ms)
	RebuildCommonClasses (5ms)
	RebuildNativeTypeToScriptingClass (20ms)
	initialDomainReloadingComplete (77ms)
	LoadAllAssembliesAndSetupDomain (348ms)
		LoadAssemblies (126ms)
		AnalyzeDomain (259ms)
			TypeCache.Refresh (258ms)
				TypeCache.ScanAssembly (237ms)
	FinalizeReload (560ms)
		SetupLoadedEditorAssemblies (0ms)
			InitializePlatformSupportModulesInManaged (3ms)
			BeforeProcessingInitializeOnLoad (100ms)
			ProcessInitializeOnLoadAttributes (118ms)
			ProcessInitializeOnLoadMethodAttributes (239ms)
Initializing Unity extensions:
[Licensing::Client] Successfully resolved entitlement details
[Licensing::Module] License group:
  Id: 6500056-UnityPersXXXX
  Product: Unity Personal
  Type: Assigned
  Expiration: Unlimited
Curl error 3: URL rejected: Malformed input to a URL function
========================================================================
Worker process is ready to serve import requests
Import Worker Mode flag is 0x00
Begin MonoManager ReloadAssembly
Symbol file LoadedFromMemory is not a mono symbol file
Symbol file LoadedFromMemory is not a mono symbol file
Refreshing native plugins compatible for Editor in 2.15 ms, found 5 plugins.
Native extension for WindowsStandalone target not found
Native extension for WebGL target not found
[Package Manager] Failed to launch server process. Reason: Unity was launched with the -noUpm command-line argument
[Package Manager] Unable to send message (not connected to server process).
[Package Manager] Cannot connect to Unity Package Manager local server
Refreshing native plugins compatible for Editor in 2.40 ms, found 5 plugins.
Refreshing native plugins compatible for Editor in 2.92 ms, found 5 plugins.
[Package Manager] Failed to launch server process. Reason: Unity was launched with the -noUpm command-line argument
[Package Manager] Unable to send message (not connected to server process).
[Package Manager] Cannot connect to Unity Package Manager local server
[Licensing::Client] Error: Code 404 while processing request (status: Found 0 entitlement groups and 0 free entitlements matching requested entitlement ids)
ScheduleIndexationOnStartup MainProcess:False IndexOnStartup:True
Mono: successfully reloaded assembly
- Finished resetting the current domain, in  1.944 seconds
Domain Reload Profiling: 3388ms
	BeginReloadAssembly (248ms)
		DisableScriptedObjects (33ms)
		CreateAndSetChildDomain (34ms)
	RebuildCommonClasses (10ms)
	RebuildNativeTypeToScriptingClass (19ms)
	initialDomainReloadingComplete (108ms)
	LoadAllAssembliesAndSetupDomain (1058ms)
		LoadAssemblies (468ms)
		AnalyzeDomain (561ms)
			TypeCache.Refresh (452ms)
				TypeCache.ScanAssembly (422ms)
			BuildScriptInfoCaches (102ms)
			ResolveRequiredComponents (5ms)
	FinalizeReload (1945ms)
		SetupLoadedEditorAssemblies (0ms)
			BeforeProcessingInitializeOnLoad (137ms)
			ProcessInitializeOnLoadAttributes (1117ms)
			ProcessInitializeOnLoadMethodAttributes (411ms)
			AfterProcessingInitializeOnLoad (4ms)
		AwakeInstancesAfterBackupRestoration (8ms)
AcceleratorClientConnectionCallback - disconnected - :0
Launched and connected shader compiler UnityShaderCompiler.exe after 0.01 seconds
Refreshing native plugins compatible for Editor in 2.48 ms, found 5 plugins.
Unloading 65 Unused Serialized files (Serialized files now loaded: 0)
Curl error 3: URL rejected: Malformed input to a URL function
Unloading 10289 unused Assets / (22.2 MB). Loaded Objects now: 11270.
Memory consumption went from 487.8 MB to 465.6 MB.
Total: 23.997300 ms (FindLiveObjects: 1.545900 ms CreateObjectMapping: 4.195300 ms MarkObjects: 13.700400 ms  DeleteObjects: 4.553000 ms)

========================================================================
Received Prepare
AcceleratorClientConnectionCallback - disconnected - :0
[Licensing::Client] Successfully resolved entitlement details
Begin MonoManager ReloadAssembly
Symbol file LoadedFromMemory is not a mono symbol file
Symbol file LoadedFromMemory is not a mono symbol file
Refreshing native plugins compatible for Editor in 2.35 ms, found 5 plugins.
Native extension for WindowsStandalone target not found
Native extension for WebGL target not found
[Package Manager] Failed to launch server process. Reason: Unity was launched with the -noUpm command-line argument
[Package Manager] Unable to send message (not connected to server process).
[Package Manager] Cannot connect to Unity Package Manager local server
Refreshing native plugins compatible for Editor in 2.49 ms, found 5 plugins.
[Package Manager] Failed to launch server process. Reason: Unity was launched with the -noUpm command-line argument
[Package Manager] Unable to send message (not connected to server process).
[Package Manager] Cannot connect to Unity Package Manager local server
[Licensing::Client] Error: Code 404 while processing request (status: Found 0 entitlement groups and 0 free entitlements matching requested entitlement ids)
ScheduleIndexationOnStartup MainProcess:False IndexOnStartup:True
Mono: successfully reloaded assembly
- Finished resetting the current domain, in  1.693 seconds
Domain Reload Profiling: 2489ms
	BeginReloadAssembly (254ms)
		DisableScriptedObjects (9ms)
		CreateAndSetChildDomain (87ms)
	RebuildCommonClasses (9ms)
	RebuildNativeTypeToScriptingClass (14ms)
	initialDomainReloadingComplete (90ms)
	LoadAllAssembliesAndSetupDomain (428ms)
		LoadAssemblies (358ms)
		AnalyzeDomain (19ms)
			TypeCache.Refresh (10ms)
			ResolveRequiredComponents (5ms)
	FinalizeReload (1694ms)
		SetupLoadedEditorAssemblies (0ms)
			BeforeProcessingInitializeOnLoad (122ms)
			ProcessInitializeOnLoadAttributes (748ms)
			ProcessInitializeOnLoadMethodAttributes (465ms)
			AfterProcessingInitializeOnLoad (7ms)
		AwakeInstancesAfterBackupRestoration (23ms)
Refreshing native plugins compatible for Editor in 2.91 ms, found 5 plugins.
Unloading 65 Unused Serialized files (Serialized files now loaded: 0)
Unloading 10285 unused Assets / (21.9 MB). Loaded Objects now: 11314.
Memory consumption went from 470.8 MB to 449.0 MB.
Total: 23.899600 ms (FindLiveObjects: 0.892200 ms CreateObjectMapping: 4.900400 ms MarkObjects: 13.321700 ms  DeleteObjects: 4.783900 ms)

Prepare: number of updated asset objects reloaded= 0
========================================================================
Received Prepare
AcceleratorClientConnectionCallback - disconnected - :0
Refreshing native plugins compatible for Editor in 2.90 ms, found 5 plugins.
Unloading 65 Unused Serialized files (Serialized files now loaded: 0)
Unloading 10266 unused Assets / (21.4 MB). Loaded Objects now: 11315.
Memory consumption went from 473.3 MB to 451.8 MB.
Total: 27.844500 ms (FindLiveObjects: 1.048000 ms CreateObjectMapping: 4.675400 ms MarkObjects: 16.689500 ms  DeleteObjects: 5.430200 ms)

Prepare: number of updated asset objects reloaded= 0
========================================================================
Received Prepare
AcceleratorClientConnectionCallback - disconnected - :0
[Licensing::Client] Successfully resolved entitlement details
Begin MonoManager ReloadAssembly
Symbol file LoadedFromMemory is not a mono symbol file
Symbol file LoadedFromMemory is not a mono symbol file
Refreshing native plugins compatible for Editor in 2.61 ms, found 5 plugins.
Native extension for WindowsStandalone target not found
Native extension for WebGL target not found
[Package Manager] Failed to launch server process. Reason: Unity was launched with the -noUpm command-line argument
[Package Manager] Unable to send message (not connected to server process).
[Package Manager] Cannot connect to Unity Package Manager local server
Refreshing native plugins compatible for Editor in 4.38 ms, found 5 plugins.
[Package Manager] Failed to launch server process. Reason: Unity was launched with the -noUpm command-line argument
[Package Manager] Unable to send message (not connected to server process).
[Package Manager] Cannot connect to Unity Package Manager local server
[Licensing::Client] Error: Code 404 while processing request (status: Found 0 entitlement groups and 0 free entitlements matching requested entitlement ids)
ScheduleIndexationOnStartup MainProcess:False IndexOnStartup:True
Mono: successfully reloaded assembly
- Finished resetting the current domain, in  2.846 seconds
Domain Reload Profiling: 4377ms
	BeginReloadAssembly (341ms)
		DisableScriptedObjects (10ms)
		CreateAndSetChildDomain (114ms)
	RebuildCommonClasses (11ms)
	RebuildNativeTypeToScriptingClass (22ms)
	initialDomainReloadingComplete (108ms)
	LoadAllAssembliesAndSetupDomain (1048ms)
		LoadAssemblies (515ms)
		AnalyzeDomain (448ms)
			TypeCache.Refresh (14ms)
			BuildScriptInfoCaches (425ms)
			ResolveRequiredComponents (6ms)
	FinalizeReload (2848ms)
		SetupLoadedEditorAssemblies (0ms)
			InitializePlatformSupportModulesInManaged (3ms)
			BeforeProcessingInitializeOnLoad (210ms)
			ProcessInitializeOnLoadAttributes (996ms)
			ProcessInitializeOnLoadMethodAttributes (1126ms)
			AfterProcessingInitializeOnLoad (30ms)
		AwakeInstancesAfterBackupRestoration (90ms)
Refreshing native plugins compatible for Editor in 5.26 ms, found 5 plugins.
Unloading 65 Unused Serialized files (Serialized files now loaded: 0)
Unloading 10286 unused Assets / (24.8 MB). Loaded Objects now: 11318.
Memory consumption went from 490.5 MB to 465.7 MB.
Total: 61.589400 ms (FindLiveObjects: 3.399100 ms CreateObjectMapping: 9.917100 ms MarkObjects: 30.417000 ms  DeleteObjects: 17.852400 ms)

Prepare: number of updated asset objects reloaded= 0
========================================================================
Received Prepare
AcceleratorClientConnectionCallback - disconnected - :0
Refreshing native plugins compatible for Editor in 4.11 ms, found 5 plugins.
Unloading 65 Unused Serialized files (Serialized files now loaded: 0)
Unloading 10266 unused Assets / (21.5 MB). Loaded Objects now: 11318.
Memory consumption went from 492.9 MB to 471.3 MB.
Total: 32.152500 ms (FindLiveObjects: 1.146800 ms CreateObjectMapping: 5.070300 ms MarkObjects: 18.758800 ms  DeleteObjects: 7.174700 ms)

Prepare: number of updated asset objects reloaded= 0
========================================================================
Received Prepare
AcceleratorClientConnectionCallback - disconnected - :0
Begin MonoManager ReloadAssembly
Symbol file LoadedFromMemory is not a mono symbol file
Symbol file LoadedFromMemory is not a mono symbol file
Refreshing native plugins compatible for Editor in 2.81 ms, found 5 plugins.
Native extension for WindowsStandalone target not found
Native extension for WebGL target not found
[Package Manager] Failed to launch server process. Reason: Unity was launched with the -noUpm command-line argument
[Package Manager] Unable to send message (not connected to server process).
[Package Manager] Cannot connect to Unity Package Manager local server
Refreshing native plugins compatible for Editor in 3.38 ms, found 5 plugins.
[Package Manager] Failed to launch server process. Reason: Unity was launched with the -noUpm command-line argument
[Package Manager] Unable to send message (not connected to server process).
[Package Manager] Cannot connect to Unity Package Manager local server
[Licensing::Client] Error: Code 404 while processing request (status: Found 0 entitlement groups and 0 free entitlements matching requested entitlement ids)
ScheduleIndexationOnStartup MainProcess:False IndexOnStartup:True
Mono: successfully reloaded assembly
- Finished resetting the current domain, in  1.936 seconds
Domain Reload Profiling: 3381ms
	BeginReloadAssembly (348ms)
		DisableScriptedObjects (13ms)
		CreateAndSetChildDomain (121ms)
	RebuildCommonClasses (11ms)
	RebuildNativeTypeToScriptingClass (26ms)
	initialDomainReloadingComplete (111ms)
	LoadAllAssembliesAndSetupDomain (947ms)
		LoadAssemblies (466ms)
		AnalyzeDomain (433ms)
			TypeCache.Refresh (16ms)
			BuildScriptInfoCaches (410ms)
			ResolveRequiredComponents (6ms)
	FinalizeReload (1937ms)
		SetupLoadedEditorAssemblies (0ms)
			BeforeProcessingInitializeOnLoad (160ms)
			ProcessInitializeOnLoadAttributes (910ms)
			ProcessInitializeOnLoadMethodAttributes (527ms)
			AfterProcessingInitializeOnLoad (7ms)
		AwakeInstancesAfterBackupRestoration (31ms)
Refreshing native plugins compatible for Editor in 2.90 ms, found 5 plugins.
Unloading 65 Unused Serialized files (Serialized files now loaded: 0)
Unloading 10286 unused Assets / (20.2 MB). Loaded Objects now: 11321.
Memory consumption went from 499.9 MB to 479.7 MB.
Total: 28.681900 ms (FindLiveObjects: 1.010900 ms CreateObjectMapping: 4.549000 ms MarkObjects: 15.054600 ms  DeleteObjects: 8.066000 ms)

Prepare: number of updated asset objects reloaded= 0
========================================================================
Received Prepare
AcceleratorClientConnectionCallback - disconnected - :0
Refreshing native plugins compatible for Editor in 2.44 ms, found 5 plugins.
Unloading 65 Unused Serialized files (Serialized files now loaded: 0)
Unloading 10267 unused Assets / (21.0 MB). Loaded Objects now: 11322.
Memory consumption went from 502.3 MB to 481.3 MB.
Total: 24.252800 ms (FindLiveObjects: 0.945200 ms CreateObjectMapping: 4.469800 ms MarkObjects: 13.699600 ms  DeleteObjects: 5.136800 ms)

Prepare: number of updated asset objects reloaded= 0
========================================================================
Received Prepare
AcceleratorClientConnectionCallback - disconnected - :0
[Licensing::Client] Successfully resolved entitlement details
Begin MonoManager ReloadAssembly
Symbol file LoadedFromMemory is not a mono symbol file
Symbol file LoadedFromMemory is not a mono symbol file
Refreshing native plugins compatible for Editor in 2.21 ms, found 5 plugins.
Native extension for WindowsStandalone target not found
Native extension for WebGL target not found
[Package Manager] Failed to launch server process. Reason: Unity was launched with the -noUpm command-line argument
[Package Manager] Unable to send message (not connected to server process).
[Package Manager] Cannot connect to Unity Package Manager local server
Refreshing native plugins compatible for Editor in 3.16 ms, found 5 plugins.
[Package Manager] Failed to launch server process. Reason: Unity was launched with the -noUpm command-line argument
[Package Manager] Unable to send message (not connected to server process).
[Package Manager] Cannot connect to Unity Package Manager local server
[Licensing::Client] Error: Code 404 while processing request (status: Found 0 entitlement groups and 0 free entitlements matching requested entitlement ids)
ScheduleIndexationOnStartup MainProcess:False IndexOnStartup:True
Mono: successfully reloaded assembly
- Finished resetting the current domain, in  2.122 seconds
Domain Reload Profiling: 3625ms
	BeginReloadAssembly (388ms)
		DisableScriptedObjects (37ms)
		CreateAndSetChildDomain (126ms)
	RebuildCommonClasses (18ms)
	RebuildNativeTypeToScriptingClass (22ms)
	initialDomainReloadingComplete (127ms)
	LoadAllAssembliesAndSetupDomain (947ms)
		LoadAssemblies (525ms)
		AnalyzeDomain (385ms)
			TypeCache.Refresh (15ms)
			BuildScriptInfoCaches (362ms)
			ResolveRequiredComponents (5ms)
	FinalizeReload (2124ms)
		SetupLoadedEditorAssemblies (0ms)
			BeforeProcessingInitializeOnLoad (176ms)
			ProcessInitializeOnLoadAttributes (1018ms)
			ProcessInitializeOnLoadMethodAttributes (587ms)
			AfterProcessingInitializeOnLoad (9ms)
		AwakeInstancesAfterBackupRestoration (30ms)
Refreshing native plugins compatible for Editor in 3.54 ms, found 5 plugins.
Unloading 65 Unused Serialized files (Serialized files now loaded: 0)
Unloading 10287 unused Assets / (20.3 MB). Loaded Objects now: 11325.
Memory consumption went from 507.5 MB to 487.2 MB.
Total: 27.376800 ms (FindLiveObjects: 1.161100 ms CreateObjectMapping: 5.126800 ms MarkObjects: 15.381200 ms  DeleteObjects: 5.706600 ms)

Prepare: number of updated asset objects reloaded= 0
========================================================================
Received Import Request.
  Time of request: 2026-08-29T04:31:25.3139783Z
  Time since last request: 72235.19850100000622 seconds.
  importAddress: GUID: cf7ef7446ccc3644f9779235153d23db - Path: Assets/Scripts/Logistics/Container.cs - Importer: PreviewImporter
Importing 'GUID: cf7ef7446ccc3644f9779235153d23db - Path: Assets/Scripts/Logistics/Container.cs - Importer: PreviewImporter' with importer (PreviewImporter)
Imported 'GUID: cf7ef7446ccc3644f9779235153d23db' -> (Import Result ID: '00000000000000000000000000000000') in 0.006 seconds
Import Error Code:(4)
Message: Build asset version error: assets/scripts/logistics/container.cs in SourceAssetDB has modification time of '2026-08-29T04:31:09.9799258Z' while content on disk has modification time of '2026-08-29T04:31:20.73Z'
  ERROR: Build asset version error: assets/scripts/logistics/container.cs in SourceAssetDB has modification time of '2026-08-29T04:31:09.9799258Z' while content on disk has modification time of '2026-08-29T04:31:20.73Z'
Number of updated asset objects reloaded before import = 0
Number of asset objects unloaded after import = 0
========================================================================
Received Import Request.
  Time of request: 2026-08-29T04:31:25.3376862Z
  Time since last request: 0.0034581 seconds.
  importAddress: GUID: cf7ef7446ccc3644f9779235153d23db - Path: Assets/Scripts/Logistics/Container.cs - Importer: PreviewImporter
Importing 'GUID: cf7ef7446ccc3644f9779235153d23db - Path: Assets/Scripts/Logistics/Container.cs - Importer: PreviewImporter' with importer (PreviewImporter)
Imported 'GUID: cf7ef7446ccc3644f9779235153d23db' -> (Import Result ID: '00000000000000000000000000000000') in 0.011 seconds
Import Error Code:(4)
Message: Build asset version error: assets/scripts/logistics/container.cs in SourceAssetDB has modification time of '2026-08-29T04:31:09.9799258Z' while content on disk has modification time of '2026-08-29T04:31:20.73Z'
  ERROR: Build asset version error: assets/scripts/logistics/container.cs in SourceAssetDB has modification time of '2026-08-29T04:31:09.9799258Z' while content on disk has modification time of '2026-08-29T04:31:20.73Z'
Number of updated asset objects reloaded before import = 0
Number of asset objects unloaded after import = 0
========================================================================
Received Import Request.
  Time of request: 2026-08-29T04:31:25.3689768Z
  Time since last request: 0.0062426 seconds.
  importAddress: GUID: cf7ef7446ccc3644f9779235153d23db - Path: Assets/Scripts/Logistics/Container.cs - Importer: PreviewImporter
Importing 'GUID: cf7ef7446ccc3644f9779235153d23db - Path: Assets/Scripts/Logistics/Container.cs - Importer: PreviewImporter' with importer (PreviewImporter)
Imported 'GUID: cf7ef7446ccc3644f9779235153d23db' -> (Import Result ID: '00000000000000000000000000000000') in 0.001 seconds
Import Error Code:(4)
Message: Build asset version error: assets/scripts/logistics/container.cs in SourceAssetDB has modification time of '2026-08-29T04:31:09.9799258Z' while content on disk has modification time of '2026-08-29T04:31:20.73Z'
  ERROR: Build asset version error: assets/scripts/logistics/container.cs in SourceAssetDB has modification time of '2026-08-29T04:31:09.9799258Z' while content on disk has modification time of '2026-08-29T04:31:20.73Z'
Number of updated asset objects reloaded before import = 0
Number of asset objects unloaded after import = 0
========================================================================
Received Import Request.
  Time of request: 2026-08-29T04:31:25.3852714Z
  Time since last request: 0.0023249 seconds.
  importAddress: GUID: cf7ef7446ccc3644f9779235153d23db - Path: Assets/Scripts/Logistics/Container.cs - Importer: PreviewImporter
Importing 'GUID: cf7ef7446ccc3644f9779235153d23db - Path: Assets/Scripts/Logistics/Container.cs - Importer: PreviewImporter' with importer (PreviewImporter)
Imported 'GUID: cf7ef7446ccc3644f9779235153d23db' -> (Import Result ID: '00000000000000000000000000000000') in 0.000 seconds
Import Error Code:(4)
Message: Build asset version error: assets/scripts/logistics/container.cs in SourceAssetDB has modification time of '2026-08-29T04:31:09.9799258Z' while content on disk has modification time of '2026-08-29T04:31:20.73Z'
  ERROR: Build asset version error: assets/scripts/logistics/container.cs in SourceAssetDB has modification time of '2026-08-29T04:31:09.9799258Z' while content on disk has modification time of '2026-08-29T04:31:20.73Z'
Number of updated asset objects reloaded before import = 0
Number of asset objects unloaded after import = 0
========================================================================
Received Prepare
AcceleratorClientConnectionCallback - disconnected - :0
Begin MonoManager ReloadAssembly
Symbol file LoadedFromMemory is not a mono symbol file
Symbol file LoadedFromMemory is not a mono symbol file
Refreshing native plugins compatible for Editor in 2.59 ms, found 5 plugins.
Native extension for WindowsStandalone target not found
Native extension for WebGL target not found
[Package Manager] Failed to launch server process. Reason: Unity was launched with the -noUpm command-line argument
[Package Manager] Unable to send message (not connected to server process).
[Package Manager] Cannot connect to Unity Package Manager local server
Refreshing native plugins compatible for Editor in 3.08 ms, found 5 plugins.
[Package Manager] Failed to launch server process. Reason: Unity was launched with the -noUpm command-line argument
[Package Manager] Unable to send message (not connected to server process).
[Package Manager] Cannot connect to Unity Package Manager local server
[Licensing::Client] Error: Code 404 while processing request (status: Found 0 entitlement groups and 0 free entitlements matching requested entitlement ids)
ScheduleIndexationOnStartup MainProcess:False IndexOnStartup:True
Mono: successfully reloaded assembly
- Finished resetting the current domain, in  1.702 seconds
Domain Reload Profiling: 2863ms
	BeginReloadAssembly (271ms)
		DisableScriptedObjects (9ms)
		CreateAndSetChildDomain (103ms)
	RebuildCommonClasses (13ms)
	RebuildNativeTypeToScriptingClass (19ms)
	initialDomainReloadingComplete (92ms)
	LoadAllAssembliesAndSetupDomain (765ms)
		LoadAssemblies (372ms)
		AnalyzeDomain (334ms)
			TypeCache.Refresh (13ms)
			BuildScriptInfoCaches (313ms)
			ResolveRequiredComponents (6ms)
	FinalizeReload (1703ms)
		SetupLoadedEditorAssemblies (0ms)
			BeforeProcessingInitializeOnLoad (157ms)
			ProcessInitializeOnLoadAttributes (799ms)
			ProcessInitializeOnLoadMethodAttributes (467ms)
			AfterProcessingInitializeOnLoad (5ms)
		AwakeInstancesAfterBackupRestoration (25ms)
Refreshing native plugins compatible for Editor in 3.25 ms, found 5 plugins.
Unloading 65 Unused Serialized files (Serialized files now loaded: 0)
Unloading 10287 unused Assets / (20.4 MB). Loaded Objects now: 11330.
Memory consumption went from 496.6 MB to 476.2 MB.
Total: 25.427500 ms (FindLiveObjects: 0.997500 ms CreateObjectMapping: 5.009500 ms MarkObjects: 13.063900 ms  DeleteObjects: 6.355300 ms)

Prepare: number of updated asset objects reloaded= 0
========================================================================
Received Import Request.
  Time of request: 2026-08-29T04:31:42.2222762Z
  Time since last request: 16.8255744 seconds.
  importAddress: GUID: cf7ef7446ccc3644f9779235153d23db - Path: Assets/Scripts/Logistics/Container.cs - Importer: PreviewImporter
Importing 'GUID: cf7ef7446ccc3644f9779235153d23db - Path: Assets/Scripts/Logistics/Container.cs - Importer: PreviewImporter' with importer (PreviewImporter)
Imported 'GUID: cf7ef7446ccc3644f9779235153d23db' -> (Import Result ID: 'e6b6360d293e66c4b353bb6a146c8426') in 0.001 seconds [static and dynamic dependencies]. Details - ImportResultOutputID=2aef0d0451f0a8224afe4782e6a0248f DependenciesID=83a0468edc520170f288f732f578f571 StaticDependenciesID=69127c81c0f3aa49d2700eb87b43bb2e 
Number of updated asset objects reloaded before import = 0
Number of asset objects unloaded after import = 0
========================================================================
Received Prepare
AcceleratorClientConnectionCallback - disconnected - :0
Refreshing native plugins compatible for Editor in 2.70 ms, found 5 plugins.
Unloading 65 Unused Serialized files (Serialized files now loaded: 0)
Unloading 10268 unused Assets / (20.9 MB). Loaded Objects now: 11331.
Memory consumption went from 499.3 MB to 478.3 MB.
Total: 24.927400 ms (FindLiveObjects: 0.867100 ms CreateObjectMapping: 4.235700 ms MarkObjects: 14.440000 ms  DeleteObjects: 5.383600 ms)

Prepare: number of updated asset objects reloaded= 0
========================================================================
Received Prepare
AcceleratorClientConnectionCallback - disconnected - :0
Begin MonoManager ReloadAssembly
Symbol file LoadedFromMemory is not a mono symbol file
Symbol file LoadedFromMemory is not a mono symbol file
Refreshing native plugins compatible for Editor in 3.23 ms, found 5 plugins.
Native extension for WindowsStandalone target not found
Native extension for WebGL target not found
[Package Manager] Failed to launch server process. Reason: Unity was launched with the -noUpm command-line argument
[Package Manager] Unable to send message (not connected to server process).
[Package Manager] Cannot connect to Unity Package Manager local server
Refreshing native plugins compatible for Editor in 3.26 ms, found 5 plugins.
[Package Manager] Failed to launch server process. Reason: Unity was launched with the -noUpm command-line argument
[Package Manager] Unable to send message (not connected to server process).
[Package Manager] Cannot connect to Unity Package Manager local server
[Licensing::Client] Error: Code 404 while processing request (status: Found 0 entitlement groups and 0 free entitlements matching requested entitlement ids)
ScheduleIndexationOnStartup MainProcess:False IndexOnStartup:True
Mono: successfully reloaded assembly
- Finished resetting the current domain, in  2.801 seconds
Domain Reload Profiling: 4307ms
	BeginReloadAssembly (335ms)
		DisableScriptedObjects (13ms)
		CreateAndSetChildDomain (113ms)
	RebuildCommonClasses (12ms)
	RebuildNativeTypeToScriptingClass (23ms)
	initialDomainReloadingComplete (114ms)
	LoadAllAssembliesAndSetupDomain (1021ms)
		LoadAssemblies (480ms)
		AnalyzeDomain (441ms)
			TypeCache.Refresh (16ms)
			BuildScriptInfoCaches (405ms)
			ResolveRequiredComponents (15ms)
	FinalizeReload (2802ms)
		SetupLoadedEditorAssemblies (0ms)
			InitializePlatformSupportModulesInManaged (4ms)
			BeforeProcessingInitializeOnLoad (255ms)
			ProcessInitializeOnLoadAttributes (1169ms)
			ProcessInitializeOnLoadMethodAttributes (978ms)
			AfterProcessingInitializeOnLoad (8ms)
		AwakeInstancesAfterBackupRestoration (32ms)
Refreshing native plugins compatible for Editor in 3.51 ms, found 5 plugins.
Unloading 65 Unused Serialized files (Serialized files now loaded: 0)
Unloading 10288 unused Assets / (22.0 MB). Loaded Objects now: 11334.
Memory consumption went from 503.9 MB to 481.9 MB.
Total: 30.984500 ms (FindLiveObjects: 1.091100 ms CreateObjectMapping: 5.226000 ms MarkObjects: 16.539700 ms  DeleteObjects: 8.126000 ms)

Prepare: number of updated asset objects reloaded= 0
========================================================================
Received Prepare
AcceleratorClientConnectionCallback - disconnected - :0
Begin MonoManager ReloadAssembly
Symbol file LoadedFromMemory is not a mono symbol file
Symbol file LoadedFromMemory is not a mono symbol file
Refreshing native plugins compatible for Editor in 2.78 ms, found 5 plugins.
Native extension for WindowsStandalone target not found
Native extension for WebGL target not found
[Package Manager] Failed to launch server process. Reason: Unity was launched with the -noUpm command-line argument
[Package Manager] Unable to send message (not connected to server process).
[Package Manager] Cannot connect to Unity Package Manager local server
Refreshing native plugins compatible for Editor in 4.26 ms, found 5 plugins.
[Package Manager] Failed to launch server process. Reason: Unity was launched with the -noUpm command-line argument
[Package Manager] Unable to send message (not connected to server process).
[Package Manager] Cannot connect to Unity Package Manager local server
[Licensing::Client] Error: Code 404 while processing request (status: Found 0 entitlement groups and 0 free entitlements matching requested entitlement ids)
ScheduleIndexationOnStartup MainProcess:False IndexOnStartup:True
Mono: successfully reloaded assembly
- Finished resetting the current domain, in  2.463 seconds
Domain Reload Profiling: 4080ms
	BeginReloadAssembly (354ms)
		DisableScriptedObjects (14ms)
		CreateAndSetChildDomain (130ms)
	RebuildCommonClasses (15ms)
	RebuildNativeTypeToScriptingClass (19ms)
	initialDomainReloadingComplete (150ms)
	LoadAllAssembliesAndSetupDomain (1078ms)
		LoadAssemblies (541ms)
		AnalyzeDomain (458ms)
			TypeCache.Refresh (20ms)
			BuildScriptInfoCaches (431ms)
			ResolveRequiredComponents (5ms)
	FinalizeReload (2464ms)
		SetupLoadedEditorAssemblies (0ms)
			InitializePlatformSupportModulesInManaged (3ms)
			BeforeProcessingInitializeOnLoad (186ms)
			ProcessInitializeOnLoadAttributes (1173ms)
			ProcessInitializeOnLoadMethodAttributes (631ms)
			AfterProcessingInitializeOnLoad (7ms)
		AwakeInstancesAfterBackupRestoration (46ms)
Refreshing native plugins compatible for Editor in 3.47 ms, found 5 plugins.
Unloading 65 Unused Serialized files (Serialized files now loaded: 0)
Unloading 10288 unused Assets / (22.3 MB). Loaded Objects now: 11337.
Memory consumption went from 507.6 MB to 485.3 MB.
Total: 36.053200 ms (FindLiveObjects: 1.382900 ms CreateObjectMapping: 5.272100 ms MarkObjects: 21.341700 ms  DeleteObjects: 8.054700 ms)

Prepare: number of updated asset objects reloaded= 0
========================================================================
Received Prepare
AcceleratorClientConnectionCallback - disconnected - :0
Refreshing native plugins compatible for Editor in 4.34 ms, found 5 plugins.
Unloading 65 Unused Serialized files (Serialized files now loaded: 0)
Unloading 10268 unused Assets / (22.4 MB). Loaded Objects now: 11337.
Memory consumption went from 510.0 MB to 487.5 MB.
Total: 78.915500 ms (FindLiveObjects: 1.257600 ms CreateObjectMapping: 9.738100 ms MarkObjects: 58.210300 ms  DeleteObjects: 9.708500 ms)

Prepare: number of updated asset objects reloaded= 0
========================================================================
Received Prepare
AcceleratorClientConnectionCallback - disconnected - :0
[Licensing::Client] Successfully resolved entitlement details
Begin MonoManager ReloadAssembly
Symbol file LoadedFromMemory is not a mono symbol file
Symbol file LoadedFromMemory is not a mono symbol file
Refreshing native plugins compatible for Editor in 2.99 ms, found 5 plugins.
Native extension for WindowsStandalone target not found
Native extension for WebGL target not found
[Package Manager] Failed to launch server process. Reason: Unity was launched with the -noUpm command-line argument
[Package Manager] Unable to send message (not connected to server process).
[Package Manager] Cannot connect to Unity Package Manager local server
Refreshing native plugins compatible for Editor in 3.43 ms, found 5 plugins.
[Package Manager] Failed to launch server process. Reason: Unity was launched with the -noUpm command-line argument
[Package Manager] Unable to send message (not connected to server process).
[Package Manager] Cannot connect to Unity Package Manager local server
[Licensing::Client] Error: Code 404 while processing request (status: Found 0 entitlement groups and 0 free entitlements matching requested entitlement ids)
ScheduleIndexationOnStartup MainProcess:False IndexOnStartup:True
Mono: successfully reloaded assembly
- Finished resetting the current domain, in  2.021 seconds
Domain Reload Profiling: 3443ms
	BeginReloadAssembly (327ms)
		DisableScriptedObjects (10ms)
		CreateAndSetChildDomain (129ms)
	RebuildCommonClasses (14ms)
	RebuildNativeTypeToScriptingClass (24ms)
	initialDomainReloadingComplete (118ms)
	LoadAllAssembliesAndSetupDomain (938ms)
		LoadAssemblies (478ms)
		AnalyzeDomain (389ms)
			TypeCache.Refresh (13ms)
			BuildScriptInfoCaches (368ms)
			ResolveRequiredComponents (5ms)
	FinalizeReload (2022ms)
		SetupLoadedEditorAssemblies (0ms)
			BeforeProcessingInitializeOnLoad (163ms)
			ProcessInitializeOnLoadAttributes (1006ms)
			ProcessInitializeOnLoadMethodAttributes (530ms)
			AfterProcessingInitializeOnLoad (6ms)
		AwakeInstancesAfterBackupRestoration (32ms)
Refreshing native plugins compatible for Editor in 2.80 ms, found 5 plugins.
Unloading 65 Unused Serialized files (Serialized files now loaded: 0)
Unloading 10288 unused Assets / (20.1 MB). Loaded Objects now: 11340.
Memory consumption went from 0.50 GB to 494.8 MB.
Total: 29.174000 ms (FindLiveObjects: 0.881600 ms CreateObjectMapping: 4.864600 ms MarkObjects: 16.697600 ms  DeleteObjects: 6.729300 ms)

Prepare: number of updated asset objects reloaded= 0
========================================================================
Received Prepare
AcceleratorClientConnectionCallback - disconnected - :0
Refreshing native plugins compatible for Editor in 3.77 ms, found 5 plugins.
Unloading 65 Unused Serialized files (Serialized files now loaded: 0)
Unloading 10268 unused Assets / (19.5 MB). Loaded Objects now: 11340.
Memory consumption went from 0.50 GB to 497.8 MB.
Total: 32.979500 ms (FindLiveObjects: 1.185400 ms CreateObjectMapping: 5.484200 ms MarkObjects: 19.502700 ms  DeleteObjects: 6.806000 ms)

Prepare: number of updated asset objects reloaded= 0
========================================================================
Received Prepare
AcceleratorClientConnectionCallback - disconnected - :0
Begin MonoManager ReloadAssembly
Symbol file LoadedFromMemory is not a mono symbol file
Symbol file LoadedFromMemory is not a mono symbol file
Refreshing native plugins compatible for Editor in 3.90 ms, found 5 plugins.
Native extension for WindowsStandalone target not found
Native extension for WebGL target not found
[Package Manager] Failed to launch server process. Reason: Unity was launched with the -noUpm command-line argument
[Package Manager] Unable to send message (not connected to server process).
[Package Manager] Cannot connect to Unity Package Manager local server
Refreshing native plugins compatible for Editor in 4.07 ms, found 5 plugins.
[Package Manager] Failed to launch server process. Reason: Unity was launched with the -noUpm command-line argument
[Package Manager] Unable to send message (not connected to server process).
[Package Manager] Cannot connect to Unity Package Manager local server
[Licensing::Client] Error: Code 404 while processing request (status: Found 0 entitlement groups and 0 free entitlements matching requested entitlement ids)
ScheduleIndexationOnStartup MainProcess:False IndexOnStartup:True
Mono: successfully reloaded assembly
- Finished resetting the current domain, in  2.011 seconds
Domain Reload Profiling: 3561ms
	BeginReloadAssembly (408ms)
		DisableScriptedObjects (17ms)
		CreateAndSetChildDomain (108ms)
	RebuildCommonClasses (15ms)
	RebuildNativeTypeToScriptingClass (20ms)
	initialDomainReloadingComplete (111ms)
	LoadAllAssembliesAndSetupDomain (996ms)
		LoadAssemblies (491ms)
		AnalyzeDomain (448ms)
			TypeCache.Refresh (21ms)
			BuildScriptInfoCaches (421ms)
			ResolveRequiredComponents (4ms)
	FinalizeReload (2012ms)
		SetupLoadedEditorAssemblies (0ms)
			BeforeProcessingInitializeOnLoad (171ms)
			ProcessInitializeOnLoadAttributes (954ms)
			ProcessInitializeOnLoadMethodAttributes (512ms)
			AfterProcessingInitializeOnLoad (8ms)
		AwakeInstancesAfterBackupRestoration (39ms)
Refreshing native plugins compatible for Editor in 2.51 ms, found 5 plugins.
Unloading 65 Unused Serialized files (Serialized files now loaded: 0)
Unloading 10288 unused Assets / (22.9 MB). Loaded Objects now: 11343.
Memory consumption went from 0.51 GB to 498.4 MB.
Total: 32.598900 ms (FindLiveObjects: 0.936900 ms CreateObjectMapping: 4.466000 ms MarkObjects: 20.161600 ms  DeleteObjects: 7.032900 ms)

Prepare: number of updated asset objects reloaded= 0
========================================================================
Received Prepare
AcceleratorClientConnectionCallback - disconnected - :0
Refreshing native plugins compatible for Editor in 2.96 ms, found 5 plugins.
Unloading 65 Unused Serialized files (Serialized files now loaded: 0)
Unloading 10268 unused Assets / (20.6 MB). Loaded Objects now: 11343.
Memory consumption went from 0.51 GB to 503.2 MB.
Total: 26.808300 ms (FindLiveObjects: 0.917500 ms CreateObjectMapping: 4.311300 ms MarkObjects: 15.320700 ms  DeleteObjects: 6.257500 ms)

Prepare: number of updated asset objects reloaded= 0
========================================================================
Received Prepare
AcceleratorClientConnectionCallback - disconnected - :0
Refreshing native plugins compatible for Editor in 3.04 ms, found 5 plugins.
Unloading 65 Unused Serialized files (Serialized files now loaded: 0)
Unloading 10268 unused Assets / (20.5 MB). Loaded Objects now: 11343.
Memory consumption went from 0.51 GB to 505.6 MB.
Total: 29.819500 ms (FindLiveObjects: 1.497200 ms CreateObjectMapping: 5.801500 ms MarkObjects: 15.169600 ms  DeleteObjects: 7.349600 ms)

Prepare: number of updated asset objects reloaded= 0
========================================================================
Received Prepare
AcceleratorClientConnectionCallback - disconnected - :0
[Licensing::Client] Successfully resolved entitlement details
Begin MonoManager ReloadAssembly
Symbol file LoadedFromMemory is not a mono symbol file
Symbol file LoadedFromMemory is not a mono symbol file
Refreshing native plugins compatible for Editor in 3.84 ms, found 5 plugins.
Native extension for WindowsStandalone target not found
Native extension for WebGL target not found
[Package Manager] Failed to launch server process. Reason: Unity was launched with the -noUpm command-line argument
[Package Manager] Unable to send message (not connected to server process).
[Package Manager] Cannot connect to Unity Package Manager local server
Refreshing native plugins compatible for Editor in 3.08 ms, found 5 plugins.
[Package Manager] Failed to launch server process. Reason: Unity was launched with the -noUpm command-line argument
[Package Manager] Unable to send message (not connected to server process).
[Package Manager] Cannot connect to Unity Package Manager local server
[Licensing::Client] Error: Code 404 while processing request (status: Found 0 entitlement groups and 0 free entitlements matching requested entitlement ids)
ScheduleIndexationOnStartup MainProcess:False IndexOnStartup:True
Mono: successfully reloaded assembly
- Finished resetting the current domain, in  1.896 seconds
Domain Reload Profiling: 3309ms
	BeginReloadAssembly (344ms)
		DisableScriptedObjects (10ms)
		CreateAndSetChildDomain (126ms)
	RebuildCommonClasses (10ms)
	RebuildNativeTypeToScriptingClass (26ms)
	initialDomainReloadingComplete (115ms)
	LoadAllAssembliesAndSetupDomain (917ms)
		LoadAssemblies (466ms)
		AnalyzeDomain (405ms)
			TypeCache.Refresh (17ms)
			BuildScriptInfoCaches (381ms)
			ResolveRequiredComponents (5ms)
	FinalizeReload (1897ms)
		SetupLoadedEditorAssemblies (0ms)
			BeforeProcessingInitializeOnLoad (145ms)
			ProcessInitializeOnLoadAttributes (906ms)
			ProcessInitializeOnLoadMethodAttributes (511ms)
			AfterProcessingInitializeOnLoad (5ms)
		AwakeInstancesAfterBackupRestoration (32ms)
Refreshing native plugins compatible for Editor in 3.64 ms, found 5 plugins.
Unloading 65 Unused Serialized files (Serialized files now loaded: 0)
Unloading 10288 unused Assets / (23.9 MB). Loaded Objects now: 11346.
Memory consumption went from 0.52 GB to 506.1 MB.
Total: 31.985500 ms (FindLiveObjects: 0.919700 ms CreateObjectMapping: 4.112200 ms MarkObjects: 19.301500 ms  DeleteObjects: 7.651000 ms)

Prepare: number of updated asset objects reloaded= 0
========================================================================
Received Prepare
AcceleratorClientConnectionCallback - disconnected - :0
Refreshing native plugins compatible for Editor in 3.19 ms, found 5 plugins.
Unloading 65 Unused Serialized files (Serialized files now loaded: 0)
Unloading 10268 unused Assets / (20.4 MB). Loaded Objects now: 11346.
Memory consumption went from 0.52 GB to 0.50 GB.
Total: 31.351300 ms (FindLiveObjects: 0.986900 ms CreateObjectMapping: 5.406000 ms MarkObjects: 18.255800 ms  DeleteObjects: 6.701100 ms)

Prepare: number of updated asset objects reloaded= 0
========================================================================
Received Prepare
AcceleratorClientConnectionCallback - disconnected - :0
Begin MonoManager ReloadAssembly
Symbol file LoadedFromMemory is not a mono symbol file
Symbol file LoadedFromMemory is not a mono symbol file
Refreshing native plugins compatible for Editor in 2.25 ms, found 5 plugins.
Native extension for WindowsStandalone target not found
Native extension for WebGL target not found
[Package Manager] Failed to launch server process. Reason: Unity was launched with the -noUpm command-line argument
[Package Manager] Unable to send message (not connected to server process).
[Package Manager] Cannot connect to Unity Package Manager local server
Refreshing native plugins compatible for Editor in 2.83 ms, found 5 plugins.
[Package Manager] Failed to launch server process. Reason: Unity was launched with the -noUpm command-line argument
[Package Manager] Unable to send message (not connected to server process).
[Package Manager] Cannot connect to Unity Package Manager local server
[Licensing::Client] Error: Code 404 while processing request (status: Found 0 entitlement groups and 0 free entitlements matching requested entitlement ids)
ScheduleIndexationOnStartup MainProcess:False IndexOnStartup:True
Mono: successfully reloaded assembly
- Finished resetting the current domain, in  1.625 seconds
Domain Reload Profiling: 3018ms
	BeginReloadAssembly (330ms)
		DisableScriptedObjects (11ms)
		CreateAndSetChildDomain (127ms)
	RebuildCommonClasses (15ms)
	RebuildNativeTypeToScriptingClass (25ms)
	initialDomainReloadingComplete (108ms)
	LoadAllAssembliesAndSetupDomain (914ms)
		LoadAssemblies (433ms)
		AnalyzeDomain (418ms)
			TypeCache.Refresh (14ms)
			BuildScriptInfoCaches (397ms)
			ResolveRequiredComponents (5ms)
	FinalizeReload (1626ms)
		SetupLoadedEditorAssemblies (0ms)
			BeforeProcessingInitializeOnLoad (124ms)
			ProcessInitializeOnLoadAttributes (765ms)
			ProcessInitializeOnLoadMethodAttributes (459ms)
			AfterProcessingInitializeOnLoad (5ms)
		AwakeInstancesAfterBackupRestoration (24ms)
Refreshing native plugins compatible for Editor in 2.43 ms, found 5 plugins.
Unloading 65 Unused Serialized files (Serialized files now loaded: 0)
Unloading 10288 unused Assets / (21.2 MB). Loaded Objects now: 11349.
Memory consumption went from 0.52 GB to 0.50 GB.
Total: 23.199800 ms (FindLiveObjects: 1.001700 ms CreateObjectMapping: 4.223300 ms MarkObjects: 12.768200 ms  DeleteObjects: 5.205800 ms)

Prepare: number of updated asset objects reloaded= 0
========================================================================
Received Prepare
AcceleratorClientConnectionCallback - disconnected - :0
Refreshing native plugins compatible for Editor in 2.52 ms, found 5 plugins.
Unloading 65 Unused Serialized files (Serialized files now loaded: 0)
Unloading 65 unused Assets / (13.7 MB). Loaded Objects now: 11349.
Memory consumption went from 0.52 GB to 0.50 GB.
Total: 19.478000 ms (FindLiveObjects: 0.453300 ms CreateObjectMapping: 1.737700 ms MarkObjects: 15.723600 ms  DeleteObjects: 1.562700 ms)

Prepare: number of updated asset objects reloaded= 0
========================================================================
Received Prepare
AcceleratorClientConnectionCallback - disconnected - :0
Refreshing native plugins compatible for Editor in 4.25 ms, found 5 plugins.
Unloading 65 Unused Serialized files (Serialized files now loaded: 0)
Unloading 10268 unused Assets / (20.6 MB). Loaded Objects now: 11349.
Memory consumption went from 0.53 GB to 0.51 GB.
Total: 45.178000 ms (FindLiveObjects: 1.558400 ms CreateObjectMapping: 6.914400 ms MarkObjects: 26.197600 ms  DeleteObjects: 10.506200 ms)

Prepare: number of updated asset objects reloaded= 0
========================================================================
Received Prepare
AcceleratorClientConnectionCallback - disconnected - :0
[Licensing::Client] Successfully resolved entitlement details
Begin MonoManager ReloadAssembly
Symbol file LoadedFromMemory is not a mono symbol file
Symbol file LoadedFromMemory is not a mono symbol file
Refreshing native plugins compatible for Editor in 3.38 ms, found 5 plugins.
Native extension for WindowsStandalone target not found
Native extension for WebGL target not found
[Package Manager] Failed to launch server process. Reason: Unity was launched with the -noUpm command-line argument
[Package Manager] Unable to send message (not connected to server process).
[Package Manager] Cannot connect to Unity Package Manager local server
Refreshing native plugins compatible for Editor in 3.80 ms, found 5 plugins.
[Package Manager] Failed to launch server process. Reason: Unity was launched with the -noUpm command-line argument
[Package Manager] Unable to send message (not connected to server process).
[Package Manager] Cannot connect to Unity Package Manager local server
[Licensing::Client] Error: Code 404 while processing request (status: Found 0 entitlement groups and 0 free entitlements matching requested entitlement ids)
ScheduleIndexationOnStartup MainProcess:False IndexOnStartup:True
Mono: successfully reloaded assembly
- Finished resetting the current domain, in  2.119 seconds
Domain Reload Profiling: 3679ms
	BeginReloadAssembly (374ms)
		DisableScriptedObjects (12ms)
		CreateAndSetChildDomain (138ms)
	RebuildCommonClasses (13ms)
	RebuildNativeTypeToScriptingClass (22ms)
	initialDomainReloadingComplete (124ms)
	LoadAllAssembliesAndSetupDomain (1027ms)
		LoadAssemblies (520ms)
		AnalyzeDomain (445ms)
			TypeCache.Refresh (24ms)
			BuildScriptInfoCaches (412ms)
			ResolveRequiredComponents (6ms)
	FinalizeReload (2120ms)
		SetupLoadedEditorAssemblies (0ms)
			BeforeProcessingInitializeOnLoad (181ms)
			ProcessInitializeOnLoadAttributes (1011ms)
			ProcessInitializeOnLoadMethodAttributes (592ms)
			AfterProcessingInitializeOnLoad (8ms)
		AwakeInstancesAfterBackupRestoration (31ms)
Refreshing native plugins compatible for Editor in 4.00 ms, found 5 plugins.
Unloading 65 Unused Serialized files (Serialized files now loaded: 0)
Unloading 10288 unused Assets / (22.5 MB). Loaded Objects now: 11352.
Memory consumption went from 0.53 GB to 0.51 GB.
Total: 35.230300 ms (FindLiveObjects: 1.232400 ms CreateObjectMapping: 5.028800 ms MarkObjects: 20.906200 ms  DeleteObjects: 8.061100 ms)

Prepare: number of updated asset objects reloaded= 0
========================================================================
Received Prepare
AcceleratorClientConnectionCallback - disconnected - :0
Refreshing native plugins compatible for Editor in 3.79 ms, found 5 plugins.
Unloading 65 Unused Serialized files (Serialized files now loaded: 0)
Unloading 10268 unused Assets / (19.4 MB). Loaded Objects now: 11352.
Memory consumption went from 0.53 GB to 0.52 GB.
Total: 33.169400 ms (FindLiveObjects: 1.175600 ms CreateObjectMapping: 5.527700 ms MarkObjects: 19.466900 ms  DeleteObjects: 6.998200 ms)

Prepare: number of updated asset objects reloaded= 0
========================================================================
Received Prepare
AcceleratorClientConnectionCallback - disconnected - :0
Begin MonoManager ReloadAssembly
Symbol file LoadedFromMemory is not a mono symbol file
Symbol file LoadedFromMemory is not a mono symbol file
Refreshing native plugins compatible for Editor in 2.32 ms, found 5 plugins.
Native extension for WindowsStandalone target not found
Native extension for WebGL target not found
[Package Manager] Failed to launch server process. Reason: Unity was launched with the -noUpm command-line argument
[Package Manager] Unable to send message (not connected to server process).
[Package Manager] Cannot connect to Unity Package Manager local server
Refreshing native plugins compatible for Editor in 2.57 ms, found 5 plugins.
[Package Manager] Failed to launch server process. Reason: Unity was launched with the -noUpm command-line argument
[Package Manager] Unable to send message (not connected to server process).
[Package Manager] Cannot connect to Unity Package Manager local server
[Licensing::Client] Error: Code 404 while processing request (status: Found 0 entitlement groups and 0 free entitlements matching requested entitlement ids)
ScheduleIndexationOnStartup MainProcess:False IndexOnStartup:True
Mono: successfully reloaded assembly
- Finished resetting the current domain, in  1.902 seconds
Domain Reload Profiling: 3367ms
	BeginReloadAssembly (351ms)
		DisableScriptedObjects (12ms)
		CreateAndSetChildDomain (127ms)
	RebuildCommonClasses (10ms)
	RebuildNativeTypeToScriptingClass (16ms)
	initialDomainReloadingComplete (108ms)
	LoadAllAssembliesAndSetupDomain (980ms)
		LoadAssemblies (467ms)
		AnalyzeDomain (436ms)
			TypeCache.Refresh (15ms)
			BuildScriptInfoCaches (412ms)
			ResolveRequiredComponents (7ms)
	FinalizeReload (1902ms)
		SetupLoadedEditorAssemblies (0ms)
			InitializePlatformSupportModulesInManaged (3ms)
			BeforeProcessingInitializeOnLoad (169ms)
			ProcessInitializeOnLoadAttributes (913ms)
			ProcessInitializeOnLoadMethodAttributes (497ms)
			AfterProcessingInitializeOnLoad (5ms)
		AwakeInstancesAfterBackupRestoration (26ms)
Refreshing native plugins compatible for Editor in 2.35 ms, found 5 plugins.
Unloading 65 Unused Serialized files (Serialized files now loaded: 0)
Unloading 10288 unused Assets / (20.8 MB). Loaded Objects now: 11355.
Memory consumption went from 0.54 GB to 0.52 GB.
Total: 24.276600 ms (FindLiveObjects: 0.934400 ms CreateObjectMapping: 4.338800 ms MarkObjects: 13.994600 ms  DeleteObjects: 5.007900 ms)

Prepare: number of updated asset objects reloaded= 0
========================================================================
Received Prepare
AcceleratorClientConnectionCallback - disconnected - :0
Refreshing native plugins compatible for Editor in 2.80 ms, found 5 plugins.
Unloading 65 Unused Serialized files (Serialized files now loaded: 0)
Unloading 65 unused Assets / (13.7 MB). Loaded Objects now: 11355.
Memory consumption went from 0.54 GB to 0.52 GB.
Total: 17.214500 ms (FindLiveObjects: 0.479000 ms CreateObjectMapping: 1.591600 ms MarkObjects: 13.355300 ms  DeleteObjects: 1.787500 ms)

Prepare: number of updated asset objects reloaded= 0
========================================================================
Received Prepare
AcceleratorClientConnectionCallback - disconnected - :0
Refreshing native plugins compatible for Editor in 3.39 ms, found 5 plugins.
Unloading 65 Unused Serialized files (Serialized files now loaded: 0)
Unloading 10268 unused Assets / (23.2 MB). Loaded Objects now: 11355.
Memory consumption went from 0.54 GB to 0.52 GB.
Total: 33.988100 ms (FindLiveObjects: 1.177000 ms CreateObjectMapping: 5.666700 ms MarkObjects: 19.848700 ms  DeleteObjects: 7.294500 ms)

Prepare: number of updated asset objects reloaded= 0
========================================================================
Received Prepare
AcceleratorClientConnectionCallback - disconnected - :0
[Licensing::Client] Successfully resolved entitlement details
Begin MonoManager ReloadAssembly
Symbol file LoadedFromMemory is not a mono symbol file
Symbol file LoadedFromMemory is not a mono symbol file
Refreshing native plugins compatible for Editor in 3.25 ms, found 5 plugins.
Native extension for WindowsStandalone target not found
Native extension for WebGL target not found
[Package Manager] Failed to launch server process. Reason: Unity was launched with the -noUpm command-line argument
[Package Manager] Unable to send message (not connected to server process).
[Package Manager] Cannot connect to Unity Package Manager local server
Refreshing native plugins compatible for Editor in 4.34 ms, found 5 plugins.
[Package Manager] Failed to launch server process. Reason: Unity was launched with the -noUpm command-line argument
[Package Manager] Unable to send message (not connected to server process).
[Package Manager] Cannot connect to Unity Package Manager local server
[Licensing::Client] Error: Code 404 while processing request (status: Found 0 entitlement groups and 0 free entitlements matching requested entitlement ids)
ScheduleIndexationOnStartup MainProcess:False IndexOnStartup:True
Mono: successfully reloaded assembly
- Finished resetting the current domain, in  1.900 seconds
Domain Reload Profiling: 3332ms
	BeginReloadAssembly (340ms)
		DisableScriptedObjects (13ms)
		CreateAndSetChildDomain (128ms)
	RebuildCommonClasses (15ms)
	RebuildNativeTypeToScriptingClass (19ms)
	initialDomainReloadingComplete (115ms)
	LoadAllAssembliesAndSetupDomain (943ms)
		LoadAssemblies (454ms)
		AnalyzeDomain (413ms)
			TypeCache.Refresh (19ms)
			BuildScriptInfoCaches (385ms)
			ResolveRequiredComponents (6ms)
	FinalizeReload (1901ms)
		SetupLoadedEditorAssemblies (0ms)
			BeforeProcessingInitializeOnLoad (138ms)
			ProcessInitializeOnLoadAttributes (943ms)
			ProcessInitializeOnLoadMethodAttributes (521ms)
			AfterProcessingInitializeOnLoad (5ms)
		AwakeInstancesAfterBackupRestoration (31ms)
Refreshing native plugins compatible for Editor in 3.34 ms, found 5 plugins.
Unloading 65 Unused Serialized files (Serialized files now loaded: 0)
Unloading 10288 unused Assets / (21.1 MB). Loaded Objects now: 11358.
Memory consumption went from 0.55 GB to 0.53 GB.
Total: 28.517600 ms (FindLiveObjects: 1.105900 ms CreateObjectMapping: 5.051100 ms MarkObjects: 16.341500 ms  DeleteObjects: 6.017300 ms)

Prepare: number of updated asset objects reloaded= 0
========================================================================
Received Prepare
AcceleratorClientConnectionCallback - disconnected - :0
Refreshing native plugins compatible for Editor in 2.97 ms, found 5 plugins.
Unloading 65 Unused Serialized files (Serialized files now loaded: 0)
Unloading 10268 unused Assets / (21.4 MB). Loaded Objects now: 11358.
Memory consumption went from 0.55 GB to 0.53 GB.
Total: 32.540100 ms (FindLiveObjects: 1.088200 ms CreateObjectMapping: 5.784800 ms MarkObjects: 17.315300 ms  DeleteObjects: 8.350800 ms)

Prepare: number of updated asset objects reloaded= 0
========================================================================
Received Prepare
AcceleratorClientConnectionCallback - disconnected - :0
Begin MonoManager ReloadAssembly
Symbol file LoadedFromMemory is not a mono symbol file
Symbol file LoadedFromMemory is not a mono symbol file
Refreshing native plugins compatible for Editor in 2.13 ms, found 5 plugins.
Native extension for WindowsStandalone target not found
Native extension for WebGL target not found
[Package Manager] Failed to launch server process. Reason: Unity was launched with the -noUpm command-line argument
[Package Manager] Unable to send message (not connected to server process).
[Package Manager] Cannot connect to Unity Package Manager local server
Refreshing native plugins compatible for Editor in 3.36 ms, found 5 plugins.
[Package Manager] Failed to launch server process. Reason: Unity was launched with the -noUpm command-line argument
[Package Manager] Unable to send message (not connected to server process).
[Package Manager] Cannot connect to Unity Package Manager local server
[Licensing::Client] Error: Code 404 while processing request (status: Found 0 entitlement groups and 0 free entitlements matching requested entitlement ids)
ScheduleIndexationOnStartup MainProcess:False IndexOnStartup:True
Mono: successfully reloaded assembly
- Finished resetting the current domain, in  1.958 seconds
Domain Reload Profiling: 3325ms
	BeginReloadAssembly (335ms)
		DisableScriptedObjects (12ms)
		CreateAndSetChildDomain (122ms)
	RebuildCommonClasses (13ms)
	RebuildNativeTypeToScriptingClass (15ms)
	initialDomainReloadingComplete (101ms)
	LoadAllAssembliesAndSetupDomain (902ms)
		LoadAssemblies (459ms)
		AnalyzeDomain (384ms)
			TypeCache.Refresh (16ms)
			BuildScriptInfoCaches (362ms)
			ResolveRequiredComponents (5ms)
	FinalizeReload (1959ms)
		SetupLoadedEditorAssemblies (0ms)
			BeforeProcessingInitializeOnLoad (177ms)
			ProcessInitializeOnLoadAttributes (964ms)
			ProcessInitializeOnLoadMethodAttributes (490ms)
			AfterProcessingInitializeOnLoad (7ms)
		AwakeInstancesAfterBackupRestoration (26ms)
Refreshing native plugins compatible for Editor in 3.14 ms, found 5 plugins.
Unloading 65 Unused Serialized files (Serialized files now loaded: 0)
Unloading 10288 unused Assets / (20.5 MB). Loaded Objects now: 11361.
Memory consumption went from 0.55 GB to 0.53 GB.
Total: 26.805900 ms (FindLiveObjects: 1.524000 ms CreateObjectMapping: 5.649000 ms MarkObjects: 13.188200 ms  DeleteObjects: 6.443700 ms)

Prepare: number of updated asset objects reloaded= 0
========================================================================
Received Prepare
AcceleratorClientConnectionCallback - disconnected - :0
Refreshing native plugins compatible for Editor in 2.66 ms, found 5 plugins.
Unloading 65 Unused Serialized files (Serialized files now loaded: 0)
Unloading 65 unused Assets / (13.7 MB). Loaded Objects now: 11361.
Memory consumption went from 0.55 GB to 0.54 GB.
Total: 19.357700 ms (FindLiveObjects: 0.522200 ms CreateObjectMapping: 1.743500 ms MarkObjects: 15.158600 ms  DeleteObjects: 1.931800 ms)

Prepare: number of updated asset objects reloaded= 0
========================================================================
Received Prepare
AcceleratorClientConnectionCallback - disconnected - :0
Refreshing native plugins compatible for Editor in 3.30 ms, found 5 plugins.
Unloading 65 Unused Serialized files (Serialized files now loaded: 0)
Unloading 10268 unused Assets / (19.2 MB). Loaded Objects now: 11361.
Memory consumption went from 0.56 GB to 0.54 GB.
Total: 33.737100 ms (FindLiveObjects: 1.207200 ms CreateObjectMapping: 5.309900 ms MarkObjects: 21.433500 ms  DeleteObjects: 5.785100 ms)

Prepare: number of updated asset objects reloaded= 0
========================================================================
Received Prepare
AcceleratorClientConnectionCallback - disconnected - :0
[Licensing::Client] Successfully resolved entitlement details
Begin MonoManager ReloadAssembly
Symbol file LoadedFromMemory is not a mono symbol file
Symbol file LoadedFromMemory is not a mono symbol file
Refreshing native plugins compatible for Editor in 2.12 ms, found 5 plugins.
Native extension for WindowsStandalone target not found
Native extension for WebGL target not found
[Package Manager] Failed to launch server process. Reason: Unity was launched with the -noUpm command-line argument
[Package Manager] Unable to send message (not connected to server process).
[Package Manager] Cannot connect to Unity Package Manager local server
Refreshing native plugins compatible for Editor in 3.62 ms, found 5 plugins.
[Package Manager] Failed to launch server process. Reason: Unity was launched with the -noUpm command-line argument
[Package Manager] Unable to send message (not connected to server process).
[Package Manager] Cannot connect to Unity Package Manager local server
[Licensing::Client] Error: Code 404 while processing request (status: Found 0 entitlement groups and 0 free entitlements matching requested entitlement ids)
ScheduleIndexationOnStartup MainProcess:False IndexOnStartup:True
Mono: successfully reloaded assembly
- Finished resetting the current domain, in  2.003 seconds
Domain Reload Profiling: 3388ms
	BeginReloadAssembly (315ms)
		DisableScriptedObjects (10ms)
		CreateAndSetChildDomain (110ms)
	RebuildCommonClasses (9ms)
	RebuildNativeTypeToScriptingClass (18ms)
	initialDomainReloadingComplete (117ms)
	LoadAllAssembliesAndSetupDomain (924ms)
		LoadAssemblies (454ms)
		AnalyzeDomain (396ms)
			TypeCache.Refresh (16ms)
			BuildScriptInfoCaches (372ms)
			ResolveRequiredComponents (6ms)
	FinalizeReload (2005ms)
		SetupLoadedEditorAssemblies (0ms)
			BeforeProcessingInitializeOnLoad (158ms)
			ProcessInitializeOnLoadAttributes (949ms)
			ProcessInitializeOnLoadMethodAttributes (554ms)
			AfterProcessingInitializeOnLoad (9ms)
		AwakeInstancesAfterBackupRestoration (37ms)
Refreshing native plugins compatible for Editor in 4.34 ms, found 5 plugins.
Unloading 65 Unused Serialized files (Serialized files now loaded: 0)
Unloading 10288 unused Assets / (20.9 MB). Loaded Objects now: 11364.
Memory consumption went from 0.56 GB to 0.54 GB.
Total: 31.095600 ms (FindLiveObjects: 1.056600 ms CreateObjectMapping: 4.561200 ms MarkObjects: 17.860000 ms  DeleteObjects: 7.616600 ms)

Prepare: number of updated asset objects reloaded= 0
========================================================================
Received Prepare
AcceleratorClientConnectionCallback - disconnected - :0
Refreshing native plugins compatible for Editor in 2.68 ms, found 5 plugins.
Unloading 65 Unused Serialized files (Serialized files now loaded: 0)
Unloading 65 unused Assets / (13.7 MB). Loaded Objects now: 11364.
Memory consumption went from 0.56 GB to 0.54 GB.
Total: 18.707300 ms (FindLiveObjects: 0.526400 ms CreateObjectMapping: 1.676600 ms MarkObjects: 14.431500 ms  DeleteObjects: 2.071700 ms)

Prepare: number of updated asset objects reloaded= 0
========================================================================
Received Prepare
AcceleratorClientConnectionCallback - disconnected - :0
Refreshing native plugins compatible for Editor in 3.24 ms, found 5 plugins.
Unloading 65 Unused Serialized files (Serialized files now loaded: 0)
Unloading 10268 unused Assets / (19.4 MB). Loaded Objects now: 11364.
Memory consumption went from 0.57 GB to 0.55 GB.
Total: 32.174400 ms (FindLiveObjects: 1.336600 ms CreateObjectMapping: 5.425900 ms MarkObjects: 19.252500 ms  DeleteObjects: 6.157800 ms)

Prepare: number of updated asset objects reloaded= 0
========================================================================
Received Prepare
AcceleratorClientConnectionCallback - disconnected - :0
[Licensing::Client] Successfully resolved entitlement details
Begin MonoManager ReloadAssembly
Symbol file LoadedFromMemory is not a mono symbol file
Symbol file LoadedFromMemory is not a mono symbol file
Refreshing native plugins compatible for Editor in 2.39 ms, found 5 plugins.
Native extension for WindowsStandalone target not found
Native extension for WebGL target not found
[Package Manager] Failed to launch server process. Reason: Unity was launched with the -noUpm command-line argument
[Package Manager] Unable to send message (not connected to server process).
[Package Manager] Cannot connect to Unity Package Manager local server
Refreshing native plugins compatible for Editor in 2.63 ms, found 5 plugins.
[Package Manager] Failed to launch server process. Reason: Unity was launched with the -noUpm command-line argument
[Package Manager] Unable to send message (not connected to server process).
[Package Manager] Cannot connect to Unity Package Manager local server
[Licensing::Client] Error: Code 404 while processing request (status: Found 0 entitlement groups and 0 free entitlements matching requested entitlement ids)
ScheduleIndexationOnStartup MainProcess:False IndexOnStartup:True
Mono: successfully reloaded assembly
- Finished resetting the current domain, in  1.699 seconds
Domain Reload Profiling: 3029ms
	BeginReloadAssembly (335ms)
		DisableScriptedObjects (12ms)
		CreateAndSetChildDomain (118ms)
	RebuildCommonClasses (10ms)
	RebuildNativeTypeToScriptingClass (15ms)
	initialDomainReloadingComplete (93ms)
	LoadAllAssembliesAndSetupDomain (875ms)
		LoadAssemblies (457ms)
		AnalyzeDomain (380ms)
			TypeCache.Refresh (15ms)
			BuildScriptInfoCaches (359ms)
			ResolveRequiredComponents (4ms)
	FinalizeReload (1700ms)
		SetupLoadedEditorAssemblies (0ms)
			BeforeProcessingInitializeOnLoad (134ms)
			ProcessInitializeOnLoadAttributes (786ms)
			ProcessInitializeOnLoadMethodAttributes (493ms)
			AfterProcessingInitializeOnLoad (5ms)
		AwakeInstancesAfterBackupRestoration (27ms)
Refreshing native plugins compatible for Editor in 2.33 ms, found 5 plugins.
Unloading 65 Unused Serialized files (Serialized files now loaded: 0)
Unloading 10288 unused Assets / (21.2 MB). Loaded Objects now: 11367.
Memory consumption went from 0.57 GB to 0.55 GB.
Total: 23.373300 ms (FindLiveObjects: 0.934700 ms CreateObjectMapping: 4.521400 ms MarkObjects: 13.092200 ms  DeleteObjects: 4.824000 ms)

Prepare: number of updated asset objects reloaded= 0
========================================================================
Received Prepare
AcceleratorClientConnectionCallback - disconnected - :0
Refreshing native plugins compatible for Editor in 3.41 ms, found 5 plugins.
Unloading 65 Unused Serialized files (Serialized files now loaded: 0)
Unloading 65 unused Assets / (13.7 MB). Loaded Objects now: 11367.
Memory consumption went from 0.57 GB to 0.55 GB.
Total: 16.948700 ms (FindLiveObjects: 0.491600 ms CreateObjectMapping: 1.630800 ms MarkObjects: 13.272900 ms  DeleteObjects: 1.552400 ms)

Prepare: number of updated asset objects reloaded= 0
========================================================================
Received Import Request.
  Time of request: 2026-08-29T04:46:55.4329912Z
  Time since last request: 913.19791439999995 seconds.
  importAddress: GUID: b5c71f0c0013caf439a9296f7124f876 - Path: Assets/Prefabs/Logistics/Containers/Chest_1x1.prefab - Importer: PreviewImporter
Importing 'GUID: b5c71f0c0013caf439a9296f7124f876 - Path: Assets/Prefabs/Logistics/Containers/Chest_1x1.prefab - Importer: PreviewImporter' with importer (PreviewImporter)
Imported 'GUID: b5c71f0c0013caf439a9296f7124f876' -> (Import Result ID: '45faeafe55f2adc97b1bf142f53fe9ea') in 0.553 seconds [static and dynamic dependencies]. Details - ImportResultOutputID=1f56e2f8de52b1675b65de0878cacf2f DependenciesID=9e248a287c73b4c332b4cc2f26e7cf3a StaticDependenciesID=204c3ff6c935aeeca121cc38ecef128f 
Number of updated asset objects reloaded before import = 0
Number of asset objects unloaded after import = 31
========================================================================
Received Prepare
AcceleratorClientConnectionCallback - disconnected - :0
Refreshing native plugins compatible for Editor in 2.92 ms, found 5 plugins.
Unloading 65 Unused Serialized files (Serialized files now loaded: 0)
Unloading 10268 unused Assets / (21.2 MB). Loaded Objects now: 11488.
Memory consumption went from 0.53 GB to 0.51 GB.
Total: 36.013600 ms (FindLiveObjects: 0.916400 ms CreateObjectMapping: 4.262600 ms MarkObjects: 22.381800 ms  DeleteObjects: 8.451500 ms)

Prepare: number of updated asset objects reloaded= 0
========================================================================
Received Prepare
AcceleratorClientConnectionCallback - disconnected - :0
[Licensing::Client] Successfully resolved entitlement details
Begin MonoManager ReloadAssembly
Symbol file LoadedFromMemory is not a mono symbol file
Symbol file LoadedFromMemory is not a mono symbol file
Refreshing native plugins compatible for Editor in 2.21 ms, found 5 plugins.
Native extension for WindowsStandalone target not found
Native extension for WebGL target not found
[Package Manager] Failed to launch server process. Reason: Unity was launched with the -noUpm command-line argument
[Package Manager] Unable to send message (not connected to server process).
[Package Manager] Cannot connect to Unity Package Manager local server
Refreshing native plugins compatible for Editor in 2.52 ms, found 5 plugins.
[Package Manager] Failed to launch server process. Reason: Unity was launched with the -noUpm command-line argument
[Package Manager] Unable to send message (not connected to server process).
[Package Manager] Cannot connect to Unity Package Manager local server
[Licensing::Client] Error: Code 404 while processing request (status: Found 0 entitlement groups and 0 free entitlements matching requested entitlement ids)
ScheduleIndexationOnStartup MainProcess:False IndexOnStartup:True
Mono: successfully reloaded assembly
- Finished resetting the current domain, in  1.622 seconds
Domain Reload Profiling: 2943ms
	BeginReloadAssembly (309ms)
		DisableScriptedObjects (23ms)
		CreateAndSetChildDomain (118ms)
	RebuildCommonClasses (11ms)
	RebuildNativeTypeToScriptingClass (20ms)
	initialDomainReloadingComplete (112ms)
	LoadAllAssembliesAndSetupDomain (867ms)
		LoadAssemblies (454ms)
		AnalyzeDomain (355ms)
			TypeCache.Refresh (13ms)
			BuildScriptInfoCaches (334ms)
			ResolveRequiredComponents (5ms)
	FinalizeReload (1623ms)
		SetupLoadedEditorAssemblies (0ms)
			BeforeProcessingInitializeOnLoad (121ms)
			ProcessInitializeOnLoadAttributes (763ms)
			ProcessInitializeOnLoadMethodAttributes (463ms)
			AfterProcessingInitializeOnLoad (5ms)
		AwakeInstancesAfterBackupRestoration (25ms)
Refreshing native plugins compatible for Editor in 2.52 ms, found 5 plugins.
Unloading 65 Unused Serialized files (Serialized files now loaded: 0)
Unloading 10288 unused Assets / (21.0 MB). Loaded Objects now: 11400.
Memory consumption went from 0.53 GB to 0.50 GB.
Total: 24.172800 ms (FindLiveObjects: 0.995900 ms CreateObjectMapping: 4.678200 ms MarkObjects: 13.410600 ms  DeleteObjects: 5.086600 ms)

Prepare: number of updated asset objects reloaded= 0
========================================================================
Received Prepare
AcceleratorClientConnectionCallback - disconnected - :0
Refreshing native plugins compatible for Editor in 2.63 ms, found 5 plugins.
Unloading 65 Unused Serialized files (Serialized files now loaded: 0)
Unloading 65 unused Assets / (13.7 MB). Loaded Objects now: 11400.
Memory consumption went from 0.52 GB to 0.51 GB.
Total: 16.879800 ms (FindLiveObjects: 0.502500 ms CreateObjectMapping: 1.764200 ms MarkObjects: 13.028100 ms  DeleteObjects: 1.583800 ms)

Prepare: number of updated asset objects reloaded= 0
========================================================================
Received Prepare
AcceleratorClientConnectionCallback - disconnected - :0
Begin MonoManager ReloadAssembly
Symbol file LoadedFromMemory is not a mono symbol file
Symbol file LoadedFromMemory is not a mono symbol file
Refreshing native plugins compatible for Editor in 2.29 ms, found 5 plugins.
Native extension for WindowsStandalone target not found
Native extension for WebGL target not found
[Package Manager] Failed to launch server process. Reason: Unity was launched with the -noUpm command-line argument
[Package Manager] Unable to send message (not connected to server process).
[Package Manager] Cannot connect to Unity Package Manager local server
Refreshing native plugins compatible for Editor in 3.22 ms, found 5 plugins.
[Package Manager] Failed to launch server process. Reason: Unity was launched with the -noUpm command-line argument
[Package Manager] Unable to send message (not connected to server process).
[Package Manager] Cannot connect to Unity Package Manager local server
[Licensing::Client] Error: Code 404 while processing request (status: Found 0 entitlement groups and 0 free entitlements matching requested entitlement ids)
ScheduleIndexationOnStartup MainProcess:False IndexOnStartup:True
Mono: successfully reloaded assembly
- Finished resetting the current domain, in  1.757 seconds
Domain Reload Profiling: 2597ms
	BeginReloadAssembly (267ms)
		DisableScriptedObjects (9ms)
		CreateAndSetChildDomain (93ms)
	RebuildCommonClasses (8ms)
	RebuildNativeTypeToScriptingClass (14ms)
	initialDomainReloadingComplete (80ms)
	LoadAllAssembliesAndSetupDomain (469ms)
		LoadAssemblies (380ms)
		AnalyzeDomain (20ms)
			TypeCache.Refresh (10ms)
			ResolveRequiredComponents (5ms)
	FinalizeReload (1758ms)
		SetupLoadedEditorAssemblies (0ms)
			BeforeProcessingInitializeOnLoad (130ms)
			ProcessInitializeOnLoadAttributes (826ms)
			ProcessInitializeOnLoadMethodAttributes (524ms)
			AfterProcessingInitializeOnLoad (6ms)
		AwakeInstancesAfterBackupRestoration (28ms)
Refreshing native plugins compatible for Editor in 2.87 ms, found 5 plugins.
Unloading 65 Unused Serialized files (Serialized files now loaded: 0)
Unloading 10288 unused Assets / (21.8 MB). Loaded Objects now: 11403.
Memory consumption went from 0.53 GB to 0.51 GB.
Total: 28.858900 ms (FindLiveObjects: 1.107500 ms CreateObjectMapping: 5.653700 ms MarkObjects: 15.192100 ms  DeleteObjects: 6.904200 ms)

Prepare: number of updated asset objects reloaded= 0
========================================================================
Received Prepare
AcceleratorClientConnectionCallback - disconnected - :0
Refreshing native plugins compatible for Editor in 3.08 ms, found 5 plugins.
Unloading 65 Unused Serialized files (Serialized files now loaded: 0)
Unloading 10268 unused Assets / (21.4 MB). Loaded Objects now: 11403.
Memory consumption went from 0.53 GB to 0.51 GB.
Total: 33.160800 ms (FindLiveObjects: 1.431900 ms CreateObjectMapping: 7.407000 ms MarkObjects: 16.589900 ms  DeleteObjects: 7.729900 ms)

Prepare: number of updated asset objects reloaded= 0
========================================================================
Received Prepare
AcceleratorClientConnectionCallback - disconnected - :0
[Licensing::Client] Successfully resolved entitlement details
Begin MonoManager ReloadAssembly
Symbol file LoadedFromMemory is not a mono symbol file
Symbol file LoadedFromMemory is not a mono symbol file
Refreshing native plugins compatible for Editor in 3.49 ms, found 5 plugins.
Native extension for WindowsStandalone target not found
Native extension for WebGL target not found
[Package Manager] Failed to launch server process. Reason: Unity was launched with the -noUpm command-line argument
[Package Manager] Unable to send message (not connected to server process).
[Package Manager] Cannot connect to Unity Package Manager local server
Refreshing native plugins compatible for Editor in 3.79 ms, found 5 plugins.
[Package Manager] Failed to launch server process. Reason: Unity was launched with the -noUpm command-line argument
[Package Manager] Unable to send message (not connected to server process).
[Package Manager] Cannot connect to Unity Package Manager local server
[Licensing::Client] Error: Code 404 while processing request (status: Found 0 entitlement groups and 0 free entitlements matching requested entitlement ids)
ScheduleIndexationOnStartup MainProcess:False IndexOnStartup:True
Mono: successfully reloaded assembly
- Finished resetting the current domain, in  2.034 seconds
Domain Reload Profiling: 3520ms
	BeginReloadAssembly (345ms)
		DisableScriptedObjects (11ms)
		CreateAndSetChildDomain (119ms)
	RebuildCommonClasses (15ms)
	RebuildNativeTypeToScriptingClass (25ms)
	initialDomainReloadingComplete (115ms)
	LoadAllAssembliesAndSetupDomain (986ms)
		LoadAssemblies (464ms)
		AnalyzeDomain (453ms)
			TypeCache.Refresh (20ms)
			BuildScriptInfoCaches (427ms)
			ResolveRequiredComponents (5ms)
	FinalizeReload (2036ms)
		SetupLoadedEditorAssemblies (0ms)
			BeforeProcessingInitializeOnLoad (168ms)
			ProcessInitializeOnLoadAttributes (950ms)
			ProcessInitializeOnLoadMethodAttributes (570ms)
			AfterProcessingInitializeOnLoad (8ms)
		AwakeInstancesAfterBackupRestoration (31ms)
Refreshing native plugins compatible for Editor in 2.58 ms, found 5 plugins.
Unloading 65 Unused Serialized files (Serialized files now loaded: 0)
Unloading 10288 unused Assets / (21.8 MB). Loaded Objects now: 11406.
Memory consumption went from 0.53 GB to 0.51 GB.
Total: 28.494400 ms (FindLiveObjects: 0.922500 ms CreateObjectMapping: 4.717400 ms MarkObjects: 15.434100 ms  DeleteObjects: 7.419100 ms)

Prepare: number of updated asset objects reloaded= 0
========================================================================
Received Prepare
AcceleratorClientConnectionCallback - disconnected - :0
Refreshing native plugins compatible for Editor in 2.88 ms, found 5 plugins.
Unloading 65 Unused Serialized files (Serialized files now loaded: 0)
Unloading 10268 unused Assets / (21.0 MB). Loaded Objects now: 11406.
Memory consumption went from 0.54 GB to 0.52 GB.
Total: 30.114900 ms (FindLiveObjects: 1.294900 ms CreateObjectMapping: 5.871800 ms MarkObjects: 15.301900 ms  DeleteObjects: 7.644600 ms)

Prepare: number of updated asset objects reloaded= 0
========================================================================
Received Prepare
AcceleratorClientConnectionCallback - disconnected - :0
Refreshing native plugins compatible for Editor in 3.52 ms, found 5 plugins.
Unloading 65 Unused Serialized files (Serialized files now loaded: 0)
Unloading 10268 unused Assets / (21.0 MB). Loaded Objects now: 11406.
Memory consumption went from 0.54 GB to 0.52 GB.
Total: 33.905700 ms (FindLiveObjects: 1.335100 ms CreateObjectMapping: 6.635400 ms MarkObjects: 18.869600 ms  DeleteObjects: 7.063300 ms)

Prepare: number of updated asset objects reloaded= 0
========================================================================
Received Prepare
AcceleratorClientConnectionCallback - disconnected - :0
[Licensing::Client] Successfully resolved entitlement details
Begin MonoManager ReloadAssembly
Symbol file LoadedFromMemory is not a mono symbol file
Symbol file LoadedFromMemory is not a mono symbol file
Refreshing native plugins compatible for Editor in 3.01 ms, found 5 plugins.
Native extension for WindowsStandalone target not found
Native extension for WebGL target not found
[Package Manager] Failed to launch server process. Reason: Unity was launched with the -noUpm command-line argument
[Package Manager] Unable to send message (not connected to server process).
[Package Manager] Cannot connect to Unity Package Manager local server
Refreshing native plugins compatible for Editor in 3.36 ms, found 5 plugins.
[Package Manager] Failed to launch server process. Reason: Unity was launched with the -noUpm command-line argument
[Package Manager] Unable to send message (not connected to server process).
[Package Manager] Cannot connect to Unity Package Manager local server
[Licensing::Client] Error: Code 404 while processing request (status: Found 0 entitlement groups and 0 free entitlements matching requested entitlement ids)
ScheduleIndexationOnStartup MainProcess:False IndexOnStartup:True
Mono: successfully reloaded assembly
- Finished resetting the current domain, in  2.068 seconds
Domain Reload Profiling: 3546ms
	BeginReloadAssembly (380ms)
		DisableScriptedObjects (16ms)
		CreateAndSetChildDomain (150ms)
	RebuildCommonClasses (9ms)
	RebuildNativeTypeToScriptingClass (24ms)
	initialDomainReloadingComplete (118ms)
	LoadAllAssembliesAndSetupDomain (946ms)
		LoadAssemblies (483ms)
		AnalyzeDomain (389ms)
			TypeCache.Refresh (15ms)
			BuildScriptInfoCaches (364ms)
			ResolveRequiredComponents (7ms)
	FinalizeReload (2069ms)
		SetupLoadedEditorAssemblies (0ms)
			BeforeProcessingInitializeOnLoad (174ms)
			ProcessInitializeOnLoadAttributes (993ms)
			ProcessInitializeOnLoadMethodAttributes (569ms)
			AfterProcessingInitializeOnLoad (7ms)
		AwakeInstancesAfterBackupRestoration (30ms)
Refreshing native plugins compatible for Editor in 2.36 ms, found 5 plugins.
Unloading 65 Unused Serialized files (Serialized files now loaded: 0)
Unloading 10288 unused Assets / (18.0 MB). Loaded Objects now: 11409.
Memory consumption went from 0.54 GB to 0.52 GB.
Total: 28.308700 ms (FindLiveObjects: 1.168100 ms CreateObjectMapping: 5.017900 ms MarkObjects: 18.021100 ms  DeleteObjects: 4.100100 ms)

Prepare: number of updated asset objects reloaded= 0
========================================================================
Received Prepare
AcceleratorClientConnectionCallback - disconnected - :0
Refreshing native plugins compatible for Editor in 2.58 ms, found 5 plugins.
Unloading 65 Unused Serialized files (Serialized files now loaded: 0)
Unloading 10268 unused Assets / (21.2 MB). Loaded Objects now: 11409.
Memory consumption went from 0.54 GB to 0.52 GB.
Total: 29.096200 ms (FindLiveObjects: 0.941500 ms CreateObjectMapping: 4.654600 ms MarkObjects: 16.079600 ms  DeleteObjects: 7.419500 ms)

Prepare: number of updated asset objects reloaded= 0
========================================================================
Received Prepare
AcceleratorClientConnectionCallback - disconnected - :0
Begin MonoManager ReloadAssembly
Symbol file LoadedFromMemory is not a mono symbol file
Symbol file LoadedFromMemory is not a mono symbol file
Refreshing native plugins compatible for Editor in 3.57 ms, found 5 plugins.
Native extension for WindowsStandalone target not found
Native extension for WebGL target not found
[Package Manager] Failed to launch server process. Reason: Unity was launched with the -noUpm command-line argument
[Package Manager] Unable to send message (not connected to server process).
[Package Manager] Cannot connect to Unity Package Manager local server
Refreshing native plugins compatible for Editor in 4.06 ms, found 5 plugins.
[Package Manager] Failed to launch server process. Reason: Unity was launched with the -noUpm command-line argument
[Package Manager] Unable to send message (not connected to server process).
[Package Manager] Cannot connect to Unity Package Manager local server
[Licensing::Client] Error: Code 404 while processing request (status: Found 0 entitlement groups and 0 free entitlements matching requested entitlement ids)
ScheduleIndexationOnStartup MainProcess:False IndexOnStartup:True
Mono: successfully reloaded assembly
- Finished resetting the current domain, in  1.955 seconds
Domain Reload Profiling: 3319ms
	BeginReloadAssembly (324ms)
		DisableScriptedObjects (10ms)
		CreateAndSetChildDomain (126ms)
	RebuildCommonClasses (13ms)
	RebuildNativeTypeToScriptingClass (16ms)
	initialDomainReloadingComplete (96ms)
	LoadAllAssembliesAndSetupDomain (914ms)
		LoadAssemblies (433ms)
		AnalyzeDomain (401ms)
			TypeCache.Refresh (18ms)
			BuildScriptInfoCaches (376ms)
			ResolveRequiredComponents (5ms)
	FinalizeReload (1956ms)
		SetupLoadedEditorAssemblies (0ms)
			BeforeProcessingInitializeOnLoad (179ms)
			ProcessInitializeOnLoadAttributes (903ms)
			ProcessInitializeOnLoadMethodAttributes (559ms)
			AfterProcessingInitializeOnLoad (9ms)
		AwakeInstancesAfterBackupRestoration (37ms)
Refreshing native plugins compatible for Editor in 4.23 ms, found 5 plugins.
Unloading 65 Unused Serialized files (Serialized files now loaded: 0)
Unloading 10288 unused Assets / (23.0 MB). Loaded Objects now: 11412.
Memory consumption went from 0.55 GB to 0.52 GB.
Total: 33.131500 ms (FindLiveObjects: 1.128300 ms CreateObjectMapping: 4.909600 ms MarkObjects: 19.459100 ms  DeleteObjects: 7.633300 ms)

Prepare: number of updated asset objects reloaded= 0
========================================================================
Received Prepare
AcceleratorClientConnectionCallback - disconnected - :0
Refreshing native plugins compatible for Editor in 2.92 ms, found 5 plugins.
Unloading 65 Unused Serialized files (Serialized files now loaded: 0)
Unloading 65 unused Assets / (13.7 MB). Loaded Objects now: 11412.
Memory consumption went from 0.54 GB to 0.53 GB.
Total: 17.298700 ms (FindLiveObjects: 0.555600 ms CreateObjectMapping: 1.773000 ms MarkObjects: 13.512600 ms  DeleteObjects: 1.456100 ms)

Prepare: number of updated asset objects reloaded= 0
========================================================================
Received Prepare
AcceleratorClientConnectionCallback - disconnected - :0
Begin MonoManager ReloadAssembly
Symbol file LoadedFromMemory is not a mono symbol file
Symbol file LoadedFromMemory is not a mono symbol file
Refreshing native plugins compatible for Editor in 2.24 ms, found 5 plugins.
Native extension for WindowsStandalone target not found
Native extension for WebGL target not found
[Package Manager] Failed to launch server process. Reason: Unity was launched with the -noUpm command-line argument
[Package Manager] Unable to send message (not connected to server process).
[Package Manager] Cannot connect to Unity Package Manager local server
Refreshing native plugins compatible for Editor in 2.60 ms, found 5 plugins.
[Package Manager] Failed to launch server process. Reason: Unity was launched with the -noUpm command-line argument
[Package Manager] Unable to send message (not connected to server process).
[Package Manager] Cannot connect to Unity Package Manager local server
[Licensing::Client] Error: Code 404 while processing request (status: Found 0 entitlement groups and 0 free entitlements matching requested entitlement ids)
ScheduleIndexationOnStartup MainProcess:False IndexOnStartup:True
Mono: successfully reloaded assembly
- Finished resetting the current domain, in  1.783 seconds
Domain Reload Profiling: 2614ms
	BeginReloadAssembly (282ms)
		DisableScriptedObjects (9ms)
		CreateAndSetChildDomain (102ms)
	RebuildCommonClasses (9ms)
	RebuildNativeTypeToScriptingClass (14ms)
	initialDomainReloadingComplete (85ms)
	LoadAllAssembliesAndSetupDomain (441ms)
		LoadAssemblies (365ms)
		AnalyzeDomain (19ms)
			TypeCache.Refresh (10ms)
			ResolveRequiredComponents (5ms)
	FinalizeReload (1784ms)
		SetupLoadedEditorAssemblies (0ms)
			BeforeProcessingInitializeOnLoad (138ms)
			ProcessInitializeOnLoadAttributes (821ms)
			ProcessInitializeOnLoadMethodAttributes (530ms)
			AfterProcessingInitializeOnLoad (7ms)
		AwakeInstancesAfterBackupRestoration (34ms)
Refreshing native plugins compatible for Editor in 3.57 ms, found 5 plugins.
Unloading 65 Unused Serialized files (Serialized files now loaded: 0)
Unloading 10288 unused Assets / (20.6 MB). Loaded Objects now: 11415.
Memory consumption went from 0.55 GB to 0.53 GB.
Total: 28.302200 ms (FindLiveObjects: 1.339000 ms CreateObjectMapping: 5.791600 ms MarkObjects: 14.938400 ms  DeleteObjects: 6.232200 ms)

Prepare: number of updated asset objects reloaded= 0
========================================================================
Received Prepare
AcceleratorClientConnectionCallback - disconnected - :0
[Licensing::Client] Successfully resolved entitlement details
Begin MonoManager ReloadAssembly
Symbol file LoadedFromMemory is not a mono symbol file
Symbol file LoadedFromMemory is not a mono symbol file
Refreshing native plugins compatible for Editor in 2.31 ms, found 5 plugins.
Native extension for WindowsStandalone target not found
Native extension for WebGL target not found
[Package Manager] Failed to launch server process. Reason: Unity was launched with the -noUpm command-line argument
[Package Manager] Unable to send message (not connected to server process).
[Package Manager] Cannot connect to Unity Package Manager local server
Refreshing native plugins compatible for Editor in 2.57 ms, found 5 plugins.
[Package Manager] Failed to launch server process. Reason: Unity was launched with the -noUpm command-line argument
[Package Manager] Unable to send message (not connected to server process).
[Package Manager] Cannot connect to Unity Package Manager local server
[Licensing::Client] Error: Code 404 while processing request (status: Found 0 entitlement groups and 0 free entitlements matching requested entitlement ids)
ScheduleIndexationOnStartup MainProcess:False IndexOnStartup:True
Mono: successfully reloaded assembly
- Finished resetting the current domain, in  1.877 seconds
Domain Reload Profiling: 2713ms
	BeginReloadAssembly (282ms)
		DisableScriptedObjects (25ms)
		CreateAndSetChildDomain (90ms)
	RebuildCommonClasses (8ms)
	RebuildNativeTypeToScriptingClass (15ms)
	initialDomainReloadingComplete (84ms)
	LoadAllAssembliesAndSetupDomain (445ms)
		LoadAssemblies (372ms)
		AnalyzeDomain (18ms)
			TypeCache.Refresh (9ms)
			ResolveRequiredComponents (5ms)
	FinalizeReload (1878ms)
		SetupLoadedEditorAssemblies (0ms)
			BeforeProcessingInitializeOnLoad (135ms)
			ProcessInitializeOnLoadAttributes (897ms)
			ProcessInitializeOnLoadMethodAttributes (537ms)
			AfterProcessingInitializeOnLoad (7ms)
		AwakeInstancesAfterBackupRestoration (31ms)
Refreshing native plugins compatible for Editor in 3.25 ms, found 5 plugins.
Unloading 65 Unused Serialized files (Serialized files now loaded: 0)
Unloading 10288 unused Assets / (21.3 MB). Loaded Objects now: 11418.
Memory consumption went from 0.55 GB to 0.53 GB.
Total: 29.817600 ms (FindLiveObjects: 1.245400 ms CreateObjectMapping: 5.980700 ms MarkObjects: 15.992200 ms  DeleteObjects: 6.598100 ms)

Prepare: number of updated asset objects reloaded= 0
========================================================================
Received Prepare
AcceleratorClientConnectionCallback - disconnected - :0
Refreshing native plugins compatible for Editor in 2.70 ms, found 5 plugins.
Unloading 65 Unused Serialized files (Serialized files now loaded: 0)
Unloading 10268 unused Assets / (21.1 MB). Loaded Objects now: 11418.
Memory consumption went from 0.55 GB to 0.53 GB.
Total: 25.914300 ms (FindLiveObjects: 1.009500 ms CreateObjectMapping: 5.019500 ms MarkObjects: 13.989800 ms  DeleteObjects: 5.894200 ms)

Prepare: number of updated asset objects reloaded= 0
========================================================================
Received Prepare
AcceleratorClientConnectionCallback - disconnected - :0
[Licensing::Client] Successfully resolved entitlement details
Begin MonoManager ReloadAssembly
Symbol file LoadedFromMemory is not a mono symbol file
Symbol file LoadedFromMemory is not a mono symbol file
Refreshing native plugins compatible for Editor in 2.48 ms, found 5 plugins.
Native extension for WindowsStandalone target not found
Native extension for WebGL target not found
[Package Manager] Failed to launch server process. Reason: Unity was launched with the -noUpm command-line argument
[Package Manager] Unable to send message (not connected to server process).
[Package Manager] Cannot connect to Unity Package Manager local server
Refreshing native plugins compatible for Editor in 2.47 ms, found 5 plugins.
[Package Manager] Failed to launch server process. Reason: Unity was launched with the -noUpm command-line argument
[Package Manager] Unable to send message (not connected to server process).
[Package Manager] Cannot connect to Unity Package Manager local server
[Licensing::Client] Error: Code 404 while processing request (status: Found 0 entitlement groups and 0 free entitlements matching requested entitlement ids)
ScheduleIndexationOnStartup MainProcess:False IndexOnStartup:True
Mono: successfully reloaded assembly
- Finished resetting the current domain, in  1.784 seconds
Domain Reload Profiling: 3004ms
	BeginReloadAssembly (296ms)
		DisableScriptedObjects (9ms)
		CreateAndSetChildDomain (121ms)
	RebuildCommonClasses (11ms)
	RebuildNativeTypeToScriptingClass (19ms)
	initialDomainReloadingComplete (94ms)
	LoadAllAssembliesAndSetupDomain (799ms)
		LoadAssemblies (385ms)
		AnalyzeDomain (357ms)
			TypeCache.Refresh (15ms)
			BuildScriptInfoCaches (334ms)
			ResolveRequiredComponents (7ms)
	FinalizeReload (1785ms)
		SetupLoadedEditorAssemblies (0ms)
			InitializePlatformSupportModulesInManaged (3ms)
			BeforeProcessingInitializeOnLoad (139ms)
			ProcessInitializeOnLoadAttributes (830ms)
			ProcessInitializeOnLoadMethodAttributes (502ms)
			AfterProcessingInitializeOnLoad (6ms)
		AwakeInstancesAfterBackupRestoration (25ms)
Refreshing native plugins compatible for Editor in 2.65 ms, found 5 plugins.
Unloading 65 Unused Serialized files (Serialized files now loaded: 0)
Unloading 10288 unused Assets / (23.2 MB). Loaded Objects now: 11421.
Memory consumption went from 0.56 GB to 0.54 GB.
Total: 29.115500 ms (FindLiveObjects: 1.004700 ms CreateObjectMapping: 5.136800 ms MarkObjects: 14.078900 ms  DeleteObjects: 8.893800 ms)

Prepare: number of updated asset objects reloaded= 0
========================================================================
Received Prepare
AcceleratorClientConnectionCallback - disconnected - :0
Begin MonoManager ReloadAssembly
Symbol file LoadedFromMemory is not a mono symbol file
Symbol file LoadedFromMemory is not a mono symbol file
Refreshing native plugins compatible for Editor in 2.92 ms, found 5 plugins.
Native extension for WindowsStandalone target not found
Native extension for WebGL target not found
[Package Manager] Failed to launch server process. Reason: Unity was launched with the -noUpm command-line argument
[Package Manager] Unable to send message (not connected to server process).
[Package Manager] Cannot connect to Unity Package Manager local server
Refreshing native plugins compatible for Editor in 2.60 ms, found 5 plugins.
[Package Manager] Failed to launch server process. Reason: Unity was launched with the -noUpm command-line argument
[Package Manager] Unable to send message (not connected to server process).
[Package Manager] Cannot connect to Unity Package Manager local server
[Licensing::Client] Error: Code 404 while processing request (status: Found 0 entitlement groups and 0 free entitlements matching requested entitlement ids)
ScheduleIndexationOnStartup MainProcess:False IndexOnStartup:True
Mono: successfully reloaded assembly
- Finished resetting the current domain, in  1.824 seconds
Domain Reload Profiling: 2687ms
	BeginReloadAssembly (279ms)
		DisableScriptedObjects (9ms)
		CreateAndSetChildDomain (105ms)
	RebuildCommonClasses (9ms)
	RebuildNativeTypeToScriptingClass (15ms)
	initialDomainReloadingComplete (84ms)
	LoadAllAssembliesAndSetupDomain (476ms)
		LoadAssemblies (392ms)
		AnalyzeDomain (19ms)
			TypeCache.Refresh (10ms)
			ResolveRequiredComponents (5ms)
	FinalizeReload (1825ms)
		SetupLoadedEditorAssemblies (0ms)
			BeforeProcessingInitializeOnLoad (137ms)
			ProcessInitializeOnLoadAttributes (853ms)
			ProcessInitializeOnLoadMethodAttributes (542ms)
			AfterProcessingInitializeOnLoad (7ms)
		AwakeInstancesAfterBackupRestoration (32ms)
Refreshing native plugins compatible for Editor in 3.20 ms, found 5 plugins.
Unloading 65 Unused Serialized files (Serialized files now loaded: 0)
Unloading 10288 unused Assets / (21.2 MB). Loaded Objects now: 11424.
Memory consumption went from 0.56 GB to 0.54 GB.
Total: 27.772700 ms (FindLiveObjects: 1.142100 ms CreateObjectMapping: 5.385200 ms MarkObjects: 14.773800 ms  DeleteObjects: 6.470400 ms)

Prepare: number of updated asset objects reloaded= 0
========================================================================
Received Prepare
AcceleratorClientConnectionCallback - disconnected - :0
Refreshing native plugins compatible for Editor in 2.75 ms, found 5 plugins.
Unloading 65 Unused Serialized files (Serialized files now loaded: 0)
Unloading 10268 unused Assets / (19.9 MB). Loaded Objects now: 11424.
Memory consumption went from 0.56 GB to 0.54 GB.
Total: 29.274100 ms (FindLiveObjects: 1.150300 ms CreateObjectMapping: 7.203400 ms MarkObjects: 14.960100 ms  DeleteObjects: 5.959400 ms)

Prepare: number of updated asset objects reloaded= 0
========================================================================
Received Prepare
AcceleratorClientConnectionCallback - disconnected - :0
Begin MonoManager ReloadAssembly
Symbol file LoadedFromMemory is not a mono symbol file
Symbol file LoadedFromMemory is not a mono symbol file
Refreshing native plugins compatible for Editor in 2.41 ms, found 5 plugins.
Native extension for WindowsStandalone target not found
Native extension for WebGL target not found
[Package Manager] Failed to launch server process. Reason: Unity was launched with the -noUpm command-line argument
[Package Manager] Unable to send message (not connected to server process).
[Package Manager] Cannot connect to Unity Package Manager local server
Refreshing native plugins compatible for Editor in 2.85 ms, found 5 plugins.
[Package Manager] Failed to launch server process. Reason: Unity was launched with the -noUpm command-line argument
[Package Manager] Unable to send message (not connected to server process).
[Package Manager] Cannot connect to Unity Package Manager local server
[Licensing::Client] Error: Code 404 while processing request (status: Found 0 entitlement groups and 0 free entitlements matching requested entitlement ids)
ScheduleIndexationOnStartup MainProcess:False IndexOnStartup:True
Mono: successfully reloaded assembly
- Finished resetting the current domain, in  1.790 seconds
Domain Reload Profiling: 3223ms
	BeginReloadAssembly (335ms)
		DisableScriptedObjects (11ms)
		CreateAndSetChildDomain (115ms)
	RebuildCommonClasses (14ms)
	RebuildNativeTypeToScriptingClass (20ms)
	initialDomainReloadingComplete (101ms)
	LoadAllAssembliesAndSetupDomain (961ms)
		LoadAssemblies (451ms)
		AnalyzeDomain (439ms)
			TypeCache.Refresh (13ms)
			BuildScriptInfoCaches (416ms)
			ResolveRequiredComponents (7ms)
	FinalizeReload (1791ms)
		SetupLoadedEditorAssemblies (0ms)
			BeforeProcessingInitializeOnLoad (144ms)
			ProcessInitializeOnLoadAttributes (853ms)
			ProcessInitializeOnLoadMethodAttributes (485ms)
			AfterProcessingInitializeOnLoad (5ms)
		AwakeInstancesAfterBackupRestoration (25ms)
Refreshing native plugins compatible for Editor in 3.03 ms, found 5 plugins.
Unloading 65 Unused Serialized files (Serialized files now loaded: 0)
Unloading 10288 unused Assets / (20.9 MB). Loaded Objects now: 11427.
Memory consumption went from 0.57 GB to 0.55 GB.
Total: 23.360800 ms (FindLiveObjects: 0.970600 ms CreateObjectMapping: 4.518500 ms MarkObjects: 12.745900 ms  DeleteObjects: 5.123500 ms)

Prepare: number of updated asset objects reloaded= 0
========================================================================
Received Prepare
AcceleratorClientConnectionCallback - disconnected - :0
Begin MonoManager ReloadAssembly
Symbol file LoadedFromMemory is not a mono symbol file
Symbol file LoadedFromMemory is not a mono symbol file
Refreshing native plugins compatible for Editor in 2.61 ms, found 5 plugins.
Native extension for WindowsStandalone target not found
Native extension for WebGL target not found
[Package Manager] Failed to launch server process. Reason: Unity was launched with the -noUpm command-line argument
[Package Manager] Unable to send message (not connected to server process).
[Package Manager] Cannot connect to Unity Package Manager local server
Refreshing native plugins compatible for Editor in 2.74 ms, found 5 plugins.
[Package Manager] Failed to launch server process. Reason: Unity was launched with the -noUpm command-line argument
[Package Manager] Unable to send message (not connected to server process).
[Package Manager] Cannot connect to Unity Package Manager local server
[Licensing::Client] Error: Code 404 while processing request (status: Found 0 entitlement groups and 0 free entitlements matching requested entitlement ids)
ScheduleIndexationOnStartup MainProcess:False IndexOnStartup:True
Mono: successfully reloaded assembly
- Finished resetting the current domain, in  1.900 seconds
Domain Reload Profiling: 2754ms
	BeginReloadAssembly (277ms)
		DisableScriptedObjects (9ms)
		CreateAndSetChildDomain (98ms)
	RebuildCommonClasses (9ms)
	RebuildNativeTypeToScriptingClass (14ms)
	initialDomainReloadingComplete (90ms)
	LoadAllAssembliesAndSetupDomain (462ms)
		LoadAssemblies (389ms)
		AnalyzeDomain (19ms)
			TypeCache.Refresh (10ms)
			ResolveRequiredComponents (5ms)
	FinalizeReload (1901ms)
		SetupLoadedEditorAssemblies (0ms)
			BeforeProcessingInitializeOnLoad (140ms)
			ProcessInitializeOnLoadAttributes (906ms)
			ProcessInitializeOnLoadMethodAttributes (548ms)
			AfterProcessingInitializeOnLoad (5ms)
		AwakeInstancesAfterBackupRestoration (31ms)
Refreshing native plugins compatible for Editor in 3.07 ms, found 5 plugins.
Unloading 65 Unused Serialized files (Serialized files now loaded: 0)
Unloading 10288 unused Assets / (20.8 MB). Loaded Objects now: 11430.
Memory consumption went from 0.57 GB to 0.55 GB.
Total: 28.188300 ms (FindLiveObjects: 1.207300 ms CreateObjectMapping: 4.960600 ms MarkObjects: 15.242100 ms  DeleteObjects: 6.777400 ms)

Prepare: number of updated asset objects reloaded= 0
========================================================================
Received Prepare
AcceleratorClientConnectionCallback - disconnected - :0
Refreshing native plugins compatible for Editor in 2.54 ms, found 5 plugins.
Unloading 65 Unused Serialized files (Serialized files now loaded: 0)
Unloading 10268 unused Assets / (23.7 MB). Loaded Objects now: 11430.
Memory consumption went from 0.57 GB to 0.55 GB.
Total: 33.745100 ms (FindLiveObjects: 1.171800 ms CreateObjectMapping: 5.712700 ms MarkObjects: 19.051800 ms  DeleteObjects: 7.807800 ms)

Prepare: number of updated asset objects reloaded= 0
========================================================================
Received Prepare
AcceleratorClientConnectionCallback - disconnected - :0
[Licensing::Client] Successfully resolved entitlement details
Begin MonoManager ReloadAssembly
Symbol file LoadedFromMemory is not a mono symbol file
Symbol file LoadedFromMemory is not a mono symbol file
Refreshing native plugins compatible for Editor in 2.38 ms, found 5 plugins.
Native extension for WindowsStandalone target not found
Native extension for WebGL target not found
[Package Manager] Failed to launch server process. Reason: Unity was launched with the -noUpm command-line argument
[Package Manager] Unable to send message (not connected to server process).
[Package Manager] Cannot connect to Unity Package Manager local server
Refreshing native plugins compatible for Editor in 2.72 ms, found 5 plugins.
[Package Manager] Failed to launch server process. Reason: Unity was launched with the -noUpm command-line argument
[Package Manager] Unable to send message (not connected to server process).
[Package Manager] Cannot connect to Unity Package Manager local server
[Licensing::Client] Error: Code 404 while processing request (status: Found 0 entitlement groups and 0 free entitlements matching requested entitlement ids)
ScheduleIndexationOnStartup MainProcess:False IndexOnStartup:True
Mono: successfully reloaded assembly
- Finished resetting the current domain, in  1.975 seconds
Domain Reload Profiling: 3329ms
	BeginReloadAssembly (316ms)
		DisableScriptedObjects (10ms)
		CreateAndSetChildDomain (113ms)
	RebuildCommonClasses (9ms)
	RebuildNativeTypeToScriptingClass (15ms)
	initialDomainReloadingComplete (100ms)
	LoadAllAssembliesAndSetupDomain (913ms)
		LoadAssemblies (434ms)
		AnalyzeDomain (378ms)
			TypeCache.Refresh (14ms)
			BuildScriptInfoCaches (357ms)
			ResolveRequiredComponents (6ms)
	FinalizeReload (1976ms)
		SetupLoadedEditorAssemblies (0ms)
			InitializePlatformSupportModulesInManaged (3ms)
			BeforeProcessingInitializeOnLoad (152ms)
			ProcessInitializeOnLoadAttributes (933ms)
			ProcessInitializeOnLoadMethodAttributes (548ms)
			AfterProcessingInitializeOnLoad (7ms)
		AwakeInstancesAfterBackupRestoration (28ms)
Refreshing native plugins compatible for Editor in 2.57 ms, found 5 plugins.
Unloading 65 Unused Serialized files (Serialized files now loaded: 0)
Unloading 10288 unused Assets / (20.9 MB). Loaded Objects now: 11433.
Memory consumption went from 0.58 GB to 0.56 GB.
Total: 25.348300 ms (FindLiveObjects: 1.060100 ms CreateObjectMapping: 4.771700 ms MarkObjects: 14.021600 ms  DeleteObjects: 5.493900 ms)

Prepare: number of updated asset objects reloaded= 0
========================================================================
Received Prepare
AcceleratorClientConnectionCallback - disconnected - :0
Begin MonoManager ReloadAssembly
Symbol file LoadedFromMemory is not a mono symbol file
Symbol file LoadedFromMemory is not a mono symbol file
Refreshing native plugins compatible for Editor in 2.72 ms, found 5 plugins.
Native extension for WindowsStandalone target not found
Native extension for WebGL target not found
[Package Manager] Failed to launch server process. Reason: Unity was launched with the -noUpm command-line argument
[Package Manager] Unable to send message (not connected to server process).
[Package Manager] Cannot connect to Unity Package Manager local server
Refreshing native plugins compatible for Editor in 2.85 ms, found 5 plugins.
[Package Manager] Failed to launch server process. Reason: Unity was launched with the -noUpm command-line argument
[Package Manager] Unable to send message (not connected to server process).
[Package Manager] Cannot connect to Unity Package Manager local server
[Licensing::Client] Error: Code 404 while processing request (status: Found 0 entitlement groups and 0 free entitlements matching requested entitlement ids)
ScheduleIndexationOnStartup MainProcess:False IndexOnStartup:True
Mono: successfully reloaded assembly
- Finished resetting the current domain, in  1.876 seconds
Domain Reload Profiling: 2757ms
	BeginReloadAssembly (298ms)
		DisableScriptedObjects (30ms)
		CreateAndSetChildDomain (96ms)
	RebuildCommonClasses (9ms)
	RebuildNativeTypeToScriptingClass (14ms)
	initialDomainReloadingComplete (94ms)
	LoadAllAssembliesAndSetupDomain (465ms)
		LoadAssemblies (377ms)
		AnalyzeDomain (22ms)
			TypeCache.Refresh (9ms)
			ResolveRequiredComponents (7ms)
	FinalizeReload (1878ms)
		SetupLoadedEditorAssemblies (0ms)
			BeforeProcessingInitializeOnLoad (133ms)
			ProcessInitializeOnLoadAttributes (910ms)
			ProcessInitializeOnLoadMethodAttributes (544ms)
			AfterProcessingInitializeOnLoad (6ms)
		AwakeInstancesAfterBackupRestoration (32ms)
Refreshing native plugins compatible for Editor in 2.63 ms, found 5 plugins.
Unloading 65 Unused Serialized files (Serialized files now loaded: 0)
Unloading 10288 unused Assets / (22.7 MB). Loaded Objects now: 11436.
Memory consumption went from 0.58 GB to 0.56 GB.
Total: 30.229600 ms (FindLiveObjects: 1.174900 ms CreateObjectMapping: 5.572800 ms MarkObjects: 15.834600 ms  DeleteObjects: 7.646100 ms)

Prepare: number of updated asset objects reloaded= 0
========================================================================
Received Prepare
AcceleratorClientConnectionCallback - disconnected - :0
Refreshing native plugins compatible for Editor in 3.42 ms, found 5 plugins.
Unloading 65 Unused Serialized files (Serialized files now loaded: 0)
Unloading 10268 unused Assets / (20.3 MB). Loaded Objects now: 11436.
Memory consumption went from 0.58 GB to 0.56 GB.
Total: 27.882900 ms (FindLiveObjects: 1.314000 ms CreateObjectMapping: 6.198600 ms MarkObjects: 13.948100 ms  DeleteObjects: 6.420900 ms)

Prepare: number of updated asset objects reloaded= 0
========================================================================
Received Prepare
AcceleratorClientConnectionCallback - disconnected - :0
Begin MonoManager ReloadAssembly
Symbol file LoadedFromMemory is not a mono symbol file
Symbol file LoadedFromMemory is not a mono symbol file
Refreshing native plugins compatible for Editor in 3.00 ms, found 5 plugins.
Native extension for WindowsStandalone target not found
Native extension for WebGL target not found
[Package Manager] Failed to launch server process. Reason: Unity was launched with the -noUpm command-line argument
[Package Manager] Unable to send message (not connected to server process).
[Package Manager] Cannot connect to Unity Package Manager local server
Refreshing native plugins compatible for Editor in 2.63 ms, found 5 plugins.
[Package Manager] Failed to launch server process. Reason: Unity was launched with the -noUpm command-line argument
[Package Manager] Unable to send message (not connected to server process).
[Package Manager] Cannot connect to Unity Package Manager local server
[Licensing::Client] Error: Code 404 while processing request (status: Found 0 entitlement groups and 0 free entitlements matching requested entitlement ids)
ScheduleIndexationOnStartup MainProcess:False IndexOnStartup:True
Mono: successfully reloaded assembly
- Finished resetting the current domain, in  1.784 seconds
Domain Reload Profiling: 3225ms
	BeginReloadAssembly (337ms)
		DisableScriptedObjects (12ms)
		CreateAndSetChildDomain (115ms)
	RebuildCommonClasses (16ms)
	RebuildNativeTypeToScriptingClass (26ms)
	initialDomainReloadingComplete (109ms)
	LoadAllAssembliesAndSetupDomain (953ms)
		LoadAssemblies (430ms)
		AnalyzeDomain (440ms)
			TypeCache.Refresh (15ms)
			BuildScriptInfoCaches (415ms)
			ResolveRequiredComponents (7ms)
	FinalizeReload (1785ms)
		SetupLoadedEditorAssemblies (0ms)
			BeforeProcessingInitializeOnLoad (142ms)
			ProcessInitializeOnLoadAttributes (863ms)
			ProcessInitializeOnLoadMethodAttributes (481ms)
			AfterProcessingInitializeOnLoad (6ms)
		AwakeInstancesAfterBackupRestoration (24ms)
Refreshing native plugins compatible for Editor in 3.44 ms, found 5 plugins.
Unloading 65 Unused Serialized files (Serialized files now loaded: 0)
Unloading 10288 unused Assets / (20.9 MB). Loaded Objects now: 11439.
Memory consumption went from 0.59 GB to 0.57 GB.
Total: 26.634000 ms (FindLiveObjects: 1.038800 ms CreateObjectMapping: 4.601000 ms MarkObjects: 14.469700 ms  DeleteObjects: 6.523100 ms)

Prepare: number of updated asset objects reloaded= 0
========================================================================
Received Prepare
AcceleratorClientConnectionCallback - disconnected - :0
Begin MonoManager ReloadAssembly
Symbol file LoadedFromMemory is not a mono symbol file
Symbol file LoadedFromMemory is not a mono symbol file
Refreshing native plugins compatible for Editor in 2.35 ms, found 5 plugins.
Native extension for WindowsStandalone target not found
Native extension for WebGL target not found
[Package Manager] Failed to launch server process. Reason: Unity was launched with the -noUpm command-line argument
[Package Manager] Unable to send message (not connected to server process).
[Package Manager] Cannot connect to Unity Package Manager local server
Refreshing native plugins compatible for Editor in 2.80 ms, found 5 plugins.
[Package Manager] Failed to launch server process. Reason: Unity was launched with the -noUpm command-line argument
[Package Manager] Unable to send message (not connected to server process).
[Package Manager] Cannot connect to Unity Package Manager local server
[Licensing::Client] Error: Code 404 while processing request (status: Found 0 entitlement groups and 0 free entitlements matching requested entitlement ids)
ScheduleIndexationOnStartup MainProcess:False IndexOnStartup:True
Mono: successfully reloaded assembly
- Finished resetting the current domain, in  1.843 seconds
Domain Reload Profiling: 2657ms
	BeginReloadAssembly (260ms)
		DisableScriptedObjects (9ms)
		CreateAndSetChildDomain (91ms)
	RebuildCommonClasses (9ms)
	RebuildNativeTypeToScriptingClass (15ms)
	initialDomainReloadingComplete (80ms)
	LoadAllAssembliesAndSetupDomain (449ms)
		LoadAssemblies (363ms)
		AnalyzeDomain (21ms)
			TypeCache.Refresh (11ms)
			ResolveRequiredComponents (6ms)
	FinalizeReload (1844ms)
		SetupLoadedEditorAssemblies (0ms)
			InitializePlatformSupportModulesInManaged (3ms)
			BeforeProcessingInitializeOnLoad (137ms)
			ProcessInitializeOnLoadAttributes (859ms)
			ProcessInitializeOnLoadMethodAttributes (530ms)
			AfterProcessingInitializeOnLoad (7ms)
		AwakeInstancesAfterBackupRestoration (41ms)
Refreshing native plugins compatible for Editor in 2.85 ms, found 5 plugins.
Unloading 65 Unused Serialized files (Serialized files now loaded: 0)
Unloading 10288 unused Assets / (21.2 MB). Loaded Objects now: 11442.
Memory consumption went from 0.59 GB to 0.57 GB.
Total: 27.399900 ms (FindLiveObjects: 1.003000 ms CreateObjectMapping: 4.270300 ms MarkObjects: 15.162200 ms  DeleteObjects: 6.962700 ms)

Prepare: number of updated asset objects reloaded= 0
========================================================================
Received Prepare
AcceleratorClientConnectionCallback - disconnected - :0
Refreshing native plugins compatible for Editor in 3.22 ms, found 5 plugins.
Unloading 65 Unused Serialized files (Serialized files now loaded: 0)
Unloading 10268 unused Assets / (20.1 MB). Loaded Objects now: 11442.
Memory consumption went from 0.59 GB to 0.57 GB.
Total: 27.954500 ms (FindLiveObjects: 1.139400 ms CreateObjectMapping: 5.025700 ms MarkObjects: 16.915200 ms  DeleteObjects: 4.873200 ms)

Prepare: number of updated asset objects reloaded= 0
========================================================================
Received Prepare
AcceleratorClientConnectionCallback - disconnected - :0
[Licensing::Client] Successfully resolved entitlement details
Begin MonoManager ReloadAssembly
Symbol file LoadedFromMemory is not a mono symbol file
Symbol file LoadedFromMemory is not a mono symbol file
Refreshing native plugins compatible for Editor in 2.52 ms, found 5 plugins.
Native extension for WindowsStandalone target not found
Native extension for WebGL target not found
[Package Manager] Failed to launch server process. Reason: Unity was launched with the -noUpm command-line argument
[Package Manager] Unable to send message (not connected to server process).
[Package Manager] Cannot connect to Unity Package Manager local server
Refreshing native plugins compatible for Editor in 2.65 ms, found 5 plugins.
[Package Manager] Failed to launch server process. Reason: Unity was launched with the -noUpm command-line argument
[Package Manager] Unable to send message (not connected to server process).
[Package Manager] Cannot connect to Unity Package Manager local server
[Licensing::Client] Error: Code 404 while processing request (status: Found 0 entitlement groups and 0 free entitlements matching requested entitlement ids)
ScheduleIndexationOnStartup MainProcess:False IndexOnStartup:True
Mono: successfully reloaded assembly
- Finished resetting the current domain, in  1.820 seconds
Domain Reload Profiling: 3244ms
	BeginReloadAssembly (332ms)
		DisableScriptedObjects (10ms)
		CreateAndSetChildDomain (102ms)
	RebuildCommonClasses (12ms)
	RebuildNativeTypeToScriptingClass (16ms)
	initialDomainReloadingComplete (91ms)
	LoadAllAssembliesAndSetupDomain (973ms)
		LoadAssemblies (451ms)
		AnalyzeDomain (450ms)
			TypeCache.Refresh (14ms)
			BuildScriptInfoCaches (426ms)
			ResolveRequiredComponents (7ms)
	FinalizeReload (1821ms)
		SetupLoadedEditorAssemblies (0ms)
			InitializePlatformSupportModulesInManaged (3ms)
			BeforeProcessingInitializeOnLoad (140ms)
			ProcessInitializeOnLoadAttributes (865ms)
			ProcessInitializeOnLoadMethodAttributes (503ms)
			AfterProcessingInitializeOnLoad (5ms)
		AwakeInstancesAfterBackupRestoration (30ms)
Refreshing native plugins compatible for Editor in 2.58 ms, found 5 plugins.
Unloading 65 Unused Serialized files (Serialized files now loaded: 0)
Unloading 10288 unused Assets / (21.0 MB). Loaded Objects now: 11445.
Memory consumption went from 0.60 GB to 0.58 GB.
Total: 23.808000 ms (FindLiveObjects: 0.941600 ms CreateObjectMapping: 4.255600 ms MarkObjects: 13.163800 ms  DeleteObjects: 5.445200 ms)

Prepare: number of updated asset objects reloaded= 0
========================================================================
Received Prepare
AcceleratorClientConnectionCallback - disconnected - :0
Begin MonoManager ReloadAssembly
Symbol file LoadedFromMemory is not a mono symbol file
Symbol file LoadedFromMemory is not a mono symbol file
Refreshing native plugins compatible for Editor in 2.25 ms, found 5 plugins.
Native extension for WindowsStandalone target not found
Native extension for WebGL target not found
[Package Manager] Failed to launch server process. Reason: Unity was launched with the -noUpm command-line argument
[Package Manager] Unable to send message (not connected to server process).
[Package Manager] Cannot connect to Unity Package Manager local server
Refreshing native plugins compatible for Editor in 4.26 ms, found 5 plugins.
[Package Manager] Failed to launch server process. Reason: Unity was launched with the -noUpm command-line argument
[Package Manager] Unable to send message (not connected to server process).
[Package Manager] Cannot connect to Unity Package Manager local server
[Licensing::Client] Error: Code 404 while processing request (status: Found 0 entitlement groups and 0 free entitlements matching requested entitlement ids)
ScheduleIndexationOnStartup MainProcess:False IndexOnStartup:True
Mono: successfully reloaded assembly
- Finished resetting the current domain, in  1.927 seconds
Domain Reload Profiling: 2792ms
	BeginReloadAssembly (297ms)
		DisableScriptedObjects (9ms)
		CreateAndSetChildDomain (102ms)
	RebuildCommonClasses (9ms)
	RebuildNativeTypeToScriptingClass (15ms)
	initialDomainReloadingComplete (84ms)
	LoadAllAssembliesAndSetupDomain (460ms)
		LoadAssemblies (386ms)
		AnalyzeDomain (19ms)
			TypeCache.Refresh (10ms)
			ResolveRequiredComponents (5ms)
	FinalizeReload (1928ms)
		SetupLoadedEditorAssemblies (0ms)
			BeforeProcessingInitializeOnLoad (148ms)
			ProcessInitializeOnLoadAttributes (931ms)
			ProcessInitializeOnLoadMethodAttributes (547ms)
			AfterProcessingInitializeOnLoad (6ms)
		AwakeInstancesAfterBackupRestoration (33ms)
Refreshing native plugins compatible for Editor in 3.26 ms, found 5 plugins.
Unloading 65 Unused Serialized files (Serialized files now loaded: 0)
Unloading 10288 unused Assets / (21.5 MB). Loaded Objects now: 11448.
Memory consumption went from 0.60 GB to 0.58 GB.
Total: 27.209100 ms (FindLiveObjects: 1.117600 ms CreateObjectMapping: 5.252600 ms MarkObjects: 14.552400 ms  DeleteObjects: 6.285400 ms)

Prepare: number of updated asset objects reloaded= 0
========================================================================
Received Prepare
AcceleratorClientConnectionCallback - disconnected - :0
Refreshing native plugins compatible for Editor in 2.48 ms, found 5 plugins.
Unloading 65 Unused Serialized files (Serialized files now loaded: 0)
Unloading 10268 unused Assets / (20.9 MB). Loaded Objects now: 11448.
Memory consumption went from 0.60 GB to 0.58 GB.
Total: 24.501100 ms (FindLiveObjects: 1.090400 ms CreateObjectMapping: 5.080700 ms MarkObjects: 13.313900 ms  DeleteObjects: 5.014700 ms)

Prepare: number of updated asset objects reloaded= 0
========================================================================
Received Prepare
AcceleratorClientConnectionCallback - disconnected - :0
Begin MonoManager ReloadAssembly
Symbol file LoadedFromMemory is not a mono symbol file
Symbol file LoadedFromMemory is not a mono symbol file
Refreshing native plugins compatible for Editor in 2.32 ms, found 5 plugins.
Native extension for WindowsStandalone target not found
Native extension for WebGL target not found
[Package Manager] Failed to launch server process. Reason: Unity was launched with the -noUpm command-line argument
[Package Manager] Unable to send message (not connected to server process).
[Package Manager] Cannot connect to Unity Package Manager local server
Refreshing native plugins compatible for Editor in 2.98 ms, found 5 plugins.
[Package Manager] Failed to launch server process. Reason: Unity was launched with the -noUpm command-line argument
[Package Manager] Unable to send message (not connected to server process).
[Package Manager] Cannot connect to Unity Package Manager local server
[Licensing::Client] Error: Code 404 while processing request (status: Found 0 entitlement groups and 0 free entitlements matching requested entitlement ids)
ScheduleIndexationOnStartup MainProcess:False IndexOnStartup:True
Mono: successfully reloaded assembly
- Finished resetting the current domain, in  1.787 seconds
Domain Reload Profiling: 3001ms
	BeginReloadAssembly (306ms)
		DisableScriptedObjects (9ms)
		CreateAndSetChildDomain (129ms)
	RebuildCommonClasses (10ms)
	RebuildNativeTypeToScriptingClass (16ms)
	initialDomainReloadingComplete (87ms)
	LoadAllAssembliesAndSetupDomain (794ms)
		LoadAssemblies (386ms)
		AnalyzeDomain (349ms)
			TypeCache.Refresh (13ms)
			BuildScriptInfoCaches (329ms)
			ResolveRequiredComponents (4ms)
	FinalizeReload (1788ms)
		SetupLoadedEditorAssemblies (0ms)
			BeforeProcessingInitializeOnLoad (147ms)
			ProcessInitializeOnLoadAttributes (843ms)
			ProcessInitializeOnLoadMethodAttributes (485ms)
			AfterProcessingInitializeOnLoad (6ms)
		AwakeInstancesAfterBackupRestoration (28ms)
Refreshing native plugins compatible for Editor in 3.02 ms, found 5 plugins.
Unloading 65 Unused Serialized files (Serialized files now loaded: 0)
Unloading 10288 unused Assets / (20.8 MB). Loaded Objects now: 11451.
Memory consumption went from 0.61 GB to 0.59 GB.
Total: 25.085800 ms (FindLiveObjects: 0.993500 ms CreateObjectMapping: 4.686100 ms MarkObjects: 14.205500 ms  DeleteObjects: 5.199600 ms)

Prepare: number of updated asset objects reloaded= 0
========================================================================
Received Prepare
AcceleratorClientConnectionCallback - disconnected - :0
Begin MonoManager ReloadAssembly
Symbol file LoadedFromMemory is not a mono symbol file
Symbol file LoadedFromMemory is not a mono symbol file
Refreshing native plugins compatible for Editor in 2.40 ms, found 5 plugins.
Native extension for WindowsStandalone target not found
Native extension for WebGL target not found
[Package Manager] Failed to launch server process. Reason: Unity was launched with the -noUpm command-line argument
[Package Manager] Unable to send message (not connected to server process).
[Package Manager] Cannot connect to Unity Package Manager local server
Refreshing native plugins compatible for Editor in 2.48 ms, found 5 plugins.
[Package Manager] Failed to launch server process. Reason: Unity was launched with the -noUpm command-line argument
[Package Manager] Unable to send message (not connected to server process).
[Package Manager] Cannot connect to Unity Package Manager local server
[Licensing::Client] Error: Code 404 while processing request (status: Found 0 entitlement groups and 0 free entitlements matching requested entitlement ids)
ScheduleIndexationOnStartup MainProcess:False IndexOnStartup:True
Mono: successfully reloaded assembly
- Finished resetting the current domain, in  1.980 seconds
Domain Reload Profiling: 2807ms
	BeginReloadAssembly (266ms)
		DisableScriptedObjects (9ms)
		CreateAndSetChildDomain (96ms)
	RebuildCommonClasses (9ms)
	RebuildNativeTypeToScriptingClass (15ms)
	initialDomainReloadingComplete (84ms)
	LoadAllAssembliesAndSetupDomain (452ms)
		LoadAssemblies (369ms)
		AnalyzeDomain (19ms)
			TypeCache.Refresh (10ms)
			ResolveRequiredComponents (5ms)
	FinalizeReload (1981ms)
		SetupLoadedEditorAssemblies (0ms)
			BeforeProcessingInitializeOnLoad (140ms)
			ProcessInitializeOnLoadAttributes (967ms)
			ProcessInitializeOnLoadMethodAttributes (551ms)
			AfterProcessingInitializeOnLoad (7ms)
		AwakeInstancesAfterBackupRestoration (33ms)
Refreshing native plugins compatible for Editor in 2.61 ms, found 5 plugins.
Unloading 65 Unused Serialized files (Serialized files now loaded: 0)
Unloading 10288 unused Assets / (20.4 MB). Loaded Objects now: 11454.
Memory consumption went from 0.61 GB to 0.59 GB.
Total: 28.481700 ms (FindLiveObjects: 1.221200 ms CreateObjectMapping: 5.674100 ms MarkObjects: 14.900100 ms  DeleteObjects: 6.685400 ms)

Prepare: number of updated asset objects reloaded= 0
========================================================================
Received Prepare
AcceleratorClientConnectionCallback - disconnected - :0
Refreshing native plugins compatible for Editor in 3.78 ms, found 5 plugins.
Unloading 65 Unused Serialized files (Serialized files now loaded: 0)
Unloading 10268 unused Assets / (20.4 MB). Loaded Objects now: 11454.
Memory consumption went from 0.61 GB to 0.59 GB.
Total: 32.737500 ms (FindLiveObjects: 1.298800 ms CreateObjectMapping: 5.336900 ms MarkObjects: 19.147900 ms  DeleteObjects: 6.952000 ms)

Prepare: number of updated asset objects reloaded= 0
========================================================================
Received Prepare
AcceleratorClientConnectionCallback - disconnected - :0
[Licensing::Client] Successfully resolved entitlement details
Begin MonoManager ReloadAssembly
Symbol file LoadedFromMemory is not a mono symbol file
Symbol file LoadedFromMemory is not a mono symbol file
Refreshing native plugins compatible for Editor in 3.20 ms, found 5 plugins.
Native extension for WindowsStandalone target not found
Native extension for WebGL target not found
[Package Manager] Failed to launch server process. Reason: Unity was launched with the -noUpm command-line argument
[Package Manager] Unable to send message (not connected to server process).
[Package Manager] Cannot connect to Unity Package Manager local server
Refreshing native plugins compatible for Editor in 2.64 ms, found 5 plugins.
[Package Manager] Failed to launch server process. Reason: Unity was launched with the -noUpm command-line argument
[Package Manager] Unable to send message (not connected to server process).
[Package Manager] Cannot connect to Unity Package Manager local server
[Licensing::Client] Error: Code 404 while processing request (status: Found 0 entitlement groups and 0 free entitlements matching requested entitlement ids)
ScheduleIndexationOnStartup MainProcess:False IndexOnStartup:True
Mono: successfully reloaded assembly
- Finished resetting the current domain, in  1.920 seconds
Domain Reload Profiling: 3325ms
	BeginReloadAssembly (338ms)
		DisableScriptedObjects (13ms)
		CreateAndSetChildDomain (123ms)
	RebuildCommonClasses (12ms)
	RebuildNativeTypeToScriptingClass (25ms)
	initialDomainReloadingComplete (99ms)
	LoadAllAssembliesAndSetupDomain (930ms)
		LoadAssemblies (452ms)
		AnalyzeDomain (404ms)
			TypeCache.Refresh (18ms)
			BuildScriptInfoCaches (379ms)
			ResolveRequiredComponents (5ms)
	FinalizeReload (1922ms)
		SetupLoadedEditorAssemblies (0ms)
			BeforeProcessingInitializeOnLoad (154ms)
			ProcessInitializeOnLoadAttributes (902ms)
			ProcessInitializeOnLoadMethodAttributes (510ms)
			AfterProcessingInitializeOnLoad (6ms)
		AwakeInstancesAfterBackupRestoration (29ms)
Refreshing native plugins compatible for Editor in 2.28 ms, found 5 plugins.
Unloading 65 Unused Serialized files (Serialized files now loaded: 0)
Unloading 10288 unused Assets / (20.6 MB). Loaded Objects now: 11457.
Memory consumption went from 0.62 GB to 0.60 GB.
Total: 24.002000 ms (FindLiveObjects: 1.014300 ms CreateObjectMapping: 4.668100 ms MarkObjects: 13.336900 ms  DeleteObjects: 4.981900 ms)

Prepare: number of updated asset objects reloaded= 0
========================================================================
Received Prepare
AcceleratorClientConnectionCallback - disconnected - :0
Begin MonoManager ReloadAssembly
Symbol file LoadedFromMemory is not a mono symbol file
Symbol file LoadedFromMemory is not a mono symbol file
Refreshing native plugins compatible for Editor in 2.14 ms, found 5 plugins.
Native extension for WindowsStandalone target not found
Native extension for WebGL target not found
[Package Manager] Failed to launch server process. Reason: Unity was launched with the -noUpm command-line argument
[Package Manager] Unable to send message (not connected to server process).
[Package Manager] Cannot connect to Unity Package Manager local server
Refreshing native plugins compatible for Editor in 3.07 ms, found 5 plugins.
[Package Manager] Failed to launch server process. Reason: Unity was launched with the -noUpm command-line argument
[Package Manager] Unable to send message (not connected to server process).
[Package Manager] Cannot connect to Unity Package Manager local server
[Licensing::Client] Error: Code 404 while processing request (status: Found 0 entitlement groups and 0 free entitlements matching requested entitlement ids)
ScheduleIndexationOnStartup MainProcess:False IndexOnStartup:True
Mono: successfully reloaded assembly
- Finished resetting the current domain, in  1.873 seconds
Domain Reload Profiling: 2712ms
	BeginReloadAssembly (261ms)
		DisableScriptedObjects (9ms)
		CreateAndSetChildDomain (94ms)
	RebuildCommonClasses (9ms)
	RebuildNativeTypeToScriptingClass (16ms)
	initialDomainReloadingComplete (90ms)
	LoadAllAssembliesAndSetupDomain (463ms)
		LoadAssemblies (368ms)
		AnalyzeDomain (25ms)
			TypeCache.Refresh (12ms)
			ResolveRequiredComponents (6ms)
	FinalizeReload (1874ms)
		SetupLoadedEditorAssemblies (0ms)
			BeforeProcessingInitializeOnLoad (147ms)
			ProcessInitializeOnLoadAttributes (872ms)
			ProcessInitializeOnLoadMethodAttributes (543ms)
			AfterProcessingInitializeOnLoad (6ms)
		AwakeInstancesAfterBackupRestoration (33ms)
Refreshing native plugins compatible for Editor in 2.66 ms, found 5 plugins.
Unloading 65 Unused Serialized files (Serialized files now loaded: 0)
Unloading 10288 unused Assets / (20.6 MB). Loaded Objects now: 11460.
Memory consumption went from 0.62 GB to 0.60 GB.
Total: 27.429900 ms (FindLiveObjects: 1.457800 ms CreateObjectMapping: 5.816200 ms MarkObjects: 13.629900 ms  DeleteObjects: 6.525000 ms)

Prepare: number of updated asset objects reloaded= 0
========================================================================
Received Prepare
AcceleratorClientConnectionCallback - disconnected - :0
Refreshing native plugins compatible for Editor in 3.45 ms, found 5 plugins.
Unloading 65 Unused Serialized files (Serialized files now loaded: 0)
Unloading 10268 unused Assets / (19.1 MB). Loaded Objects now: 11460.
Memory consumption went from 0.62 GB to 0.60 GB.
Total: 29.562100 ms (FindLiveObjects: 1.023800 ms CreateObjectMapping: 4.373500 ms MarkObjects: 17.849200 ms  DeleteObjects: 6.314600 ms)

Prepare: number of updated asset objects reloaded= 0
========================================================================
Received Prepare
AcceleratorClientConnectionCallback - disconnected - :0
Begin MonoManager ReloadAssembly
Symbol file LoadedFromMemory is not a mono symbol file
Symbol file LoadedFromMemory is not a mono symbol file
Refreshing native plugins compatible for Editor in 4.08 ms, found 5 plugins.
Native extension for WindowsStandalone target not found
Native extension for WebGL target not found
[Package Manager] Failed to launch server process. Reason: Unity was launched with the -noUpm command-line argument
[Package Manager] Unable to send message (not connected to server process).
[Package Manager] Cannot connect to Unity Package Manager local server
Refreshing native plugins compatible for Editor in 2.85 ms, found 5 plugins.
[Package Manager] Failed to launch server process. Reason: Unity was launched with the -noUpm command-line argument
[Package Manager] Unable to send message (not connected to server process).
[Package Manager] Cannot connect to Unity Package Manager local server
[Licensing::Client] Error: Code 404 while processing request (status: Found 0 entitlement groups and 0 free entitlements matching requested entitlement ids)
ScheduleIndexationOnStartup MainProcess:False IndexOnStartup:True
Mono: successfully reloaded assembly
- Finished resetting the current domain, in  2.123 seconds
Domain Reload Profiling: 3615ms
	BeginReloadAssembly (382ms)
		DisableScriptedObjects (10ms)
		CreateAndSetChildDomain (136ms)
	RebuildCommonClasses (14ms)
	RebuildNativeTypeToScriptingClass (25ms)
	initialDomainReloadingComplete (109ms)
	LoadAllAssembliesAndSetupDomain (962ms)
		LoadAssemblies (481ms)
		AnalyzeDomain (416ms)
			TypeCache.Refresh (20ms)
			BuildScriptInfoCaches (389ms)
			ResolveRequiredComponents (5ms)
	FinalizeReload (2124ms)
		SetupLoadedEditorAssemblies (0ms)
			InitializePlatformSupportModulesInManaged (3ms)
			BeforeProcessingInitializeOnLoad (170ms)
			ProcessInitializeOnLoadAttributes (995ms)
			ProcessInitializeOnLoadMethodAttributes (592ms)
			AfterProcessingInitializeOnLoad (8ms)
		AwakeInstancesAfterBackupRestoration (26ms)
Refreshing native plugins compatible for Editor in 3.45 ms, found 5 plugins.
Unloading 65 Unused Serialized files (Serialized files now loaded: 0)
Unloading 10288 unused Assets / (22.3 MB). Loaded Objects now: 11463.
Memory consumption went from 0.63 GB to 0.61 GB.
Total: 32.300200 ms (FindLiveObjects: 1.183300 ms CreateObjectMapping: 5.550700 ms MarkObjects: 18.912800 ms  DeleteObjects: 6.651300 ms)

Prepare: number of updated asset objects reloaded= 0
========================================================================
Received Prepare
AcceleratorClientConnectionCallback - disconnected - :0
Refreshing native plugins compatible for Editor in 3.53 ms, found 5 plugins.
Unloading 65 Unused Serialized files (Serialized files now loaded: 0)
Unloading 10268 unused Assets / (18.4 MB). Loaded Objects now: 11463.
Memory consumption went from 0.63 GB to 0.61 GB.
Total: 32.039300 ms (FindLiveObjects: 1.239100 ms CreateObjectMapping: 5.559500 ms MarkObjects: 20.012200 ms  DeleteObjects: 5.227500 ms)

Prepare: number of updated asset objects reloaded= 0
========================================================================
Received Prepare
AcceleratorClientConnectionCallback - disconnected - :0
[Licensing::Client] Successfully resolved entitlement details
Begin MonoManager ReloadAssembly
Symbol file LoadedFromMemory is not a mono symbol file
Symbol file LoadedFromMemory is not a mono symbol file
Refreshing native plugins compatible for Editor in 2.61 ms, found 5 plugins.
Native extension for WindowsStandalone target not found
Native extension for WebGL target not found
[Package Manager] Failed to launch server process. Reason: Unity was launched with the -noUpm command-line argument
[Package Manager] Unable to send message (not connected to server process).
[Package Manager] Cannot connect to Unity Package Manager local server
Refreshing native plugins compatible for Editor in 3.31 ms, found 5 plugins.
[Package Manager] Failed to launch server process. Reason: Unity was launched with the -noUpm command-line argument
[Package Manager] Unable to send message (not connected to server process).
[Package Manager] Cannot connect to Unity Package Manager local server
[Licensing::Client] Error: Code 404 while processing request (status: Found 0 entitlement groups and 0 free entitlements matching requested entitlement ids)
ScheduleIndexationOnStartup MainProcess:False IndexOnStartup:True
Mono: successfully reloaded assembly
- Finished resetting the current domain, in  2.024 seconds
Domain Reload Profiling: 3501ms
	BeginReloadAssembly (358ms)
		DisableScriptedObjects (10ms)
		CreateAndSetChildDomain (126ms)
	RebuildCommonClasses (13ms)
	RebuildNativeTypeToScriptingClass (20ms)
	initialDomainReloadingComplete (90ms)
	LoadAllAssembliesAndSetupDomain (995ms)
		LoadAssemblies (469ms)
		AnalyzeDomain (456ms)
			TypeCache.Refresh (17ms)
			BuildScriptInfoCaches (428ms)
			ResolveRequiredComponents (7ms)
	FinalizeReload (2025ms)
		SetupLoadedEditorAssemblies (0ms)
			BeforeProcessingInitializeOnLoad (170ms)
			ProcessInitializeOnLoadAttributes (1005ms)
			ProcessInitializeOnLoadMethodAttributes (530ms)
			AfterProcessingInitializeOnLoad (7ms)
		AwakeInstancesAfterBackupRestoration (30ms)
Refreshing native plugins compatible for Editor in 2.56 ms, found 5 plugins.
Unloading 65 Unused Serialized files (Serialized files now loaded: 0)
Unloading 10288 unused Assets / (22.6 MB). Loaded Objects now: 11466.
Memory consumption went from 0.63 GB to 0.61 GB.
Total: 26.014200 ms (FindLiveObjects: 1.037900 ms CreateObjectMapping: 4.297300 ms MarkObjects: 13.405200 ms  DeleteObjects: 7.272000 ms)

Prepare: number of updated asset objects reloaded= 0
========================================================================
Received Prepare
AcceleratorClientConnectionCallback - disconnected - :0
Begin MonoManager ReloadAssembly
Symbol file LoadedFromMemory is not a mono symbol file
Symbol file LoadedFromMemory is not a mono symbol file
Refreshing native plugins compatible for Editor in 2.67 ms, found 5 plugins.
Native extension for WindowsStandalone target not found
Native extension for WebGL target not found
[Package Manager] Failed to launch server process. Reason: Unity was launched with the -noUpm command-line argument
[Package Manager] Unable to send message (not connected to server process).
[Package Manager] Cannot connect to Unity Package Manager local server
Refreshing native plugins compatible for Editor in 2.60 ms, found 5 plugins.
[Package Manager] Failed to launch server process. Reason: Unity was launched with the -noUpm command-line argument
[Package Manager] Unable to send message (not connected to server process).
[Package Manager] Cannot connect to Unity Package Manager local server
[Licensing::Client] Error: Code 404 while processing request (status: Found 0 entitlement groups and 0 free entitlements matching requested entitlement ids)
ScheduleIndexationOnStartup MainProcess:False IndexOnStartup:True
Mono: successfully reloaded assembly
- Finished resetting the current domain, in  1.979 seconds
Domain Reload Profiling: 2844ms
	BeginReloadAssembly (294ms)
		DisableScriptedObjects (9ms)
		CreateAndSetChildDomain (109ms)
	RebuildCommonClasses (9ms)
	RebuildNativeTypeToScriptingClass (15ms)
	initialDomainReloadingComplete (87ms)
	LoadAllAssembliesAndSetupDomain (458ms)
		LoadAssemblies (383ms)
		AnalyzeDomain (20ms)
			TypeCache.Refresh (11ms)
			ResolveRequiredComponents (5ms)
	FinalizeReload (1981ms)
		SetupLoadedEditorAssemblies (0ms)
			BeforeProcessingInitializeOnLoad (140ms)
			ProcessInitializeOnLoadAttributes (958ms)
			ProcessInitializeOnLoadMethodAttributes (577ms)
			AfterProcessingInitializeOnLoad (6ms)
		AwakeInstancesAfterBackupRestoration (34ms)
Refreshing native plugins compatible for Editor in 3.08 ms, found 5 plugins.
Unloading 65 Unused Serialized files (Serialized files now loaded: 0)
Unloading 10288 unused Assets / (21.2 MB). Loaded Objects now: 11469.
Memory consumption went from 0.64 GB to 0.62 GB.
Total: 27.818300 ms (FindLiveObjects: 1.216700 ms CreateObjectMapping: 5.494400 ms MarkObjects: 14.938700 ms  DeleteObjects: 6.167700 ms)

Prepare: number of updated asset objects reloaded= 0
========================================================================
Received Prepare
AcceleratorClientConnectionCallback - disconnected - :0
Refreshing native plugins compatible for Editor in 3.57 ms, found 5 plugins.
Unloading 65 Unused Serialized files (Serialized files now loaded: 0)
Unloading 10268 unused Assets / (17.9 MB). Loaded Objects now: 11469.
Memory consumption went from 0.64 GB to 0.62 GB.
Total: 30.223800 ms (FindLiveObjects: 1.295400 ms CreateObjectMapping: 5.491300 ms MarkObjects: 18.900300 ms  DeleteObjects: 4.535300 ms)

Prepare: number of updated asset objects reloaded= 0
========================================================================
Received Prepare
AcceleratorClientConnectionCallback - disconnected - :0
[Licensing::Client] Successfully resolved entitlement details
Begin MonoManager ReloadAssembly
Symbol file LoadedFromMemory is not a mono symbol file
Symbol file LoadedFromMemory is not a mono symbol file
Refreshing native plugins compatible for Editor in 2.16 ms, found 5 plugins.
Native extension for WindowsStandalone target not found
Native extension for WebGL target not found
[Package Manager] Failed to launch server process. Reason: Unity was launched with the -noUpm command-line argument
[Package Manager] Unable to send message (not connected to server process).
[Package Manager] Cannot connect to Unity Package Manager local server
Refreshing native plugins compatible for Editor in 2.93 ms, found 5 plugins.
[Package Manager] Failed to launch server process. Reason: Unity was launched with the -noUpm command-line argument
[Package Manager] Unable to send message (not connected to server process).
[Package Manager] Cannot connect to Unity Package Manager local server
[Licensing::Client] Error: Code 404 while processing request (status: Found 0 entitlement groups and 0 free entitlements matching requested entitlement ids)
ScheduleIndexationOnStartup MainProcess:False IndexOnStartup:True
Mono: successfully reloaded assembly
- Finished resetting the current domain, in  1.698 seconds
Domain Reload Profiling: 3082ms
	BeginReloadAssembly (312ms)
		DisableScriptedObjects (9ms)
		CreateAndSetChildDomain (114ms)
	RebuildCommonClasses (13ms)
	RebuildNativeTypeToScriptingClass (24ms)
	initialDomainReloadingComplete (113ms)
	LoadAllAssembliesAndSetupDomain (921ms)
		LoadAssemblies (456ms)
		AnalyzeDomain (406ms)
			TypeCache.Refresh (14ms)
			BuildScriptInfoCaches (382ms)
			ResolveRequiredComponents (7ms)
	FinalizeReload (1699ms)
		SetupLoadedEditorAssemblies (0ms)
			BeforeProcessingInitializeOnLoad (132ms)
			ProcessInitializeOnLoadAttributes (781ms)
			ProcessInitializeOnLoadMethodAttributes (488ms)
			AfterProcessingInitializeOnLoad (7ms)
		AwakeInstancesAfterBackupRestoration (32ms)
Refreshing native plugins compatible for Editor in 3.78 ms, found 5 plugins.
Unloading 65 Unused Serialized files (Serialized files now loaded: 0)
Unloading 10288 unused Assets / (20.8 MB). Loaded Objects now: 11472.
Memory consumption went from 0.64 GB to 0.62 GB.
Total: 26.924500 ms (FindLiveObjects: 1.120600 ms CreateObjectMapping: 5.049300 ms MarkObjects: 14.441200 ms  DeleteObjects: 6.312400 ms)

Prepare: number of updated asset objects reloaded= 0
========================================================================
Received Prepare
AcceleratorClientConnectionCallback - disconnected - :0
Refreshing native plugins compatible for Editor in 2.83 ms, found 5 plugins.
Unloading 65 Unused Serialized files (Serialized files now loaded: 0)
Unloading 65 unused Assets / (13.7 MB). Loaded Objects now: 11472.
Memory consumption went from 0.64 GB to 0.63 GB.
Total: 17.910900 ms (FindLiveObjects: 0.474100 ms CreateObjectMapping: 1.599400 ms MarkObjects: 14.181700 ms  DeleteObjects: 1.654600 ms)

Prepare: number of updated asset objects reloaded= 0
========================================================================
Received Prepare
AcceleratorClientConnectionCallback - disconnected - :0
Begin MonoManager ReloadAssembly
Symbol file LoadedFromMemory is not a mono symbol file
Symbol file LoadedFromMemory is not a mono symbol file
Refreshing native plugins compatible for Editor in 2.09 ms, found 5 plugins.
Native extension for WindowsStandalone target not found
Native extension for WebGL target not found
[Package Manager] Failed to launch server process. Reason: Unity was launched with the -noUpm command-line argument
[Package Manager] Unable to send message (not connected to server process).
[Package Manager] Cannot connect to Unity Package Manager local server
Refreshing native plugins compatible for Editor in 3.03 ms, found 5 plugins.
[Package Manager] Failed to launch server process. Reason: Unity was launched with the -noUpm command-line argument
[Package Manager] Unable to send message (not connected to server process).
[Package Manager] Cannot connect to Unity Package Manager local server
[Licensing::Client] Error: Code 404 while processing request (status: Found 0 entitlement groups and 0 free entitlements matching requested entitlement ids)
ScheduleIndexationOnStartup MainProcess:False IndexOnStartup:True
Mono: successfully reloaded assembly
- Finished resetting the current domain, in  1.867 seconds
Domain Reload Profiling: 2747ms
	BeginReloadAssembly (316ms)
		DisableScriptedObjects (54ms)
		CreateAndSetChildDomain (96ms)
	RebuildCommonClasses (9ms)
	RebuildNativeTypeToScriptingClass (15ms)
	initialDomainReloadingComplete (83ms)
	LoadAllAssembliesAndSetupDomain (455ms)
		LoadAssemblies (378ms)
		AnalyzeDomain (18ms)
			TypeCache.Refresh (9ms)
			ResolveRequiredComponents (5ms)
	FinalizeReload (1868ms)
		SetupLoadedEditorAssemblies (0ms)
			BeforeProcessingInitializeOnLoad (154ms)
			ProcessInitializeOnLoadAttributes (864ms)
			ProcessInitializeOnLoadMethodAttributes (530ms)
			AfterProcessingInitializeOnLoad (7ms)
		AwakeInstancesAfterBackupRestoration (38ms)
Refreshing native plugins compatible for Editor in 3.09 ms, found 5 plugins.
Unloading 65 Unused Serialized files (Serialized files now loaded: 0)
Unloading 10288 unused Assets / (21.3 MB). Loaded Objects now: 11475.
Memory consumption went from 0.65 GB to 0.63 GB.
Total: 29.253800 ms (FindLiveObjects: 1.235000 ms CreateObjectMapping: 6.131100 ms MarkObjects: 15.557800 ms  DeleteObjects: 6.329200 ms)

Prepare: number of updated asset objects reloaded= 0
========================================================================
Received Prepare
AcceleratorClientConnectionCallback - disconnected - :0
Refreshing native plugins compatible for Editor in 2.39 ms, found 5 plugins.
Unloading 65 Unused Serialized files (Serialized files now loaded: 0)
Unloading 10268 unused Assets / (21.2 MB). Loaded Objects now: 11475.
Memory consumption went from 0.65 GB to 0.63 GB.
Total: 26.587200 ms (FindLiveObjects: 1.090200 ms CreateObjectMapping: 4.718100 ms MarkObjects: 14.720700 ms  DeleteObjects: 6.056600 ms)

Prepare: number of updated asset objects reloaded= 0
========================================================================
Received Prepare
AcceleratorClientConnectionCallback - disconnected - :0
[Licensing::Client] Successfully resolved entitlement details
Begin MonoManager ReloadAssembly
Symbol file LoadedFromMemory is not a mono symbol file
Symbol file LoadedFromMemory is not a mono symbol file
Refreshing native plugins compatible for Editor in 2.20 ms, found 5 plugins.
Native extension for WindowsStandalone target not found
Native extension for WebGL target not found
[Package Manager] Failed to launch server process. Reason: Unity was launched with the -noUpm command-line argument
[Package Manager] Unable to send message (not connected to server process).
[Package Manager] Cannot connect to Unity Package Manager local server
Refreshing native plugins compatible for Editor in 2.62 ms, found 5 plugins.
[Package Manager] Failed to launch server process. Reason: Unity was launched with the -noUpm command-line argument
[Package Manager] Unable to send message (not connected to server process).
[Package Manager] Cannot connect to Unity Package Manager local server
[Licensing::Client] Error: Code 404 while processing request (status: Found 0 entitlement groups and 0 free entitlements matching requested entitlement ids)
ScheduleIndexationOnStartup MainProcess:False IndexOnStartup:True
Mono: successfully reloaded assembly
- Finished resetting the current domain, in  1.885 seconds
Domain Reload Profiling: 3105ms
	BeginReloadAssembly (313ms)
		DisableScriptedObjects (9ms)
		CreateAndSetChildDomain (131ms)
	RebuildCommonClasses (11ms)
	RebuildNativeTypeToScriptingClass (16ms)
	initialDomainReloadingComplete (90ms)
	LoadAllAssembliesAndSetupDomain (787ms)
		LoadAssemblies (382ms)
		AnalyzeDomain (348ms)
			TypeCache.Refresh (13ms)
			BuildScriptInfoCaches (327ms)
			ResolveRequiredComponents (5ms)
	FinalizeReload (1887ms)
		SetupLoadedEditorAssemblies (0ms)
			InitializePlatformSupportModulesInManaged (3ms)
			BeforeProcessingInitializeOnLoad (151ms)
			ProcessInitializeOnLoadAttributes (882ms)
			ProcessInitializeOnLoadMethodAttributes (527ms)
			AfterProcessingInitializeOnLoad (5ms)
		AwakeInstancesAfterBackupRestoration (32ms)
Refreshing native plugins compatible for Editor in 3.54 ms, found 5 plugins.
Unloading 65 Unused Serialized files (Serialized files now loaded: 0)
Unloading 10288 unused Assets / (21.0 MB). Loaded Objects now: 11478.
Memory consumption went from 0.66 GB to 0.64 GB.
Total: 24.561000 ms (FindLiveObjects: 0.997100 ms CreateObjectMapping: 4.510700 ms MarkObjects: 13.860800 ms  DeleteObjects: 5.191300 ms)

Prepare: number of updated asset objects reloaded= 0
========================================================================
Received Prepare
AcceleratorClientConnectionCallback - disconnected - :0
Begin MonoManager ReloadAssembly
Symbol file LoadedFromMemory is not a mono symbol file
Symbol file LoadedFromMemory is not a mono symbol file
Refreshing native plugins compatible for Editor in 2.41 ms, found 5 plugins.
Native extension for WindowsStandalone target not found
Native extension for WebGL target not found
[Package Manager] Failed to launch server process. Reason: Unity was launched with the -noUpm command-line argument
[Package Manager] Unable to send message (not connected to server process).
[Package Manager] Cannot connect to Unity Package Manager local server
Refreshing native plugins compatible for Editor in 2.89 ms, found 5 plugins.
[Package Manager] Failed to launch server process. Reason: Unity was launched with the -noUpm command-line argument
[Package Manager] Unable to send message (not connected to server process).
[Package Manager] Cannot connect to Unity Package Manager local server
[Licensing::Client] Error: Code 404 while processing request (status: Found 0 entitlement groups and 0 free entitlements matching requested entitlement ids)
ScheduleIndexationOnStartup MainProcess:False IndexOnStartup:True
Mono: successfully reloaded assembly
- Finished resetting the current domain, in  1.998 seconds
Domain Reload Profiling: 2903ms
	BeginReloadAssembly (283ms)
		DisableScriptedObjects (10ms)
		CreateAndSetChildDomain (113ms)
	RebuildCommonClasses (9ms)
	RebuildNativeTypeToScriptingClass (17ms)
	initialDomainReloadingComplete (85ms)
	LoadAllAssembliesAndSetupDomain (509ms)
		LoadAssemblies (421ms)
		AnalyzeDomain (19ms)
			TypeCache.Refresh (10ms)
			ResolveRequiredComponents (5ms)
	FinalizeReload (1999ms)
		SetupLoadedEditorAssemblies (0ms)
			BeforeProcessingInitializeOnLoad (146ms)
			ProcessInitializeOnLoadAttributes (953ms)
			ProcessInitializeOnLoadMethodAttributes (570ms)
			AfterProcessingInitializeOnLoad (7ms)
		AwakeInstancesAfterBackupRestoration (40ms)
Refreshing native plugins compatible for Editor in 2.81 ms, found 5 plugins.
Unloading 65 Unused Serialized files (Serialized files now loaded: 0)
Unloading 10288 unused Assets / (21.3 MB). Loaded Objects now: 11481.
Memory consumption went from 0.66 GB to 0.64 GB.
Total: 29.069500 ms (FindLiveObjects: 1.100200 ms CreateObjectMapping: 5.299000 ms MarkObjects: 15.691100 ms  DeleteObjects: 6.977300 ms)

Prepare: number of updated asset objects reloaded= 0
========================================================================
Received Prepare
AcceleratorClientConnectionCallback - disconnected - :0
Refreshing native plugins compatible for Editor in 2.58 ms, found 5 plugins.
Unloading 65 Unused Serialized files (Serialized files now loaded: 0)
Unloading 10268 unused Assets / (21.8 MB). Loaded Objects now: 11481.
Memory consumption went from 0.66 GB to 0.64 GB.
Total: 33.248600 ms (FindLiveObjects: 1.141200 ms CreateObjectMapping: 5.521000 ms MarkObjects: 20.110700 ms  DeleteObjects: 6.474700 ms)

Prepare: number of updated asset objects reloaded= 0
========================================================================
Received Prepare
AcceleratorClientConnectionCallback - disconnected - :0
[Licensing::Client] Successfully resolved entitlement details
Begin MonoManager ReloadAssembly
Symbol file LoadedFromMemory is not a mono symbol file
Symbol file LoadedFromMemory is not a mono symbol file
Refreshing native plugins compatible for Editor in 3.41 ms, found 5 plugins.
Native extension for WindowsStandalone target not found
Native extension for WebGL target not found
[Package Manager] Failed to launch server process. Reason: Unity was launched with the -noUpm command-line argument
[Package Manager] Unable to send message (not connected to server process).
[Package Manager] Cannot connect to Unity Package Manager local server
Refreshing native plugins compatible for Editor in 3.23 ms, found 5 plugins.
[Package Manager] Failed to launch server process. Reason: Unity was launched with the -noUpm command-line argument
[Package Manager] Unable to send message (not connected to server process).
[Package Manager] Cannot connect to Unity Package Manager local server
[Licensing::Client] Error: Code 404 while processing request (status: Found 0 entitlement groups and 0 free entitlements matching requested entitlement ids)
ScheduleIndexationOnStartup MainProcess:False IndexOnStartup:True
Mono: successfully reloaded assembly
- Finished resetting the current domain, in  2.031 seconds
Domain Reload Profiling: 3513ms
	BeginReloadAssembly (357ms)
		DisableScriptedObjects (10ms)
		CreateAndSetChildDomain (132ms)
	RebuildCommonClasses (9ms)
	RebuildNativeTypeToScriptingClass (15ms)
	initialDomainReloadingComplete (92ms)
	LoadAllAssembliesAndSetupDomain (1008ms)
		LoadAssemblies (469ms)
		AnalyzeDomain (458ms)
			TypeCache.Refresh (18ms)
			BuildScriptInfoCaches (430ms)
			ResolveRequiredComponents (7ms)
	FinalizeReload (2032ms)
		SetupLoadedEditorAssemblies (0ms)
			BeforeProcessingInitializeOnLoad (190ms)
			ProcessInitializeOnLoadAttributes (982ms)
			ProcessInitializeOnLoadMethodAttributes (543ms)
			AfterProcessingInitializeOnLoad (7ms)
		AwakeInstancesAfterBackupRestoration (32ms)
Refreshing native plugins compatible for Editor in 2.54 ms, found 5 plugins.
Unloading 65 Unused Serialized files (Serialized files now loaded: 0)
Unloading 10288 unused Assets / (22.6 MB). Loaded Objects now: 11484.
Memory consumption went from 0.67 GB to 0.65 GB.
Total: 26.626600 ms (FindLiveObjects: 1.212200 ms CreateObjectMapping: 5.095700 ms MarkObjects: 13.433400 ms  DeleteObjects: 6.884100 ms)

Prepare: number of updated asset objects reloaded= 0
========================================================================
Received Prepare
AcceleratorClientConnectionCallback - disconnected - :0
Begin MonoManager ReloadAssembly
Symbol file LoadedFromMemory is not a mono symbol file
Symbol file LoadedFromMemory is not a mono symbol file
Refreshing native plugins compatible for Editor in 2.33 ms, found 5 plugins.
Native extension for WindowsStandalone target not found
Native extension for WebGL target not found
[Package Manager] Failed to launch server process. Reason: Unity was launched with the -noUpm command-line argument
[Package Manager] Unable to send message (not connected to server process).
[Package Manager] Cannot connect to Unity Package Manager local server
Refreshing native plugins compatible for Editor in 3.07 ms, found 5 plugins.
[Package Manager] Failed to launch server process. Reason: Unity was launched with the -noUpm command-line argument
[Package Manager] Unable to send message (not connected to server process).
[Package Manager] Cannot connect to Unity Package Manager local server
[Licensing::Client] Error: Code 404 while processing request (status: Found 0 entitlement groups and 0 free entitlements matching requested entitlement ids)
ScheduleIndexationOnStartup MainProcess:False IndexOnStartup:True
Mono: successfully reloaded assembly
- Finished resetting the current domain, in  1.975 seconds
Domain Reload Profiling: 2836ms
	BeginReloadAssembly (270ms)
		DisableScriptedObjects (9ms)
		CreateAndSetChildDomain (102ms)
	RebuildCommonClasses (9ms)
	RebuildNativeTypeToScriptingClass (21ms)
	initialDomainReloadingComplete (84ms)
	LoadAllAssembliesAndSetupDomain (476ms)
		LoadAssemblies (388ms)
		AnalyzeDomain (19ms)
			TypeCache.Refresh (10ms)
			ResolveRequiredComponents (5ms)
	FinalizeReload (1976ms)
		SetupLoadedEditorAssemblies (0ms)
			BeforeProcessingInitializeOnLoad (148ms)
			ProcessInitializeOnLoadAttributes (962ms)
			ProcessInitializeOnLoadMethodAttributes (550ms)
			AfterProcessingInitializeOnLoad (6ms)
		AwakeInstancesAfterBackupRestoration (34ms)
Refreshing native plugins compatible for Editor in 3.30 ms, found 5 plugins.
Unloading 65 Unused Serialized files (Serialized files now loaded: 0)
Unloading 10288 unused Assets / (21.3 MB). Loaded Objects now: 11487.
Memory consumption went from 0.67 GB to 0.65 GB.
Total: 26.993200 ms (FindLiveObjects: 1.037200 ms CreateObjectMapping: 5.621400 ms MarkObjects: 14.554100 ms  DeleteObjects: 5.779500 ms)

Prepare: number of updated asset objects reloaded= 0
========================================================================
Received Prepare
AcceleratorClientConnectionCallback - disconnected - :0
Refreshing native plugins compatible for Editor in 2.38 ms, found 5 plugins.
Unloading 65 Unused Serialized files (Serialized files now loaded: 0)
Unloading 10268 unused Assets / (20.8 MB). Loaded Objects now: 11487.
Memory consumption went from 0.67 GB to 0.65 GB.
Total: 25.126700 ms (FindLiveObjects: 0.966900 ms CreateObjectMapping: 4.501800 ms MarkObjects: 14.593000 ms  DeleteObjects: 5.064100 ms)

Prepare: number of updated asset objects reloaded= 0
========================================================================
Received Prepare
AcceleratorClientConnectionCallback - disconnected - :0
[Licensing::Client] Successfully resolved entitlement details
Begin MonoManager ReloadAssembly
Symbol file LoadedFromMemory is not a mono symbol file
Symbol file LoadedFromMemory is not a mono symbol file
Refreshing native plugins compatible for Editor in 2.33 ms, found 5 plugins.
Native extension for WindowsStandalone target not found
Native extension for WebGL target not found
[Package Manager] Failed to launch server process. Reason: Unity was launched with the -noUpm command-line argument
[Package Manager] Unable to send message (not connected to server process).
[Package Manager] Cannot connect to Unity Package Manager local server
Refreshing native plugins compatible for Editor in 2.96 ms, found 5 plugins.
[Package Manager] Failed to launch server process. Reason: Unity was launched with the -noUpm command-line argument
[Package Manager] Unable to send message (not connected to server process).
[Package Manager] Cannot connect to Unity Package Manager local server
[Licensing::Client] Error: Code 404 while processing request (status: Found 0 entitlement groups and 0 free entitlements matching requested entitlement ids)
ScheduleIndexationOnStartup MainProcess:False IndexOnStartup:True
Mono: successfully reloaded assembly
- Finished resetting the current domain, in  1.827 seconds
Domain Reload Profiling: 3048ms
	BeginReloadAssembly (309ms)
		DisableScriptedObjects (9ms)
		CreateAndSetChildDomain (129ms)
	RebuildCommonClasses (10ms)
	RebuildNativeTypeToScriptingClass (16ms)
	initialDomainReloadingComplete (91ms)
	LoadAllAssembliesAndSetupDomain (793ms)
		LoadAssemblies (378ms)
		AnalyzeDomain (352ms)
			TypeCache.Refresh (13ms)
			BuildScriptInfoCaches (332ms)
			ResolveRequiredComponents (5ms)
	FinalizeReload (1828ms)
		SetupLoadedEditorAssemblies (0ms)
			BeforeProcessingInitializeOnLoad (146ms)
			ProcessInitializeOnLoadAttributes (857ms)
			ProcessInitializeOnLoadMethodAttributes (483ms)
			AfterProcessingInitializeOnLoad (5ms)
		AwakeInstancesAfterBackupRestoration (36ms)
Refreshing native plugins compatible for Editor in 2.36 ms, found 5 plugins.
Unloading 65 Unused Serialized files (Serialized files now loaded: 0)
Unloading 10288 unused Assets / (20.9 MB). Loaded Objects now: 11490.
Memory consumption went from 0.68 GB to 0.66 GB.
Total: 24.798600 ms (FindLiveObjects: 1.017500 ms CreateObjectMapping: 4.930400 ms MarkObjects: 13.349000 ms  DeleteObjects: 5.500200 ms)

Prepare: number of updated asset objects reloaded= 0
========================================================================
Received Prepare
AcceleratorClientConnectionCallback - disconnected - :0
Begin MonoManager ReloadAssembly
Symbol file LoadedFromMemory is not a mono symbol file
Symbol file LoadedFromMemory is not a mono symbol file
Refreshing native plugins compatible for Editor in 2.19 ms, found 5 plugins.
Native extension for WindowsStandalone target not found
Native extension for WebGL target not found
[Package Manager] Failed to launch server process. Reason: Unity was launched with the -noUpm command-line argument
[Package Manager] Unable to send message (not connected to server process).
[Package Manager] Cannot connect to Unity Package Manager local server
Refreshing native plugins compatible for Editor in 3.11 ms, found 5 plugins.
[Package Manager] Failed to launch server process. Reason: Unity was launched with the -noUpm command-line argument
[Package Manager] Unable to send message (not connected to server process).
[Package Manager] Cannot connect to Unity Package Manager local server
[Licensing::Client] Error: Code 404 while processing request (status: Found 0 entitlement groups and 0 free entitlements matching requested entitlement ids)
ScheduleIndexationOnStartup MainProcess:False IndexOnStartup:True
Mono: successfully reloaded assembly
- Finished resetting the current domain, in  1.964 seconds
Domain Reload Profiling: 2810ms
	BeginReloadAssembly (272ms)
		DisableScriptedObjects (9ms)
		CreateAndSetChildDomain (95ms)
	RebuildCommonClasses (13ms)
	RebuildNativeTypeToScriptingClass (16ms)
	initialDomainReloadingComplete (82ms)
	LoadAllAssembliesAndSetupDomain (461ms)
		LoadAssemblies (381ms)
		AnalyzeDomain (20ms)
			TypeCache.Refresh (11ms)
			ResolveRequiredComponents (5ms)
	FinalizeReload (1965ms)
		SetupLoadedEditorAssemblies (0ms)
			BeforeProcessingInitializeOnLoad (151ms)
			ProcessInitializeOnLoadAttributes (918ms)
			ProcessInitializeOnLoadMethodAttributes (575ms)
			AfterProcessingInitializeOnLoad (6ms)
		AwakeInstancesAfterBackupRestoration (36ms)
Refreshing native plugins compatible for Editor in 2.42 ms, found 5 plugins.
Unloading 65 Unused Serialized files (Serialized files now loaded: 0)
Unloading 10288 unused Assets / (21.7 MB). Loaded Objects now: 11493.
Memory consumption went from 0.68 GB to 0.66 GB.
Total: 26.652000 ms (FindLiveObjects: 1.012400 ms CreateObjectMapping: 4.778700 ms MarkObjects: 14.340200 ms  DeleteObjects: 6.519700 ms)

Prepare: number of updated asset objects reloaded= 0
========================================================================
Received Prepare
AcceleratorClientConnectionCallback - disconnected - :0
Refreshing native plugins compatible for Editor in 4.09 ms, found 5 plugins.
Unloading 65 Unused Serialized files (Serialized files now loaded: 0)
Unloading 10268 unused Assets / (20.9 MB). Loaded Objects now: 11493.
Memory consumption went from 0.68 GB to 0.66 GB.
Total: 31.102300 ms (FindLiveObjects: 1.019200 ms CreateObjectMapping: 4.526100 ms MarkObjects: 17.762000 ms  DeleteObjects: 7.793100 ms)

Prepare: number of updated asset objects reloaded= 0
========================================================================
Received Prepare
AcceleratorClientConnectionCallback - disconnected - :0
Begin MonoManager ReloadAssembly
Symbol file LoadedFromMemory is not a mono symbol file
Symbol file LoadedFromMemory is not a mono symbol file
Refreshing native plugins compatible for Editor in 3.40 ms, found 5 plugins.
Native extension for WindowsStandalone target not found
Native extension for WebGL target not found
[Package Manager] Failed to launch server process. Reason: Unity was launched with the -noUpm command-line argument
[Package Manager] Unable to send message (not connected to server process).
[Package Manager] Cannot connect to Unity Package Manager local server
Refreshing native plugins compatible for Editor in 2.58 ms, found 5 plugins.
[Package Manager] Failed to launch server process. Reason: Unity was launched with the -noUpm command-line argument
[Package Manager] Unable to send message (not connected to server process).
[Package Manager] Cannot connect to Unity Package Manager local server
[Licensing::Client] Error: Code 404 while processing request (status: Found 0 entitlement groups and 0 free entitlements matching requested entitlement ids)
ScheduleIndexationOnStartup MainProcess:False IndexOnStartup:True
Mono: successfully reloaded assembly
- Finished resetting the current domain, in  1.945 seconds
Domain Reload Profiling: 3444ms
	BeginReloadAssembly (353ms)
		DisableScriptedObjects (12ms)
		CreateAndSetChildDomain (120ms)
	RebuildCommonClasses (16ms)
	RebuildNativeTypeToScriptingClass (20ms)
	initialDomainReloadingComplete (111ms)
	LoadAllAssembliesAndSetupDomain (999ms)
		LoadAssemblies (457ms)
		AnalyzeDomain (447ms)
			TypeCache.Refresh (14ms)
			BuildScriptInfoCaches (422ms)
			ResolveRequiredComponents (7ms)
	FinalizeReload (1946ms)
		SetupLoadedEditorAssemblies (0ms)
			BeforeProcessingInitializeOnLoad (158ms)
			ProcessInitializeOnLoadAttributes (921ms)
			ProcessInitializeOnLoadMethodAttributes (539ms)
			AfterProcessingInitializeOnLoad (6ms)
		AwakeInstancesAfterBackupRestoration (29ms)
Refreshing native plugins compatible for Editor in 2.55 ms, found 5 plugins.
Unloading 65 Unused Serialized files (Serialized files now loaded: 0)
Unloading 10288 unused Assets / (21.4 MB). Loaded Objects now: 11496.
Memory consumption went from 0.69 GB to 0.67 GB.
Total: 24.495500 ms (FindLiveObjects: 1.012700 ms CreateObjectMapping: 4.793200 ms MarkObjects: 12.956300 ms  DeleteObjects: 5.731700 ms)

Prepare: number of updated asset objects reloaded= 0
========================================================================
Received Prepare
AcceleratorClientConnectionCallback - disconnected - :0
Begin MonoManager ReloadAssembly
Symbol file LoadedFromMemory is not a mono symbol file
Symbol file LoadedFromMemory is not a mono symbol file
Refreshing native plugins compatible for Editor in 2.41 ms, found 5 plugins.
Native extension for WindowsStandalone target not found
Native extension for WebGL target not found
[Package Manager] Failed to launch server process. Reason: Unity was launched with the -noUpm command-line argument
[Package Manager] Unable to send message (not connected to server process).
[Package Manager] Cannot connect to Unity Package Manager local server
Refreshing native plugins compatible for Editor in 3.39 ms, found 5 plugins.
[Package Manager] Failed to launch server process. Reason: Unity was launched with the -noUpm command-line argument
[Package Manager] Unable to send message (not connected to server process).
[Package Manager] Cannot connect to Unity Package Manager local server
[Licensing::Client] Error: Code 404 while processing request (status: Found 0 entitlement groups and 0 free entitlements matching requested entitlement ids)
ScheduleIndexationOnStartup MainProcess:False IndexOnStartup:True
Mono: successfully reloaded assembly
- Finished resetting the current domain, in  2.038 seconds
Domain Reload Profiling: 2892ms
	BeginReloadAssembly (286ms)
		DisableScriptedObjects (9ms)
		CreateAndSetChildDomain (109ms)
	RebuildCommonClasses (9ms)
	RebuildNativeTypeToScriptingClass (15ms)
	initialDomainReloadingComplete (86ms)
	LoadAllAssembliesAndSetupDomain (458ms)
		LoadAssemblies (374ms)
		AnalyzeDomain (19ms)
			TypeCache.Refresh (10ms)
			ResolveRequiredComponents (5ms)
	FinalizeReload (2039ms)
		SetupLoadedEditorAssemblies (0ms)
			BeforeProcessingInitializeOnLoad (160ms)
			ProcessInitializeOnLoadAttributes (984ms)
			ProcessInitializeOnLoadMethodAttributes (576ms)
			AfterProcessingInitializeOnLoad (6ms)
		AwakeInstancesAfterBackupRestoration (40ms)
Refreshing native plugins compatible for Editor in 2.82 ms, found 5 plugins.
Unloading 65 Unused Serialized files (Serialized files now loaded: 0)
Unloading 10288 unused Assets / (22.3 MB). Loaded Objects now: 11499.
Memory consumption went from 0.69 GB to 0.67 GB.
Total: 29.120500 ms (FindLiveObjects: 1.249900 ms CreateObjectMapping: 5.335200 ms MarkObjects: 15.600600 ms  DeleteObjects: 6.933400 ms)

Prepare: number of updated asset objects reloaded= 0
========================================================================
Received Prepare
AcceleratorClientConnectionCallback - disconnected - :0
Refreshing native plugins compatible for Editor in 2.46 ms, found 5 plugins.
Unloading 65 Unused Serialized files (Serialized files now loaded: 0)
Unloading 10268 unused Assets / (19.7 MB). Loaded Objects now: 11499.
Memory consumption went from 0.69 GB to 0.67 GB.
Total: 31.175400 ms (FindLiveObjects: 1.289800 ms CreateObjectMapping: 5.345200 ms MarkObjects: 18.173800 ms  DeleteObjects: 6.364800 ms)

Prepare: number of updated asset objects reloaded= 0
========================================================================
Received Prepare
AcceleratorClientConnectionCallback - disconnected - :0
[Licensing::Client] Successfully resolved entitlement details
Begin MonoManager ReloadAssembly
Symbol file LoadedFromMemory is not a mono symbol file
Symbol file LoadedFromMemory is not a mono symbol file
Refreshing native plugins compatible for Editor in 3.04 ms, found 5 plugins.
Native extension for WindowsStandalone target not found
Native extension for WebGL target not found
[Package Manager] Failed to launch server process. Reason: Unity was launched with the -noUpm command-line argument
[Package Manager] Unable to send message (not connected to server process).
[Package Manager] Cannot connect to Unity Package Manager local server
Refreshing native plugins compatible for Editor in 3.65 ms, found 5 plugins.
[Package Manager] Failed to launch server process. Reason: Unity was launched with the -noUpm command-line argument
[Package Manager] Unable to send message (not connected to server process).
[Package Manager] Cannot connect to Unity Package Manager local server
[Licensing::Client] Error: Code 404 while processing request (status: Found 0 entitlement groups and 0 free entitlements matching requested entitlement ids)
ScheduleIndexationOnStartup MainProcess:False IndexOnStartup:True
Mono: successfully reloaded assembly
- Finished resetting the current domain, in  2.331 seconds
Domain Reload Profiling: 3851ms
	BeginReloadAssembly (357ms)
		DisableScriptedObjects (13ms)
		CreateAndSetChildDomain (124ms)
	RebuildCommonClasses (17ms)
	RebuildNativeTypeToScriptingClass (21ms)
	initialDomainReloadingComplete (109ms)
	LoadAllAssembliesAndSetupDomain (1015ms)
		LoadAssemblies (471ms)
		AnalyzeDomain (455ms)
			TypeCache.Refresh (17ms)
			BuildScriptInfoCaches (428ms)
			ResolveRequiredComponents (8ms)
	FinalizeReload (2333ms)
		SetupLoadedEditorAssemblies (0ms)
			InitializePlatformSupportModulesInManaged (3ms)
			BeforeProcessingInitializeOnLoad (202ms)
			ProcessInitializeOnLoadAttributes (1122ms)
			ProcessInitializeOnLoadMethodAttributes (611ms)
			AfterProcessingInitializeOnLoad (7ms)
		AwakeInstancesAfterBackupRestoration (42ms)
Refreshing native plugins compatible for Editor in 3.28 ms, found 5 plugins.
Unloading 65 Unused Serialized files (Serialized files now loaded: 0)
Unloading 10288 unused Assets / (19.2 MB). Loaded Objects now: 11502.
Memory consumption went from 0.70 GB to 0.68 GB.
Total: 31.811700 ms (FindLiveObjects: 1.268100 ms CreateObjectMapping: 5.335400 ms MarkObjects: 19.012900 ms  DeleteObjects: 6.193900 ms)

Prepare: number of updated asset objects reloaded= 0
========================================================================
Received Prepare
AcceleratorClientConnectionCallback - disconnected - :0
Refreshing native plugins compatible for Editor in 3.78 ms, found 5 plugins.
Unloading 65 Unused Serialized files (Serialized files now loaded: 0)
Unloading 10268 unused Assets / (18.3 MB). Loaded Objects now: 11502.
Memory consumption went from 0.70 GB to 0.68 GB.
Total: 26.824700 ms (FindLiveObjects: 1.235600 ms CreateObjectMapping: 5.441200 ms MarkObjects: 14.895900 ms  DeleteObjects: 5.250800 ms)

Prepare: number of updated asset objects reloaded= 0
========================================================================
Received Prepare
AcceleratorClientConnectionCallback - disconnected - :0
Begin MonoManager ReloadAssembly
Symbol file LoadedFromMemory is not a mono symbol file
Symbol file LoadedFromMemory is not a mono symbol file
Refreshing native plugins compatible for Editor in 2.33 ms, found 5 plugins.
Native extension for WindowsStandalone target not found
Native extension for WebGL target not found
[Package Manager] Failed to launch server process. Reason: Unity was launched with the -noUpm command-line argument
[Package Manager] Unable to send message (not connected to server process).
[Package Manager] Cannot connect to Unity Package Manager local server
Refreshing native plugins compatible for Editor in 3.61 ms, found 5 plugins.
[Package Manager] Failed to launch server process. Reason: Unity was launched with the -noUpm command-line argument
[Package Manager] Unable to send message (not connected to server process).
[Package Manager] Cannot connect to Unity Package Manager local server
[Licensing::Client] Error: Code 404 while processing request (status: Found 0 entitlement groups and 0 free entitlements matching requested entitlement ids)
ScheduleIndexationOnStartup MainProcess:False IndexOnStartup:True
Mono: successfully reloaded assembly
- Finished resetting the current domain, in  2.200 seconds
Domain Reload Profiling: 3682ms
	BeginReloadAssembly (350ms)
		DisableScriptedObjects (13ms)
		CreateAndSetChildDomain (147ms)
	RebuildCommonClasses (9ms)
	RebuildNativeTypeToScriptingClass (25ms)
	initialDomainReloadingComplete (94ms)
	LoadAllAssembliesAndSetupDomain (1004ms)
		LoadAssemblies (467ms)
		AnalyzeDomain (463ms)
			TypeCache.Refresh (16ms)
			BuildScriptInfoCaches (438ms)
			ResolveRequiredComponents (7ms)
	FinalizeReload (2201ms)
		SetupLoadedEditorAssemblies (0ms)
			InitializePlatformSupportModulesInManaged (3ms)
			BeforeProcessingInitializeOnLoad (188ms)
			ProcessInitializeOnLoadAttributes (1051ms)
			ProcessInitializeOnLoadMethodAttributes (593ms)
			AfterProcessingInitializeOnLoad (6ms)
		AwakeInstancesAfterBackupRestoration (35ms)
Refreshing native plugins compatible for Editor in 2.64 ms, found 5 plugins.
Unloading 65 Unused Serialized files (Serialized files now loaded: 0)
Unloading 10288 unused Assets / (19.8 MB). Loaded Objects now: 11505.
Memory consumption went from 0.70 GB to 0.68 GB.
Total: 27.635700 ms (FindLiveObjects: 0.963100 ms CreateObjectMapping: 4.099800 ms MarkObjects: 16.817200 ms  DeleteObjects: 5.754500 ms)

Prepare: number of updated asset objects reloaded= 0
========================================================================
Received Prepare
AcceleratorClientConnectionCallback - disconnected - :0
Refreshing native plugins compatible for Editor in 2.71 ms, found 5 plugins.
Unloading 65 Unused Serialized files (Serialized files now loaded: 0)
Unloading 10268 unused Assets / (18.8 MB). Loaded Objects now: 11505.
Memory consumption went from 0.71 GB to 0.69 GB.
Total: 24.998400 ms (FindLiveObjects: 0.948300 ms CreateObjectMapping: 5.013500 ms MarkObjects: 13.624700 ms  DeleteObjects: 5.410900 ms)

Prepare: number of updated asset objects reloaded= 0
========================================================================
Received Prepare
AcceleratorClientConnectionCallback - disconnected - :0
Begin MonoManager ReloadAssembly
Symbol file LoadedFromMemory is not a mono symbol file
Symbol file LoadedFromMemory is not a mono symbol file
Refreshing native plugins compatible for Editor in 2.64 ms, found 5 plugins.
Native extension for WindowsStandalone target not found
Native extension for WebGL target not found
[Package Manager] Failed to launch server process. Reason: Unity was launched with the -noUpm command-line argument
[Package Manager] Unable to send message (not connected to server process).
[Package Manager] Cannot connect to Unity Package Manager local server
Refreshing native plugins compatible for Editor in 4.13 ms, found 5 plugins.
[Package Manager] Failed to launch server process. Reason: Unity was launched with the -noUpm command-line argument
[Package Manager] Unable to send message (not connected to server process).
[Package Manager] Cannot connect to Unity Package Manager local server
[Licensing::Client] Error: Code 404 while processing request (status: Found 0 entitlement groups and 0 free entitlements matching requested entitlement ids)
ScheduleIndexationOnStartup MainProcess:False IndexOnStartup:True
Mono: successfully reloaded assembly
- Finished resetting the current domain, in  2.211 seconds
Domain Reload Profiling: 3655ms
	BeginReloadAssembly (333ms)
		DisableScriptedObjects (12ms)
		CreateAndSetChildDomain (124ms)
	RebuildCommonClasses (15ms)
	RebuildNativeTypeToScriptingClass (25ms)
	initialDomainReloadingComplete (98ms)
	LoadAllAssembliesAndSetupDomain (972ms)
		LoadAssemblies (470ms)
		AnalyzeDomain (391ms)
			TypeCache.Refresh (17ms)
			BuildScriptInfoCaches (366ms)
			ResolveRequiredComponents (6ms)
	FinalizeReload (2212ms)
		SetupLoadedEditorAssemblies (0ms)
			BeforeProcessingInitializeOnLoad (180ms)
			ProcessInitializeOnLoadAttributes (1060ms)
			ProcessInitializeOnLoadMethodAttributes (588ms)
			AfterProcessingInitializeOnLoad (8ms)
		AwakeInstancesAfterBackupRestoration (40ms)
Refreshing native plugins compatible for Editor in 2.79 ms, found 5 plugins.
Unloading 65 Unused Serialized files (Serialized files now loaded: 0)
Unloading 10288 unused Assets / (19.9 MB). Loaded Objects now: 11508.
Memory consumption went from 0.71 GB to 0.69 GB.
Total: 26.463800 ms (FindLiveObjects: 1.003500 ms CreateObjectMapping: 4.179900 ms MarkObjects: 15.436600 ms  DeleteObjects: 5.842600 ms)

Prepare: number of updated asset objects reloaded= 0
========================================================================
Received Prepare
AcceleratorClientConnectionCallback - disconnected - :0
Refreshing native plugins compatible for Editor in 3.34 ms, found 5 plugins.
Unloading 65 Unused Serialized files (Serialized files now loaded: 0)
Unloading 10268 unused Assets / (20.5 MB). Loaded Objects now: 11508.
Memory consumption went from 0.71 GB to 0.69 GB.
Total: 26.883800 ms (FindLiveObjects: 1.333100 ms CreateObjectMapping: 5.304200 ms MarkObjects: 13.871300 ms  DeleteObjects: 6.373200 ms)

Prepare: number of updated asset objects reloaded= 0
========================================================================
Received Prepare
AcceleratorClientConnectionCallback - disconnected - :0
[Licensing::Client] Successfully resolved entitlement details
Begin MonoManager ReloadAssembly
Failed to create domain‐reload token.
UnityEngine.Debug:ExtractStackTraceNoAlloc (byte*,int,string)
UnityEngine.StackTraceUtility:ExtractStackTrace ()
UnityEngine.DebugLogHandler:Internal_Log (UnityEngine.LogType,UnityEngine.LogOption,string,UnityEngine.Object)
UnityEngine.DebugLogHandler:LogFormat (UnityEngine.LogType,UnityEngine.Object,string,object[])
UnityEngine.Logger:Log (UnityEngine.LogType,object)
UnityEngine.Debug:LogError (object)
Unity.AI.Generators.UI.Utilities.DomainReloadUtilities:CreateToken () (at ./Library/PackageCache/com.unity.ai.assistant@c0127625258e/Modules/Unity.AI.Generators.UI/Utilities/DomainReloadUtilities.cs:50)
UnityEditor.AssemblyReloadEvents:OnBeforeAssemblyReload ()

(Filename: ./Library/PackageCache/com.unity.ai.assistant@c0127625258e/Modules/Unity.AI.Generators.UI/Utilities/DomainReloadUtilities.cs Line: 50)

Symbol file LoadedFromMemory is not a mono symbol file
Symbol file LoadedFromMemory is not a mono symbol file
Refreshing native plugins compatible for Editor in 2.13 ms, found 5 plugins.
Native extension for WindowsStandalone target not found
Native extension for WebGL target not found
[Package Manager] Failed to launch server process. Reason: Unity was launched with the -noUpm command-line argument
[Package Manager] Unable to send message (not connected to server process).
[Package Manager] Cannot connect to Unity Package Manager local server
Refreshing native plugins compatible for Editor in 4.16 ms, found 5 plugins.
[Package Manager] Failed to launch server process. Reason: Unity was launched with the -noUpm command-line argument
[Package Manager] Unable to send message (not connected to server process).
[Package Manager] Cannot connect to Unity Package Manager local server
[Licensing::Client] Error: Code 404 while processing request (status: Found 0 entitlement groups and 0 free entitlements matching requested entitlement ids)
ScheduleIndexationOnStartup MainProcess:False IndexOnStartup:True
Mono: successfully reloaded assembly
- Finished resetting the current domain, in  2.292 seconds
Domain Reload Profiling: 3892ms
	BeginReloadAssembly (364ms)
		DisableScriptedObjects (13ms)
		CreateAndSetChildDomain (138ms)
	RebuildCommonClasses (15ms)
	RebuildNativeTypeToScriptingClass (27ms)
	initialDomainReloadingComplete (114ms)
	LoadAllAssembliesAndSetupDomain (1078ms)
		LoadAssemblies (479ms)
		AnalyzeDomain (511ms)
			TypeCache.Refresh (16ms)
			BuildScriptInfoCaches (484ms)
			ResolveRequiredComponents (8ms)
	FinalizeReload (2295ms)
		SetupLoadedEditorAssemblies (0ms)
			InitializePlatformSupportModulesInManaged (3ms)
			BeforeProcessingInitializeOnLoad (208ms)
			ProcessInitializeOnLoadAttributes (1058ms)
			ProcessInitializeOnLoadMethodAttributes (573ms)
			AfterProcessingInitializeOnLoad (9ms)
		AwakeInstancesAfterBackupRestoration (58ms)
Refreshing native plugins compatible for Editor in 3.99 ms, found 5 plugins.
Unloading 65 Unused Serialized files (Serialized files now loaded: 0)
Unloading 10288 unused Assets / (20.6 MB). Loaded Objects now: 11511.
Memory consumption went from 0.72 GB to 0.70 GB.
Total: 34.741800 ms (FindLiveObjects: 1.412800 ms CreateObjectMapping: 5.612600 ms MarkObjects: 19.581300 ms  DeleteObjects: 8.133900 ms)

Prepare: number of updated asset objects reloaded= 0
========================================================================
Received Prepare
AcceleratorClientConnectionCallback - disconnected - :0
Refreshing native plugins compatible for Editor in 3.48 ms, found 5 plugins.
Unloading 65 Unused Serialized files (Serialized files now loaded: 0)
Unloading 10268 unused Assets / (20.6 MB). Loaded Objects now: 11511.
Memory consumption went from 0.72 GB to 0.70 GB.
Total: 32.600300 ms (FindLiveObjects: 1.357100 ms CreateObjectMapping: 6.065100 ms MarkObjects: 17.813300 ms  DeleteObjects: 7.363400 ms)

Prepare: number of updated asset objects reloaded= 0
========================================================================
Received Prepare
AcceleratorClientConnectionCallback - disconnected - :0
Begin MonoManager ReloadAssembly
Symbol file LoadedFromMemory is not a mono symbol file
Symbol file LoadedFromMemory is not a mono symbol file
Refreshing native plugins compatible for Editor in 2.10 ms, found 5 plugins.
Native extension for WindowsStandalone target not found
Native extension for WebGL target not found
[Package Manager] Failed to launch server process. Reason: Unity was launched with the -noUpm command-line argument
[Package Manager] Unable to send message (not connected to server process).
[Package Manager] Cannot connect to Unity Package Manager local server
Refreshing native plugins compatible for Editor in 4.23 ms, found 5 plugins.
[Package Manager] Failed to launch server process. Reason: Unity was launched with the -noUpm command-line argument
[Package Manager] Unable to send message (not connected to server process).
[Package Manager] Cannot connect to Unity Package Manager local server
[Licensing::Client] Error: Code 404 while processing request (status: Found 0 entitlement groups and 0 free entitlements matching requested entitlement ids)
ScheduleIndexationOnStartup MainProcess:False IndexOnStartup:True
Mono: successfully reloaded assembly
- Finished resetting the current domain, in  2.254 seconds
Domain Reload Profiling: 3787ms
	BeginReloadAssembly (372ms)
		DisableScriptedObjects (13ms)
		CreateAndSetChildDomain (141ms)
	RebuildCommonClasses (14ms)
	RebuildNativeTypeToScriptingClass (25ms)
	initialDomainReloadingComplete (113ms)
	LoadAllAssembliesAndSetupDomain (1009ms)
		LoadAssemblies (457ms)
		AnalyzeDomain (464ms)
			TypeCache.Refresh (16ms)
			BuildScriptInfoCaches (440ms)
			ResolveRequiredComponents (5ms)
	FinalizeReload (2255ms)
		SetupLoadedEditorAssemblies (0ms)
			BeforeProcessingInitializeOnLoad (198ms)
			ProcessInitializeOnLoadAttributes (1075ms)
			ProcessInitializeOnLoadMethodAttributes (609ms)
			AfterProcessingInitializeOnLoad (7ms)
		AwakeInstancesAfterBackupRestoration (44ms)
Refreshing native plugins compatible for Editor in 3.03 ms, found 5 plugins.
Unloading 65 Unused Serialized files (Serialized files now loaded: 0)
Unloading 10288 unused Assets / (18.0 MB). Loaded Objects now: 11514.
Memory consumption went from 0.72 GB to 0.71 GB.
Total: 27.106900 ms (FindLiveObjects: 1.342900 ms CreateObjectMapping: 5.486300 ms MarkObjects: 15.930900 ms  DeleteObjects: 4.345600 ms)

Prepare: number of updated asset objects reloaded= 0
========================================================================
Received Prepare
AcceleratorClientConnectionCallback - disconnected - :0
Refreshing native plugins compatible for Editor in 2.75 ms, found 5 plugins.
Unloading 65 Unused Serialized files (Serialized files now loaded: 0)
Unloading 10268 unused Assets / (19.5 MB). Loaded Objects now: 11514.
Memory consumption went from 0.73 GB to 0.71 GB.
Total: 29.860200 ms (FindLiveObjects: 1.060100 ms CreateObjectMapping: 5.286300 ms MarkObjects: 17.740700 ms  DeleteObjects: 5.771600 ms)

Prepare: number of updated asset objects reloaded= 0
========================================================================
Received Prepare
AcceleratorClientConnectionCallback - disconnected - :0
[Licensing::Client] Successfully resolved entitlement details
Begin MonoManager ReloadAssembly
Symbol file LoadedFromMemory is not a mono symbol file
Symbol file LoadedFromMemory is not a mono symbol file
Refreshing native plugins compatible for Editor in 2.21 ms, found 5 plugins.
Native extension for WindowsStandalone target not found
Native extension for WebGL target not found
[Package Manager] Failed to launch server process. Reason: Unity was launched with the -noUpm command-line argument
[Package Manager] Unable to send message (not connected to server process).
[Package Manager] Cannot connect to Unity Package Manager local server
Refreshing native plugins compatible for Editor in 4.33 ms, found 5 plugins.
[Package Manager] Failed to launch server process. Reason: Unity was launched with the -noUpm command-line argument
[Package Manager] Unable to send message (not connected to server process).
[Package Manager] Cannot connect to Unity Package Manager local server
[Licensing::Client] Error: Code 404 while processing request (status: Found 0 entitlement groups and 0 free entitlements matching requested entitlement ids)
ScheduleIndexationOnStartup MainProcess:False IndexOnStartup:True
Mono: successfully reloaded assembly
- Finished resetting the current domain, in  2.226 seconds
Domain Reload Profiling: 3721ms
	BeginReloadAssembly (393ms)
		DisableScriptedObjects (14ms)
		CreateAndSetChildDomain (161ms)
	RebuildCommonClasses (11ms)
	RebuildNativeTypeToScriptingClass (27ms)
	initialDomainReloadingComplete (110ms)
	LoadAllAssembliesAndSetupDomain (952ms)
		LoadAssemblies (488ms)
		AnalyzeDomain (393ms)
			TypeCache.Refresh (14ms)
			BuildScriptInfoCaches (369ms)
			ResolveRequiredComponents (7ms)
	FinalizeReload (2227ms)
		SetupLoadedEditorAssemblies (0ms)
			InitializePlatformSupportModulesInManaged (3ms)
			BeforeProcessingInitializeOnLoad (179ms)
			ProcessInitializeOnLoadAttributes (1056ms)
			ProcessInitializeOnLoadMethodAttributes (558ms)
			AfterProcessingInitializeOnLoad (11ms)
		AwakeInstancesAfterBackupRestoration (51ms)
Refreshing native plugins compatible for Editor in 3.41 ms, found 5 plugins.
Unloading 65 Unused Serialized files (Serialized files now loaded: 0)
Unloading 10288 unused Assets / (23.5 MB). Loaded Objects now: 11517.
Memory consumption went from 0.73 GB to 0.71 GB.
Total: 32.432300 ms (FindLiveObjects: 1.223800 ms CreateObjectMapping: 5.539900 ms MarkObjects: 18.255700 ms  DeleteObjects: 7.411700 ms)

Prepare: number of updated asset objects reloaded= 0
========================================================================
Received Prepare
AcceleratorClientConnectionCallback - disconnected - :0
Refreshing native plugins compatible for Editor in 4.17 ms, found 5 plugins.
Unloading 65 Unused Serialized files (Serialized files now loaded: 0)
Unloading 65 unused Assets / (13.7 MB). Loaded Objects now: 11517.
Memory consumption went from 0.72 GB to 0.71 GB.
Total: 20.831700 ms (FindLiveObjects: 0.619900 ms CreateObjectMapping: 2.073500 ms MarkObjects: 16.579000 ms  DeleteObjects: 1.557700 ms)

Prepare: number of updated asset objects reloaded= 0
========================================================================
Received Prepare
AcceleratorClientConnectionCallback - disconnected - :0
[Licensing::Client] Successfully resolved entitlement details
Begin MonoManager ReloadAssembly
Symbol file LoadedFromMemory is not a mono symbol file
Symbol file LoadedFromMemory is not a mono symbol file
Refreshing native plugins compatible for Editor in 3.03 ms, found 5 plugins.
Native extension for WindowsStandalone target not found
Native extension for WebGL target not found
[Package Manager] Failed to launch server process. Reason: Unity was launched with the -noUpm command-line argument
[Package Manager] Unable to send message (not connected to server process).
[Package Manager] Cannot connect to Unity Package Manager local server
Refreshing native plugins compatible for Editor in 4.31 ms, found 5 plugins.
[Package Manager] Failed to launch server process. Reason: Unity was launched with the -noUpm command-line argument
[Package Manager] Unable to send message (not connected to server process).
[Package Manager] Cannot connect to Unity Package Manager local server
[Licensing::Client] Error: Code 404 while processing request (status: Found 0 entitlement groups and 0 free entitlements matching requested entitlement ids)
ScheduleIndexationOnStartup MainProcess:False IndexOnStartup:True
Mono: successfully reloaded assembly
- Finished resetting the current domain, in  2.275 seconds
Domain Reload Profiling: 3262ms
	BeginReloadAssembly (293ms)
		DisableScriptedObjects (11ms)
		CreateAndSetChildDomain (104ms)
	RebuildCommonClasses (14ms)
	RebuildNativeTypeToScriptingClass (19ms)
	initialDomainReloadingComplete (101ms)
	LoadAllAssembliesAndSetupDomain (559ms)
		LoadAssemblies (458ms)
		AnalyzeDomain (26ms)
			TypeCache.Refresh (12ms)
			ResolveRequiredComponents (8ms)
	FinalizeReload (2276ms)
		SetupLoadedEditorAssemblies (0ms)
			BeforeProcessingInitializeOnLoad (184ms)
			ProcessInitializeOnLoadAttributes (1095ms)
			ProcessInitializeOnLoadMethodAttributes (638ms)
			AfterProcessingInitializeOnLoad (7ms)
		AwakeInstancesAfterBackupRestoration (35ms)
Refreshing native plugins compatible for Editor in 3.19 ms, found 5 plugins.
Unloading 65 Unused Serialized files (Serialized files now loaded: 0)
Unloading 10288 unused Assets / (21.8 MB). Loaded Objects now: 11520.
Memory consumption went from 0.73 GB to 0.71 GB.
Total: 28.117800 ms (FindLiveObjects: 1.179500 ms CreateObjectMapping: 5.697300 ms MarkObjects: 14.675600 ms  DeleteObjects: 6.564300 ms)

Prepare: number of updated asset objects reloaded= 0
========================================================================
Received Prepare
AcceleratorClientConnectionCallback - disconnected - :0
Refreshing native plugins compatible for Editor in 3.46 ms, found 5 plugins.
Unloading 65 Unused Serialized files (Serialized files now loaded: 0)
Unloading 10268 unused Assets / (21.0 MB). Loaded Objects now: 11520.
Memory consumption went from 0.74 GB to 0.72 GB.
Total: 35.454400 ms (FindLiveObjects: 1.365200 ms CreateObjectMapping: 5.831700 ms MarkObjects: 20.080500 ms  DeleteObjects: 8.175800 ms)

Prepare: number of updated asset objects reloaded= 0
========================================================================
Received Prepare
AcceleratorClientConnectionCallback - disconnected - :0
[Licensing::Client] Successfully resolved entitlement details
Begin MonoManager ReloadAssembly
Symbol file LoadedFromMemory is not a mono symbol file
Symbol file LoadedFromMemory is not a mono symbol file
Refreshing native plugins compatible for Editor in 3.34 ms, found 5 plugins.
Native extension for WindowsStandalone target not found
Native extension for WebGL target not found
[Package Manager] Failed to launch server process. Reason: Unity was launched with the -noUpm command-line argument
[Package Manager] Unable to send message (not connected to server process).
[Package Manager] Cannot connect to Unity Package Manager local server
Refreshing native plugins compatible for Editor in 3.36 ms, found 5 plugins.
[Package Manager] Failed to launch server process. Reason: Unity was launched with the -noUpm command-line argument
[Package Manager] Unable to send message (not connected to server process).
[Package Manager] Cannot connect to Unity Package Manager local server
[Licensing::Client] Error: Code 404 while processing request (status: Found 0 entitlement groups and 0 free entitlements matching requested entitlement ids)
ScheduleIndexationOnStartup MainProcess:False IndexOnStartup:True
Mono: successfully reloaded assembly
- Finished resetting the current domain, in  2.276 seconds
Domain Reload Profiling: 3800ms
	BeginReloadAssembly (347ms)
		DisableScriptedObjects (10ms)
		CreateAndSetChildDomain (117ms)
	RebuildCommonClasses (18ms)
	RebuildNativeTypeToScriptingClass (25ms)
	initialDomainReloadingComplete (128ms)
	LoadAllAssembliesAndSetupDomain (1004ms)
		LoadAssemblies (492ms)
		AnalyzeDomain (445ms)
			TypeCache.Refresh (15ms)
			BuildScriptInfoCaches (420ms)
			ResolveRequiredComponents (7ms)
	FinalizeReload (2278ms)
		SetupLoadedEditorAssemblies (0ms)
			BeforeProcessingInitializeOnLoad (185ms)
			ProcessInitializeOnLoadAttributes (1009ms)
			ProcessInitializeOnLoadMethodAttributes (670ms)
			AfterProcessingInitializeOnLoad (9ms)
		AwakeInstancesAfterBackupRestoration (48ms)
Refreshing native plugins compatible for Editor in 3.14 ms, found 5 plugins.
Unloading 65 Unused Serialized files (Serialized files now loaded: 0)
Unloading 10288 unused Assets / (20.1 MB). Loaded Objects now: 11523.
Memory consumption went from 0.74 GB to 0.72 GB.
Total: 29.983600 ms (FindLiveObjects: 1.233700 ms CreateObjectMapping: 5.633000 ms MarkObjects: 15.792100 ms  DeleteObjects: 7.323500 ms)

Prepare: number of updated asset objects reloaded= 0
========================================================================
Received Prepare
AcceleratorClientConnectionCallback - disconnected - :0
Refreshing native plugins compatible for Editor in 2.87 ms, found 5 plugins.
Unloading 65 Unused Serialized files (Serialized files now loaded: 0)
Unloading 10268 unused Assets / (23.1 MB). Loaded Objects now: 11523.
Memory consumption went from 0.74 GB to 0.72 GB.
Total: 33.789200 ms (FindLiveObjects: 1.302200 ms CreateObjectMapping: 5.416100 ms MarkObjects: 18.787900 ms  DeleteObjects: 8.281300 ms)

Prepare: number of updated asset objects reloaded= 0
========================================================================
Received Prepare
AcceleratorClientConnectionCallback - disconnected - :0
Begin MonoManager ReloadAssembly
Symbol file LoadedFromMemory is not a mono symbol file
Symbol file LoadedFromMemory is not a mono symbol file
Refreshing native plugins compatible for Editor in 3.42 ms, found 5 plugins.
Native extension for WindowsStandalone target not found
Native extension for WebGL target not found
[Package Manager] Failed to launch server process. Reason: Unity was launched with the -noUpm command-line argument
[Package Manager] Unable to send message (not connected to server process).
[Package Manager] Cannot connect to Unity Package Manager local server
Refreshing native plugins compatible for Editor in 3.00 ms, found 5 plugins.
[Package Manager] Failed to launch server process. Reason: Unity was launched with the -noUpm command-line argument
[Package Manager] Unable to send message (not connected to server process).
[Package Manager] Cannot connect to Unity Package Manager local server
[Licensing::Client] Error: Code 404 while processing request (status: Found 0 entitlement groups and 0 free entitlements matching requested entitlement ids)
ScheduleIndexationOnStartup MainProcess:False IndexOnStartup:True
Mono: successfully reloaded assembly
- Finished resetting the current domain, in  2.218 seconds
Domain Reload Profiling: 3649ms
	BeginReloadAssembly (332ms)
		DisableScriptedObjects (12ms)
		CreateAndSetChildDomain (116ms)
	RebuildCommonClasses (9ms)
	RebuildNativeTypeToScriptingClass (17ms)
	initialDomainReloadingComplete (100ms)
	LoadAllAssembliesAndSetupDomain (971ms)
		LoadAssemblies (456ms)
		AnalyzeDomain (412ms)
			TypeCache.Refresh (13ms)
			BuildScriptInfoCaches (390ms)
			ResolveRequiredComponents (7ms)
	FinalizeReload (2220ms)
		SetupLoadedEditorAssemblies (0ms)
			InitializePlatformSupportModulesInManaged (3ms)
			BeforeProcessingInitializeOnLoad (177ms)
			ProcessInitializeOnLoadAttributes (1017ms)
			ProcessInitializeOnLoadMethodAttributes (608ms)
			AfterProcessingInitializeOnLoad (8ms)
		AwakeInstancesAfterBackupRestoration (39ms)
Refreshing native plugins compatible for Editor in 3.65 ms, found 5 plugins.
Unloading 65 Unused Serialized files (Serialized files now loaded: 0)
Unloading 10288 unused Assets / (19.5 MB). Loaded Objects now: 11526.
Memory consumption went from 0.75 GB to 0.73 GB.
Total: 27.714800 ms (FindLiveObjects: 1.013100 ms CreateObjectMapping: 4.506100 ms MarkObjects: 16.996000 ms  DeleteObjects: 5.198400 ms)

Prepare: number of updated asset objects reloaded= 0
========================================================================
Received Prepare
AcceleratorClientConnectionCallback - disconnected - :0
Begin MonoManager ReloadAssembly
Symbol file LoadedFromMemory is not a mono symbol file
Symbol file LoadedFromMemory is not a mono symbol file
Refreshing native plugins compatible for Editor in 2.42 ms, found 5 plugins.
Native extension for WindowsStandalone target not found
Native extension for WebGL target not found
[Package Manager] Failed to launch server process. Reason: Unity was launched with the -noUpm command-line argument
[Package Manager] Unable to send message (not connected to server process).
[Package Manager] Cannot connect to Unity Package Manager local server
Refreshing native plugins compatible for Editor in 3.06 ms, found 5 plugins.
[Package Manager] Failed to launch server process. Reason: Unity was launched with the -noUpm command-line argument
[Package Manager] Unable to send message (not connected to server process).
[Package Manager] Cannot connect to Unity Package Manager local server
[Licensing::Client] Error: Code 404 while processing request (status: Found 0 entitlement groups and 0 free entitlements matching requested entitlement ids)
ScheduleIndexationOnStartup MainProcess:False IndexOnStartup:True
Mono: successfully reloaded assembly
- Finished resetting the current domain, in  2.062 seconds
Domain Reload Profiling: 2918ms
	BeginReloadAssembly (282ms)
		DisableScriptedObjects (9ms)
		CreateAndSetChildDomain (94ms)
	RebuildCommonClasses (10ms)
	RebuildNativeTypeToScriptingClass (15ms)
	initialDomainReloadingComplete (85ms)
	LoadAllAssembliesAndSetupDomain (463ms)
		LoadAssemblies (381ms)
		AnalyzeDomain (21ms)
			TypeCache.Refresh (10ms)
			ResolveRequiredComponents (6ms)
	FinalizeReload (2064ms)
		SetupLoadedEditorAssemblies (0ms)
			BeforeProcessingInitializeOnLoad (152ms)
			ProcessInitializeOnLoadAttributes (989ms)
			ProcessInitializeOnLoadMethodAttributes (579ms)
			AfterProcessingInitializeOnLoad (6ms)
		AwakeInstancesAfterBackupRestoration (38ms)
Refreshing native plugins compatible for Editor in 2.99 ms, found 5 plugins.
Unloading 65 Unused Serialized files (Serialized files now loaded: 0)
Unloading 10288 unused Assets / (21.9 MB). Loaded Objects now: 11529.
Memory consumption went from 0.75 GB to 0.73 GB.
Total: 28.165900 ms (FindLiveObjects: 1.145600 ms CreateObjectMapping: 5.293800 ms MarkObjects: 14.462800 ms  DeleteObjects: 7.262600 ms)

Prepare: number of updated asset objects reloaded= 0
========================================================================
Received Prepare
AcceleratorClientConnectionCallback - disconnected - :0
Refreshing native plugins compatible for Editor in 3.66 ms, found 5 plugins.
Unloading 65 Unused Serialized files (Serialized files now loaded: 0)
Unloading 10268 unused Assets / (20.3 MB). Loaded Objects now: 11529.
Memory consumption went from 0.75 GB to 0.73 GB.
Total: 29.198800 ms (FindLiveObjects: 1.135700 ms CreateObjectMapping: 4.416000 ms MarkObjects: 15.861500 ms  DeleteObjects: 7.784000 ms)

Prepare: number of updated asset objects reloaded= 0
========================================================================
Received Prepare
AcceleratorClientConnectionCallback - disconnected - :0
Refreshing native plugins compatible for Editor in 9.90 ms, found 5 plugins.
Unloading 65 Unused Serialized files (Serialized files now loaded: 0)
Unloading 10268 unused Assets / (22.7 MB). Loaded Objects now: 11529.
Memory consumption went from 0.76 GB to 0.73 GB.
Total: 29.973700 ms (FindLiveObjects: 1.383500 ms CreateObjectMapping: 6.116300 ms MarkObjects: 13.859900 ms  DeleteObjects: 8.613100 ms)

Prepare: number of updated asset objects reloaded= 0
========================================================================
Received Prepare
AcceleratorClientConnectionCallback - disconnected - :0
[Licensing::Client] Successfully resolved entitlement details
Begin MonoManager ReloadAssembly
Symbol file LoadedFromMemory is not a mono symbol file
Symbol file LoadedFromMemory is not a mono symbol file
Refreshing native plugins compatible for Editor in 2.19 ms, found 5 plugins.
Native extension for WindowsStandalone target not found
Native extension for WebGL target not found
[Package Manager] Failed to launch server process. Reason: Unity was launched with the -noUpm command-line argument
[Package Manager] Unable to send message (not connected to server process).
[Package Manager] Cannot connect to Unity Package Manager local server
Refreshing native plugins compatible for Editor in 2.85 ms, found 5 plugins.
[Package Manager] Failed to launch server process. Reason: Unity was launched with the -noUpm command-line argument
[Package Manager] Unable to send message (not connected to server process).
[Package Manager] Cannot connect to Unity Package Manager local server
[Licensing::Client] Error: Code 404 while processing request (status: Found 0 entitlement groups and 0 free entitlements matching requested entitlement ids)
ScheduleIndexationOnStartup MainProcess:False IndexOnStartup:True
Mono: successfully reloaded assembly
- Finished resetting the current domain, in  2.087 seconds
Domain Reload Profiling: 3528ms
	BeginReloadAssembly (336ms)
		DisableScriptedObjects (14ms)
		CreateAndSetChildDomain (129ms)
	RebuildCommonClasses (16ms)
	RebuildNativeTypeToScriptingClass (18ms)
	initialDomainReloadingComplete (107ms)
	LoadAllAssembliesAndSetupDomain (964ms)
		LoadAssemblies (462ms)
		AnalyzeDomain (399ms)
			TypeCache.Refresh (14ms)
			BuildScriptInfoCaches (376ms)
			ResolveRequiredComponents (7ms)
	FinalizeReload (2088ms)
		SetupLoadedEditorAssemblies (0ms)
			BeforeProcessingInitializeOnLoad (180ms)
			ProcessInitializeOnLoadAttributes (1010ms)
			ProcessInitializeOnLoadMethodAttributes (532ms)
			AfterProcessingInitializeOnLoad (9ms)
		AwakeInstancesAfterBackupRestoration (40ms)
Refreshing native plugins compatible for Editor in 2.55 ms, found 5 plugins.
Unloading 65 Unused Serialized files (Serialized files now loaded: 0)
Unloading 10288 unused Assets / (21.1 MB). Loaded Objects now: 11532.
Memory consumption went from 0.76 GB to 0.74 GB.
Total: 24.672600 ms (FindLiveObjects: 1.046900 ms CreateObjectMapping: 4.720800 ms MarkObjects: 13.546200 ms  DeleteObjects: 5.357700 ms)

Prepare: number of updated asset objects reloaded= 0
========================================================================
Received Prepare
AcceleratorClientConnectionCallback - disconnected - :0
Begin MonoManager ReloadAssembly
Symbol file LoadedFromMemory is not a mono symbol file
Symbol file LoadedFromMemory is not a mono symbol file
Refreshing native plugins compatible for Editor in 3.13 ms, found 5 plugins.
Native extension for WindowsStandalone target not found
Native extension for WebGL target not found
[Package Manager] Failed to launch server process. Reason: Unity was launched with the -noUpm command-line argument
[Package Manager] Unable to send message (not connected to server process).
[Package Manager] Cannot connect to Unity Package Manager local server
Refreshing native plugins compatible for Editor in 2.85 ms, found 5 plugins.
[Package Manager] Failed to launch server process. Reason: Unity was launched with the -noUpm command-line argument
[Package Manager] Unable to send message (not connected to server process).
[Package Manager] Cannot connect to Unity Package Manager local server
[Licensing::Client] Error: Code 404 while processing request (status: Found 0 entitlement groups and 0 free entitlements matching requested entitlement ids)
ScheduleIndexationOnStartup MainProcess:False IndexOnStartup:True
Mono: successfully reloaded assembly
- Finished resetting the current domain, in  2.037 seconds
Domain Reload Profiling: 2933ms
	BeginReloadAssembly (289ms)
		DisableScriptedObjects (10ms)
		CreateAndSetChildDomain (98ms)
	RebuildCommonClasses (13ms)
	RebuildNativeTypeToScriptingClass (19ms)
	initialDomainReloadingComplete (88ms)
	LoadAllAssembliesAndSetupDomain (487ms)
		LoadAssemblies (393ms)
		AnalyzeDomain (26ms)
			TypeCache.Refresh (12ms)
			ResolveRequiredComponents (7ms)
	FinalizeReload (2038ms)
		SetupLoadedEditorAssemblies (0ms)
			BeforeProcessingInitializeOnLoad (156ms)
			ProcessInitializeOnLoadAttributes (940ms)
			ProcessInitializeOnLoadMethodAttributes (590ms)
			AfterProcessingInitializeOnLoad (7ms)
		AwakeInstancesAfterBackupRestoration (42ms)
Refreshing native plugins compatible for Editor in 2.82 ms, found 5 plugins.
Unloading 65 Unused Serialized files (Serialized files now loaded: 0)
Unloading 10288 unused Assets / (21.4 MB). Loaded Objects now: 11535.
Memory consumption went from 0.76 GB to 0.74 GB.
Total: 27.313000 ms (FindLiveObjects: 1.415500 ms CreateObjectMapping: 4.972300 ms MarkObjects: 13.812500 ms  DeleteObjects: 7.111900 ms)

Prepare: number of updated asset objects reloaded= 0
========================================================================
Received Prepare
AcceleratorClientConnectionCallback - disconnected - :0
Refreshing native plugins compatible for Editor in 2.57 ms, found 5 plugins.
Unloading 65 Unused Serialized files (Serialized files now loaded: 0)
Unloading 10268 unused Assets / (19.5 MB). Loaded Objects now: 11535.
Memory consumption went from 0.77 GB to 0.75 GB.
Total: 23.895700 ms (FindLiveObjects: 1.045100 ms CreateObjectMapping: 4.365300 ms MarkObjects: 13.311900 ms  DeleteObjects: 5.172300 ms)

Prepare: number of updated asset objects reloaded= 0
========================================================================
Received Prepare
AcceleratorClientConnectionCallback - disconnected - :0
Begin MonoManager ReloadAssembly
Symbol file LoadedFromMemory is not a mono symbol file
Symbol file LoadedFromMemory is not a mono symbol file
Refreshing native plugins compatible for Editor in 2.29 ms, found 5 plugins.
Native extension for WindowsStandalone target not found
Native extension for WebGL target not found
[Package Manager] Failed to launch server process. Reason: Unity was launched with the -noUpm command-line argument
[Package Manager] Unable to send message (not connected to server process).
[Package Manager] Cannot connect to Unity Package Manager local server
Refreshing native plugins compatible for Editor in 2.93 ms, found 5 plugins.
[Package Manager] Failed to launch server process. Reason: Unity was launched with the -noUpm command-line argument
[Package Manager] Unable to send message (not connected to server process).
[Package Manager] Cannot connect to Unity Package Manager local server
[Licensing::Client] Error: Code 404 while processing request (status: Found 0 entitlement groups and 0 free entitlements matching requested entitlement ids)
ScheduleIndexationOnStartup MainProcess:False IndexOnStartup:True
Mono: successfully reloaded assembly
- Finished resetting the current domain, in  1.988 seconds
Domain Reload Profiling: 3203ms
	BeginReloadAssembly (282ms)
		DisableScriptedObjects (9ms)
		CreateAndSetChildDomain (100ms)
	RebuildCommonClasses (10ms)
	RebuildNativeTypeToScriptingClass (22ms)
	initialDomainReloadingComplete (93ms)
	LoadAllAssembliesAndSetupDomain (808ms)
		LoadAssemblies (395ms)
		AnalyzeDomain (347ms)
			TypeCache.Refresh (14ms)
			BuildScriptInfoCaches (327ms)
			ResolveRequiredComponents (4ms)
	FinalizeReload (1989ms)
		SetupLoadedEditorAssemblies (0ms)
			BeforeProcessingInitializeOnLoad (155ms)
			ProcessInitializeOnLoadAttributes (937ms)
			ProcessInitializeOnLoadMethodAttributes (528ms)
			AfterProcessingInitializeOnLoad (5ms)
		AwakeInstancesAfterBackupRestoration (33ms)
Refreshing native plugins compatible for Editor in 2.37 ms, found 5 plugins.
Unloading 65 Unused Serialized files (Serialized files now loaded: 0)
Unloading 10288 unused Assets / (21.3 MB). Loaded Objects now: 11538.
Memory consumption went from 0.77 GB to 0.75 GB.
Total: 24.512600 ms (FindLiveObjects: 1.001200 ms CreateObjectMapping: 4.866600 ms MarkObjects: 13.446300 ms  DeleteObjects: 5.197000 ms)

Prepare: number of updated asset objects reloaded= 0
========================================================================
Received Prepare
AcceleratorClientConnectionCallback - disconnected - :0
Begin MonoManager ReloadAssembly
Symbol file LoadedFromMemory is not a mono symbol file
Symbol file LoadedFromMemory is not a mono symbol file
Refreshing native plugins compatible for Editor in 2.16 ms, found 5 plugins.
Native extension for WindowsStandalone target not found
Native extension for WebGL target not found
[Package Manager] Failed to launch server process. Reason: Unity was launched with the -noUpm command-line argument
[Package Manager] Unable to send message (not connected to server process).
[Package Manager] Cannot connect to Unity Package Manager local server
Refreshing native plugins compatible for Editor in 2.81 ms, found 5 plugins.
[Package Manager] Failed to launch server process. Reason: Unity was launched with the -noUpm command-line argument
[Package Manager] Unable to send message (not connected to server process).
[Package Manager] Cannot connect to Unity Package Manager local server
[Licensing::Client] Error: Code 404 while processing request (status: Found 0 entitlement groups and 0 free entitlements matching requested entitlement ids)
ScheduleIndexationOnStartup MainProcess:False IndexOnStartup:True
Mono: successfully reloaded assembly
- Finished resetting the current domain, in  2.105 seconds
Domain Reload Profiling: 2997ms
	BeginReloadAssembly (290ms)
		DisableScriptedObjects (9ms)
		CreateAndSetChildDomain (98ms)
	RebuildCommonClasses (10ms)
	RebuildNativeTypeToScriptingClass (20ms)
	initialDomainReloadingComplete (95ms)
	LoadAllAssembliesAndSetupDomain (475ms)
		LoadAssemblies (394ms)
		AnalyzeDomain (20ms)
			TypeCache.Refresh (10ms)
			ResolveRequiredComponents (6ms)
	FinalizeReload (2106ms)
		SetupLoadedEditorAssemblies (0ms)
			InitializePlatformSupportModulesInManaged (3ms)
			BeforeProcessingInitializeOnLoad (152ms)
			ProcessInitializeOnLoadAttributes (1011ms)
			ProcessInitializeOnLoadMethodAttributes (595ms)
			AfterProcessingInitializeOnLoad (6ms)
		AwakeInstancesAfterBackupRestoration (40ms)
Refreshing native plugins compatible for Editor in 2.76 ms, found 5 plugins.
Unloading 65 Unused Serialized files (Serialized files now loaded: 0)
Unloading 10288 unused Assets / (21.4 MB). Loaded Objects now: 11541.
Memory consumption went from 0.77 GB to 0.75 GB.
Total: 26.819900 ms (FindLiveObjects: 1.093400 ms CreateObjectMapping: 5.131700 ms MarkObjects: 14.405700 ms  DeleteObjects: 6.188100 ms)

Prepare: number of updated asset objects reloaded= 0
========================================================================
Received Prepare
AcceleratorClientConnectionCallback - disconnected - :0
Refreshing native plugins compatible for Editor in 2.80 ms, found 5 plugins.
Unloading 65 Unused Serialized files (Serialized files now loaded: 0)
Unloading 10268 unused Assets / (22.2 MB). Loaded Objects now: 11541.
Memory consumption went from 0.78 GB to 0.75 GB.
Total: 29.031900 ms (FindLiveObjects: 1.240000 ms CreateObjectMapping: 4.627500 ms MarkObjects: 16.550100 ms  DeleteObjects: 6.613200 ms)

Prepare: number of updated asset objects reloaded= 0
========================================================================
Received Prepare
AcceleratorClientConnectionCallback - disconnected - :0
[Licensing::Client] Successfully resolved entitlement details
Begin MonoManager ReloadAssembly
Symbol file LoadedFromMemory is not a mono symbol file
Symbol file LoadedFromMemory is not a mono symbol file
Refreshing native plugins compatible for Editor in 3.26 ms, found 5 plugins.
Native extension for WindowsStandalone target not found
Native extension for WebGL target not found
[Package Manager] Failed to launch server process. Reason: Unity was launched with the -noUpm command-line argument
[Package Manager] Unable to send message (not connected to server process).
[Package Manager] Cannot connect to Unity Package Manager local server
Refreshing native plugins compatible for Editor in 4.17 ms, found 5 plugins.
[Package Manager] Failed to launch server process. Reason: Unity was launched with the -noUpm command-line argument
[Package Manager] Unable to send message (not connected to server process).
[Package Manager] Cannot connect to Unity Package Manager local server
[Licensing::Client] Error: Code 404 while processing request (status: Found 0 entitlement groups and 0 free entitlements matching requested entitlement ids)
ScheduleIndexationOnStartup MainProcess:False IndexOnStartup:True
Mono: successfully reloaded assembly
- Finished resetting the current domain, in  2.202 seconds
Domain Reload Profiling: 3654ms
	BeginReloadAssembly (342ms)
		DisableScriptedObjects (13ms)
		CreateAndSetChildDomain (135ms)
	RebuildCommonClasses (11ms)
	RebuildNativeTypeToScriptingClass (17ms)
	initialDomainReloadingComplete (108ms)
	LoadAllAssembliesAndSetupDomain (973ms)
		LoadAssemblies (470ms)
		AnalyzeDomain (402ms)
			TypeCache.Refresh (16ms)
			BuildScriptInfoCaches (376ms)
			ResolveRequiredComponents (7ms)
	FinalizeReload (2203ms)
		SetupLoadedEditorAssemblies (0ms)
			InitializePlatformSupportModulesInManaged (3ms)
			BeforeProcessingInitializeOnLoad (190ms)
			ProcessInitializeOnLoadAttributes (1009ms)
			ProcessInitializeOnLoadMethodAttributes (583ms)
			AfterProcessingInitializeOnLoad (7ms)
		AwakeInstancesAfterBackupRestoration (36ms)
Refreshing native plugins compatible for Editor in 3.58 ms, found 5 plugins.
Unloading 65 Unused Serialized files (Serialized files now loaded: 0)
Unloading 10288 unused Assets / (23.4 MB). Loaded Objects now: 11544.
Memory consumption went from 0.78 GB to 0.76 GB.
Total: 32.975400 ms (FindLiveObjects: 1.429200 ms CreateObjectMapping: 5.257600 ms MarkObjects: 18.935600 ms  DeleteObjects: 7.352000 ms)

Prepare: number of updated asset objects reloaded= 0
========================================================================
Received Prepare
AcceleratorClientConnectionCallback - disconnected - :0
Begin MonoManager ReloadAssembly
Symbol file LoadedFromMemory is not a mono symbol file
Symbol file LoadedFromMemory is not a mono symbol file
Refreshing native plugins compatible for Editor in 2.84 ms, found 5 plugins.
Native extension for WindowsStandalone target not found
Native extension for WebGL target not found
[Package Manager] Failed to launch server process. Reason: Unity was launched with the -noUpm command-line argument
[Package Manager] Unable to send message (not connected to server process).
[Package Manager] Cannot connect to Unity Package Manager local server
Refreshing native plugins compatible for Editor in 3.14 ms, found 5 plugins.
[Package Manager] Failed to launch server process. Reason: Unity was launched with the -noUpm command-line argument
[Package Manager] Unable to send message (not connected to server process).
[Package Manager] Cannot connect to Unity Package Manager local server
[Licensing::Client] Error: Code 404 while processing request (status: Found 0 entitlement groups and 0 free entitlements matching requested entitlement ids)
ScheduleIndexationOnStartup MainProcess:False IndexOnStartup:True
Mono: successfully reloaded assembly
- Finished resetting the current domain, in  2.088 seconds
Domain Reload Profiling: 2964ms
	BeginReloadAssembly (283ms)
		DisableScriptedObjects (9ms)
		CreateAndSetChildDomain (97ms)
	RebuildCommonClasses (10ms)
	RebuildNativeTypeToScriptingClass (15ms)
	initialDomainReloadingComplete (83ms)
	LoadAllAssembliesAndSetupDomain (484ms)
		LoadAssemblies (397ms)
		AnalyzeDomain (19ms)
			TypeCache.Refresh (9ms)
			ResolveRequiredComponents (5ms)
	FinalizeReload (2090ms)
		SetupLoadedEditorAssemblies (0ms)
			BeforeProcessingInitializeOnLoad (171ms)
			ProcessInitializeOnLoadAttributes (973ms)
			ProcessInitializeOnLoadMethodAttributes (599ms)
			AfterProcessingInitializeOnLoad (7ms)
		AwakeInstancesAfterBackupRestoration (42ms)
Refreshing native plugins compatible for Editor in 3.09 ms, found 5 plugins.
Unloading 65 Unused Serialized files (Serialized files now loaded: 0)
Unloading 10288 unused Assets / (22.1 MB). Loaded Objects now: 11547.
Memory consumption went from 0.78 GB to 0.76 GB.
Total: 29.460200 ms (FindLiveObjects: 1.174900 ms CreateObjectMapping: 5.448000 ms MarkObjects: 14.680600 ms  DeleteObjects: 8.155900 ms)

Prepare: number of updated asset objects reloaded= 0
========================================================================
Received Prepare
AcceleratorClientConnectionCallback - disconnected - :0
Refreshing native plugins compatible for Editor in 4.06 ms, found 5 plugins.
Unloading 65 Unused Serialized files (Serialized files now loaded: 0)
Unloading 10268 unused Assets / (20.4 MB). Loaded Objects now: 11547.
Memory consumption went from 0.79 GB to 0.77 GB.
Total: 29.237000 ms (FindLiveObjects: 1.114100 ms CreateObjectMapping: 4.895000 ms MarkObjects: 16.729600 ms  DeleteObjects: 6.496900 ms)

Prepare: number of updated asset objects reloaded= 0
========================================================================
Received Prepare
AcceleratorClientConnectionCallback - disconnected - :0
[Licensing::Client] Successfully resolved entitlement details
Begin MonoManager ReloadAssembly
Symbol file LoadedFromMemory is not a mono symbol file
Symbol file LoadedFromMemory is not a mono symbol file
Refreshing native plugins compatible for Editor in 3.53 ms, found 5 plugins.
Native extension for WindowsStandalone target not found
Native extension for WebGL target not found
[Package Manager] Failed to launch server process. Reason: Unity was launched with the -noUpm command-line argument
[Package Manager] Unable to send message (not connected to server process).
[Package Manager] Cannot connect to Unity Package Manager local server
Refreshing native plugins compatible for Editor in 2.75 ms, found 5 plugins.
[Package Manager] Failed to launch server process. Reason: Unity was launched with the -noUpm command-line argument
[Package Manager] Unable to send message (not connected to server process).
[Package Manager] Cannot connect to Unity Package Manager local server
[Licensing::Client] Error: Code 404 while processing request (status: Found 0 entitlement groups and 0 free entitlements matching requested entitlement ids)
ScheduleIndexationOnStartup MainProcess:False IndexOnStartup:True
Mono: successfully reloaded assembly
- Finished resetting the current domain, in  2.339 seconds
Domain Reload Profiling: 3805ms
	BeginReloadAssembly (360ms)
		DisableScriptedObjects (11ms)
		CreateAndSetChildDomain (138ms)
	RebuildCommonClasses (17ms)
	RebuildNativeTypeToScriptingClass (26ms)
	initialDomainReloadingComplete (99ms)
	LoadAllAssembliesAndSetupDomain (963ms)
		LoadAssemblies (451ms)
		AnalyzeDomain (427ms)
			TypeCache.Refresh (16ms)
			BuildScriptInfoCaches (403ms)
			ResolveRequiredComponents (6ms)
	FinalizeReload (2340ms)
		SetupLoadedEditorAssemblies (0ms)
			BeforeProcessingInitializeOnLoad (172ms)
			ProcessInitializeOnLoadAttributes (1106ms)
			ProcessInitializeOnLoadMethodAttributes (627ms)
			AfterProcessingInitializeOnLoad (8ms)
		AwakeInstancesAfterBackupRestoration (47ms)
Refreshing native plugins compatible for Editor in 2.26 ms, found 5 plugins.
Unloading 65 Unused Serialized files (Serialized files now loaded: 0)
Unloading 10288 unused Assets / (20.4 MB). Loaded Objects now: 11550.
Memory consumption went from 0.79 GB to 0.77 GB.
Total: 28.084800 ms (FindLiveObjects: 1.196800 ms CreateObjectMapping: 4.622800 ms MarkObjects: 16.097700 ms  DeleteObjects: 6.165200 ms)

Prepare: number of updated asset objects reloaded= 0
========================================================================
Received Prepare
AcceleratorClientConnectionCallback - disconnected - :0
Begin MonoManager ReloadAssembly
Symbol file LoadedFromMemory is not a mono symbol file
Symbol file LoadedFromMemory is not a mono symbol file
Refreshing native plugins compatible for Editor in 3.14 ms, found 5 plugins.
Native extension for WindowsStandalone target not found
Native extension for WebGL target not found
[Package Manager] Failed to launch server process. Reason: Unity was launched with the -noUpm command-line argument
[Package Manager] Unable to send message (not connected to server process).
[Package Manager] Cannot connect to Unity Package Manager local server
Refreshing native plugins compatible for Editor in 3.43 ms, found 5 plugins.
[Package Manager] Failed to launch server process. Reason: Unity was launched with the -noUpm command-line argument
[Package Manager] Unable to send message (not connected to server process).
[Package Manager] Cannot connect to Unity Package Manager local server
[Licensing::Client] Error: Code 404 while processing request (status: Found 0 entitlement groups and 0 free entitlements matching requested entitlement ids)
ScheduleIndexationOnStartup MainProcess:False IndexOnStartup:True
Mono: successfully reloaded assembly
- Finished resetting the current domain, in  2.185 seconds
Domain Reload Profiling: 3057ms
	BeginReloadAssembly (279ms)
		DisableScriptedObjects (9ms)
		CreateAndSetChildDomain (98ms)
	RebuildCommonClasses (10ms)
	RebuildNativeTypeToScriptingClass (16ms)
	initialDomainReloadingComplete (84ms)
	LoadAllAssembliesAndSetupDomain (481ms)
		LoadAssemblies (393ms)
		AnalyzeDomain (19ms)
			TypeCache.Refresh (9ms)
			ResolveRequiredComponents (5ms)
	FinalizeReload (2187ms)
		SetupLoadedEditorAssemblies (0ms)
			BeforeProcessingInitializeOnLoad (170ms)
			ProcessInitializeOnLoadAttributes (996ms)
			ProcessInitializeOnLoadMethodAttributes (643ms)
			AfterProcessingInitializeOnLoad (9ms)
		AwakeInstancesAfterBackupRestoration (47ms)
Refreshing native plugins compatible for Editor in 2.62 ms, found 5 plugins.
Unloading 65 Unused Serialized files (Serialized files now loaded: 0)
Unloading 10288 unused Assets / (21.2 MB). Loaded Objects now: 11553.
Memory consumption went from 0.79 GB to 0.77 GB.
Total: 29.145700 ms (FindLiveObjects: 1.303400 ms CreateObjectMapping: 5.697800 ms MarkObjects: 15.590200 ms  DeleteObjects: 6.553600 ms)

Prepare: number of updated asset objects reloaded= 0
========================================================================
Received Prepare
AcceleratorClientConnectionCallback - disconnected - :0
Refreshing native plugins compatible for Editor in 2.45 ms, found 5 plugins.
Unloading 65 Unused Serialized files (Serialized files now loaded: 0)
Unloading 10268 unused Assets / (22.8 MB). Loaded Objects now: 11553.
Memory consumption went from 0.80 GB to 0.77 GB.
Total: 34.623800 ms (FindLiveObjects: 1.352200 ms CreateObjectMapping: 4.564100 ms MarkObjects: 20.715800 ms  DeleteObjects: 7.990200 ms)

Prepare: number of updated asset objects reloaded= 0
========================================================================
Received Prepare
AcceleratorClientConnectionCallback - disconnected - :0
[Licensing::Client] Successfully resolved entitlement details
Begin MonoManager ReloadAssembly
Failed to create domain‐reload token.
UnityEngine.Debug:ExtractStackTraceNoAlloc (byte*,int,string)
UnityEngine.StackTraceUtility:ExtractStackTrace ()
UnityEngine.DebugLogHandler:Internal_Log (UnityEngine.LogType,UnityEngine.LogOption,string,UnityEngine.Object)
UnityEngine.DebugLogHandler:LogFormat (UnityEngine.LogType,UnityEngine.Object,string,object[])
UnityEngine.Logger:Log (UnityEngine.LogType,object)
UnityEngine.Debug:LogError (object)
Unity.AI.Generators.UI.Utilities.DomainReloadUtilities:CreateToken () (at ./Library/PackageCache/com.unity.ai.assistant@c0127625258e/Modules/Unity.AI.Generators.UI/Utilities/DomainReloadUtilities.cs:50)
UnityEditor.AssemblyReloadEvents:OnBeforeAssemblyReload ()

(Filename: ./Library/PackageCache/com.unity.ai.assistant@c0127625258e/Modules/Unity.AI.Generators.UI/Utilities/DomainReloadUtilities.cs Line: 50)

Symbol file LoadedFromMemory is not a mono symbol file
Symbol file LoadedFromMemory is not a mono symbol file
Refreshing native plugins compatible for Editor in 3.79 ms, found 5 plugins.
Native extension for WindowsStandalone target not found
Native extension for WebGL target not found
[Package Manager] Failed to launch server process. Reason: Unity was launched with the -noUpm command-line argument
[Package Manager] Unable to send message (not connected to server process).
[Package Manager] Cannot connect to Unity Package Manager local server
Refreshing native plugins compatible for Editor in 3.90 ms, found 5 plugins.
[Package Manager] Failed to launch server process. Reason: Unity was launched with the -noUpm command-line argument
[Package Manager] Unable to send message (not connected to server process).
[Package Manager] Cannot connect to Unity Package Manager local server
[Licensing::Client] Error: Code 404 while processing request (status: Found 0 entitlement groups and 0 free entitlements matching requested entitlement ids)
ScheduleIndexationOnStartup MainProcess:False IndexOnStartup:True
Mono: successfully reloaded assembly
- Finished resetting the current domain, in  2.278 seconds
Domain Reload Profiling: 3755ms
	BeginReloadAssembly (394ms)
		DisableScriptedObjects (10ms)
		CreateAndSetChildDomain (163ms)
	RebuildCommonClasses (19ms)
	RebuildNativeTypeToScriptingClass (20ms)
	initialDomainReloadingComplete (101ms)
	LoadAllAssembliesAndSetupDomain (943ms)
		LoadAssemblies (448ms)
		AnalyzeDomain (424ms)
			TypeCache.Refresh (14ms)
			BuildScriptInfoCaches (401ms)
			ResolveRequiredComponents (7ms)
	FinalizeReload (2279ms)
		SetupLoadedEditorAssemblies (0ms)
			InitializePlatformSupportModulesInManaged (3ms)
			BeforeProcessingInitializeOnLoad (189ms)
			ProcessInitializeOnLoadAttributes (1111ms)
			ProcessInitializeOnLoadMethodAttributes (582ms)
			AfterProcessingInitializeOnLoad (6ms)
		AwakeInstancesAfterBackupRestoration (39ms)
Refreshing native plugins compatible for Editor in 2.66 ms, found 5 plugins.
Unloading 65 Unused Serialized files (Serialized files now loaded: 0)
Unloading 10288 unused Assets / (21.3 MB). Loaded Objects now: 11556.
Memory consumption went from 0.80 GB to 0.78 GB.
Total: 29.263200 ms (FindLiveObjects: 1.289600 ms CreateObjectMapping: 5.510000 ms MarkObjects: 15.808800 ms  DeleteObjects: 6.653500 ms)

Prepare: number of updated asset objects reloaded= 0
========================================================================
Received Prepare
AcceleratorClientConnectionCallback - disconnected - :0
Refreshing native plugins compatible for Editor in 2.49 ms, found 5 plugins.
Unloading 65 Unused Serialized files (Serialized files now loaded: 0)
Unloading 65 unused Assets / (13.7 MB). Loaded Objects now: 11556.
Memory consumption went from 0.80 GB to 0.78 GB.
Total: 16.619500 ms (FindLiveObjects: 0.498900 ms CreateObjectMapping: 1.682100 ms MarkObjects: 12.988500 ms  DeleteObjects: 1.449200 ms)

Prepare: number of updated asset objects reloaded= 0
========================================================================
Received Prepare
AcceleratorClientConnectionCallback - disconnected - :0
Begin MonoManager ReloadAssembly
Symbol file LoadedFromMemory is not a mono symbol file
Symbol file LoadedFromMemory is not a mono symbol file
Refreshing native plugins compatible for Editor in 2.29 ms, found 5 plugins.
Native extension for WindowsStandalone target not found
Native extension for WebGL target not found
[Package Manager] Failed to launch server process. Reason: Unity was launched with the -noUpm command-line argument
[Package Manager] Unable to send message (not connected to server process).
[Package Manager] Cannot connect to Unity Package Manager local server
Refreshing native plugins compatible for Editor in 3.67 ms, found 5 plugins.
[Package Manager] Failed to launch server process. Reason: Unity was launched with the -noUpm command-line argument
[Package Manager] Unable to send message (not connected to server process).
[Package Manager] Cannot connect to Unity Package Manager local server
[Licensing::Client] Error: Code 404 while processing request (status: Found 0 entitlement groups and 0 free entitlements matching requested entitlement ids)
ScheduleIndexationOnStartup MainProcess:False IndexOnStartup:True
Mono: successfully reloaded assembly
- Finished resetting the current domain, in  2.205 seconds
Domain Reload Profiling: 3170ms
	BeginReloadAssembly (303ms)
		DisableScriptedObjects (10ms)
		CreateAndSetChildDomain (99ms)
	RebuildCommonClasses (11ms)
	RebuildNativeTypeToScriptingClass (16ms)
	initialDomainReloadingComplete (87ms)
	LoadAllAssembliesAndSetupDomain (547ms)
		LoadAssemblies (434ms)
		AnalyzeDomain (20ms)
			TypeCache.Refresh (10ms)
			ResolveRequiredComponents (5ms)
	FinalizeReload (2206ms)
		SetupLoadedEditorAssemblies (0ms)
			BeforeProcessingInitializeOnLoad (171ms)
			ProcessInitializeOnLoadAttributes (1013ms)
			ProcessInitializeOnLoadMethodAttributes (648ms)
			AfterProcessingInitializeOnLoad (6ms)
		AwakeInstancesAfterBackupRestoration (45ms)
Refreshing native plugins compatible for Editor in 3.23 ms, found 5 plugins.
Unloading 65 Unused Serialized files (Serialized files now loaded: 0)
Unloading 10288 unused Assets / (22.4 MB). Loaded Objects now: 11559.
Memory consumption went from 0.81 GB to 0.79 GB.
Total: 31.091500 ms (FindLiveObjects: 1.183800 ms CreateObjectMapping: 5.785800 ms MarkObjects: 16.045700 ms  DeleteObjects: 8.075000 ms)

Prepare: number of updated asset objects reloaded= 0
========================================================================
Received Prepare
AcceleratorClientConnectionCallback - disconnected - :0
Refreshing native plugins compatible for Editor in 2.81 ms, found 5 plugins.
Unloading 65 Unused Serialized files (Serialized files now loaded: 0)
Unloading 10268 unused Assets / (20.3 MB). Loaded Objects now: 11559.
Memory consumption went from 0.81 GB to 0.79 GB.
Total: 32.366600 ms (FindLiveObjects: 1.039300 ms CreateObjectMapping: 7.242100 ms MarkObjects: 15.788500 ms  DeleteObjects: 8.295600 ms)

Prepare: number of updated asset objects reloaded= 0
========================================================================
Received Prepare
AcceleratorClientConnectionCallback - disconnected - :0
Begin MonoManager ReloadAssembly
Symbol file LoadedFromMemory is not a mono symbol file
Symbol file LoadedFromMemory is not a mono symbol file
Refreshing native plugins compatible for Editor in 2.13 ms, found 5 plugins.
Native extension for WindowsStandalone target not found
Native extension for WebGL target not found
[Package Manager] Failed to launch server process. Reason: Unity was launched with the -noUpm command-line argument
[Package Manager] Unable to send message (not connected to server process).
[Package Manager] Cannot connect to Unity Package Manager local server
Refreshing native plugins compatible for Editor in 2.31 ms, found 5 plugins.
[Package Manager] Failed to launch server process. Reason: Unity was launched with the -noUpm command-line argument
[Package Manager] Unable to send message (not connected to server process).
[Package Manager] Cannot connect to Unity Package Manager local server
[Licensing::Client] Error: Code 404 while processing request (status: Found 0 entitlement groups and 0 free entitlements matching requested entitlement ids)
ScheduleIndexationOnStartup MainProcess:False IndexOnStartup:True
Mono: successfully reloaded assembly
- Finished resetting the current domain, in  2.081 seconds
Domain Reload Profiling: 3565ms
	BeginReloadAssembly (372ms)
		DisableScriptedObjects (14ms)
		CreateAndSetChildDomain (149ms)
	RebuildCommonClasses (16ms)
	RebuildNativeTypeToScriptingClass (21ms)
	initialDomainReloadingComplete (99ms)
	LoadAllAssembliesAndSetupDomain (974ms)
		LoadAssemblies (475ms)
		AnalyzeDomain (447ms)
			TypeCache.Refresh (14ms)
			BuildScriptInfoCaches (426ms)
			ResolveRequiredComponents (5ms)
	FinalizeReload (2083ms)
		SetupLoadedEditorAssemblies (0ms)
			BeforeProcessingInitializeOnLoad (180ms)
			ProcessInitializeOnLoadAttributes (996ms)
			ProcessInitializeOnLoadMethodAttributes (554ms)
			AfterProcessingInitializeOnLoad (6ms)
		AwakeInstancesAfterBackupRestoration (43ms)
Refreshing native plugins compatible for Editor in 2.55 ms, found 5 plugins.
Unloading 65 Unused Serialized files (Serialized files now loaded: 0)
Unloading 10288 unused Assets / (20.6 MB). Loaded Objects now: 11562.
Memory consumption went from 0.81 GB to 0.79 GB.
Total: 27.205600 ms (FindLiveObjects: 1.045100 ms CreateObjectMapping: 4.798000 ms MarkObjects: 14.485300 ms  DeleteObjects: 6.875400 ms)

Prepare: number of updated asset objects reloaded= 0
========================================================================
Received Prepare
AcceleratorClientConnectionCallback - disconnected - :0
Refreshing native plugins compatible for Editor in 2.57 ms, found 5 plugins.
Unloading 65 Unused Serialized files (Serialized files now loaded: 0)
Unloading 65 unused Assets / (13.7 MB). Loaded Objects now: 11562.
Memory consumption went from 0.81 GB to 0.80 GB.
Total: 16.993000 ms (FindLiveObjects: 0.498900 ms CreateObjectMapping: 1.561600 ms MarkObjects: 13.476800 ms  DeleteObjects: 1.454500 ms)

Prepare: number of updated asset objects reloaded= 0
========================================================================
Received Prepare
AcceleratorClientConnectionCallback - disconnected - :0
[Licensing::Client] Successfully resolved entitlement details
Begin MonoManager ReloadAssembly
Symbol file LoadedFromMemory is not a mono symbol file
Symbol file LoadedFromMemory is not a mono symbol file
Refreshing native plugins compatible for Editor in 2.26 ms, found 5 plugins.
Native extension for WindowsStandalone target not found
Native extension for WebGL target not found
[Package Manager] Failed to launch server process. Reason: Unity was launched with the -noUpm command-line argument
[Package Manager] Unable to send message (not connected to server process).
[Package Manager] Cannot connect to Unity Package Manager local server
Refreshing native plugins compatible for Editor in 2.92 ms, found 5 plugins.
[Package Manager] Failed to launch server process. Reason: Unity was launched with the -noUpm command-line argument
[Package Manager] Unable to send message (not connected to server process).
[Package Manager] Cannot connect to Unity Package Manager local server
[Licensing::Client] Error: Code 404 while processing request (status: Found 0 entitlement groups and 0 free entitlements matching requested entitlement ids)
ScheduleIndexationOnStartup MainProcess:False IndexOnStartup:True
Mono: successfully reloaded assembly
- Finished resetting the current domain, in  2.267 seconds
Domain Reload Profiling: 3173ms
	BeginReloadAssembly (291ms)
		DisableScriptedObjects (21ms)
		CreateAndSetChildDomain (100ms)
	RebuildCommonClasses (10ms)
	RebuildNativeTypeToScriptingClass (22ms)
	initialDomainReloadingComplete (89ms)
	LoadAllAssembliesAndSetupDomain (494ms)
		LoadAssemblies (393ms)
		AnalyzeDomain (20ms)
			TypeCache.Refresh (10ms)
			ResolveRequiredComponents (5ms)
	FinalizeReload (2268ms)
		SetupLoadedEditorAssemblies (0ms)
			BeforeProcessingInitializeOnLoad (164ms)
			ProcessInitializeOnLoadAttributes (1104ms)
			ProcessInitializeOnLoadMethodAttributes (618ms)
			AfterProcessingInitializeOnLoad (6ms)
		AwakeInstancesAfterBackupRestoration (61ms)
Refreshing native plugins compatible for Editor in 3.66 ms, found 5 plugins.
Unloading 65 Unused Serialized files (Serialized files now loaded: 0)
Unloading 10288 unused Assets / (21.1 MB). Loaded Objects now: 11565.
Memory consumption went from 0.82 GB to 0.80 GB.
Total: 30.114400 ms (FindLiveObjects: 1.482000 ms CreateObjectMapping: 5.655600 ms MarkObjects: 15.031600 ms  DeleteObjects: 7.944000 ms)

Prepare: number of updated asset objects reloaded= 0
========================================================================
Received Prepare
AcceleratorClientConnectionCallback - disconnected - :0
Refreshing native plugins compatible for Editor in 2.79 ms, found 5 plugins.
Unloading 65 Unused Serialized files (Serialized files now loaded: 0)
Unloading 65 unused Assets / (13.7 MB). Loaded Objects now: 11565.
Memory consumption went from 0.81 GB to 0.80 GB.
Total: 17.841800 ms (FindLiveObjects: 0.518000 ms CreateObjectMapping: 2.018400 ms MarkObjects: 13.703800 ms  DeleteObjects: 1.600300 ms)

Prepare: number of updated asset objects reloaded= 0
========================================================================
Received Prepare
AcceleratorClientConnectionCallback - disconnected - :0
Begin MonoManager ReloadAssembly
Symbol file LoadedFromMemory is not a mono symbol file
Symbol file LoadedFromMemory is not a mono symbol file
Refreshing native plugins compatible for Editor in 2.37 ms, found 5 plugins.
Native extension for WindowsStandalone target not found
Native extension for WebGL target not found
[Package Manager] Failed to launch server process. Reason: Unity was launched with the -noUpm command-line argument
[Package Manager] Unable to send message (not connected to server process).
[Package Manager] Cannot connect to Unity Package Manager local server
Refreshing native plugins compatible for Editor in 2.89 ms, found 5 plugins.
[Package Manager] Failed to launch server process. Reason: Unity was launched with the -noUpm command-line argument
[Package Manager] Unable to send message (not connected to server process).
[Package Manager] Cannot connect to Unity Package Manager local server
[Licensing::Client] Error: Code 404 while processing request (status: Found 0 entitlement groups and 0 free entitlements matching requested entitlement ids)
ScheduleIndexationOnStartup MainProcess:False IndexOnStartup:True
Mono: successfully reloaded assembly
- Finished resetting the current domain, in  2.235 seconds
Domain Reload Profiling: 3111ms
	BeginReloadAssembly (288ms)
		DisableScriptedObjects (9ms)
		CreateAndSetChildDomain (98ms)
	RebuildCommonClasses (10ms)
	RebuildNativeTypeToScriptingClass (16ms)
	initialDomainReloadingComplete (87ms)
	LoadAllAssembliesAndSetupDomain (474ms)
		LoadAssemblies (391ms)
		AnalyzeDomain (20ms)
			TypeCache.Refresh (10ms)
			ResolveRequiredComponents (5ms)
	FinalizeReload (2237ms)
		SetupLoadedEditorAssemblies (0ms)
			BeforeProcessingInitializeOnLoad (172ms)
			ProcessInitializeOnLoadAttributes (1069ms)
			ProcessInitializeOnLoadMethodAttributes (632ms)
			AfterProcessingInitializeOnLoad (6ms)
		AwakeInstancesAfterBackupRestoration (55ms)
Refreshing native plugins compatible for Editor in 3.40 ms, found 5 plugins.
Unloading 65 Unused Serialized files (Serialized files now loaded: 0)
Unloading 10288 unused Assets / (20.5 MB). Loaded Objects now: 11568.
Memory consumption went from 0.82 GB to 0.80 GB.
Total: 30.478700 ms (FindLiveObjects: 1.557100 ms CreateObjectMapping: 6.241700 ms MarkObjects: 15.395800 ms  DeleteObjects: 7.282900 ms)

Prepare: number of updated asset objects reloaded= 0
========================================================================
Received Prepare
AcceleratorClientConnectionCallback - disconnected - :0
Refreshing native plugins compatible for Editor in 2.62 ms, found 5 plugins.
Unloading 65 Unused Serialized files (Serialized files now loaded: 0)
Unloading 10268 unused Assets / (20.7 MB). Loaded Objects now: 11568.
Memory consumption went from 0.83 GB to 0.80 GB.
Total: 32.482500 ms (FindLiveObjects: 1.167700 ms CreateObjectMapping: 4.918100 ms MarkObjects: 20.298300 ms  DeleteObjects: 6.097200 ms)

Prepare: number of updated asset objects reloaded= 0
========================================================================
Received Prepare
AcceleratorClientConnectionCallback - disconnected - :0
[Licensing::Client] Successfully resolved entitlement details
Begin MonoManager ReloadAssembly
Symbol file LoadedFromMemory is not a mono symbol file
Symbol file LoadedFromMemory is not a mono symbol file
Refreshing native plugins compatible for Editor in 3.32 ms, found 5 plugins.
Native extension for WindowsStandalone target not found
Native extension for WebGL target not found
[Package Manager] Failed to launch server process. Reason: Unity was launched with the -noUpm command-line argument
[Package Manager] Unable to send message (not connected to server process).
[Package Manager] Cannot connect to Unity Package Manager local server
Refreshing native plugins compatible for Editor in 3.19 ms, found 5 plugins.
[Package Manager] Failed to launch server process. Reason: Unity was launched with the -noUpm command-line argument
[Package Manager] Unable to send message (not connected to server process).
[Package Manager] Cannot connect to Unity Package Manager local server
[Licensing::Client] Error: Code 404 while processing request (status: Found 0 entitlement groups and 0 free entitlements matching requested entitlement ids)
ScheduleIndexationOnStartup MainProcess:False IndexOnStartup:True
Mono: successfully reloaded assembly
- Finished resetting the current domain, in  2.543 seconds
Domain Reload Profiling: 4064ms
	BeginReloadAssembly (360ms)
		DisableScriptedObjects (16ms)
		CreateAndSetChildDomain (128ms)
	RebuildCommonClasses (11ms)
	RebuildNativeTypeToScriptingClass (24ms)
	initialDomainReloadingComplete (115ms)
	LoadAllAssembliesAndSetupDomain (1009ms)
		LoadAssemblies (488ms)
		AnalyzeDomain (444ms)
			TypeCache.Refresh (16ms)
			BuildScriptInfoCaches (417ms)
			ResolveRequiredComponents (8ms)
	FinalizeReload (2544ms)
		SetupLoadedEditorAssemblies (0ms)
			BeforeProcessingInitializeOnLoad (193ms)
			ProcessInitializeOnLoadAttributes (1241ms)
			ProcessInitializeOnLoadMethodAttributes (649ms)
			AfterProcessingInitializeOnLoad (7ms)
		AwakeInstancesAfterBackupRestoration (63ms)
Refreshing native plugins compatible for Editor in 3.44 ms, found 5 plugins.
Unloading 65 Unused Serialized files (Serialized files now loaded: 0)
Unloading 10288 unused Assets / (23.6 MB). Loaded Objects now: 11571.
Memory consumption went from 0.83 GB to 0.81 GB.
Total: 29.741000 ms (FindLiveObjects: 1.345200 ms CreateObjectMapping: 5.243300 ms MarkObjects: 15.116500 ms  DeleteObjects: 8.035100 ms)

Prepare: number of updated asset objects reloaded= 0
========================================================================
Received Prepare
AcceleratorClientConnectionCallback - disconnected - :0
Refreshing native plugins compatible for Editor in 4.12 ms, found 5 plugins.
Unloading 65 Unused Serialized files (Serialized files now loaded: 0)
Unloading 10268 unused Assets / (19.3 MB). Loaded Objects now: 11571.
Memory consumption went from 0.83 GB to 0.82 GB.
Total: 28.354700 ms (FindLiveObjects: 1.218900 ms CreateObjectMapping: 4.898700 ms MarkObjects: 16.114100 ms  DeleteObjects: 6.121600 ms)

Prepare: number of updated asset objects reloaded= 0
========================================================================
Received Prepare
AcceleratorClientConnectionCallback - disconnected - :0
Begin MonoManager ReloadAssembly
Symbol file LoadedFromMemory is not a mono symbol file
Symbol file LoadedFromMemory is not a mono symbol file
Refreshing native plugins compatible for Editor in 2.98 ms, found 5 plugins.
Native extension for WindowsStandalone target not found
Native extension for WebGL target not found
[Package Manager] Failed to launch server process. Reason: Unity was launched with the -noUpm command-line argument
[Package Manager] Unable to send message (not connected to server process).
[Package Manager] Cannot connect to Unity Package Manager local server
Refreshing native plugins compatible for Editor in 4.39 ms, found 5 plugins.
[Package Manager] Failed to launch server process. Reason: Unity was launched with the -noUpm command-line argument
[Package Manager] Unable to send message (not connected to server process).
[Package Manager] Cannot connect to Unity Package Manager local server
[Licensing::Client] Error: Code 404 while processing request (status: Found 0 entitlement groups and 0 free entitlements matching requested entitlement ids)
ScheduleIndexationOnStartup MainProcess:False IndexOnStartup:True
Mono: successfully reloaded assembly
- Finished resetting the current domain, in  2.416 seconds
Domain Reload Profiling: 3965ms
	BeginReloadAssembly (392ms)
		DisableScriptedObjects (12ms)
		CreateAndSetChildDomain (143ms)
	RebuildCommonClasses (16ms)
	RebuildNativeTypeToScriptingClass (27ms)
	initialDomainReloadingComplete (106ms)
	LoadAllAssembliesAndSetupDomain (1007ms)
		LoadAssemblies (470ms)
		AnalyzeDomain (436ms)
			TypeCache.Refresh (18ms)
			BuildScriptInfoCaches (411ms)
			ResolveRequiredComponents (5ms)
	FinalizeReload (2417ms)
		SetupLoadedEditorAssemblies (0ms)
			BeforeProcessingInitializeOnLoad (218ms)
			ProcessInitializeOnLoadAttributes (1180ms)
			ProcessInitializeOnLoadMethodAttributes (593ms)
			AfterProcessingInitializeOnLoad (8ms)
		AwakeInstancesAfterBackupRestoration (47ms)
Refreshing native plugins compatible for Editor in 3.45 ms, found 5 plugins.
Unloading 65 Unused Serialized files (Serialized files now loaded: 0)
Unloading 10288 unused Assets / (19.9 MB). Loaded Objects now: 11574.
Memory consumption went from 0.84 GB to 0.82 GB.
Total: 36.414700 ms (FindLiveObjects: 1.557000 ms CreateObjectMapping: 7.246400 ms MarkObjects: 19.856300 ms  DeleteObjects: 7.752600 ms)

Prepare: number of updated asset objects reloaded= 0
========================================================================
Received Prepare
AcceleratorClientConnectionCallback - disconnected - :0
Refreshing native plugins compatible for Editor in 2.77 ms, found 5 plugins.
Unloading 65 Unused Serialized files (Serialized files now loaded: 0)
Unloading 10268 unused Assets / (20.2 MB). Loaded Objects now: 11574.
Memory consumption went from 0.84 GB to 0.82 GB.
Total: 28.912400 ms (FindLiveObjects: 1.083900 ms CreateObjectMapping: 5.683000 ms MarkObjects: 14.942600 ms  DeleteObjects: 7.201600 ms)

Prepare: number of updated asset objects reloaded= 0
========================================================================
Received Prepare
AcceleratorClientConnectionCallback - disconnected - :0
Refreshing native plugins compatible for Editor in 3.34 ms, found 5 plugins.
Unloading 65 Unused Serialized files (Serialized files now loaded: 0)
Unloading 10268 unused Assets / (20.4 MB). Loaded Objects now: 11574.
Memory consumption went from 0.84 GB to 0.82 GB.
Total: 37.449200 ms (FindLiveObjects: 1.519300 ms CreateObjectMapping: 5.526800 ms MarkObjects: 21.971800 ms  DeleteObjects: 8.429900 ms)

Prepare: number of updated asset objects reloaded= 0
========================================================================
Received Prepare
AcceleratorClientConnectionCallback - disconnected - :0
[Licensing::Client] Successfully resolved entitlement details
Begin MonoManager ReloadAssembly
Symbol file LoadedFromMemory is not a mono symbol file
Symbol file LoadedFromMemory is not a mono symbol file
Refreshing native plugins compatible for Editor in 3.70 ms, found 5 plugins.
Native extension for WindowsStandalone target not found
Native extension for WebGL target not found
[Package Manager] Failed to launch server process. Reason: Unity was launched with the -noUpm command-line argument
[Package Manager] Unable to send message (not connected to server process).
[Package Manager] Cannot connect to Unity Package Manager local server
Refreshing native plugins compatible for Editor in 3.45 ms, found 5 plugins.
[Package Manager] Failed to launch server process. Reason: Unity was launched with the -noUpm command-line argument
[Package Manager] Unable to send message (not connected to server process).
[Package Manager] Cannot connect to Unity Package Manager local server
[Licensing::Client] Error: Code 404 while processing request (status: Found 0 entitlement groups and 0 free entitlements matching requested entitlement ids)
ScheduleIndexationOnStartup MainProcess:False IndexOnStartup:True
Mono: successfully reloaded assembly
- Finished resetting the current domain, in  2.404 seconds
Domain Reload Profiling: 3874ms
	BeginReloadAssembly (381ms)
		DisableScriptedObjects (10ms)
		CreateAndSetChildDomain (141ms)
	RebuildCommonClasses (16ms)
	RebuildNativeTypeToScriptingClass (25ms)
	initialDomainReloadingComplete (116ms)
	LoadAllAssembliesAndSetupDomain (929ms)
		LoadAssemblies (482ms)
		AnalyzeDomain (372ms)
			TypeCache.Refresh (12ms)
			BuildScriptInfoCaches (354ms)
			ResolveRequiredComponents (4ms)
	FinalizeReload (2406ms)
		SetupLoadedEditorAssemblies (0ms)
			BeforeProcessingInitializeOnLoad (219ms)
			ProcessInitializeOnLoadAttributes (1142ms)
			ProcessInitializeOnLoadMethodAttributes (574ms)
			AfterProcessingInitializeOnLoad (8ms)
		AwakeInstancesAfterBackupRestoration (48ms)
Refreshing native plugins compatible for Editor in 2.49 ms, found 5 plugins.
Unloading 65 Unused Serialized files (Serialized files now loaded: 0)
Unloading 10288 unused Assets / (21.2 MB). Loaded Objects now: 11577.
Memory consumption went from 0.85 GB to 0.83 GB.
Total: 25.289500 ms (FindLiveObjects: 1.100200 ms CreateObjectMapping: 5.038500 ms MarkObjects: 13.139900 ms  DeleteObjects: 6.009400 ms)

Prepare: number of updated asset objects reloaded= 0
========================================================================
Received Prepare
AcceleratorClientConnectionCallback - disconnected - :0
Begin MonoManager ReloadAssembly
Symbol file LoadedFromMemory is not a mono symbol file
Symbol file LoadedFromMemory is not a mono symbol file
Refreshing native plugins compatible for Editor in 2.33 ms, found 5 plugins.
Native extension for WindowsStandalone target not found
Native extension for WebGL target not found
[Package Manager] Failed to launch server process. Reason: Unity was launched with the -noUpm command-line argument
[Package Manager] Unable to send message (not connected to server process).
[Package Manager] Cannot connect to Unity Package Manager local server
Refreshing native plugins compatible for Editor in 2.93 ms, found 5 plugins.
[Package Manager] Failed to launch server process. Reason: Unity was launched with the -noUpm command-line argument
[Package Manager] Unable to send message (not connected to server process).
[Package Manager] Cannot connect to Unity Package Manager local server
[Licensing::Client] Error: Code 404 while processing request (status: Found 0 entitlement groups and 0 free entitlements matching requested entitlement ids)
ScheduleIndexationOnStartup MainProcess:False IndexOnStartup:True
Mono: successfully reloaded assembly
- Finished resetting the current domain, in  2.256 seconds
Domain Reload Profiling: 3155ms
	BeginReloadAssembly (311ms)
		DisableScriptedObjects (29ms)
		CreateAndSetChildDomain (107ms)
	RebuildCommonClasses (10ms)
	RebuildNativeTypeToScriptingClass (16ms)
	initialDomainReloadingComplete (87ms)
	LoadAllAssembliesAndSetupDomain (474ms)
		LoadAssemblies (380ms)
		AnalyzeDomain (18ms)
			TypeCache.Refresh (9ms)
			ResolveRequiredComponents (5ms)
	FinalizeReload (2257ms)
		SetupLoadedEditorAssemblies (0ms)
			InitializePlatformSupportModulesInManaged (3ms)
			BeforeProcessingInitializeOnLoad (172ms)
			ProcessInitializeOnLoadAttributes (1040ms)
			ProcessInitializeOnLoadMethodAttributes (640ms)
			AfterProcessingInitializeOnLoad (7ms)
		AwakeInstancesAfterBackupRestoration (55ms)
Refreshing native plugins compatible for Editor in 2.81 ms, found 5 plugins.
Unloading 65 Unused Serialized files (Serialized files now loaded: 0)
Unloading 10288 unused Assets / (22.1 MB). Loaded Objects now: 11580.
Memory consumption went from 0.85 GB to 0.83 GB.
Total: 30.948600 ms (FindLiveObjects: 1.100200 ms CreateObjectMapping: 5.664300 ms MarkObjects: 16.265200 ms  DeleteObjects: 7.917500 ms)

Prepare: number of updated asset objects reloaded= 0
========================================================================
Received Prepare
AcceleratorClientConnectionCallback - disconnected - :0
Refreshing native plugins compatible for Editor in 2.71 ms, found 5 plugins.
Unloading 65 Unused Serialized files (Serialized files now loaded: 0)
Unloading 10268 unused Assets / (21.7 MB). Loaded Objects now: 11580.
Memory consumption went from 0.85 GB to 0.83 GB.
Total: 29.109500 ms (FindLiveObjects: 1.071100 ms CreateObjectMapping: 4.441900 ms MarkObjects: 15.474900 ms  DeleteObjects: 8.120100 ms)

Prepare: number of updated asset objects reloaded= 0
========================================================================
Received Prepare
AcceleratorClientConnectionCallback - disconnected - :0
[Licensing::Client] Successfully resolved entitlement details
Begin MonoManager ReloadAssembly
Symbol file LoadedFromMemory is not a mono symbol file
Symbol file LoadedFromMemory is not a mono symbol file
Refreshing native plugins compatible for Editor in 3.15 ms, found 5 plugins.
Native extension for WindowsStandalone target not found
Native extension for WebGL target not found
[Package Manager] Failed to launch server process. Reason: Unity was launched with the -noUpm command-line argument
[Package Manager] Unable to send message (not connected to server process).
[Package Manager] Cannot connect to Unity Package Manager local server
Refreshing native plugins compatible for Editor in 2.86 ms, found 5 plugins.
[Package Manager] Failed to launch server process. Reason: Unity was launched with the -noUpm command-line argument
[Package Manager] Unable to send message (not connected to server process).
[Package Manager] Cannot connect to Unity Package Manager local server
[Licensing::Client] Error: Code 404 while processing request (status: Found 0 entitlement groups and 0 free entitlements matching requested entitlement ids)
ScheduleIndexationOnStartup MainProcess:False IndexOnStartup:True
Mono: successfully reloaded assembly
- Finished resetting the current domain, in  2.357 seconds
Domain Reload Profiling: 3883ms
	BeginReloadAssembly (367ms)
		DisableScriptedObjects (10ms)
		CreateAndSetChildDomain (116ms)
	RebuildCommonClasses (13ms)
	RebuildNativeTypeToScriptingClass (16ms)
	initialDomainReloadingComplete (102ms)
	LoadAllAssembliesAndSetupDomain (1027ms)
		LoadAssemblies (544ms)
		AnalyzeDomain (412ms)
			TypeCache.Refresh (14ms)
			BuildScriptInfoCaches (389ms)
			ResolveRequiredComponents (6ms)
	FinalizeReload (2358ms)
		SetupLoadedEditorAssemblies (0ms)
			InitializePlatformSupportModulesInManaged (3ms)
			BeforeProcessingInitializeOnLoad (184ms)
			ProcessInitializeOnLoadAttributes (1130ms)
			ProcessInitializeOnLoadMethodAttributes (583ms)
			AfterProcessingInitializeOnLoad (6ms)
		AwakeInstancesAfterBackupRestoration (44ms)
Refreshing native plugins compatible for Editor in 2.46 ms, found 5 plugins.
Unloading 65 Unused Serialized files (Serialized files now loaded: 0)
Unloading 10288 unused Assets / (20.7 MB). Loaded Objects now: 11583.
Memory consumption went from 0.86 GB to 0.84 GB.
Total: 26.511100 ms (FindLiveObjects: 1.049800 ms CreateObjectMapping: 4.761800 ms MarkObjects: 14.251600 ms  DeleteObjects: 6.446000 ms)

Prepare: number of updated asset objects reloaded= 0
========================================================================
Received Prepare
AcceleratorClientConnectionCallback - disconnected - :0
Begin MonoManager ReloadAssembly
Symbol file LoadedFromMemory is not a mono symbol file
Symbol file LoadedFromMemory is not a mono symbol file
Refreshing native plugins compatible for Editor in 2.29 ms, found 5 plugins.
Native extension for WindowsStandalone target not found
Native extension for WebGL target not found
[Package Manager] Failed to launch server process. Reason: Unity was launched with the -noUpm command-line argument
[Package Manager] Unable to send message (not connected to server process).
[Package Manager] Cannot connect to Unity Package Manager local server
Refreshing native plugins compatible for Editor in 3.15 ms, found 5 plugins.
[Package Manager] Failed to launch server process. Reason: Unity was launched with the -noUpm command-line argument
[Package Manager] Unable to send message (not connected to server process).
[Package Manager] Cannot connect to Unity Package Manager local server
[Licensing::Client] Error: Code 404 while processing request (status: Found 0 entitlement groups and 0 free entitlements matching requested entitlement ids)
ScheduleIndexationOnStartup MainProcess:False IndexOnStartup:True
Mono: successfully reloaded assembly
- Finished resetting the current domain, in  2.297 seconds
Domain Reload Profiling: 3178ms
	BeginReloadAssembly (283ms)
		DisableScriptedObjects (11ms)
		CreateAndSetChildDomain (102ms)
	RebuildCommonClasses (9ms)
	RebuildNativeTypeToScriptingClass (15ms)
	initialDomainReloadingComplete (82ms)
	LoadAllAssembliesAndSetupDomain (491ms)
		LoadAssemblies (390ms)
		AnalyzeDomain (22ms)
			TypeCache.Refresh (11ms)
			ResolveRequiredComponents (6ms)
	FinalizeReload (2299ms)
		SetupLoadedEditorAssemblies (0ms)
			BeforeProcessingInitializeOnLoad (186ms)
			ProcessInitializeOnLoadAttributes (1066ms)
			ProcessInitializeOnLoadMethodAttributes (644ms)
			AfterProcessingInitializeOnLoad (6ms)
		AwakeInstancesAfterBackupRestoration (62ms)
Refreshing native plugins compatible for Editor in 2.88 ms, found 5 plugins.
Unloading 65 Unused Serialized files (Serialized files now loaded: 0)
Unloading 10288 unused Assets / (20.0 MB). Loaded Objects now: 11586.
Memory consumption went from 0.86 GB to 0.84 GB.
Total: 28.904100 ms (FindLiveObjects: 1.187900 ms CreateObjectMapping: 6.103700 ms MarkObjects: 14.920600 ms  DeleteObjects: 6.690900 ms)

Prepare: number of updated asset objects reloaded= 0
========================================================================
Received Prepare
AcceleratorClientConnectionCallback - disconnected - :0
Refreshing native plugins compatible for Editor in 3.04 ms, found 5 plugins.
Unloading 65 Unused Serialized files (Serialized files now loaded: 0)
Unloading 65 unused Assets / (13.7 MB). Loaded Objects now: 11586.
Memory consumption went from 0.86 GB to 0.84 GB.
Total: 19.589900 ms (FindLiveObjects: 0.625900 ms CreateObjectMapping: 1.975100 ms MarkObjects: 14.969700 ms  DeleteObjects: 2.017100 ms)

Prepare: number of updated asset objects reloaded= 0
Editor requested this worker to shutdown with reason: Editor is closing down
AcceleratorClientConnectionCallback - disconnected - :0
AssetImportWorker is now disconnected from the server
Process exiting
Exiting without the bug reporter. Application will terminate with return code 0