[Licensing::Module] Trying to connect to existing licensing client channel...
Built from '6000.5/staging' branch; Version is '6000.5.8f1 (5cb7df797b7d) revision 6076383'; Using compiler version '194234433'; Build Type 'Release'
OS: 'Windows 11  (10.0.26200) Core' Language: 'en' Physical Memory: 32632 MB
[Licensing::IpcConnector] Successfully connected to: "LicenseClient-Len" at "2026-08-29T04:25:10.8400982Z"
BatchMode: 1, IsHumanControllingUs: 0, StartBugReporterOnCrash: 0, Is64bit: 1
System  architecture: x64
Process architecture: x64
Date: 2026-08-29T04:25:10Z

COMMAND LINE ARGUMENTS:
C:\Program Files\Unity\Hub\Editor\6000.5.8f1\Editor\Unity.exe
-adb2
-batchMode
-noUpm
-name
AssetImportWorkerHW2
-projectPath
C:/Users/Len/Lenomation_V3
-logFile
Logs/AssetImportWorkerHW2.log
-srvPort
55946
-parentPid
30864
-analyticsCloudUserId
6500056
-analyticsCloudProjectId
0956883a-88ea-49b2-bde1-fe810ba60755
-analyticsLocalProjectId
a56d578cae808794b840954f198d8c38
-editorAnalyticsEnabled
1
-cbmEditorLicense
a6b17b70c364649abcf2a12ba2e16345950779f9
-cbmMachineId
YsBmvqtNExQjYkfo7ZFy7ZTOaSw=
-licensingIpc
LicenseClient-Len
-noDiagnosticSwitchPersistentStore
-job-worker-count
7
-background-job-worker-count
8
-asset-garbage-collectors
1
-force-d3d12
-name
AssetImport
Successfully changed project path to: C:/Users/Len/Lenomation_V3
C:/Users/Len/Lenomation_V3
[UnityMemory] Configuration Parameters - Can be set up in boot.config
    "memorysetup-temp-allocator-size-gi-baking-worker=262144"
    "memorysetup-temp-allocator-size-gi-baking-worker=262144"
    "memorysetup-temp-allocator-size-gi-baking-worker=262144"
    "memorysetup-temp-allocator-size-gi-baking-worker=262144"
    "memorysetup-temp-allocator-size-gi-baking-worker=262144"
    "memorysetup-temp-allocator-size-nav-mesh-worker=65536"
    "memorysetup-temp-allocator-size-audio-worker=65536"
    "memorysetup-temp-allocator-size-cloud-worker=32768"
    "memorysetup-temp-allocator-size-gfx=262144"
    "memorysetup-temp-allocator-size-preload-manager=33554432"
    "memorysetup-allocator-temp-initial-block-size-main=262144"
    "memorysetup-allocator-temp-initial-block-size-worker=262144"
    "memorysetup-temp-allocator-size-job-worker=262144"
    "memorysetup-temp-allocator-size-background-worker=32768"
    "memorysetup-bucket-allocator-granularity=16"
    "memorysetup-bucket-allocator-bucket-count=8"
    "memorysetup-bucket-allocator-block-size=33554432"
    "memorysetup-bucket-allocator-block-count=8"
    "memorysetup-main-allocator-block-size=16777216"
    "memorysetup-thread-allocator-block-size=16777216"
    "memorysetup-main-allocator-mimalloc-enabled=0"
    "memorysetup-gfx-main-allocator-block-size=16777216"
    "memorysetup-gfx-thread-allocator-block-size=16777216"
    "memorysetup-cache-allocator-block-size=4194304"
    "memorysetup-typetree-allocator-block-size=2097152"
    "memorysetup-profiler-bucket-allocator-granularity=16"
    "memorysetup-profiler-bucket-allocator-bucket-count=8"
    "memorysetup-profiler-bucket-allocator-block-size=33554432"
    "memorysetup-profiler-bucket-allocator-block-count=8"
    "memorysetup-profiler-allocator-block-size=16777216"
    "memorysetup-profiler-editor-allocator-block-size=1048576"
    "memorysetup-temp-allocator-size-main=16777216"
    "memorysetup-job-temp-allocator-block-size=2097152"
    "memorysetup-job-temp-allocator-block-size-background=1048576"
    "memorysetup-job-temp-allocator-reduction-small-platforms=262144"
Player connection [22492]  Target information:

Player connection [22492]  * "[IP] 192.168.1.149 [Port] 0 [Flags] 2 [Guid] 1837477974 [EditorId] 1837477974 [Version] 1048832 [Id] WindowsEditor(7,LenPC) [Debug] 1 [PackageName] WindowsEditor [ProjectName] Editor" 

Player connection [22492] Host joined multi-casting on [225.0.0.222:54997]...
Player connection [22492] Host joined alternative multi-casting on [225.0.0.222:34997]...
JobSystem: Creating JobQueue using job-worker-count value 7
Input System module state changed to: Initialized.
[Physics::Module] Initialized fallback backend.
[Physics::Module] Id: 0xdecafbad
Library Redirect Path: Library/
[Physics::Module] Selected backend.
[Physics::Module] Name: PhysX
[Physics::Module] Id: 0xf2b8ea05
[Physics::Module] SDK Version: 4.1.2
[Physics::Module] Integration Version: 1.0.0
[Physics::Module] Threading Mode: Multi-Threaded
Refreshing native plugins compatible for Editor in 4.40 ms, found 5 plugins.
Initialize engine version: 6000.5.8f1 (5cb7df797b7d)
[Subsystems] Discovering subsystems at path C:/Program Files/Unity/Hub/Editor/6000.5.8f1/Editor/Data/Resources/UnitySubsystems
[Subsystems] Discovering subsystems at path C:/Users/Len/Lenomation_V3/Assets
Forcing GfxDevice: Direct3D 12
GfxDevice: creating device client; kGfxThreadingModeNonThreaded
d3d12: failed to query info queue interface (0x80004002).
Direct3D:
    Version:         Direct3D 12 [level 12.2]
    Renderer:        NVIDIA GeForce RTX 3080 Ti (ID=0x2208)
    Vendor:          NVIDIA
    VRAM:            12086 MB
    App VRAM Budget: 11318 MB
    Driver:          32.0.16.1656
Initialize mono
Mono path[0] = 'C:/Program Files/Unity/Hub/Editor/6000.5.8f1/Editor/Data/Managed'
Mono path[1] = 'C:/Program Files/Unity/Hub/Editor/6000.5.8f1/Editor/Data/BCLExtensions/runtime/netstandard2.1'
Mono path[2] = 'C:/Program Files/Unity/Hub/Editor/6000.5.8f1/Editor/Data/MonoBleedingEdge/lib/mono/unityjit-win32'
Mono config path = 'C:/Program Files/Unity/Hub/Editor/6000.5.8f1/Editor/Data/MonoBleedingEdge/etc'
Using monoOptions --debugger-agent=transport=dt_socket,embedding=1,server=y,suspend=n,address=127.0.0.1:56052
CodeReloadManager initialized
Begin MonoManager ReloadAssembly
Registering precompiled unity dll's ...
Register platform support module: C:/Program Files/Unity/Hub/Editor/6000.5.8f1/Editor/Data/PlaybackEngines/WebGLSupport/UnityEditor.WebGL.Extensions.dll
Register platform support module: C:/Program Files/Unity/Hub/Editor/6000.5.8f1/Editor/Data/PlaybackEngines/WindowsStandaloneSupport/UnityEditor.WindowsStandalone.Extensions.dll
Registered in 0.001754 seconds.
[Licensing::Client] Error: HandshakeResponse reported an error:
	ResponseCode: 505
	ResponseStatus: Unsupported protocol version '1.18.1'.
[Licensing::Module] Error: Failed to handshake to channel: "LicenseClient-Len"
[Licensing::IpcConnector] LicenseClient-Len channel disconnected successfully.
[Licensing::IpcConnector] Successfully connected to: "LicenseClient-Len-6000.5.8" at "2026-08-29T04:25:11.9871793Z"
[Licensing::Client] Code 10 while verifying Licensing Client signature (process Id: 18936, path: "C:/Program Files/Unity/Hub/Editor/6000.5.8f1/Editor/Data/Resources/Licensing/Client/Unity.Licensing.Client.exe")
[Licensing::Module] LicensingClient has failed validation; ignoring
[Licensing::Client] Handshaking with LicensingClient:
  Version:                 1.18.1+9fbee8e
  Session Id:              6553e7d9eec440229c8c695472d4b80c
  Correlation Id:          ea7155844b0a52533f2c935c4ebdb778
  External correlation Id: 8325036757093413729
  Machine Id:              YsBmvqtNExQjYkfo7ZFy7ZTOaSw=
[Licensing::Module] Successfully connected to LicensingClient on channel: "LicenseClient-Len-6000.5.8" (connect: 0.00s, validation: 0.00s, handshake: 0.01s)
[Licensing::IpcConnector] Successfully connected to: "LicenseClient-Len-6000.5.8-notifications" at "2026-08-29T04:25:11.9936577Z"
[Licensing::Module] Licensing Background thread has ended after 1.15s
Native extension for WindowsStandalone target not found
Native extension for WebGL target not found
Package Manager log level set to [2]
[Package Manager] Failed to launch server process. Reason: Unity was launched with the -noUpm command-line argument
[Package Manager] Unable to send message (not connected to server process).
[Package Manager] Cannot connect to Unity Package Manager local server
ScheduleIndexationOnStartup MainProcess:False IndexOnStartup:True
Mono: successfully reloaded assembly
- Finished resetting the current domain, in  0.530 seconds
Domain Reload Profiling: 1113ms
	BeginReloadAssembly (131ms)
	RebuildCommonClasses (4ms)
	RebuildNativeTypeToScriptingClass (16ms)
	initialDomainReloadingComplete (85ms)
	LoadAllAssembliesAndSetupDomain (346ms)
		LoadAssemblies (128ms)
		AnalyzeDomain (257ms)
			TypeCache.Refresh (255ms)
				TypeCache.ScanAssembly (239ms)
	FinalizeReload (531ms)
		SetupLoadedEditorAssemblies (0ms)
			BeforeProcessingInitializeOnLoad (100ms)
			ProcessInitializeOnLoadAttributes (110ms)
			ProcessInitializeOnLoadMethodAttributes (232ms)
Initializing Unity extensions:
[Licensing::Client] Successfully resolved entitlement details
[Licensing::Module] License group:
  Id: 6500056-UnityPersXXXX
  Product: Unity Personal
  Type: Assigned
  Expiration: Unlimited
Curl error 3: URL rejected: Malformed input to a URL function
========================================================================
Worker process is ready to serve import requests
Import Worker Mode flag is 0x00
Begin MonoManager ReloadAssembly
Symbol file LoadedFromMemory is not a mono symbol file
Symbol file LoadedFromMemory is not a mono symbol file
Refreshing native plugins compatible for Editor in 2.69 ms, found 5 plugins.
Native extension for WindowsStandalone target not found
Native extension for WebGL target not found
[Package Manager] Failed to launch server process. Reason: Unity was launched with the -noUpm command-line argument
[Package Manager] Unable to send message (not connected to server process).
[Package Manager] Cannot connect to Unity Package Manager local server
Refreshing native plugins compatible for Editor in 2.48 ms, found 5 plugins.
Refreshing native plugins compatible for Editor in 2.67 ms, found 5 plugins.
[Package Manager] Failed to launch server process. Reason: Unity was launched with the -noUpm command-line argument
[Package Manager] Unable to send message (not connected to server process).
[Package Manager] Cannot connect to Unity Package Manager local server
[Licensing::Client] Error: Code 404 while processing request (status: Found 0 entitlement groups and 0 free entitlements matching requested entitlement ids)
ScheduleIndexationOnStartup MainProcess:False IndexOnStartup:True
Mono: successfully reloaded assembly
- Finished resetting the current domain, in  1.934 seconds
Domain Reload Profiling: 3371ms
	BeginReloadAssembly (233ms)
		DisableScriptedObjects (33ms)
		CreateAndSetChildDomain (33ms)
	RebuildCommonClasses (11ms)
	RebuildNativeTypeToScriptingClass (19ms)
	initialDomainReloadingComplete (115ms)
	LoadAllAssembliesAndSetupDomain (1058ms)
		LoadAssemblies (461ms)
		AnalyzeDomain (564ms)
			TypeCache.Refresh (456ms)
				TypeCache.ScanAssembly (426ms)
			BuildScriptInfoCaches (99ms)
			ResolveRequiredComponents (6ms)
	FinalizeReload (1935ms)
		SetupLoadedEditorAssemblies (0ms)
			BeforeProcessingInitializeOnLoad (140ms)
			ProcessInitializeOnLoadAttributes (1112ms)
			ProcessInitializeOnLoadMethodAttributes (405ms)
			AfterProcessingInitializeOnLoad (4ms)
		AwakeInstancesAfterBackupRestoration (7ms)
AcceleratorClientConnectionCallback - disconnected - :0
Launched and connected shader compiler UnityShaderCompiler.exe after 0.01 seconds
Refreshing native plugins compatible for Editor in 2.45 ms, found 5 plugins.
Unloading 65 Unused Serialized files (Serialized files now loaded: 0)
Curl error 3: URL rejected: Malformed input to a URL function
Unloading 10289 unused Assets / (21.2 MB). Loaded Objects now: 11270.
Memory consumption went from 488.3 MB to 467.2 MB.
Total: 23.850600 ms (FindLiveObjects: 1.421300 ms CreateObjectMapping: 4.303700 ms MarkObjects: 13.320500 ms  DeleteObjects: 4.802800 ms)

========================================================================
Received Prepare
AcceleratorClientConnectionCallback - disconnected - :0
[Licensing::Client] Successfully resolved entitlement details
Begin MonoManager ReloadAssembly
Symbol file LoadedFromMemory is not a mono symbol file
Symbol file LoadedFromMemory is not a mono symbol file
Refreshing native plugins compatible for Editor in 2.12 ms, found 5 plugins.
Native extension for WindowsStandalone target not found
Native extension for WebGL target not found
[Package Manager] Failed to launch server process. Reason: Unity was launched with the -noUpm command-line argument
[Package Manager] Unable to send message (not connected to server process).
[Package Manager] Cannot connect to Unity Package Manager local server
Refreshing native plugins compatible for Editor in 2.36 ms, found 5 plugins.
[Package Manager] Failed to launch server process. Reason: Unity was launched with the -noUpm command-line argument
[Package Manager] Unable to send message (not connected to server process).
[Package Manager] Cannot connect to Unity Package Manager local server
[Licensing::Client] Error: Code 404 while processing request (status: Found 0 entitlement groups and 0 free entitlements matching requested entitlement ids)
ScheduleIndexationOnStartup MainProcess:False IndexOnStartup:True
Mono: successfully reloaded assembly
- Finished resetting the current domain, in  1.709 seconds
Domain Reload Profiling: 2515ms
	BeginReloadAssembly (274ms)
		DisableScriptedObjects (20ms)
		CreateAndSetChildDomain (96ms)
	RebuildCommonClasses (8ms)
	RebuildNativeTypeToScriptingClass (16ms)
	initialDomainReloadingComplete (83ms)
	LoadAllAssembliesAndSetupDomain (425ms)
		LoadAssemblies (355ms)
		AnalyzeDomain (17ms)
			TypeCache.Refresh (9ms)
			ResolveRequiredComponents (5ms)
	FinalizeReload (1710ms)
		SetupLoadedEditorAssemblies (0ms)
			BeforeProcessingInitializeOnLoad (121ms)
			ProcessInitializeOnLoadAttributes (759ms)
			ProcessInitializeOnLoadMethodAttributes (478ms)
			AfterProcessingInitializeOnLoad (6ms)
		AwakeInstancesAfterBackupRestoration (23ms)
Refreshing native plugins compatible for Editor in 2.42 ms, found 5 plugins.
Unloading 65 Unused Serialized files (Serialized files now loaded: 0)
Unloading 10285 unused Assets / (25.0 MB). Loaded Objects now: 11314.
Memory consumption went from 472.9 MB to 447.9 MB.
Total: 29.017700 ms (FindLiveObjects: 1.058600 ms CreateObjectMapping: 4.512600 ms MarkObjects: 14.630800 ms  DeleteObjects: 8.814200 ms)

Prepare: number of updated asset objects reloaded= 0
========================================================================
Received Prepare
AcceleratorClientConnectionCallback - disconnected - :0
Refreshing native plugins compatible for Editor in 2.86 ms, found 5 plugins.
Unloading 65 Unused Serialized files (Serialized files now loaded: 0)
Unloading 10266 unused Assets / (20.4 MB). Loaded Objects now: 11315.
Memory consumption went from 475.4 MB to 455.0 MB.
Total: 28.294500 ms (FindLiveObjects: 1.065000 ms CreateObjectMapping: 4.714400 ms MarkObjects: 17.298900 ms  DeleteObjects: 5.214500 ms)

Prepare: number of updated asset objects reloaded= 0
========================================================================
Received Import Request.
  Time of request: 2026-08-29T04:29:50.3894397Z
  Time since last request: 72140.27396190000582 seconds.
  importAddress: GUID: e3f087c5c415b2d4a9dd71d2173755d6 - Path: Assets/Scripts/Configs/ContainerConfig.cs - Importer: PreviewImporter
Importing 'GUID: e3f087c5c415b2d4a9dd71d2173755d6 - Path: Assets/Scripts/Configs/ContainerConfig.cs - Importer: PreviewImporter' with importer (PreviewImporter)
Imported 'GUID: e3f087c5c415b2d4a9dd71d2173755d6' -> (Import Result ID: 'b8c338fd9eba5c5f318231356f4ecfb8') in 0.006 seconds [static and dynamic dependencies]. Details - ImportResultOutputID=d6a68b806ce7e54016dd1f59c4265c63 DependenciesID=28ac1f749f35bfced824b3b5c8311b2c StaticDependenciesID=d0d75f2852ae0fa95dafe4062a68bb73 
Number of updated asset objects reloaded before import = 0
Number of asset objects unloaded after import = 0
========================================================================
Received Import Request.
  Time of request: 2026-08-29T04:29:50.6482831Z
  Time since last request: 0.2400743 seconds.
  importAddress: GUID: e3f087c5c415b2d4a9dd71d2173755d6 - Path: Assets/Scripts/Configs/ContainerConfig.cs - Importer: ScriptedImporter/UnityEditor.QuickSearchModule:UnityEditor.Search:ASIAI0B
Importing 'GUID: e3f087c5c415b2d4a9dd71d2173755d6 - Path: Assets/Scripts/Configs/ContainerConfig.cs - Importer: ScriptedImporter/UnityEditor.QuickSearchModule:UnityEditor.Search:ASIAI0B' with importer (ScriptedImporter : UnityEditor.QuickSearchModule:UnityEditor.Search:ASIAI0B)
Imported 'GUID: e3f087c5c415b2d4a9dd71d2173755d6' -> (Import Result ID: '34304b2dab3f7c568eea3a872e1d68ef') in 0.060 seconds [static and dynamic dependencies]. Details - ImportResultOutputID=762184724827c5c56108d963ea7cb6d1 DependenciesID=21b363fa482c972e080330e641fa6ade StaticDependenciesID=61995cc030b270fb275916c6d7c90fd4 
Number of updated asset objects reloaded before import = 0
Number of asset objects unloaded after import = 0
========================================================================
Received Prepare
AcceleratorClientConnectionCallback - disconnected - :0
[Licensing::Client] Successfully resolved entitlement details
Begin MonoManager ReloadAssembly
Symbol file LoadedFromMemory is not a mono symbol file
Symbol file LoadedFromMemory is not a mono symbol file
Refreshing native plugins compatible for Editor in 2.26 ms, found 5 plugins.
Native extension for WindowsStandalone target not found
Native extension for WebGL target not found
[Package Manager] Failed to launch server process. Reason: Unity was launched with the -noUpm command-line argument
[Package Manager] Unable to send message (not connected to server process).
[Package Manager] Cannot connect to Unity Package Manager local server
Refreshing native plugins compatible for Editor in 5.25 ms, found 5 plugins.
[Package Manager] Failed to launch server process. Reason: Unity was launched with the -noUpm command-line argument
[Package Manager] Unable to send message (not connected to server process).
[Package Manager] Cannot connect to Unity Package Manager local server
[Licensing::Client] Error: Code 404 while processing request (status: Found 0 entitlement groups and 0 free entitlements matching requested entitlement ids)
ScheduleIndexationOnStartup MainProcess:False IndexOnStartup:True
Mono: successfully reloaded assembly
- Finished resetting the current domain, in  2.817 seconds
Domain Reload Profiling: 4316ms
	BeginReloadAssembly (349ms)
		DisableScriptedObjects (14ms)
		CreateAndSetChildDomain (130ms)
	RebuildCommonClasses (9ms)
	RebuildNativeTypeToScriptingClass (25ms)
	initialDomainReloadingComplete (114ms)
	LoadAllAssembliesAndSetupDomain (1001ms)
		LoadAssemblies (482ms)
		AnalyzeDomain (448ms)
			TypeCache.Refresh (20ms)
			BuildScriptInfoCaches (419ms)
			ResolveRequiredComponents (6ms)
	FinalizeReload (2819ms)
		SetupLoadedEditorAssemblies (0ms)
			InitializePlatformSupportModulesInManaged (3ms)
			BeforeProcessingInitializeOnLoad (200ms)
			ProcessInitializeOnLoadAttributes (1026ms)
			ProcessInitializeOnLoadMethodAttributes (1088ms)
			AfterProcessingInitializeOnLoad (12ms)
		AwakeInstancesAfterBackupRestoration (122ms)
Refreshing native plugins compatible for Editor in 7.09 ms, found 5 plugins.
Unloading 65 Unused Serialized files (Serialized files now loaded: 0)
Unloading 10286 unused Assets / (19.4 MB). Loaded Objects now: 11320.
Memory consumption went from 487.8 MB to 468.3 MB.
Total: 80.394000 ms (FindLiveObjects: 7.038100 ms CreateObjectMapping: 21.023200 ms MarkObjects: 34.635200 ms  DeleteObjects: 17.695400 ms)

Prepare: number of updated asset objects reloaded= 0
========================================================================
Received Import Request.
  Time of request: 2026-08-29T04:30:06.0963414Z
  Time since last request: 15.3765662 seconds.
  importAddress: GUID: e3f087c5c415b2d4a9dd71d2173755d6 - Path: Assets/Scripts/Configs/ContainerConfig.cs - Importer: PreviewImporter
Importing 'GUID: e3f087c5c415b2d4a9dd71d2173755d6 - Path: Assets/Scripts/Configs/ContainerConfig.cs - Importer: PreviewImporter' with importer (PreviewImporter)
Imported 'GUID: e3f087c5c415b2d4a9dd71d2173755d6' -> (Import Result ID: '6f41623092df1ad6b9917bc6152f939a') in 0.005 seconds [static and dynamic dependencies]. Details - ImportResultOutputID=d6a68b806ce7e54016dd1f59c4265c63 DependenciesID=ac8e7ba1c9d98eab61696e1017a554ba StaticDependenciesID=d0d75f2852ae0fa95dafe4062a68bb73 
Number of updated asset objects reloaded before import = 0
Number of asset objects unloaded after import = 0
========================================================================
Received Prepare
AcceleratorClientConnectionCallback - disconnected - :0
Refreshing native plugins compatible for Editor in 3.35 ms, found 5 plugins.
Unloading 65 Unused Serialized files (Serialized files now loaded: 0)
Unloading 10266 unused Assets / (19.6 MB). Loaded Objects now: 11320.
Memory consumption went from 490.2 MB to 470.6 MB.
Total: 31.373200 ms (FindLiveObjects: 1.256000 ms CreateObjectMapping: 5.523700 ms MarkObjects: 17.696100 ms  DeleteObjects: 6.895800 ms)

Prepare: number of updated asset objects reloaded= 0
========================================================================
Received Import Request.
  Time of request: 2026-08-29T04:30:32.7980936Z
  Time since last request: 26.6764306 seconds.
  importAddress: GUID: e3f087c5c415b2d4a9dd71d2173755d6 - Path: Assets/Scripts/Configs/ContainerConfig.cs - Importer: PreviewImporter
Importing 'GUID: e3f087c5c415b2d4a9dd71d2173755d6 - Path: Assets/Scripts/Configs/ContainerConfig.cs - Importer: PreviewImporter' with importer (PreviewImporter)
Imported 'GUID: e3f087c5c415b2d4a9dd71d2173755d6' -> (Import Result ID: 'ee50a78883b189d69343d7f89923325d') in 0.002 seconds [static and dynamic dependencies]. Details - ImportResultOutputID=d6a68b806ce7e54016dd1f59c4265c63 DependenciesID=7aa4e48ba16fc7db7826799282634b5a StaticDependenciesID=03a702efae380bd29ed1550e64c0f7af 
Number of updated asset objects reloaded before import = 0
Number of asset objects unloaded after import = 0
========================================================================
Received Prepare
AcceleratorClientConnectionCallback - disconnected - :0
Begin MonoManager ReloadAssembly
Symbol file LoadedFromMemory is not a mono symbol file
Symbol file LoadedFromMemory is not a mono symbol file
Refreshing native plugins compatible for Editor in 2.92 ms, found 5 plugins.
Native extension for WindowsStandalone target not found
Native extension for WebGL target not found
[Package Manager] Failed to launch server process. Reason: Unity was launched with the -noUpm command-line argument
[Package Manager] Unable to send message (not connected to server process).
[Package Manager] Cannot connect to Unity Package Manager local server
Refreshing native plugins compatible for Editor in 3.39 ms, found 5 plugins.
[Package Manager] Failed to launch server process. Reason: Unity was launched with the -noUpm command-line argument
[Package Manager] Unable to send message (not connected to server process).
[Package Manager] Cannot connect to Unity Package Manager local server
[Licensing::Client] Error: Code 404 while processing request (status: Found 0 entitlement groups and 0 free entitlements matching requested entitlement ids)
ScheduleIndexationOnStartup MainProcess:False IndexOnStartup:True
Mono: successfully reloaded assembly
- Finished resetting the current domain, in  1.949 seconds
Domain Reload Profiling: 3395ms
	BeginReloadAssembly (347ms)
		DisableScriptedObjects (14ms)
		CreateAndSetChildDomain (118ms)
	RebuildCommonClasses (9ms)
	RebuildNativeTypeToScriptingClass (18ms)
	initialDomainReloadingComplete (111ms)
	LoadAllAssembliesAndSetupDomain (961ms)
		LoadAssemblies (466ms)
		AnalyzeDomain (433ms)
			TypeCache.Refresh (19ms)
			BuildScriptInfoCaches (404ms)
			ResolveRequiredComponents (8ms)
	FinalizeReload (1950ms)
		SetupLoadedEditorAssemblies (0ms)
			InitializePlatformSupportModulesInManaged (3ms)
			BeforeProcessingInitializeOnLoad (150ms)
			ProcessInitializeOnLoadAttributes (924ms)
			ProcessInitializeOnLoadMethodAttributes (537ms)
			AfterProcessingInitializeOnLoad (8ms)
		AwakeInstancesAfterBackupRestoration (30ms)
Refreshing native plugins compatible for Editor in 2.81 ms, found 5 plugins.
Unloading 65 Unused Serialized files (Serialized files now loaded: 0)
Unloading 10286 unused Assets / (19.6 MB). Loaded Objects now: 11323.
Memory consumption went from 494.1 MB to 474.4 MB.
Total: 30.160600 ms (FindLiveObjects: 1.293800 ms CreateObjectMapping: 4.599500 ms MarkObjects: 15.986700 ms  DeleteObjects: 8.279200 ms)

Prepare: number of updated asset objects reloaded= 0
========================================================================
Received Import Request.
  Time of request: 2026-08-29T04:31:07.7470132Z
  Time since last request: 34.9318718 seconds.
  importAddress: GUID: e3f087c5c415b2d4a9dd71d2173755d6 - Path: Assets/Scripts/Configs/ContainerConfig.cs - Importer: ScriptedImporter/UnityEditor.QuickSearchModule:UnityEditor.Search:ASIAI0B
Importing 'GUID: e3f087c5c415b2d4a9dd71d2173755d6 - Path: Assets/Scripts/Configs/ContainerConfig.cs - Importer: ScriptedImporter/UnityEditor.QuickSearchModule:UnityEditor.Search:ASIAI0B' with importer (ScriptedImporter : UnityEditor.QuickSearchModule:UnityEditor.Search:ASIAI0B)
Imported 'GUID: e3f087c5c415b2d4a9dd71d2173755d6' -> (Import Result ID: '6ace6f37f87df99362f4849290edd709') in 0.068 seconds [static and dynamic dependencies]. Details - ImportResultOutputID=2748fde7407e6203a8da0bf6f6531caf DependenciesID=790bab6659a6708dfc2de7bdfe26f586 StaticDependenciesID=a94a331a08213c387cc497d689acf9b6 
Number of updated asset objects reloaded before import = 0
Number of asset objects unloaded after import = 0
========================================================================
Received Prepare
AcceleratorClientConnectionCallback - disconnected - :0
Refreshing native plugins compatible for Editor in 2.53 ms, found 5 plugins.
Unloading 65 Unused Serialized files (Serialized files now loaded: 0)
Unloading 10267 unused Assets / (20.1 MB). Loaded Objects now: 11324.
Memory consumption went from 495.6 MB to 475.5 MB.
Total: 23.735600 ms (FindLiveObjects: 0.895500 ms CreateObjectMapping: 4.552200 ms MarkObjects: 13.637200 ms  DeleteObjects: 4.649300 ms)

Prepare: number of updated asset objects reloaded= 0
========================================================================
Received Import Request.
  Time of request: 2026-08-29T04:31:10.8292762Z
  Time since last request: 3.0016168 seconds.
  importAddress: GUID: cf7ef7446ccc3644f9779235153d23db - Path: Assets/Scripts/Logistics/Container.cs - Importer: PreviewImporter
Importing 'GUID: cf7ef7446ccc3644f9779235153d23db - Path: Assets/Scripts/Logistics/Container.cs - Importer: PreviewImporter' with importer (PreviewImporter)
Imported 'GUID: cf7ef7446ccc3644f9779235153d23db' -> (Import Result ID: 'e8f4c7d769f40520bb5592234e57c049') in 0.002 seconds [static and dynamic dependencies]. Details - ImportResultOutputID=2aef0d0451f0a8224afe4782e6a0248f DependenciesID=bbf9099968d5749061c004ea4687cbcb StaticDependenciesID=f4691d7fe8e8854f525dd1a9ccb099f3 
Number of updated asset objects reloaded before import = 0
Number of asset objects unloaded after import = 0
========================================================================
Received Import Request.
  Time of request: 2026-08-29T04:31:11.1927301Z
  Time since last request: 0.3495168 seconds.
  importAddress: GUID: cf7ef7446ccc3644f9779235153d23db - Path: Assets/Scripts/Logistics/Container.cs - Importer: ScriptedImporter/UnityEditor.QuickSearchModule:UnityEditor.Search:ASIAI0B
Importing 'GUID: cf7ef7446ccc3644f9779235153d23db - Path: Assets/Scripts/Logistics/Container.cs - Importer: ScriptedImporter/UnityEditor.QuickSearchModule:UnityEditor.Search:ASIAI0B' with importer (ScriptedImporter : UnityEditor.QuickSearchModule:UnityEditor.Search:ASIAI0B)
Imported 'GUID: cf7ef7446ccc3644f9779235153d23db' -> (Import Result ID: '43494c5afbd14b21e1e05e0c6d54ef1f') in 0.005 seconds [static and dynamic dependencies]. Details - ImportResultOutputID=41a541486e355537f99fd4aadd51d5c8 DependenciesID=aa61a2bba2f1a0a3a61f0e8d543b790c StaticDependenciesID=fba079f01ca756b5cfde14fc896fb148 
Number of updated asset objects reloaded before import = 0
Number of asset objects unloaded after import = 0
========================================================================
Received Prepare
AcceleratorClientConnectionCallback - disconnected - :0
[Licensing::Client] Successfully resolved entitlement details
Begin MonoManager ReloadAssembly
Symbol file LoadedFromMemory is not a mono symbol file
Symbol file LoadedFromMemory is not a mono symbol file
Refreshing native plugins compatible for Editor in 2.62 ms, found 5 plugins.
Native extension for WindowsStandalone target not found
Native extension for WebGL target not found
[Package Manager] Failed to launch server process. Reason: Unity was launched with the -noUpm command-line argument
[Package Manager] Unable to send message (not connected to server process).
[Package Manager] Cannot connect to Unity Package Manager local server
Refreshing native plugins compatible for Editor in 4.37 ms, found 5 plugins.
[Package Manager] Failed to launch server process. Reason: Unity was launched with the -noUpm command-line argument
[Package Manager] Unable to send message (not connected to server process).
[Package Manager] Cannot connect to Unity Package Manager local server
[Licensing::Client] Error: Code 404 while processing request (status: Found 0 entitlement groups and 0 free entitlements matching requested entitlement ids)
ScheduleIndexationOnStartup MainProcess:False IndexOnStartup:True
Mono: successfully reloaded assembly
- Finished resetting the current domain, in  2.131 seconds
Domain Reload Profiling: 3677ms
	BeginReloadAssembly (390ms)
		DisableScriptedObjects (52ms)
		CreateAndSetChildDomain (132ms)
	RebuildCommonClasses (12ms)
	RebuildNativeTypeToScriptingClass (23ms)
	initialDomainReloadingComplete (120ms)
	LoadAllAssembliesAndSetupDomain (1000ms)
		LoadAssemblies (522ms)
		AnalyzeDomain (424ms)
			TypeCache.Refresh (15ms)
			BuildScriptInfoCaches (402ms)
			ResolveRequiredComponents (6ms)
	FinalizeReload (2133ms)
		SetupLoadedEditorAssemblies (0ms)
			InitializePlatformSupportModulesInManaged (3ms)
			BeforeProcessingInitializeOnLoad (186ms)
			ProcessInitializeOnLoadAttributes (1034ms)
			ProcessInitializeOnLoadMethodAttributes (573ms)
			AfterProcessingInitializeOnLoad (5ms)
		AwakeInstancesAfterBackupRestoration (30ms)
Refreshing native plugins compatible for Editor in 3.86 ms, found 5 plugins.
Unloading 65 Unused Serialized files (Serialized files now loaded: 0)
Unloading 10287 unused Assets / (19.3 MB). Loaded Objects now: 11327.
Memory consumption went from 495.6 MB to 476.3 MB.
Total: 27.657200 ms (FindLiveObjects: 0.927600 ms CreateObjectMapping: 4.952400 ms MarkObjects: 15.969200 ms  DeleteObjects: 5.806900 ms)

Prepare: number of updated asset objects reloaded= 0
========================================================================
Received Import Request.
  Time of request: 2026-08-29T04:31:25.4078946Z
  Time since last request: 14.1993478 seconds.
  importAddress: GUID: cf7ef7446ccc3644f9779235153d23db - Path: Assets/Scripts/Logistics/Container.cs - Importer: PreviewImporter
Importing 'GUID: cf7ef7446ccc3644f9779235153d23db - Path: Assets/Scripts/Logistics/Container.cs - Importer: PreviewImporter' with importer (PreviewImporter)
Imported 'GUID: cf7ef7446ccc3644f9779235153d23db' -> (Import Result ID: '00000000000000000000000000000000') in 0.001 seconds
Import Error Code:(4)
Message: Build asset version error: assets/scripts/logistics/container.cs in SourceAssetDB has modification time of '2026-08-29T04:31:09.9799258Z' while content on disk has modification time of '2026-08-29T04:31:20.73Z'
  ERROR: Build asset version error: assets/scripts/logistics/container.cs in SourceAssetDB has modification time of '2026-08-29T04:31:09.9799258Z' while content on disk has modification time of '2026-08-29T04:31:20.73Z'
Number of updated asset objects reloaded before import = 0
Number of asset objects unloaded after import = 0
========================================================================
Received Import Request.
  Time of request: 2026-08-29T04:31:25.4244764Z
  Time since last request: 0.0007219 seconds.
  importAddress: GUID: cf7ef7446ccc3644f9779235153d23db - Path: Assets/Scripts/Logistics/Container.cs - Importer: PreviewImporter
Importing 'GUID: cf7ef7446ccc3644f9779235153d23db - Path: Assets/Scripts/Logistics/Container.cs - Importer: PreviewImporter' with importer (PreviewImporter)
Imported 'GUID: cf7ef7446ccc3644f9779235153d23db' -> (Import Result ID: '00000000000000000000000000000000') in 0.002 seconds
Import Error Code:(4)
Message: Build asset version error: assets/scripts/logistics/container.cs in SourceAssetDB has modification time of '2026-08-29T04:31:09.9799258Z' while content on disk has modification time of '2026-08-29T04:31:20.73Z'
  ERROR: Build asset version error: assets/scripts/logistics/container.cs in SourceAssetDB has modification time of '2026-08-29T04:31:09.9799258Z' while content on disk has modification time of '2026-08-29T04:31:20.73Z'
Number of updated asset objects reloaded before import = 0
Number of asset objects unloaded after import = 0
========================================================================
Received Import Request.
  Time of request: 2026-08-29T04:31:25.4515336Z
  Time since last request: 0.0098075 seconds.
  importAddress: GUID: cf7ef7446ccc3644f9779235153d23db - Path: Assets/Scripts/Logistics/Container.cs - Importer: PreviewImporter
Importing 'GUID: cf7ef7446ccc3644f9779235153d23db - Path: Assets/Scripts/Logistics/Container.cs - Importer: PreviewImporter' with importer (PreviewImporter)
Imported 'GUID: cf7ef7446ccc3644f9779235153d23db' -> (Import Result ID: '00000000000000000000000000000000') in 0.001 seconds
Import Error Code:(4)
Message: Build asset version error: assets/scripts/logistics/container.cs in SourceAssetDB has modification time of '2026-08-29T04:31:09.9799258Z' while content on disk has modification time of '2026-08-29T04:31:20.73Z'
  ERROR: Build asset version error: assets/scripts/logistics/container.cs in SourceAssetDB has modification time of '2026-08-29T04:31:09.9799258Z' while content on disk has modification time of '2026-08-29T04:31:20.73Z'
Number of updated asset objects reloaded before import = 0
Number of asset objects unloaded after import = 0
========================================================================
Received Import Request.
  Time of request: 2026-08-29T04:31:25.4702099Z
  Time since last request: 0.0044165 seconds.
  importAddress: GUID: cf7ef7446ccc3644f9779235153d23db - Path: Assets/Scripts/Logistics/Container.cs - Importer: PreviewImporter
Importing 'GUID: cf7ef7446ccc3644f9779235153d23db - Path: Assets/Scripts/Logistics/Container.cs - Importer: PreviewImporter' with importer (PreviewImporter)
Imported 'GUID: cf7ef7446ccc3644f9779235153d23db' -> (Import Result ID: '00000000000000000000000000000000') in 0.001 seconds
Import Error Code:(4)
Message: Build asset version error: assets/scripts/logistics/container.cs in SourceAssetDB has modification time of '2026-08-29T04:31:09.9799258Z' while content on disk has modification time of '2026-08-29T04:31:20.73Z'
  ERROR: Build asset version error: assets/scripts/logistics/container.cs in SourceAssetDB has modification time of '2026-08-29T04:31:09.9799258Z' while content on disk has modification time of '2026-08-29T04:31:20.73Z'
Number of updated asset objects reloaded before import = 0
Number of asset objects unloaded after import = 0
========================================================================
Received Import Request.
  Time of request: 2026-08-29T04:31:25.4886569Z
  Time since last request: 0.0047919 seconds.
  importAddress: GUID: cf7ef7446ccc3644f9779235153d23db - Path: Assets/Scripts/Logistics/Container.cs - Importer: PreviewImporter
Importing 'GUID: cf7ef7446ccc3644f9779235153d23db - Path: Assets/Scripts/Logistics/Container.cs - Importer: PreviewImporter' with importer (PreviewImporter)
Imported 'GUID: cf7ef7446ccc3644f9779235153d23db' -> (Import Result ID: '00000000000000000000000000000000') in 0.001 seconds
Import Error Code:(4)
Message: Build asset version error: assets/scripts/logistics/container.cs in SourceAssetDB has modification time of '2026-08-29T04:31:09.9799258Z' while content on disk has modification time of '2026-08-29T04:31:20.73Z'
  ERROR: Build asset version error: assets/scripts/logistics/container.cs in SourceAssetDB has modification time of '2026-08-29T04:31:09.9799258Z' while content on disk has modification time of '2026-08-29T04:31:20.73Z'
Number of updated asset objects reloaded before import = 0
Number of asset objects unloaded after import = 0
========================================================================
Received Import Request.
  Time of request: 2026-08-29T04:31:25.5080099Z
  Time since last request: 0.0039012 seconds.
  importAddress: GUID: cf7ef7446ccc3644f9779235153d23db - Path: Assets/Scripts/Logistics/Container.cs - Importer: PreviewImporter
Importing 'GUID: cf7ef7446ccc3644f9779235153d23db - Path: Assets/Scripts/Logistics/Container.cs - Importer: PreviewImporter' with importer (PreviewImporter)
Imported 'GUID: cf7ef7446ccc3644f9779235153d23db' -> (Import Result ID: '00000000000000000000000000000000') in 0.001 seconds
Import Error Code:(4)
Message: Build asset version error: assets/scripts/logistics/container.cs in SourceAssetDB has modification time of '2026-08-29T04:31:09.9799258Z' while content on disk has modification time of '2026-08-29T04:31:20.73Z'
  ERROR: Build asset version error: assets/scripts/logistics/container.cs in SourceAssetDB has modification time of '2026-08-29T04:31:09.9799258Z' while content on disk has modification time of '2026-08-29T04:31:20.73Z'
Number of updated asset objects reloaded before import = 0
Number of asset objects unloaded after import = 0
========================================================================
Received Import Request.
  Time of request: 2026-08-29T04:31:25.5263383Z
  Time since last request: 0.0039095 seconds.
  importAddress: GUID: cf7ef7446ccc3644f9779235153d23db - Path: Assets/Scripts/Logistics/Container.cs - Importer: PreviewImporter
Importing 'GUID: cf7ef7446ccc3644f9779235153d23db - Path: Assets/Scripts/Logistics/Container.cs - Importer: PreviewImporter' with importer (PreviewImporter)
Imported 'GUID: cf7ef7446ccc3644f9779235153d23db' -> (Import Result ID: '00000000000000000000000000000000') in 0.001 seconds
Import Error Code:(4)
Message: Build asset version error: assets/scripts/logistics/container.cs in SourceAssetDB has modification time of '2026-08-29T04:31:09.9799258Z' while content on disk has modification time of '2026-08-29T04:31:20.73Z'
  ERROR: Build asset version error: assets/scripts/logistics/container.cs in SourceAssetDB has modification time of '2026-08-29T04:31:09.9799258Z' while content on disk has modification time of '2026-08-29T04:31:20.73Z'
Number of updated asset objects reloaded before import = 0
Number of asset objects unloaded after import = 0
========================================================================
Received Import Request.
  Time of request: 2026-08-29T04:31:25.5457435Z
  Time since last request: 0.0045566 seconds.
  importAddress: GUID: cf7ef7446ccc3644f9779235153d23db - Path: Assets/Scripts/Logistics/Container.cs - Importer: PreviewImporter
Importing 'GUID: cf7ef7446ccc3644f9779235153d23db - Path: Assets/Scripts/Logistics/Container.cs - Importer: PreviewImporter' with importer (PreviewImporter)
Imported 'GUID: cf7ef7446ccc3644f9779235153d23db' -> (Import Result ID: '00000000000000000000000000000000') in 0.000 seconds
Import Error Code:(4)
Message: Build asset version error: assets/scripts/logistics/container.cs in SourceAssetDB has modification time of '2026-08-29T04:31:09.9799258Z' while content on disk has modification time of '2026-08-29T04:31:20.73Z'
  ERROR: Build asset version error: assets/scripts/logistics/container.cs in SourceAssetDB has modification time of '2026-08-29T04:31:09.9799258Z' while content on disk has modification time of '2026-08-29T04:31:20.73Z'
Number of updated asset objects reloaded before import = 0
Number of asset objects unloaded after import = 0
========================================================================
Received Import Request.
  Time of request: 2026-08-29T04:31:25.5629972Z
  Time since last request: 0.0054602 seconds.
  importAddress: GUID: cf7ef7446ccc3644f9779235153d23db - Path: Assets/Scripts/Logistics/Container.cs - Importer: PreviewImporter
Importing 'GUID: cf7ef7446ccc3644f9779235153d23db - Path: Assets/Scripts/Logistics/Container.cs - Importer: PreviewImporter' with importer (PreviewImporter)
Imported 'GUID: cf7ef7446ccc3644f9779235153d23db' -> (Import Result ID: '00000000000000000000000000000000') in 0.001 seconds
Import Error Code:(4)
Message: Build asset version error: assets/scripts/logistics/container.cs in SourceAssetDB has modification time of '2026-08-29T04:31:09.9799258Z' while content on disk has modification time of '2026-08-29T04:31:20.73Z'
  ERROR: Build asset version error: assets/scripts/logistics/container.cs in SourceAssetDB has modification time of '2026-08-29T04:31:09.9799258Z' while content on disk has modification time of '2026-08-29T04:31:20.73Z'
Number of updated asset objects reloaded before import = 0
Number of asset objects unloaded after import = 0
========================================================================
Received Import Request.
  Time of request: 2026-08-29T04:31:25.5802591Z
  Time since last request: 0.0029897 seconds.
  importAddress: GUID: cf7ef7446ccc3644f9779235153d23db - Path: Assets/Scripts/Logistics/Container.cs - Importer: PreviewImporter
Importing 'GUID: cf7ef7446ccc3644f9779235153d23db - Path: Assets/Scripts/Logistics/Container.cs - Importer: PreviewImporter' with importer (PreviewImporter)
Imported 'GUID: cf7ef7446ccc3644f9779235153d23db' -> (Import Result ID: '00000000000000000000000000000000') in 0.001 seconds
Import Error Code:(4)
Message: Build asset version error: assets/scripts/logistics/container.cs in SourceAssetDB has modification time of '2026-08-29T04:31:09.9799258Z' while content on disk has modification time of '2026-08-29T04:31:20.73Z'
  ERROR: Build asset version error: assets/scripts/logistics/container.cs in SourceAssetDB has modification time of '2026-08-29T04:31:09.9799258Z' while content on disk has modification time of '2026-08-29T04:31:20.73Z'
Number of updated asset objects reloaded before import = 0
Number of asset objects unloaded after import = 0
========================================================================
Received Import Request.
  Time of request: 2026-08-29T04:31:25.6037665Z
  Time since last request: 0.0096132 seconds.
  importAddress: GUID: cf7ef7446ccc3644f9779235153d23db - Path: Assets/Scripts/Logistics/Container.cs - Importer: PreviewImporter
Importing 'GUID: cf7ef7446ccc3644f9779235153d23db - Path: Assets/Scripts/Logistics/Container.cs - Importer: PreviewImporter' with importer (PreviewImporter)
Imported 'GUID: cf7ef7446ccc3644f9779235153d23db' -> (Import Result ID: '00000000000000000000000000000000') in 0.001 seconds
Import Error Code:(4)
Message: Build asset version error: assets/scripts/logistics/container.cs in SourceAssetDB has modification time of '2026-08-29T04:31:09.9799258Z' while content on disk has modification time of '2026-08-29T04:31:20.73Z'
  ERROR: Build asset version error: assets/scripts/logistics/container.cs in SourceAssetDB has modification time of '2026-08-29T04:31:09.9799258Z' while content on disk has modification time of '2026-08-29T04:31:20.73Z'
Number of updated asset objects reloaded before import = 0
Number of asset objects unloaded after import = 0
========================================================================
Received Import Request.
  Time of request: 2026-08-29T04:31:25.621929Z
  Time since last request: 0.004061 seconds.
  importAddress: GUID: cf7ef7446ccc3644f9779235153d23db - Path: Assets/Scripts/Logistics/Container.cs - Importer: PreviewImporter
Importing 'GUID: cf7ef7446ccc3644f9779235153d23db - Path: Assets/Scripts/Logistics/Container.cs - Importer: PreviewImporter' with importer (PreviewImporter)
Imported 'GUID: cf7ef7446ccc3644f9779235153d23db' -> (Import Result ID: '00000000000000000000000000000000') in 0.001 seconds
Import Error Code:(4)
Message: Build asset version error: assets/scripts/logistics/container.cs in SourceAssetDB has modification time of '2026-08-29T04:31:09.9799258Z' while content on disk has modification time of '2026-08-29T04:31:20.73Z'
  ERROR: Build asset version error: assets/scripts/logistics/container.cs in SourceAssetDB has modification time of '2026-08-29T04:31:09.9799258Z' while content on disk has modification time of '2026-08-29T04:31:20.73Z'
Number of updated asset objects reloaded before import = 0
Number of asset objects unloaded after import = 0
========================================================================
Received Import Request.
  Time of request: 2026-08-29T04:31:25.6410911Z
  Time since last request: 0.0036153 seconds.
  importAddress: GUID: cf7ef7446ccc3644f9779235153d23db - Path: Assets/Scripts/Logistics/Container.cs - Importer: PreviewImporter
Importing 'GUID: cf7ef7446ccc3644f9779235153d23db - Path: Assets/Scripts/Logistics/Container.cs - Importer: PreviewImporter' with importer (PreviewImporter)
Imported 'GUID: cf7ef7446ccc3644f9779235153d23db' -> (Import Result ID: '00000000000000000000000000000000') in 0.001 seconds
Import Error Code:(4)
Message: Build asset version error: assets/scripts/logistics/container.cs in SourceAssetDB has modification time of '2026-08-29T04:31:09.9799258Z' while content on disk has modification time of '2026-08-29T04:31:20.73Z'
  ERROR: Build asset version error: assets/scripts/logistics/container.cs in SourceAssetDB has modification time of '2026-08-29T04:31:09.9799258Z' while content on disk has modification time of '2026-08-29T04:31:20.73Z'
Number of updated asset objects reloaded before import = 0
Number of asset objects unloaded after import = 0
========================================================================
Received Import Request.
  Time of request: 2026-08-29T04:31:25.6586123Z
  Time since last request: 0.0035168 seconds.
  importAddress: GUID: cf7ef7446ccc3644f9779235153d23db - Path: Assets/Scripts/Logistics/Container.cs - Importer: PreviewImporter
Importing 'GUID: cf7ef7446ccc3644f9779235153d23db - Path: Assets/Scripts/Logistics/Container.cs - Importer: PreviewImporter' with importer (PreviewImporter)
Imported 'GUID: cf7ef7446ccc3644f9779235153d23db' -> (Import Result ID: '00000000000000000000000000000000') in 0.001 seconds
Import Error Code:(4)
Message: Build asset version error: assets/scripts/logistics/container.cs in SourceAssetDB has modification time of '2026-08-29T04:31:09.9799258Z' while content on disk has modification time of '2026-08-29T04:31:20.73Z'
  ERROR: Build asset version error: assets/scripts/logistics/container.cs in SourceAssetDB has modification time of '2026-08-29T04:31:09.9799258Z' while content on disk has modification time of '2026-08-29T04:31:20.73Z'
Number of updated asset objects reloaded before import = 0
Number of asset objects unloaded after import = 0
========================================================================
Received Import Request.
  Time of request: 2026-08-29T04:31:25.6771643Z
  Time since last request: 0.0035526 seconds.
  importAddress: GUID: cf7ef7446ccc3644f9779235153d23db - Path: Assets/Scripts/Logistics/Container.cs - Importer: PreviewImporter
Importing 'GUID: cf7ef7446ccc3644f9779235153d23db - Path: Assets/Scripts/Logistics/Container.cs - Importer: PreviewImporter' with importer (PreviewImporter)
Imported 'GUID: cf7ef7446ccc3644f9779235153d23db' -> (Import Result ID: '00000000000000000000000000000000') in 0.001 seconds
Import Error Code:(4)
Message: Build asset version error: assets/scripts/logistics/container.cs in SourceAssetDB has modification time of '2026-08-29T04:31:09.9799258Z' while content on disk has modification time of '2026-08-29T04:31:20.73Z'
  ERROR: Build asset version error: assets/scripts/logistics/container.cs in SourceAssetDB has modification time of '2026-08-29T04:31:09.9799258Z' while content on disk has modification time of '2026-08-29T04:31:20.73Z'
Number of updated asset objects reloaded before import = 0
Number of asset objects unloaded after import = 0
========================================================================
Received Import Request.
  Time of request: 2026-08-29T04:31:25.6946918Z
  Time since last request: 0.0036532 seconds.
  importAddress: GUID: cf7ef7446ccc3644f9779235153d23db - Path: Assets/Scripts/Logistics/Container.cs - Importer: PreviewImporter
Importing 'GUID: cf7ef7446ccc3644f9779235153d23db - Path: Assets/Scripts/Logistics/Container.cs - Importer: PreviewImporter' with importer (PreviewImporter)
Imported 'GUID: cf7ef7446ccc3644f9779235153d23db' -> (Import Result ID: '00000000000000000000000000000000') in 0.001 seconds
Import Error Code:(4)
Message: Build asset version error: assets/scripts/logistics/container.cs in SourceAssetDB has modification time of '2026-08-29T04:31:09.9799258Z' while content on disk has modification time of '2026-08-29T04:31:20.73Z'
  ERROR: Build asset version error: assets/scripts/logistics/container.cs in SourceAssetDB has modification time of '2026-08-29T04:31:09.9799258Z' while content on disk has modification time of '2026-08-29T04:31:20.73Z'
Number of updated asset objects reloaded before import = 0
Number of asset objects unloaded after import = 0
========================================================================
Received Import Request.
  Time of request: 2026-08-29T04:31:25.7126845Z
  Time since last request: 0.0032149 seconds.
  importAddress: GUID: cf7ef7446ccc3644f9779235153d23db - Path: Assets/Scripts/Logistics/Container.cs - Importer: PreviewImporter
Importing 'GUID: cf7ef7446ccc3644f9779235153d23db - Path: Assets/Scripts/Logistics/Container.cs - Importer: PreviewImporter' with importer (PreviewImporter)
Imported 'GUID: cf7ef7446ccc3644f9779235153d23db' -> (Import Result ID: '00000000000000000000000000000000') in 0.001 seconds
Import Error Code:(4)
Message: Build asset version error: assets/scripts/logistics/container.cs in SourceAssetDB has modification time of '2026-08-29T04:31:09.9799258Z' while content on disk has modification time of '2026-08-29T04:31:20.73Z'
  ERROR: Build asset version error: assets/scripts/logistics/container.cs in SourceAssetDB has modification time of '2026-08-29T04:31:09.9799258Z' while content on disk has modification time of '2026-08-29T04:31:20.73Z'
Number of updated asset objects reloaded before import = 0
Number of asset objects unloaded after import = 0
========================================================================
Received Import Request.
  Time of request: 2026-08-29T04:31:25.7357413Z
  Time since last request: 0.0112814 seconds.
  importAddress: GUID: cf7ef7446ccc3644f9779235153d23db - Path: Assets/Scripts/Logistics/Container.cs - Importer: PreviewImporter
Importing 'GUID: cf7ef7446ccc3644f9779235153d23db - Path: Assets/Scripts/Logistics/Container.cs - Importer: PreviewImporter' with importer (PreviewImporter)
Imported 'GUID: cf7ef7446ccc3644f9779235153d23db' -> (Import Result ID: '00000000000000000000000000000000') in 0.000 seconds
Import Error Code:(4)
Message: Build asset version error: assets/scripts/logistics/container.cs in SourceAssetDB has modification time of '2026-08-29T04:31:09.9799258Z' while content on disk has modification time of '2026-08-29T04:31:20.73Z'
  ERROR: Build asset version error: assets/scripts/logistics/container.cs in SourceAssetDB has modification time of '2026-08-29T04:31:09.9799258Z' while content on disk has modification time of '2026-08-29T04:31:20.73Z'
Number of updated asset objects reloaded before import = 0
Number of asset objects unloaded after import = 0
========================================================================
Received Import Request.
  Time of request: 2026-08-29T04:31:25.752269Z
  Time since last request: 0.0047835 seconds.
  importAddress: GUID: cf7ef7446ccc3644f9779235153d23db - Path: Assets/Scripts/Logistics/Container.cs - Importer: PreviewImporter
Importing 'GUID: cf7ef7446ccc3644f9779235153d23db - Path: Assets/Scripts/Logistics/Container.cs - Importer: PreviewImporter' with importer (PreviewImporter)
Imported 'GUID: cf7ef7446ccc3644f9779235153d23db' -> (Import Result ID: '00000000000000000000000000000000') in 0.001 seconds
Import Error Code:(4)
Message: Build asset version error: assets/scripts/logistics/container.cs in SourceAssetDB has modification time of '2026-08-29T04:31:09.9799258Z' while content on disk has modification time of '2026-08-29T04:31:20.73Z'
  ERROR: Build asset version error: assets/scripts/logistics/container.cs in SourceAssetDB has modification time of '2026-08-29T04:31:09.9799258Z' while content on disk has modification time of '2026-08-29T04:31:20.73Z'
Number of updated asset objects reloaded before import = 0
Number of asset objects unloaded after import = 0
========================================================================
Received Import Request.
  Time of request: 2026-08-29T04:31:25.7717583Z
  Time since last request: 0.0037284 seconds.
  importAddress: GUID: cf7ef7446ccc3644f9779235153d23db - Path: Assets/Scripts/Logistics/Container.cs - Importer: PreviewImporter
Importing 'GUID: cf7ef7446ccc3644f9779235153d23db - Path: Assets/Scripts/Logistics/Container.cs - Importer: PreviewImporter' with importer (PreviewImporter)
Imported 'GUID: cf7ef7446ccc3644f9779235153d23db' -> (Import Result ID: '00000000000000000000000000000000') in 0.000 seconds
Import Error Code:(4)
Message: Build asset version error: assets/scripts/logistics/container.cs in SourceAssetDB has modification time of '2026-08-29T04:31:09.9799258Z' while content on disk has modification time of '2026-08-29T04:31:20.73Z'
  ERROR: Build asset version error: assets/scripts/logistics/container.cs in SourceAssetDB has modification time of '2026-08-29T04:31:09.9799258Z' while content on disk has modification time of '2026-08-29T04:31:20.73Z'
Number of updated asset objects reloaded before import = 0
Number of asset objects unloaded after import = 0
========================================================================
Received Import Request.
  Time of request: 2026-08-29T04:31:25.791094Z
  Time since last request: 0.0062015 seconds.
  importAddress: GUID: cf7ef7446ccc3644f9779235153d23db - Path: Assets/Scripts/Logistics/Container.cs - Importer: PreviewImporter
Importing 'GUID: cf7ef7446ccc3644f9779235153d23db - Path: Assets/Scripts/Logistics/Container.cs - Importer: PreviewImporter' with importer (PreviewImporter)
Imported 'GUID: cf7ef7446ccc3644f9779235153d23db' -> (Import Result ID: '00000000000000000000000000000000') in 0.001 seconds
Import Error Code:(4)
Message: Build asset version error: assets/scripts/logistics/container.cs in SourceAssetDB has modification time of '2026-08-29T04:31:09.9799258Z' while content on disk has modification time of '2026-08-29T04:31:20.73Z'
  ERROR: Build asset version error: assets/scripts/logistics/container.cs in SourceAssetDB has modification time of '2026-08-29T04:31:09.9799258Z' while content on disk has modification time of '2026-08-29T04:31:20.73Z'
Number of updated asset objects reloaded before import = 0
Number of asset objects unloaded after import = 0
========================================================================
Received Import Request.
  Time of request: 2026-08-29T04:31:25.8097853Z
  Time since last request: 0.0034062 seconds.
  importAddress: GUID: cf7ef7446ccc3644f9779235153d23db - Path: Assets/Scripts/Logistics/Container.cs - Importer: PreviewImporter
Importing 'GUID: cf7ef7446ccc3644f9779235153d23db - Path: Assets/Scripts/Logistics/Container.cs - Importer: PreviewImporter' with importer (PreviewImporter)
Imported 'GUID: cf7ef7446ccc3644f9779235153d23db' -> (Import Result ID: '00000000000000000000000000000000') in 0.000 seconds
Import Error Code:(4)
Message: Build asset version error: assets/scripts/logistics/container.cs in SourceAssetDB has modification time of '2026-08-29T04:31:09.9799258Z' while content on disk has modification time of '2026-08-29T04:31:20.73Z'
  ERROR: Build asset version error: assets/scripts/logistics/container.cs in SourceAssetDB has modification time of '2026-08-29T04:31:09.9799258Z' while content on disk has modification time of '2026-08-29T04:31:20.73Z'
Number of updated asset objects reloaded before import = 0
Number of asset objects unloaded after import = 0
========================================================================
Received Import Request.
  Time of request: 2026-08-29T04:31:25.8272102Z
  Time since last request: 0.0051234 seconds.
  importAddress: GUID: cf7ef7446ccc3644f9779235153d23db - Path: Assets/Scripts/Logistics/Container.cs - Importer: PreviewImporter
Importing 'GUID: cf7ef7446ccc3644f9779235153d23db - Path: Assets/Scripts/Logistics/Container.cs - Importer: PreviewImporter' with importer (PreviewImporter)
Imported 'GUID: cf7ef7446ccc3644f9779235153d23db' -> (Import Result ID: '00000000000000000000000000000000') in 0.001 seconds
Import Error Code:(4)
Message: Build asset version error: assets/scripts/logistics/container.cs in SourceAssetDB has modification time of '2026-08-29T04:31:09.9799258Z' while content on disk has modification time of '2026-08-29T04:31:20.73Z'
  ERROR: Build asset version error: assets/scripts/logistics/container.cs in SourceAssetDB has modification time of '2026-08-29T04:31:09.9799258Z' while content on disk has modification time of '2026-08-29T04:31:20.73Z'
Number of updated asset objects reloaded before import = 0
Number of asset objects unloaded after import = 0
========================================================================
Received Import Request.
  Time of request: 2026-08-29T04:31:25.8450472Z
  Time since last request: 0.0037137 seconds.
  importAddress: GUID: cf7ef7446ccc3644f9779235153d23db - Path: Assets/Scripts/Logistics/Container.cs - Importer: PreviewImporter
Importing 'GUID: cf7ef7446ccc3644f9779235153d23db - Path: Assets/Scripts/Logistics/Container.cs - Importer: PreviewImporter' with importer (PreviewImporter)
Imported 'GUID: cf7ef7446ccc3644f9779235153d23db' -> (Import Result ID: '00000000000000000000000000000000') in 0.001 seconds
Import Error Code:(4)
Message: Build asset version error: assets/scripts/logistics/container.cs in SourceAssetDB has modification time of '2026-08-29T04:31:09.9799258Z' while content on disk has modification time of '2026-08-29T04:31:20.73Z'
  ERROR: Build asset version error: assets/scripts/logistics/container.cs in SourceAssetDB has modification time of '2026-08-29T04:31:09.9799258Z' while content on disk has modification time of '2026-08-29T04:31:20.73Z'
Number of updated asset objects reloaded before import = 0
Number of asset objects unloaded after import = 0
========================================================================
Received Import Request.
  Time of request: 2026-08-29T04:31:25.8649993Z
  Time since last request: 0.0059899 seconds.
  importAddress: GUID: cf7ef7446ccc3644f9779235153d23db - Path: Assets/Scripts/Logistics/Container.cs - Importer: PreviewImporter
Importing 'GUID: cf7ef7446ccc3644f9779235153d23db - Path: Assets/Scripts/Logistics/Container.cs - Importer: PreviewImporter' with importer (PreviewImporter)
Imported 'GUID: cf7ef7446ccc3644f9779235153d23db' -> (Import Result ID: '00000000000000000000000000000000') in 0.001 seconds
Import Error Code:(4)
Message: Build asset version error: assets/scripts/logistics/container.cs in SourceAssetDB has modification time of '2026-08-29T04:31:09.9799258Z' while content on disk has modification time of '2026-08-29T04:31:20.73Z'
  ERROR: Build asset version error: assets/scripts/logistics/container.cs in SourceAssetDB has modification time of '2026-08-29T04:31:09.9799258Z' while content on disk has modification time of '2026-08-29T04:31:20.73Z'
Number of updated asset objects reloaded before import = 0
Number of asset objects unloaded after import = 0
========================================================================
Received Import Request.
  Time of request: 2026-08-29T04:31:25.8828686Z
  Time since last request: 0.0028064 seconds.
  importAddress: GUID: cf7ef7446ccc3644f9779235153d23db - Path: Assets/Scripts/Logistics/Container.cs - Importer: PreviewImporter
Importing 'GUID: cf7ef7446ccc3644f9779235153d23db - Path: Assets/Scripts/Logistics/Container.cs - Importer: PreviewImporter' with importer (PreviewImporter)
Imported 'GUID: cf7ef7446ccc3644f9779235153d23db' -> (Import Result ID: '00000000000000000000000000000000') in 0.001 seconds
Import Error Code:(4)
Message: Build asset version error: assets/scripts/logistics/container.cs in SourceAssetDB has modification time of '2026-08-29T04:31:09.9799258Z' while content on disk has modification time of '2026-08-29T04:31:20.73Z'
  ERROR: Build asset version error: assets/scripts/logistics/container.cs in SourceAssetDB has modification time of '2026-08-29T04:31:09.9799258Z' while content on disk has modification time of '2026-08-29T04:31:20.73Z'
Number of updated asset objects reloaded before import = 0
Number of asset objects unloaded after import = 0
========================================================================
Received Import Request.
  Time of request: 2026-08-29T04:31:25.9051738Z
  Time since last request: 0.0104535 seconds.
  importAddress: GUID: cf7ef7446ccc3644f9779235153d23db - Path: Assets/Scripts/Logistics/Container.cs - Importer: PreviewImporter
Importing 'GUID: cf7ef7446ccc3644f9779235153d23db - Path: Assets/Scripts/Logistics/Container.cs - Importer: PreviewImporter' with importer (PreviewImporter)
Imported 'GUID: cf7ef7446ccc3644f9779235153d23db' -> (Import Result ID: '00000000000000000000000000000000') in 0.001 seconds
Import Error Code:(4)
Message: Build asset version error: assets/scripts/logistics/container.cs in SourceAssetDB has modification time of '2026-08-29T04:31:09.9799258Z' while content on disk has modification time of '2026-08-29T04:31:20.73Z'
  ERROR: Build asset version error: assets/scripts/logistics/container.cs in SourceAssetDB has modification time of '2026-08-29T04:31:09.9799258Z' while content on disk has modification time of '2026-08-29T04:31:20.73Z'
Number of updated asset objects reloaded before import = 0
Number of asset objects unloaded after import = 0
========================================================================
Received Import Request.
  Time of request: 2026-08-29T04:31:25.9232544Z
  Time since last request: 0.0036939 seconds.
  importAddress: GUID: cf7ef7446ccc3644f9779235153d23db - Path: Assets/Scripts/Logistics/Container.cs - Importer: PreviewImporter
Importing 'GUID: cf7ef7446ccc3644f9779235153d23db - Path: Assets/Scripts/Logistics/Container.cs - Importer: PreviewImporter' with importer (PreviewImporter)
Imported 'GUID: cf7ef7446ccc3644f9779235153d23db' -> (Import Result ID: '00000000000000000000000000000000') in 0.001 seconds
Import Error Code:(4)
Message: Build asset version error: assets/scripts/logistics/container.cs in SourceAssetDB has modification time of '2026-08-29T04:31:09.9799258Z' while content on disk has modification time of '2026-08-29T04:31:20.73Z'
  ERROR: Build asset version error: assets/scripts/logistics/container.cs in SourceAssetDB has modification time of '2026-08-29T04:31:09.9799258Z' while content on disk has modification time of '2026-08-29T04:31:20.73Z'
Number of updated asset objects reloaded before import = 0
Number of asset objects unloaded after import = 0
========================================================================
Received Import Request.
  Time of request: 2026-08-29T04:31:25.9431788Z
  Time since last request: 0.004827 seconds.
  importAddress: GUID: cf7ef7446ccc3644f9779235153d23db - Path: Assets/Scripts/Logistics/Container.cs - Importer: PreviewImporter
Importing 'GUID: cf7ef7446ccc3644f9779235153d23db - Path: Assets/Scripts/Logistics/Container.cs - Importer: PreviewImporter' with importer (PreviewImporter)
Imported 'GUID: cf7ef7446ccc3644f9779235153d23db' -> (Import Result ID: '00000000000000000000000000000000') in 0.001 seconds
Import Error Code:(4)
Message: Build asset version error: assets/scripts/logistics/container.cs in SourceAssetDB has modification time of '2026-08-29T04:31:09.9799258Z' while content on disk has modification time of '2026-08-29T04:31:20.73Z'
  ERROR: Build asset version error: assets/scripts/logistics/container.cs in SourceAssetDB has modification time of '2026-08-29T04:31:09.9799258Z' while content on disk has modification time of '2026-08-29T04:31:20.73Z'
Number of updated asset objects reloaded before import = 0
Number of asset objects unloaded after import = 0
========================================================================
Received Import Request.
  Time of request: 2026-08-29T04:31:25.9615075Z
  Time since last request: 0.0036774 seconds.
  importAddress: GUID: cf7ef7446ccc3644f9779235153d23db - Path: Assets/Scripts/Logistics/Container.cs - Importer: PreviewImporter
Importing 'GUID: cf7ef7446ccc3644f9779235153d23db - Path: Assets/Scripts/Logistics/Container.cs - Importer: PreviewImporter' with importer (PreviewImporter)
Imported 'GUID: cf7ef7446ccc3644f9779235153d23db' -> (Import Result ID: '00000000000000000000000000000000') in 0.001 seconds
Import Error Code:(4)
Message: Build asset version error: assets/scripts/logistics/container.cs in SourceAssetDB has modification time of '2026-08-29T04:31:09.9799258Z' while content on disk has modification time of '2026-08-29T04:31:20.73Z'
  ERROR: Build asset version error: assets/scripts/logistics/container.cs in SourceAssetDB has modification time of '2026-08-29T04:31:09.9799258Z' while content on disk has modification time of '2026-08-29T04:31:20.73Z'
Number of updated asset objects reloaded before import = 0
Number of asset objects unloaded after import = 0
========================================================================
Received Import Request.
  Time of request: 2026-08-29T04:31:25.9884524Z
  Time since last request: 0.0105875 seconds.
  importAddress: GUID: cf7ef7446ccc3644f9779235153d23db - Path: Assets/Scripts/Logistics/Container.cs - Importer: PreviewImporter
Importing 'GUID: cf7ef7446ccc3644f9779235153d23db - Path: Assets/Scripts/Logistics/Container.cs - Importer: PreviewImporter' with importer (PreviewImporter)
Imported 'GUID: cf7ef7446ccc3644f9779235153d23db' -> (Import Result ID: '00000000000000000000000000000000') in 0.001 seconds
Import Error Code:(4)
Message: Build asset version error: assets/scripts/logistics/container.cs in SourceAssetDB has modification time of '2026-08-29T04:31:09.9799258Z' while content on disk has modification time of '2026-08-29T04:31:20.73Z'
  ERROR: Build asset version error: assets/scripts/logistics/container.cs in SourceAssetDB has modification time of '2026-08-29T04:31:09.9799258Z' while content on disk has modification time of '2026-08-29T04:31:20.73Z'
Number of updated asset objects reloaded before import = 0
Number of asset objects unloaded after import = 0
========================================================================
Received Import Request.
  Time of request: 2026-08-29T04:31:26.0042063Z
  Time since last request: 0.0022145 seconds.
  importAddress: GUID: cf7ef7446ccc3644f9779235153d23db - Path: Assets/Scripts/Logistics/Container.cs - Importer: PreviewImporter
Importing 'GUID: cf7ef7446ccc3644f9779235153d23db - Path: Assets/Scripts/Logistics/Container.cs - Importer: PreviewImporter' with importer (PreviewImporter)
Imported 'GUID: cf7ef7446ccc3644f9779235153d23db' -> (Import Result ID: '00000000000000000000000000000000') in 0.001 seconds
Import Error Code:(4)
Message: Build asset version error: assets/scripts/logistics/container.cs in SourceAssetDB has modification time of '2026-08-29T04:31:09.9799258Z' while content on disk has modification time of '2026-08-29T04:31:20.73Z'
  ERROR: Build asset version error: assets/scripts/logistics/container.cs in SourceAssetDB has modification time of '2026-08-29T04:31:09.9799258Z' while content on disk has modification time of '2026-08-29T04:31:20.73Z'
Number of updated asset objects reloaded before import = 0
Number of asset objects unloaded after import = 0
========================================================================
Received Import Request.
  Time of request: 2026-08-29T04:31:26.0283929Z
  Time since last request: 0.0134334 seconds.
  importAddress: GUID: cf7ef7446ccc3644f9779235153d23db - Path: Assets/Scripts/Logistics/Container.cs - Importer: PreviewImporter
Importing 'GUID: cf7ef7446ccc3644f9779235153d23db - Path: Assets/Scripts/Logistics/Container.cs - Importer: PreviewImporter' with importer (PreviewImporter)
Imported 'GUID: cf7ef7446ccc3644f9779235153d23db' -> (Import Result ID: '00000000000000000000000000000000') in 0.001 seconds
Import Error Code:(4)
Message: Build asset version error: assets/scripts/logistics/container.cs in SourceAssetDB has modification time of '2026-08-29T04:31:09.9799258Z' while content on disk has modification time of '2026-08-29T04:31:20.73Z'
  ERROR: Build asset version error: assets/scripts/logistics/container.cs in SourceAssetDB has modification time of '2026-08-29T04:31:09.9799258Z' while content on disk has modification time of '2026-08-29T04:31:20.73Z'
Number of updated asset objects reloaded before import = 0
Number of asset objects unloaded after import = 0
========================================================================
Received Import Request.
  Time of request: 2026-08-29T04:31:26.0474018Z
  Time since last request: 0.0036568 seconds.
  importAddress: GUID: cf7ef7446ccc3644f9779235153d23db - Path: Assets/Scripts/Logistics/Container.cs - Importer: PreviewImporter
Importing 'GUID: cf7ef7446ccc3644f9779235153d23db - Path: Assets/Scripts/Logistics/Container.cs - Importer: PreviewImporter' with importer (PreviewImporter)
Imported 'GUID: cf7ef7446ccc3644f9779235153d23db' -> (Import Result ID: '00000000000000000000000000000000') in 0.001 seconds
Import Error Code:(4)
Message: Build asset version error: assets/scripts/logistics/container.cs in SourceAssetDB has modification time of '2026-08-29T04:31:09.9799258Z' while content on disk has modification time of '2026-08-29T04:31:20.73Z'
  ERROR: Build asset version error: assets/scripts/logistics/container.cs in SourceAssetDB has modification time of '2026-08-29T04:31:09.9799258Z' while content on disk has modification time of '2026-08-29T04:31:20.73Z'
Number of updated asset objects reloaded before import = 0
Number of asset objects unloaded after import = 0
========================================================================
Received Import Request.
  Time of request: 2026-08-29T04:31:26.0669275Z
  Time since last request: 0.0037566 seconds.
  importAddress: GUID: cf7ef7446ccc3644f9779235153d23db - Path: Assets/Scripts/Logistics/Container.cs - Importer: PreviewImporter
Importing 'GUID: cf7ef7446ccc3644f9779235153d23db - Path: Assets/Scripts/Logistics/Container.cs - Importer: PreviewImporter' with importer (PreviewImporter)
Imported 'GUID: cf7ef7446ccc3644f9779235153d23db' -> (Import Result ID: '00000000000000000000000000000000') in 0.001 seconds
Import Error Code:(4)
Message: Build asset version error: assets/scripts/logistics/container.cs in SourceAssetDB has modification time of '2026-08-29T04:31:09.9799258Z' while content on disk has modification time of '2026-08-29T04:31:20.73Z'
  ERROR: Build asset version error: assets/scripts/logistics/container.cs in SourceAssetDB has modification time of '2026-08-29T04:31:09.9799258Z' while content on disk has modification time of '2026-08-29T04:31:20.73Z'
Number of updated asset objects reloaded before import = 0
Number of asset objects unloaded after import = 0
========================================================================
Received Import Request.
  Time of request: 2026-08-29T04:31:26.0864374Z
  Time since last request: 0.0036755 seconds.
  importAddress: GUID: cf7ef7446ccc3644f9779235153d23db - Path: Assets/Scripts/Logistics/Container.cs - Importer: PreviewImporter
Importing 'GUID: cf7ef7446ccc3644f9779235153d23db - Path: Assets/Scripts/Logistics/Container.cs - Importer: PreviewImporter' with importer (PreviewImporter)
Imported 'GUID: cf7ef7446ccc3644f9779235153d23db' -> (Import Result ID: '00000000000000000000000000000000') in 0.000 seconds
Import Error Code:(4)
Message: Build asset version error: assets/scripts/logistics/container.cs in SourceAssetDB has modification time of '2026-08-29T04:31:09.9799258Z' while content on disk has modification time of '2026-08-29T04:31:20.73Z'
  ERROR: Build asset version error: assets/scripts/logistics/container.cs in SourceAssetDB has modification time of '2026-08-29T04:31:09.9799258Z' while content on disk has modification time of '2026-08-29T04:31:20.73Z'
Number of updated asset objects reloaded before import = 0
Number of asset objects unloaded after import = 0
========================================================================
Received Import Request.
  Time of request: 2026-08-29T04:31:26.103937Z
  Time since last request: 0.0046785 seconds.
  importAddress: GUID: cf7ef7446ccc3644f9779235153d23db - Path: Assets/Scripts/Logistics/Container.cs - Importer: PreviewImporter
Importing 'GUID: cf7ef7446ccc3644f9779235153d23db - Path: Assets/Scripts/Logistics/Container.cs - Importer: PreviewImporter' with importer (PreviewImporter)
Imported 'GUID: cf7ef7446ccc3644f9779235153d23db' -> (Import Result ID: '00000000000000000000000000000000') in 0.001 seconds
Import Error Code:(4)
Message: Build asset version error: assets/scripts/logistics/container.cs in SourceAssetDB has modification time of '2026-08-29T04:31:09.9799258Z' while content on disk has modification time of '2026-08-29T04:31:20.73Z'
  ERROR: Build asset version error: assets/scripts/logistics/container.cs in SourceAssetDB has modification time of '2026-08-29T04:31:09.9799258Z' while content on disk has modification time of '2026-08-29T04:31:20.73Z'
Number of updated asset objects reloaded before import = 0
Number of asset objects unloaded after import = 0
========================================================================
Received Import Request.
  Time of request: 2026-08-29T04:31:26.1222008Z
  Time since last request: 0.0045499 seconds.
  importAddress: GUID: cf7ef7446ccc3644f9779235153d23db - Path: Assets/Scripts/Logistics/Container.cs - Importer: PreviewImporter
Importing 'GUID: cf7ef7446ccc3644f9779235153d23db - Path: Assets/Scripts/Logistics/Container.cs - Importer: PreviewImporter' with importer (PreviewImporter)
Imported 'GUID: cf7ef7446ccc3644f9779235153d23db' -> (Import Result ID: '00000000000000000000000000000000') in 0.001 seconds
Import Error Code:(4)
Message: Build asset version error: assets/scripts/logistics/container.cs in SourceAssetDB has modification time of '2026-08-29T04:31:09.9799258Z' while content on disk has modification time of '2026-08-29T04:31:20.73Z'
  ERROR: Build asset version error: assets/scripts/logistics/container.cs in SourceAssetDB has modification time of '2026-08-29T04:31:09.9799258Z' while content on disk has modification time of '2026-08-29T04:31:20.73Z'
Number of updated asset objects reloaded before import = 0
Number of asset objects unloaded after import = 0
========================================================================
Received Import Request.
  Time of request: 2026-08-29T04:31:26.1410462Z
  Time since last request: 0.003468 seconds.
  importAddress: GUID: cf7ef7446ccc3644f9779235153d23db - Path: Assets/Scripts/Logistics/Container.cs - Importer: PreviewImporter
Importing 'GUID: cf7ef7446ccc3644f9779235153d23db - Path: Assets/Scripts/Logistics/Container.cs - Importer: PreviewImporter' with importer (PreviewImporter)
Imported 'GUID: cf7ef7446ccc3644f9779235153d23db' -> (Import Result ID: '00000000000000000000000000000000') in 0.001 seconds
Import Error Code:(4)
Message: Build asset version error: assets/scripts/logistics/container.cs in SourceAssetDB has modification time of '2026-08-29T04:31:09.9799258Z' while content on disk has modification time of '2026-08-29T04:31:20.73Z'
  ERROR: Build asset version error: assets/scripts/logistics/container.cs in SourceAssetDB has modification time of '2026-08-29T04:31:09.9799258Z' while content on disk has modification time of '2026-08-29T04:31:20.73Z'
Number of updated asset objects reloaded before import = 0
Number of asset objects unloaded after import = 0
========================================================================
Received Import Request.
  Time of request: 2026-08-29T04:31:26.1585429Z
  Time since last request: 0.0022443 seconds.
  importAddress: GUID: cf7ef7446ccc3644f9779235153d23db - Path: Assets/Scripts/Logistics/Container.cs - Importer: PreviewImporter
Importing 'GUID: cf7ef7446ccc3644f9779235153d23db - Path: Assets/Scripts/Logistics/Container.cs - Importer: PreviewImporter' with importer (PreviewImporter)
Imported 'GUID: cf7ef7446ccc3644f9779235153d23db' -> (Import Result ID: '00000000000000000000000000000000') in 0.001 seconds
Import Error Code:(4)
Message: Build asset version error: assets/scripts/logistics/container.cs in SourceAssetDB has modification time of '2026-08-29T04:31:09.9799258Z' while content on disk has modification time of '2026-08-29T04:31:20.73Z'
  ERROR: Build asset version error: assets/scripts/logistics/container.cs in SourceAssetDB has modification time of '2026-08-29T04:31:09.9799258Z' while content on disk has modification time of '2026-08-29T04:31:20.73Z'
Number of updated asset objects reloaded before import = 0
Number of asset objects unloaded after import = 0
========================================================================
Received Import Request.
  Time of request: 2026-08-29T04:31:26.1808022Z
  Time since last request: 0.0096453 seconds.
  importAddress: GUID: cf7ef7446ccc3644f9779235153d23db - Path: Assets/Scripts/Logistics/Container.cs - Importer: PreviewImporter
Importing 'GUID: cf7ef7446ccc3644f9779235153d23db - Path: Assets/Scripts/Logistics/Container.cs - Importer: PreviewImporter' with importer (PreviewImporter)
Imported 'GUID: cf7ef7446ccc3644f9779235153d23db' -> (Import Result ID: '00000000000000000000000000000000') in 0.001 seconds
Import Error Code:(4)
Message: Build asset version error: assets/scripts/logistics/container.cs in SourceAssetDB has modification time of '2026-08-29T04:31:09.9799258Z' while content on disk has modification time of '2026-08-29T04:31:20.73Z'
  ERROR: Build asset version error: assets/scripts/logistics/container.cs in SourceAssetDB has modification time of '2026-08-29T04:31:09.9799258Z' while content on disk has modification time of '2026-08-29T04:31:20.73Z'
Number of updated asset objects reloaded before import = 0
Number of asset objects unloaded after import = 0
========================================================================
Received Import Request.
  Time of request: 2026-08-29T04:31:26.1986656Z
  Time since last request: 0.0038748 seconds.
  importAddress: GUID: cf7ef7446ccc3644f9779235153d23db - Path: Assets/Scripts/Logistics/Container.cs - Importer: PreviewImporter
Importing 'GUID: cf7ef7446ccc3644f9779235153d23db - Path: Assets/Scripts/Logistics/Container.cs - Importer: PreviewImporter' with importer (PreviewImporter)
Imported 'GUID: cf7ef7446ccc3644f9779235153d23db' -> (Import Result ID: '00000000000000000000000000000000') in 0.001 seconds
Import Error Code:(4)
Message: Build asset version error: assets/scripts/logistics/container.cs in SourceAssetDB has modification time of '2026-08-29T04:31:09.9799258Z' while content on disk has modification time of '2026-08-29T04:31:20.73Z'
  ERROR: Build asset version error: assets/scripts/logistics/container.cs in SourceAssetDB has modification time of '2026-08-29T04:31:09.9799258Z' while content on disk has modification time of '2026-08-29T04:31:20.73Z'
Number of updated asset objects reloaded before import = 0
Number of asset objects unloaded after import = 0
========================================================================
Received Import Request.
  Time of request: 2026-08-29T04:31:26.2164402Z
  Time since last request: 0.0027485 seconds.
  importAddress: GUID: cf7ef7446ccc3644f9779235153d23db - Path: Assets/Scripts/Logistics/Container.cs - Importer: PreviewImporter
Importing 'GUID: cf7ef7446ccc3644f9779235153d23db - Path: Assets/Scripts/Logistics/Container.cs - Importer: PreviewImporter' with importer (PreviewImporter)
Imported 'GUID: cf7ef7446ccc3644f9779235153d23db' -> (Import Result ID: '00000000000000000000000000000000') in 0.001 seconds
Import Error Code:(4)
Message: Build asset version error: assets/scripts/logistics/container.cs in SourceAssetDB has modification time of '2026-08-29T04:31:09.9799258Z' while content on disk has modification time of '2026-08-29T04:31:20.73Z'
  ERROR: Build asset version error: assets/scripts/logistics/container.cs in SourceAssetDB has modification time of '2026-08-29T04:31:09.9799258Z' while content on disk has modification time of '2026-08-29T04:31:20.73Z'
Number of updated asset objects reloaded before import = 0
Number of asset objects unloaded after import = 0
========================================================================
Received Import Request.
  Time of request: 2026-08-29T04:31:26.239671Z
  Time since last request: 0.0110874 seconds.
  importAddress: GUID: cf7ef7446ccc3644f9779235153d23db - Path: Assets/Scripts/Logistics/Container.cs - Importer: PreviewImporter
Importing 'GUID: cf7ef7446ccc3644f9779235153d23db - Path: Assets/Scripts/Logistics/Container.cs - Importer: PreviewImporter' with importer (PreviewImporter)
Imported 'GUID: cf7ef7446ccc3644f9779235153d23db' -> (Import Result ID: '00000000000000000000000000000000') in 0.000 seconds
Import Error Code:(4)
Message: Build asset version error: assets/scripts/logistics/container.cs in SourceAssetDB has modification time of '2026-08-29T04:31:09.9799258Z' while content on disk has modification time of '2026-08-29T04:31:20.73Z'
  ERROR: Build asset version error: assets/scripts/logistics/container.cs in SourceAssetDB has modification time of '2026-08-29T04:31:09.9799258Z' while content on disk has modification time of '2026-08-29T04:31:20.73Z'
Number of updated asset objects reloaded before import = 0
Number of asset objects unloaded after import = 0
========================================================================
Received Import Request.
  Time of request: 2026-08-29T04:31:26.2567403Z
  Time since last request: 0.0056499 seconds.
  importAddress: GUID: cf7ef7446ccc3644f9779235153d23db - Path: Assets/Scripts/Logistics/Container.cs - Importer: PreviewImporter
Importing 'GUID: cf7ef7446ccc3644f9779235153d23db - Path: Assets/Scripts/Logistics/Container.cs - Importer: PreviewImporter' with importer (PreviewImporter)
Imported 'GUID: cf7ef7446ccc3644f9779235153d23db' -> (Import Result ID: '00000000000000000000000000000000') in 0.001 seconds
Import Error Code:(4)
Message: Build asset version error: assets/scripts/logistics/container.cs in SourceAssetDB has modification time of '2026-08-29T04:31:09.9799258Z' while content on disk has modification time of '2026-08-29T04:31:20.73Z'
  ERROR: Build asset version error: assets/scripts/logistics/container.cs in SourceAssetDB has modification time of '2026-08-29T04:31:09.9799258Z' while content on disk has modification time of '2026-08-29T04:31:20.73Z'
Number of updated asset objects reloaded before import = 0
Number of asset objects unloaded after import = 0
========================================================================
Received Import Request.
  Time of request: 2026-08-29T04:31:26.2745037Z
  Time since last request: 0.0051241 seconds.
  importAddress: GUID: cf7ef7446ccc3644f9779235153d23db - Path: Assets/Scripts/Logistics/Container.cs - Importer: PreviewImporter
Importing 'GUID: cf7ef7446ccc3644f9779235153d23db - Path: Assets/Scripts/Logistics/Container.cs - Importer: PreviewImporter' with importer (PreviewImporter)
Imported 'GUID: cf7ef7446ccc3644f9779235153d23db' -> (Import Result ID: '00000000000000000000000000000000') in 0.001 seconds
Import Error Code:(4)
Message: Build asset version error: assets/scripts/logistics/container.cs in SourceAssetDB has modification time of '2026-08-29T04:31:09.9799258Z' while content on disk has modification time of '2026-08-29T04:31:20.73Z'
  ERROR: Build asset version error: assets/scripts/logistics/container.cs in SourceAssetDB has modification time of '2026-08-29T04:31:09.9799258Z' while content on disk has modification time of '2026-08-29T04:31:20.73Z'
Number of updated asset objects reloaded before import = 0
Number of asset objects unloaded after import = 0
========================================================================
Received Import Request.
  Time of request: 2026-08-29T04:31:26.2928334Z
  Time since last request: 0.0047124 seconds.
  importAddress: GUID: cf7ef7446ccc3644f9779235153d23db - Path: Assets/Scripts/Logistics/Container.cs - Importer: PreviewImporter
Importing 'GUID: cf7ef7446ccc3644f9779235153d23db - Path: Assets/Scripts/Logistics/Container.cs - Importer: PreviewImporter' with importer (PreviewImporter)
Imported 'GUID: cf7ef7446ccc3644f9779235153d23db' -> (Import Result ID: '00000000000000000000000000000000') in 0.001 seconds
Import Error Code:(4)
Message: Build asset version error: assets/scripts/logistics/container.cs in SourceAssetDB has modification time of '2026-08-29T04:31:09.9799258Z' while content on disk has modification time of '2026-08-29T04:31:20.73Z'
  ERROR: Build asset version error: assets/scripts/logistics/container.cs in SourceAssetDB has modification time of '2026-08-29T04:31:09.9799258Z' while content on disk has modification time of '2026-08-29T04:31:20.73Z'
Number of updated asset objects reloaded before import = 0
Number of asset objects unloaded after import = 0
========================================================================
Received Import Request.
  Time of request: 2026-08-29T04:31:26.3111614Z
  Time since last request: 0.0040239 seconds.
  importAddress: GUID: cf7ef7446ccc3644f9779235153d23db - Path: Assets/Scripts/Logistics/Container.cs - Importer: PreviewImporter
Importing 'GUID: cf7ef7446ccc3644f9779235153d23db - Path: Assets/Scripts/Logistics/Container.cs - Importer: PreviewImporter' with importer (PreviewImporter)
Imported 'GUID: cf7ef7446ccc3644f9779235153d23db' -> (Import Result ID: '00000000000000000000000000000000') in 0.001 seconds
Import Error Code:(4)
Message: Build asset version error: assets/scripts/logistics/container.cs in SourceAssetDB has modification time of '2026-08-29T04:31:09.9799258Z' while content on disk has modification time of '2026-08-29T04:31:20.73Z'
  ERROR: Build asset version error: assets/scripts/logistics/container.cs in SourceAssetDB has modification time of '2026-08-29T04:31:09.9799258Z' while content on disk has modification time of '2026-08-29T04:31:20.73Z'
Number of updated asset objects reloaded before import = 0
Number of asset objects unloaded after import = 0
========================================================================
Received Import Request.
  Time of request: 2026-08-29T04:31:26.3301515Z
  Time since last request: 0.0032678 seconds.
  importAddress: GUID: cf7ef7446ccc3644f9779235153d23db - Path: Assets/Scripts/Logistics/Container.cs - Importer: PreviewImporter
Importing 'GUID: cf7ef7446ccc3644f9779235153d23db - Path: Assets/Scripts/Logistics/Container.cs - Importer: PreviewImporter' with importer (PreviewImporter)
Imported 'GUID: cf7ef7446ccc3644f9779235153d23db' -> (Import Result ID: '00000000000000000000000000000000') in 0.001 seconds
Import Error Code:(4)
Message: Build asset version error: assets/scripts/logistics/container.cs in SourceAssetDB has modification time of '2026-08-29T04:31:09.9799258Z' while content on disk has modification time of '2026-08-29T04:31:20.73Z'
  ERROR: Build asset version error: assets/scripts/logistics/container.cs in SourceAssetDB has modification time of '2026-08-29T04:31:09.9799258Z' while content on disk has modification time of '2026-08-29T04:31:20.73Z'
Number of updated asset objects reloaded before import = 0
Number of asset objects unloaded after import = 0
========================================================================
Received Import Request.
  Time of request: 2026-08-29T04:31:26.3529738Z
  Time since last request: 0.0110738 seconds.
  importAddress: GUID: cf7ef7446ccc3644f9779235153d23db - Path: Assets/Scripts/Logistics/Container.cs - Importer: PreviewImporter
Importing 'GUID: cf7ef7446ccc3644f9779235153d23db - Path: Assets/Scripts/Logistics/Container.cs - Importer: PreviewImporter' with importer (PreviewImporter)
Imported 'GUID: cf7ef7446ccc3644f9779235153d23db' -> (Import Result ID: '00000000000000000000000000000000') in 0.001 seconds
Import Error Code:(4)
Message: Build asset version error: assets/scripts/logistics/container.cs in SourceAssetDB has modification time of '2026-08-29T04:31:09.9799258Z' while content on disk has modification time of '2026-08-29T04:31:20.73Z'
  ERROR: Build asset version error: assets/scripts/logistics/container.cs in SourceAssetDB has modification time of '2026-08-29T04:31:09.9799258Z' while content on disk has modification time of '2026-08-29T04:31:20.73Z'
Number of updated asset objects reloaded before import = 0
Number of asset objects unloaded after import = 0
========================================================================
Received Import Request.
  Time of request: 2026-08-29T04:31:26.3697353Z
  Time since last request: 0.001972 seconds.
  importAddress: GUID: cf7ef7446ccc3644f9779235153d23db - Path: Assets/Scripts/Logistics/Container.cs - Importer: PreviewImporter
Importing 'GUID: cf7ef7446ccc3644f9779235153d23db - Path: Assets/Scripts/Logistics/Container.cs - Importer: PreviewImporter' with importer (PreviewImporter)
Imported 'GUID: cf7ef7446ccc3644f9779235153d23db' -> (Import Result ID: '00000000000000000000000000000000') in 0.001 seconds
Import Error Code:(4)
Message: Build asset version error: assets/scripts/logistics/container.cs in SourceAssetDB has modification time of '2026-08-29T04:31:09.9799258Z' while content on disk has modification time of '2026-08-29T04:31:20.73Z'
  ERROR: Build asset version error: assets/scripts/logistics/container.cs in SourceAssetDB has modification time of '2026-08-29T04:31:09.9799258Z' while content on disk has modification time of '2026-08-29T04:31:20.73Z'
Number of updated asset objects reloaded before import = 0
Number of asset objects unloaded after import = 0
========================================================================
Received Import Request.
  Time of request: 2026-08-29T04:31:26.3941752Z
  Time since last request: 0.0109592 seconds.
  importAddress: GUID: cf7ef7446ccc3644f9779235153d23db - Path: Assets/Scripts/Logistics/Container.cs - Importer: PreviewImporter
Importing 'GUID: cf7ef7446ccc3644f9779235153d23db - Path: Assets/Scripts/Logistics/Container.cs - Importer: PreviewImporter' with importer (PreviewImporter)
Imported 'GUID: cf7ef7446ccc3644f9779235153d23db' -> (Import Result ID: '00000000000000000000000000000000') in 0.001 seconds
Import Error Code:(4)
Message: Build asset version error: assets/scripts/logistics/container.cs in SourceAssetDB has modification time of '2026-08-29T04:31:09.9799258Z' while content on disk has modification time of '2026-08-29T04:31:20.73Z'
  ERROR: Build asset version error: assets/scripts/logistics/container.cs in SourceAssetDB has modification time of '2026-08-29T04:31:09.9799258Z' while content on disk has modification time of '2026-08-29T04:31:20.73Z'
Number of updated asset objects reloaded before import = 0
Number of asset objects unloaded after import = 0
========================================================================
Received Import Request.
  Time of request: 2026-08-29T04:31:26.4116786Z
  Time since last request: 0.0031624 seconds.
  importAddress: GUID: cf7ef7446ccc3644f9779235153d23db - Path: Assets/Scripts/Logistics/Container.cs - Importer: PreviewImporter
Importing 'GUID: cf7ef7446ccc3644f9779235153d23db - Path: Assets/Scripts/Logistics/Container.cs - Importer: PreviewImporter' with importer (PreviewImporter)
Imported 'GUID: cf7ef7446ccc3644f9779235153d23db' -> (Import Result ID: '00000000000000000000000000000000') in 0.001 seconds
Import Error Code:(4)
Message: Build asset version error: assets/scripts/logistics/container.cs in SourceAssetDB has modification time of '2026-08-29T04:31:09.9799258Z' while content on disk has modification time of '2026-08-29T04:31:20.73Z'
  ERROR: Build asset version error: assets/scripts/logistics/container.cs in SourceAssetDB has modification time of '2026-08-29T04:31:09.9799258Z' while content on disk has modification time of '2026-08-29T04:31:20.73Z'
Number of updated asset objects reloaded before import = 0
Number of asset objects unloaded after import = 0
========================================================================
Received Import Request.
  Time of request: 2026-08-29T04:31:26.4361462Z
  Time since last request: 0.0107883 seconds.
  importAddress: GUID: cf7ef7446ccc3644f9779235153d23db - Path: Assets/Scripts/Logistics/Container.cs - Importer: PreviewImporter
Importing 'GUID: cf7ef7446ccc3644f9779235153d23db - Path: Assets/Scripts/Logistics/Container.cs - Importer: PreviewImporter' with importer (PreviewImporter)
Imported 'GUID: cf7ef7446ccc3644f9779235153d23db' -> (Import Result ID: '00000000000000000000000000000000') in 0.001 seconds
Import Error Code:(4)
Message: Build asset version error: assets/scripts/logistics/container.cs in SourceAssetDB has modification time of '2026-08-29T04:31:09.9799258Z' while content on disk has modification time of '2026-08-29T04:31:20.73Z'
  ERROR: Build asset version error: assets/scripts/logistics/container.cs in SourceAssetDB has modification time of '2026-08-29T04:31:09.9799258Z' while content on disk has modification time of '2026-08-29T04:31:20.73Z'
Number of updated asset objects reloaded before import = 0
Number of asset objects unloaded after import = 0
========================================================================
Received Import Request.
  Time of request: 2026-08-29T04:31:26.454819Z
  Time since last request: 0.0046363 seconds.
  importAddress: GUID: cf7ef7446ccc3644f9779235153d23db - Path: Assets/Scripts/Logistics/Container.cs - Importer: PreviewImporter
Importing 'GUID: cf7ef7446ccc3644f9779235153d23db - Path: Assets/Scripts/Logistics/Container.cs - Importer: PreviewImporter' with importer (PreviewImporter)
Imported 'GUID: cf7ef7446ccc3644f9779235153d23db' -> (Import Result ID: '00000000000000000000000000000000') in 0.001 seconds
Import Error Code:(4)
Message: Build asset version error: assets/scripts/logistics/container.cs in SourceAssetDB has modification time of '2026-08-29T04:31:09.9799258Z' while content on disk has modification time of '2026-08-29T04:31:20.73Z'
  ERROR: Build asset version error: assets/scripts/logistics/container.cs in SourceAssetDB has modification time of '2026-08-29T04:31:09.9799258Z' while content on disk has modification time of '2026-08-29T04:31:20.73Z'
Number of updated asset objects reloaded before import = 0
Number of asset objects unloaded after import = 0
========================================================================
Received Import Request.
  Time of request: 2026-08-29T04:31:26.4754807Z
  Time since last request: 0.0045742 seconds.
  importAddress: GUID: cf7ef7446ccc3644f9779235153d23db - Path: Assets/Scripts/Logistics/Container.cs - Importer: PreviewImporter
Importing 'GUID: cf7ef7446ccc3644f9779235153d23db - Path: Assets/Scripts/Logistics/Container.cs - Importer: PreviewImporter' with importer (PreviewImporter)
Imported 'GUID: cf7ef7446ccc3644f9779235153d23db' -> (Import Result ID: '00000000000000000000000000000000') in 0.001 seconds
Import Error Code:(4)
Message: Build asset version error: assets/scripts/logistics/container.cs in SourceAssetDB has modification time of '2026-08-29T04:31:09.9799258Z' while content on disk has modification time of '2026-08-29T04:31:20.73Z'
  ERROR: Build asset version error: assets/scripts/logistics/container.cs in SourceAssetDB has modification time of '2026-08-29T04:31:09.9799258Z' while content on disk has modification time of '2026-08-29T04:31:20.73Z'
Number of updated asset objects reloaded before import = 0
Number of asset objects unloaded after import = 0
========================================================================
Received Import Request.
  Time of request: 2026-08-29T04:31:26.4952889Z
  Time since last request: 0.0039051 seconds.
  importAddress: GUID: cf7ef7446ccc3644f9779235153d23db - Path: Assets/Scripts/Logistics/Container.cs - Importer: PreviewImporter
Importing 'GUID: cf7ef7446ccc3644f9779235153d23db - Path: Assets/Scripts/Logistics/Container.cs - Importer: PreviewImporter' with importer (PreviewImporter)
Imported 'GUID: cf7ef7446ccc3644f9779235153d23db' -> (Import Result ID: '00000000000000000000000000000000') in 0.001 seconds
Import Error Code:(4)
Message: Build asset version error: assets/scripts/logistics/container.cs in SourceAssetDB has modification time of '2026-08-29T04:31:09.9799258Z' while content on disk has modification time of '2026-08-29T04:31:20.73Z'
  ERROR: Build asset version error: assets/scripts/logistics/container.cs in SourceAssetDB has modification time of '2026-08-29T04:31:09.9799258Z' while content on disk has modification time of '2026-08-29T04:31:20.73Z'
Number of updated asset objects reloaded before import = 0
Number of asset objects unloaded after import = 0
========================================================================
Received Import Request.
  Time of request: 2026-08-29T04:31:26.5133447Z
  Time since last request: 0.0041387 seconds.
  importAddress: GUID: cf7ef7446ccc3644f9779235153d23db - Path: Assets/Scripts/Logistics/Container.cs - Importer: PreviewImporter
Importing 'GUID: cf7ef7446ccc3644f9779235153d23db - Path: Assets/Scripts/Logistics/Container.cs - Importer: PreviewImporter' with importer (PreviewImporter)
Imported 'GUID: cf7ef7446ccc3644f9779235153d23db' -> (Import Result ID: '00000000000000000000000000000000') in 0.000 seconds
Import Error Code:(4)
Message: Build asset version error: assets/scripts/logistics/container.cs in SourceAssetDB has modification time of '2026-08-29T04:31:09.9799258Z' while content on disk has modification time of '2026-08-29T04:31:20.73Z'
  ERROR: Build asset version error: assets/scripts/logistics/container.cs in SourceAssetDB has modification time of '2026-08-29T04:31:09.9799258Z' while content on disk has modification time of '2026-08-29T04:31:20.73Z'
Number of updated asset objects reloaded before import = 0
Number of asset objects unloaded after import = 0
========================================================================
Received Import Request.
  Time of request: 2026-08-29T04:31:26.5309803Z
  Time since last request: 0.0050673 seconds.
  importAddress: GUID: cf7ef7446ccc3644f9779235153d23db - Path: Assets/Scripts/Logistics/Container.cs - Importer: PreviewImporter
Importing 'GUID: cf7ef7446ccc3644f9779235153d23db - Path: Assets/Scripts/Logistics/Container.cs - Importer: PreviewImporter' with importer (PreviewImporter)
Imported 'GUID: cf7ef7446ccc3644f9779235153d23db' -> (Import Result ID: '00000000000000000000000000000000') in 0.001 seconds
Import Error Code:(4)
Message: Build asset version error: assets/scripts/logistics/container.cs in SourceAssetDB has modification time of '2026-08-29T04:31:09.9799258Z' while content on disk has modification time of '2026-08-29T04:31:20.73Z'
  ERROR: Build asset version error: assets/scripts/logistics/container.cs in SourceAssetDB has modification time of '2026-08-29T04:31:09.9799258Z' while content on disk has modification time of '2026-08-29T04:31:20.73Z'
Number of updated asset objects reloaded before import = 0
Number of asset objects unloaded after import = 0
========================================================================
Received Import Request.
  Time of request: 2026-08-29T04:31:26.5488128Z
  Time since last request: 0.0037369 seconds.
  importAddress: GUID: cf7ef7446ccc3644f9779235153d23db - Path: Assets/Scripts/Logistics/Container.cs - Importer: PreviewImporter
Importing 'GUID: cf7ef7446ccc3644f9779235153d23db - Path: Assets/Scripts/Logistics/Container.cs - Importer: PreviewImporter' with importer (PreviewImporter)
Imported 'GUID: cf7ef7446ccc3644f9779235153d23db' -> (Import Result ID: '00000000000000000000000000000000') in 0.001 seconds
Import Error Code:(4)
Message: Build asset version error: assets/scripts/logistics/container.cs in SourceAssetDB has modification time of '2026-08-29T04:31:09.9799258Z' while content on disk has modification time of '2026-08-29T04:31:20.73Z'
  ERROR: Build asset version error: assets/scripts/logistics/container.cs in SourceAssetDB has modification time of '2026-08-29T04:31:09.9799258Z' while content on disk has modification time of '2026-08-29T04:31:20.73Z'
Number of updated asset objects reloaded before import = 0
Number of asset objects unloaded after import = 0
========================================================================
Received Import Request.
  Time of request: 2026-08-29T04:31:26.5669182Z
  Time since last request: 0.0037385 seconds.
  importAddress: GUID: cf7ef7446ccc3644f9779235153d23db - Path: Assets/Scripts/Logistics/Container.cs - Importer: PreviewImporter
Importing 'GUID: cf7ef7446ccc3644f9779235153d23db - Path: Assets/Scripts/Logistics/Container.cs - Importer: PreviewImporter' with importer (PreviewImporter)
Imported 'GUID: cf7ef7446ccc3644f9779235153d23db' -> (Import Result ID: '00000000000000000000000000000000') in 0.001 seconds
Import Error Code:(4)
Message: Build asset version error: assets/scripts/logistics/container.cs in SourceAssetDB has modification time of '2026-08-29T04:31:09.9799258Z' while content on disk has modification time of '2026-08-29T04:31:20.73Z'
  ERROR: Build asset version error: assets/scripts/logistics/container.cs in SourceAssetDB has modification time of '2026-08-29T04:31:09.9799258Z' while content on disk has modification time of '2026-08-29T04:31:20.73Z'
Number of updated asset objects reloaded before import = 0
Number of asset objects unloaded after import = 0
========================================================================
Received Import Request.
  Time of request: 2026-08-29T04:31:26.5851152Z
  Time since last request: 0.0046561 seconds.
  importAddress: GUID: cf7ef7446ccc3644f9779235153d23db - Path: Assets/Scripts/Logistics/Container.cs - Importer: PreviewImporter
Importing 'GUID: cf7ef7446ccc3644f9779235153d23db - Path: Assets/Scripts/Logistics/Container.cs - Importer: PreviewImporter' with importer (PreviewImporter)
Imported 'GUID: cf7ef7446ccc3644f9779235153d23db' -> (Import Result ID: '00000000000000000000000000000000') in 0.000 seconds
Import Error Code:(4)
Message: Build asset version error: assets/scripts/logistics/container.cs in SourceAssetDB has modification time of '2026-08-29T04:31:09.9799258Z' while content on disk has modification time of '2026-08-29T04:31:20.73Z'
  ERROR: Build asset version error: assets/scripts/logistics/container.cs in SourceAssetDB has modification time of '2026-08-29T04:31:09.9799258Z' while content on disk has modification time of '2026-08-29T04:31:20.73Z'
Number of updated asset objects reloaded before import = 0
Number of asset objects unloaded after import = 0
========================================================================
Received Import Request.
  Time of request: 2026-08-29T04:31:26.6023259Z
  Time since last request: 0.0053157 seconds.
  importAddress: GUID: cf7ef7446ccc3644f9779235153d23db - Path: Assets/Scripts/Logistics/Container.cs - Importer: PreviewImporter
Importing 'GUID: cf7ef7446ccc3644f9779235153d23db - Path: Assets/Scripts/Logistics/Container.cs - Importer: PreviewImporter' with importer (PreviewImporter)
Imported 'GUID: cf7ef7446ccc3644f9779235153d23db' -> (Import Result ID: '00000000000000000000000000000000') in 0.000 seconds
Import Error Code:(4)
Message: Build asset version error: assets/scripts/logistics/container.cs in SourceAssetDB has modification time of '2026-08-29T04:31:09.9799258Z' while content on disk has modification time of '2026-08-29T04:31:20.73Z'
  ERROR: Build asset version error: assets/scripts/logistics/container.cs in SourceAssetDB has modification time of '2026-08-29T04:31:09.9799258Z' while content on disk has modification time of '2026-08-29T04:31:20.73Z'
Number of updated asset objects reloaded before import = 0
Number of asset objects unloaded after import = 0
========================================================================
Received Import Request.
  Time of request: 2026-08-29T04:31:26.6188171Z
  Time since last request: 0.0052247 seconds.
  importAddress: GUID: cf7ef7446ccc3644f9779235153d23db - Path: Assets/Scripts/Logistics/Container.cs - Importer: PreviewImporter
Importing 'GUID: cf7ef7446ccc3644f9779235153d23db - Path: Assets/Scripts/Logistics/Container.cs - Importer: PreviewImporter' with importer (PreviewImporter)
Imported 'GUID: cf7ef7446ccc3644f9779235153d23db' -> (Import Result ID: '00000000000000000000000000000000') in 0.000 seconds
Import Error Code:(4)
Message: Build asset version error: assets/scripts/logistics/container.cs in SourceAssetDB has modification time of '2026-08-29T04:31:09.9799258Z' while content on disk has modification time of '2026-08-29T04:31:20.73Z'
  ERROR: Build asset version error: assets/scripts/logistics/container.cs in SourceAssetDB has modification time of '2026-08-29T04:31:09.9799258Z' while content on disk has modification time of '2026-08-29T04:31:20.73Z'
Number of updated asset objects reloaded before import = 0
Number of asset objects unloaded after import = 0
========================================================================
Received Import Request.
  Time of request: 2026-08-29T04:31:26.6359254Z
  Time since last request: 0.005098 seconds.
  importAddress: GUID: cf7ef7446ccc3644f9779235153d23db - Path: Assets/Scripts/Logistics/Container.cs - Importer: PreviewImporter
Importing 'GUID: cf7ef7446ccc3644f9779235153d23db - Path: Assets/Scripts/Logistics/Container.cs - Importer: PreviewImporter' with importer (PreviewImporter)
Imported 'GUID: cf7ef7446ccc3644f9779235153d23db' -> (Import Result ID: '00000000000000000000000000000000') in 0.001 seconds
Import Error Code:(4)
Message: Build asset version error: assets/scripts/logistics/container.cs in SourceAssetDB has modification time of '2026-08-29T04:31:09.9799258Z' while content on disk has modification time of '2026-08-29T04:31:20.73Z'
  ERROR: Build asset version error: assets/scripts/logistics/container.cs in SourceAssetDB has modification time of '2026-08-29T04:31:09.9799258Z' while content on disk has modification time of '2026-08-29T04:31:20.73Z'
Number of updated asset objects reloaded before import = 0
Number of asset objects unloaded after import = 0
========================================================================
Received Import Request.
  Time of request: 2026-08-29T04:31:26.6541051Z
  Time since last request: 0.002832 seconds.
  importAddress: GUID: cf7ef7446ccc3644f9779235153d23db - Path: Assets/Scripts/Logistics/Container.cs - Importer: PreviewImporter
Importing 'GUID: cf7ef7446ccc3644f9779235153d23db - Path: Assets/Scripts/Logistics/Container.cs - Importer: PreviewImporter' with importer (PreviewImporter)
Imported 'GUID: cf7ef7446ccc3644f9779235153d23db' -> (Import Result ID: '00000000000000000000000000000000') in 0.001 seconds
Import Error Code:(4)
Message: Build asset version error: assets/scripts/logistics/container.cs in SourceAssetDB has modification time of '2026-08-29T04:31:09.9799258Z' while content on disk has modification time of '2026-08-29T04:31:20.73Z'
  ERROR: Build asset version error: assets/scripts/logistics/container.cs in SourceAssetDB has modification time of '2026-08-29T04:31:09.9799258Z' while content on disk has modification time of '2026-08-29T04:31:20.73Z'
Number of updated asset objects reloaded before import = 0
Number of asset objects unloaded after import = 0
========================================================================
Received Import Request.
  Time of request: 2026-08-29T04:31:26.6784138Z
  Time since last request: 0.0088842 seconds.
  importAddress: GUID: cf7ef7446ccc3644f9779235153d23db - Path: Assets/Scripts/Logistics/Container.cs - Importer: PreviewImporter
Importing 'GUID: cf7ef7446ccc3644f9779235153d23db - Path: Assets/Scripts/Logistics/Container.cs - Importer: PreviewImporter' with importer (PreviewImporter)
Imported 'GUID: cf7ef7446ccc3644f9779235153d23db' -> (Import Result ID: '00000000000000000000000000000000') in 0.000 seconds
Import Error Code:(4)
Message: Build asset version error: assets/scripts/logistics/container.cs in SourceAssetDB has modification time of '2026-08-29T04:31:09.9799258Z' while content on disk has modification time of '2026-08-29T04:31:20.73Z'
  ERROR: Build asset version error: assets/scripts/logistics/container.cs in SourceAssetDB has modification time of '2026-08-29T04:31:09.9799258Z' while content on disk has modification time of '2026-08-29T04:31:20.73Z'
Number of updated asset objects reloaded before import = 0
Number of asset objects unloaded after import = 0
========================================================================
Received Import Request.
  Time of request: 2026-08-29T04:31:26.6950656Z
  Time since last request: 0.0040118 seconds.
  importAddress: GUID: cf7ef7446ccc3644f9779235153d23db - Path: Assets/Scripts/Logistics/Container.cs - Importer: PreviewImporter
Importing 'GUID: cf7ef7446ccc3644f9779235153d23db - Path: Assets/Scripts/Logistics/Container.cs - Importer: PreviewImporter' with importer (PreviewImporter)
Imported 'GUID: cf7ef7446ccc3644f9779235153d23db' -> (Import Result ID: '00000000000000000000000000000000') in 0.001 seconds
Import Error Code:(4)
Message: Build asset version error: assets/scripts/logistics/container.cs in SourceAssetDB has modification time of '2026-08-29T04:31:09.9799258Z' while content on disk has modification time of '2026-08-29T04:31:20.73Z'
  ERROR: Build asset version error: assets/scripts/logistics/container.cs in SourceAssetDB has modification time of '2026-08-29T04:31:09.9799258Z' while content on disk has modification time of '2026-08-29T04:31:20.73Z'
Number of updated asset objects reloaded before import = 0
Number of asset objects unloaded after import = 0
========================================================================
Received Import Request.
  Time of request: 2026-08-29T04:31:26.7146947Z
  Time since last request: 0.0043246 seconds.
  importAddress: GUID: cf7ef7446ccc3644f9779235153d23db - Path: Assets/Scripts/Logistics/Container.cs - Importer: PreviewImporter
Importing 'GUID: cf7ef7446ccc3644f9779235153d23db - Path: Assets/Scripts/Logistics/Container.cs - Importer: PreviewImporter' with importer (PreviewImporter)
Imported 'GUID: cf7ef7446ccc3644f9779235153d23db' -> (Import Result ID: '00000000000000000000000000000000') in 0.001 seconds
Import Error Code:(4)
Message: Build asset version error: assets/scripts/logistics/container.cs in SourceAssetDB has modification time of '2026-08-29T04:31:09.9799258Z' while content on disk has modification time of '2026-08-29T04:31:20.73Z'
  ERROR: Build asset version error: assets/scripts/logistics/container.cs in SourceAssetDB has modification time of '2026-08-29T04:31:09.9799258Z' while content on disk has modification time of '2026-08-29T04:31:20.73Z'
Number of updated asset objects reloaded before import = 0
Number of asset objects unloaded after import = 0
========================================================================
Received Import Request.
  Time of request: 2026-08-29T04:31:26.7323542Z
  Time since last request: 0.0037673 seconds.
  importAddress: GUID: cf7ef7446ccc3644f9779235153d23db - Path: Assets/Scripts/Logistics/Container.cs - Importer: PreviewImporter
Importing 'GUID: cf7ef7446ccc3644f9779235153d23db - Path: Assets/Scripts/Logistics/Container.cs - Importer: PreviewImporter' with importer (PreviewImporter)
Imported 'GUID: cf7ef7446ccc3644f9779235153d23db' -> (Import Result ID: '00000000000000000000000000000000') in 0.001 seconds
Import Error Code:(4)
Message: Build asset version error: assets/scripts/logistics/container.cs in SourceAssetDB has modification time of '2026-08-29T04:31:09.9799258Z' while content on disk has modification time of '2026-08-29T04:31:20.73Z'
  ERROR: Build asset version error: assets/scripts/logistics/container.cs in SourceAssetDB has modification time of '2026-08-29T04:31:09.9799258Z' while content on disk has modification time of '2026-08-29T04:31:20.73Z'
Number of updated asset objects reloaded before import = 0
Number of asset objects unloaded after import = 0
========================================================================
Received Import Request.
  Time of request: 2026-08-29T04:31:26.7505001Z
  Time since last request: 0.0036497 seconds.
  importAddress: GUID: cf7ef7446ccc3644f9779235153d23db - Path: Assets/Scripts/Logistics/Container.cs - Importer: PreviewImporter
Importing 'GUID: cf7ef7446ccc3644f9779235153d23db - Path: Assets/Scripts/Logistics/Container.cs - Importer: PreviewImporter' with importer (PreviewImporter)
Imported 'GUID: cf7ef7446ccc3644f9779235153d23db' -> (Import Result ID: '00000000000000000000000000000000') in 0.001 seconds
Import Error Code:(4)
Message: Build asset version error: assets/scripts/logistics/container.cs in SourceAssetDB has modification time of '2026-08-29T04:31:09.9799258Z' while content on disk has modification time of '2026-08-29T04:31:20.73Z'
  ERROR: Build asset version error: assets/scripts/logistics/container.cs in SourceAssetDB has modification time of '2026-08-29T04:31:09.9799258Z' while content on disk has modification time of '2026-08-29T04:31:20.73Z'
Number of updated asset objects reloaded before import = 0
Number of asset objects unloaded after import = 0
========================================================================
Received Import Request.
  Time of request: 2026-08-29T04:31:26.7680722Z
  Time since last request: 0.0027868 seconds.
  importAddress: GUID: cf7ef7446ccc3644f9779235153d23db - Path: Assets/Scripts/Logistics/Container.cs - Importer: PreviewImporter
Importing 'GUID: cf7ef7446ccc3644f9779235153d23db - Path: Assets/Scripts/Logistics/Container.cs - Importer: PreviewImporter' with importer (PreviewImporter)
Imported 'GUID: cf7ef7446ccc3644f9779235153d23db' -> (Import Result ID: '00000000000000000000000000000000') in 0.001 seconds
Import Error Code:(4)
Message: Build asset version error: assets/scripts/logistics/container.cs in SourceAssetDB has modification time of '2026-08-29T04:31:09.9799258Z' while content on disk has modification time of '2026-08-29T04:31:20.73Z'
  ERROR: Build asset version error: assets/scripts/logistics/container.cs in SourceAssetDB has modification time of '2026-08-29T04:31:09.9799258Z' while content on disk has modification time of '2026-08-29T04:31:20.73Z'
Number of updated asset objects reloaded before import = 0
Number of asset objects unloaded after import = 0
========================================================================
Received Import Request.
  Time of request: 2026-08-29T04:31:26.7917042Z
  Time since last request: 0.0104386 seconds.
  importAddress: GUID: cf7ef7446ccc3644f9779235153d23db - Path: Assets/Scripts/Logistics/Container.cs - Importer: PreviewImporter
Importing 'GUID: cf7ef7446ccc3644f9779235153d23db - Path: Assets/Scripts/Logistics/Container.cs - Importer: PreviewImporter' with importer (PreviewImporter)
Imported 'GUID: cf7ef7446ccc3644f9779235153d23db' -> (Import Result ID: '00000000000000000000000000000000') in 0.001 seconds
Import Error Code:(4)
Message: Build asset version error: assets/scripts/logistics/container.cs in SourceAssetDB has modification time of '2026-08-29T04:31:09.9799258Z' while content on disk has modification time of '2026-08-29T04:31:20.73Z'
  ERROR: Build asset version error: assets/scripts/logistics/container.cs in SourceAssetDB has modification time of '2026-08-29T04:31:09.9799258Z' while content on disk has modification time of '2026-08-29T04:31:20.73Z'
Number of updated asset objects reloaded before import = 0
Number of asset objects unloaded after import = 0
========================================================================
Received Import Request.
  Time of request: 2026-08-29T04:31:26.809789Z
  Time since last request: 0.0042682 seconds.
  importAddress: GUID: cf7ef7446ccc3644f9779235153d23db - Path: Assets/Scripts/Logistics/Container.cs - Importer: PreviewImporter
Importing 'GUID: cf7ef7446ccc3644f9779235153d23db - Path: Assets/Scripts/Logistics/Container.cs - Importer: PreviewImporter' with importer (PreviewImporter)
Imported 'GUID: cf7ef7446ccc3644f9779235153d23db' -> (Import Result ID: '00000000000000000000000000000000') in 0.001 seconds
Import Error Code:(4)
Message: Build asset version error: assets/scripts/logistics/container.cs in SourceAssetDB has modification time of '2026-08-29T04:31:09.9799258Z' while content on disk has modification time of '2026-08-29T04:31:20.73Z'
  ERROR: Build asset version error: assets/scripts/logistics/container.cs in SourceAssetDB has modification time of '2026-08-29T04:31:09.9799258Z' while content on disk has modification time of '2026-08-29T04:31:20.73Z'
Number of updated asset objects reloaded before import = 0
Number of asset objects unloaded after import = 0
========================================================================
Received Import Request.
  Time of request: 2026-08-29T04:31:26.828836Z
  Time since last request: 0.0052425 seconds.
  importAddress: GUID: cf7ef7446ccc3644f9779235153d23db - Path: Assets/Scripts/Logistics/Container.cs - Importer: PreviewImporter
Importing 'GUID: cf7ef7446ccc3644f9779235153d23db - Path: Assets/Scripts/Logistics/Container.cs - Importer: PreviewImporter' with importer (PreviewImporter)
Imported 'GUID: cf7ef7446ccc3644f9779235153d23db' -> (Import Result ID: '00000000000000000000000000000000') in 0.000 seconds
Import Error Code:(4)
Message: Build asset version error: assets/scripts/logistics/container.cs in SourceAssetDB has modification time of '2026-08-29T04:31:09.9799258Z' while content on disk has modification time of '2026-08-29T04:31:20.73Z'
  ERROR: Build asset version error: assets/scripts/logistics/container.cs in SourceAssetDB has modification time of '2026-08-29T04:31:09.9799258Z' while content on disk has modification time of '2026-08-29T04:31:20.73Z'
Number of updated asset objects reloaded before import = 0
Number of asset objects unloaded after import = 0
========================================================================
Received Import Request.
  Time of request: 2026-08-29T04:31:26.8428168Z
  Time since last request: 0.0015904 seconds.
  importAddress: GUID: cf7ef7446ccc3644f9779235153d23db - Path: Assets/Scripts/Logistics/Container.cs - Importer: PreviewImporter
Importing 'GUID: cf7ef7446ccc3644f9779235153d23db - Path: Assets/Scripts/Logistics/Container.cs - Importer: PreviewImporter' with importer (PreviewImporter)
Imported 'GUID: cf7ef7446ccc3644f9779235153d23db' -> (Import Result ID: '00000000000000000000000000000000') in 0.001 seconds
Import Error Code:(4)
Message: Build asset version error: assets/scripts/logistics/container.cs in SourceAssetDB has modification time of '2026-08-29T04:31:09.9799258Z' while content on disk has modification time of '2026-08-29T04:31:20.73Z'
  ERROR: Build asset version error: assets/scripts/logistics/container.cs in SourceAssetDB has modification time of '2026-08-29T04:31:09.9799258Z' while content on disk has modification time of '2026-08-29T04:31:20.73Z'
Number of updated asset objects reloaded before import = 0
Number of asset objects unloaded after import = 0
========================================================================
Received Import Request.
  Time of request: 2026-08-29T04:31:26.8674925Z
  Time since last request: 0.0089016 seconds.
  importAddress: GUID: cf7ef7446ccc3644f9779235153d23db - Path: Assets/Scripts/Logistics/Container.cs - Importer: PreviewImporter
Importing 'GUID: cf7ef7446ccc3644f9779235153d23db - Path: Assets/Scripts/Logistics/Container.cs - Importer: PreviewImporter' with importer (PreviewImporter)
Imported 'GUID: cf7ef7446ccc3644f9779235153d23db' -> (Import Result ID: '00000000000000000000000000000000') in 0.000 seconds
Import Error Code:(4)
Message: Build asset version error: assets/scripts/logistics/container.cs in SourceAssetDB has modification time of '2026-08-29T04:31:09.9799258Z' while content on disk has modification time of '2026-08-29T04:31:20.73Z'
  ERROR: Build asset version error: assets/scripts/logistics/container.cs in SourceAssetDB has modification time of '2026-08-29T04:31:09.9799258Z' while content on disk has modification time of '2026-08-29T04:31:20.73Z'
Number of updated asset objects reloaded before import = 0
Number of asset objects unloaded after import = 0
========================================================================
Received Import Request.
  Time of request: 2026-08-29T04:31:26.8861628Z
  Time since last request: 0.0061263 seconds.
  importAddress: GUID: cf7ef7446ccc3644f9779235153d23db - Path: Assets/Scripts/Logistics/Container.cs - Importer: PreviewImporter
Importing 'GUID: cf7ef7446ccc3644f9779235153d23db - Path: Assets/Scripts/Logistics/Container.cs - Importer: PreviewImporter' with importer (PreviewImporter)
Imported 'GUID: cf7ef7446ccc3644f9779235153d23db' -> (Import Result ID: '00000000000000000000000000000000') in 0.001 seconds
Import Error Code:(4)
Message: Build asset version error: assets/scripts/logistics/container.cs in SourceAssetDB has modification time of '2026-08-29T04:31:09.9799258Z' while content on disk has modification time of '2026-08-29T04:31:20.73Z'
  ERROR: Build asset version error: assets/scripts/logistics/container.cs in SourceAssetDB has modification time of '2026-08-29T04:31:09.9799258Z' while content on disk has modification time of '2026-08-29T04:31:20.73Z'
Number of updated asset objects reloaded before import = 0
Number of asset objects unloaded after import = 0
========================================================================
Received Import Request.
  Time of request: 2026-08-29T04:31:26.9036798Z
  Time since last request: 0.0035037 seconds.
  importAddress: GUID: cf7ef7446ccc3644f9779235153d23db - Path: Assets/Scripts/Logistics/Container.cs - Importer: PreviewImporter
Importing 'GUID: cf7ef7446ccc3644f9779235153d23db - Path: Assets/Scripts/Logistics/Container.cs - Importer: PreviewImporter' with importer (PreviewImporter)
Imported 'GUID: cf7ef7446ccc3644f9779235153d23db' -> (Import Result ID: '00000000000000000000000000000000') in 0.001 seconds
Import Error Code:(4)
Message: Build asset version error: assets/scripts/logistics/container.cs in SourceAssetDB has modification time of '2026-08-29T04:31:09.9799258Z' while content on disk has modification time of '2026-08-29T04:31:20.73Z'
  ERROR: Build asset version error: assets/scripts/logistics/container.cs in SourceAssetDB has modification time of '2026-08-29T04:31:09.9799258Z' while content on disk has modification time of '2026-08-29T04:31:20.73Z'
Number of updated asset objects reloaded before import = 0
Number of asset objects unloaded after import = 0
========================================================================
Received Import Request.
  Time of request: 2026-08-29T04:31:26.9213286Z
  Time since last request: 0.0053152 seconds.
  importAddress: GUID: cf7ef7446ccc3644f9779235153d23db - Path: Assets/Scripts/Logistics/Container.cs - Importer: PreviewImporter
Importing 'GUID: cf7ef7446ccc3644f9779235153d23db - Path: Assets/Scripts/Logistics/Container.cs - Importer: PreviewImporter' with importer (PreviewImporter)
Imported 'GUID: cf7ef7446ccc3644f9779235153d23db' -> (Import Result ID: '00000000000000000000000000000000') in 0.001 seconds
Import Error Code:(4)
Message: Build asset version error: assets/scripts/logistics/container.cs in SourceAssetDB has modification time of '2026-08-29T04:31:09.9799258Z' while content on disk has modification time of '2026-08-29T04:31:20.73Z'
  ERROR: Build asset version error: assets/scripts/logistics/container.cs in SourceAssetDB has modification time of '2026-08-29T04:31:09.9799258Z' while content on disk has modification time of '2026-08-29T04:31:20.73Z'
Number of updated asset objects reloaded before import = 0
Number of asset objects unloaded after import = 0
========================================================================
Received Import Request.
  Time of request: 2026-08-29T04:31:26.9394111Z
  Time since last request: 0.0025897 seconds.
  importAddress: GUID: cf7ef7446ccc3644f9779235153d23db - Path: Assets/Scripts/Logistics/Container.cs - Importer: PreviewImporter
Importing 'GUID: cf7ef7446ccc3644f9779235153d23db - Path: Assets/Scripts/Logistics/Container.cs - Importer: PreviewImporter' with importer (PreviewImporter)
Imported 'GUID: cf7ef7446ccc3644f9779235153d23db' -> (Import Result ID: '00000000000000000000000000000000') in 0.001 seconds
Import Error Code:(4)
Message: Build asset version error: assets/scripts/logistics/container.cs in SourceAssetDB has modification time of '2026-08-29T04:31:09.9799258Z' while content on disk has modification time of '2026-08-29T04:31:20.73Z'
  ERROR: Build asset version error: assets/scripts/logistics/container.cs in SourceAssetDB has modification time of '2026-08-29T04:31:09.9799258Z' while content on disk has modification time of '2026-08-29T04:31:20.73Z'
Number of updated asset objects reloaded before import = 0
Number of asset objects unloaded after import = 0
========================================================================
Received Import Request.
  Time of request: 2026-08-29T04:31:26.9626465Z
  Time since last request: 0.0106256 seconds.
  importAddress: GUID: cf7ef7446ccc3644f9779235153d23db - Path: Assets/Scripts/Logistics/Container.cs - Importer: PreviewImporter
Importing 'GUID: cf7ef7446ccc3644f9779235153d23db - Path: Assets/Scripts/Logistics/Container.cs - Importer: PreviewImporter' with importer (PreviewImporter)
Imported 'GUID: cf7ef7446ccc3644f9779235153d23db' -> (Import Result ID: '00000000000000000000000000000000') in 0.001 seconds
Import Error Code:(4)
Message: Build asset version error: assets/scripts/logistics/container.cs in SourceAssetDB has modification time of '2026-08-29T04:31:09.9799258Z' while content on disk has modification time of '2026-08-29T04:31:20.73Z'
  ERROR: Build asset version error: assets/scripts/logistics/container.cs in SourceAssetDB has modification time of '2026-08-29T04:31:09.9799258Z' while content on disk has modification time of '2026-08-29T04:31:20.73Z'
Number of updated asset objects reloaded before import = 0
Number of asset objects unloaded after import = 0
========================================================================
Received Import Request.
  Time of request: 2026-08-29T04:31:26.9794985Z
  Time since last request: 0.0024061 seconds.
  importAddress: GUID: cf7ef7446ccc3644f9779235153d23db - Path: Assets/Scripts/Logistics/Container.cs - Importer: PreviewImporter
Importing 'GUID: cf7ef7446ccc3644f9779235153d23db - Path: Assets/Scripts/Logistics/Container.cs - Importer: PreviewImporter' with importer (PreviewImporter)
Imported 'GUID: cf7ef7446ccc3644f9779235153d23db' -> (Import Result ID: '00000000000000000000000000000000') in 0.001 seconds
Import Error Code:(4)
Message: Build asset version error: assets/scripts/logistics/container.cs in SourceAssetDB has modification time of '2026-08-29T04:31:09.9799258Z' while content on disk has modification time of '2026-08-29T04:31:20.73Z'
  ERROR: Build asset version error: assets/scripts/logistics/container.cs in SourceAssetDB has modification time of '2026-08-29T04:31:09.9799258Z' while content on disk has modification time of '2026-08-29T04:31:20.73Z'
Number of updated asset objects reloaded before import = 0
Number of asset objects unloaded after import = 0
========================================================================
Received Import Request.
  Time of request: 2026-08-29T04:31:27.0037379Z
  Time since last request: 0.0112151 seconds.
  importAddress: GUID: cf7ef7446ccc3644f9779235153d23db - Path: Assets/Scripts/Logistics/Container.cs - Importer: PreviewImporter
Importing 'GUID: cf7ef7446ccc3644f9779235153d23db - Path: Assets/Scripts/Logistics/Container.cs - Importer: PreviewImporter' with importer (PreviewImporter)
Imported 'GUID: cf7ef7446ccc3644f9779235153d23db' -> (Import Result ID: '00000000000000000000000000000000') in 0.001 seconds
Import Error Code:(4)
Message: Build asset version error: assets/scripts/logistics/container.cs in SourceAssetDB has modification time of '2026-08-29T04:31:09.9799258Z' while content on disk has modification time of '2026-08-29T04:31:20.73Z'
  ERROR: Build asset version error: assets/scripts/logistics/container.cs in SourceAssetDB has modification time of '2026-08-29T04:31:09.9799258Z' while content on disk has modification time of '2026-08-29T04:31:20.73Z'
Number of updated asset objects reloaded before import = 0
Number of asset objects unloaded after import = 0
========================================================================
Received Import Request.
  Time of request: 2026-08-29T04:31:27.0198928Z
  Time since last request: 0.002267 seconds.
  importAddress: GUID: cf7ef7446ccc3644f9779235153d23db - Path: Assets/Scripts/Logistics/Container.cs - Importer: PreviewImporter
Importing 'GUID: cf7ef7446ccc3644f9779235153d23db - Path: Assets/Scripts/Logistics/Container.cs - Importer: PreviewImporter' with importer (PreviewImporter)
Imported 'GUID: cf7ef7446ccc3644f9779235153d23db' -> (Import Result ID: '00000000000000000000000000000000') in 0.001 seconds
Import Error Code:(4)
Message: Build asset version error: assets/scripts/logistics/container.cs in SourceAssetDB has modification time of '2026-08-29T04:31:09.9799258Z' while content on disk has modification time of '2026-08-29T04:31:20.73Z'
  ERROR: Build asset version error: assets/scripts/logistics/container.cs in SourceAssetDB has modification time of '2026-08-29T04:31:09.9799258Z' while content on disk has modification time of '2026-08-29T04:31:20.73Z'
Number of updated asset objects reloaded before import = 0
Number of asset objects unloaded after import = 0
========================================================================
Received Import Request.
  Time of request: 2026-08-29T04:31:27.0414735Z
  Time since last request: 0.0087381 seconds.
  importAddress: GUID: cf7ef7446ccc3644f9779235153d23db - Path: Assets/Scripts/Logistics/Container.cs - Importer: PreviewImporter
Importing 'GUID: cf7ef7446ccc3644f9779235153d23db - Path: Assets/Scripts/Logistics/Container.cs - Importer: PreviewImporter' with importer (PreviewImporter)
Imported 'GUID: cf7ef7446ccc3644f9779235153d23db' -> (Import Result ID: '00000000000000000000000000000000') in 0.001 seconds
Import Error Code:(4)
Message: Build asset version error: assets/scripts/logistics/container.cs in SourceAssetDB has modification time of '2026-08-29T04:31:09.9799258Z' while content on disk has modification time of '2026-08-29T04:31:20.73Z'
  ERROR: Build asset version error: assets/scripts/logistics/container.cs in SourceAssetDB has modification time of '2026-08-29T04:31:09.9799258Z' while content on disk has modification time of '2026-08-29T04:31:20.73Z'
Number of updated asset objects reloaded before import = 0
Number of asset objects unloaded after import = 0
========================================================================
Received Import Request.
  Time of request: 2026-08-29T04:31:27.0581665Z
  Time since last request: 0.0025641 seconds.
  importAddress: GUID: cf7ef7446ccc3644f9779235153d23db - Path: Assets/Scripts/Logistics/Container.cs - Importer: PreviewImporter
Importing 'GUID: cf7ef7446ccc3644f9779235153d23db - Path: Assets/Scripts/Logistics/Container.cs - Importer: PreviewImporter' with importer (PreviewImporter)
Imported 'GUID: cf7ef7446ccc3644f9779235153d23db' -> (Import Result ID: '00000000000000000000000000000000') in 0.001 seconds
Import Error Code:(4)
Message: Build asset version error: assets/scripts/logistics/container.cs in SourceAssetDB has modification time of '2026-08-29T04:31:09.9799258Z' while content on disk has modification time of '2026-08-29T04:31:20.73Z'
  ERROR: Build asset version error: assets/scripts/logistics/container.cs in SourceAssetDB has modification time of '2026-08-29T04:31:09.9799258Z' while content on disk has modification time of '2026-08-29T04:31:20.73Z'
Number of updated asset objects reloaded before import = 0
Number of asset objects unloaded after import = 0
========================================================================
Received Import Request.
  Time of request: 2026-08-29T04:31:27.0814015Z
  Time since last request: 0.0092201 seconds.
  importAddress: GUID: cf7ef7446ccc3644f9779235153d23db - Path: Assets/Scripts/Logistics/Container.cs - Importer: PreviewImporter
Importing 'GUID: cf7ef7446ccc3644f9779235153d23db - Path: Assets/Scripts/Logistics/Container.cs - Importer: PreviewImporter' with importer (PreviewImporter)
Imported 'GUID: cf7ef7446ccc3644f9779235153d23db' -> (Import Result ID: '00000000000000000000000000000000') in 0.001 seconds
Import Error Code:(4)
Message: Build asset version error: assets/scripts/logistics/container.cs in SourceAssetDB has modification time of '2026-08-29T04:31:09.9799258Z' while content on disk has modification time of '2026-08-29T04:31:20.73Z'
  ERROR: Build asset version error: assets/scripts/logistics/container.cs in SourceAssetDB has modification time of '2026-08-29T04:31:09.9799258Z' while content on disk has modification time of '2026-08-29T04:31:20.73Z'
Number of updated asset objects reloaded before import = 0
Number of asset objects unloaded after import = 0
========================================================================
Received Import Request.
  Time of request: 2026-08-29T04:31:27.1001694Z
  Time since last request: 0.0042129 seconds.
  importAddress: GUID: cf7ef7446ccc3644f9779235153d23db - Path: Assets/Scripts/Logistics/Container.cs - Importer: PreviewImporter
Importing 'GUID: cf7ef7446ccc3644f9779235153d23db - Path: Assets/Scripts/Logistics/Container.cs - Importer: PreviewImporter' with importer (PreviewImporter)
Imported 'GUID: cf7ef7446ccc3644f9779235153d23db' -> (Import Result ID: '00000000000000000000000000000000') in 0.001 seconds
Import Error Code:(4)
Message: Build asset version error: assets/scripts/logistics/container.cs in SourceAssetDB has modification time of '2026-08-29T04:31:09.9799258Z' while content on disk has modification time of '2026-08-29T04:31:20.73Z'
  ERROR: Build asset version error: assets/scripts/logistics/container.cs in SourceAssetDB has modification time of '2026-08-29T04:31:09.9799258Z' while content on disk has modification time of '2026-08-29T04:31:20.73Z'
Number of updated asset objects reloaded before import = 0
Number of asset objects unloaded after import = 0
========================================================================
Received Import Request.
  Time of request: 2026-08-29T04:31:27.1185741Z
  Time since last request: 0.0040866 seconds.
  importAddress: GUID: cf7ef7446ccc3644f9779235153d23db - Path: Assets/Scripts/Logistics/Container.cs - Importer: PreviewImporter
Importing 'GUID: cf7ef7446ccc3644f9779235153d23db - Path: Assets/Scripts/Logistics/Container.cs - Importer: PreviewImporter' with importer (PreviewImporter)
Imported 'GUID: cf7ef7446ccc3644f9779235153d23db' -> (Import Result ID: '00000000000000000000000000000000') in 0.001 seconds
Import Error Code:(4)
Message: Build asset version error: assets/scripts/logistics/container.cs in SourceAssetDB has modification time of '2026-08-29T04:31:09.9799258Z' while content on disk has modification time of '2026-08-29T04:31:20.73Z'
  ERROR: Build asset version error: assets/scripts/logistics/container.cs in SourceAssetDB has modification time of '2026-08-29T04:31:09.9799258Z' while content on disk has modification time of '2026-08-29T04:31:20.73Z'
Number of updated asset objects reloaded before import = 0
Number of asset objects unloaded after import = 0
========================================================================
Received Import Request.
  Time of request: 2026-08-29T04:31:27.1382975Z
  Time since last request: 0.0042407 seconds.
  importAddress: GUID: cf7ef7446ccc3644f9779235153d23db - Path: Assets/Scripts/Logistics/Container.cs - Importer: PreviewImporter
Importing 'GUID: cf7ef7446ccc3644f9779235153d23db - Path: Assets/Scripts/Logistics/Container.cs - Importer: PreviewImporter' with importer (PreviewImporter)
Imported 'GUID: cf7ef7446ccc3644f9779235153d23db' -> (Import Result ID: '00000000000000000000000000000000') in 0.001 seconds
Import Error Code:(4)
Message: Build asset version error: assets/scripts/logistics/container.cs in SourceAssetDB has modification time of '2026-08-29T04:31:09.9799258Z' while content on disk has modification time of '2026-08-29T04:31:20.73Z'
  ERROR: Build asset version error: assets/scripts/logistics/container.cs in SourceAssetDB has modification time of '2026-08-29T04:31:09.9799258Z' while content on disk has modification time of '2026-08-29T04:31:20.73Z'
Number of updated asset objects reloaded before import = 0
Number of asset objects unloaded after import = 0
========================================================================
Received Import Request.
  Time of request: 2026-08-29T04:31:27.157727Z
  Time since last request: 0.0051639 seconds.
  importAddress: GUID: cf7ef7446ccc3644f9779235153d23db - Path: Assets/Scripts/Logistics/Container.cs - Importer: PreviewImporter
Importing 'GUID: cf7ef7446ccc3644f9779235153d23db - Path: Assets/Scripts/Logistics/Container.cs - Importer: PreviewImporter' with importer (PreviewImporter)
Imported 'GUID: cf7ef7446ccc3644f9779235153d23db' -> (Import Result ID: '00000000000000000000000000000000') in 0.001 seconds
Import Error Code:(4)
Message: Build asset version error: assets/scripts/logistics/container.cs in SourceAssetDB has modification time of '2026-08-29T04:31:09.9799258Z' while content on disk has modification time of '2026-08-29T04:31:20.73Z'
  ERROR: Build asset version error: assets/scripts/logistics/container.cs in SourceAssetDB has modification time of '2026-08-29T04:31:09.9799258Z' while content on disk has modification time of '2026-08-29T04:31:20.73Z'
Number of updated asset objects reloaded before import = 0
Number of asset objects unloaded after import = 0
========================================================================
Received Import Request.
  Time of request: 2026-08-29T04:31:27.1768295Z
  Time since last request: 0.0046875 seconds.
  importAddress: GUID: cf7ef7446ccc3644f9779235153d23db - Path: Assets/Scripts/Logistics/Container.cs - Importer: PreviewImporter
Importing 'GUID: cf7ef7446ccc3644f9779235153d23db - Path: Assets/Scripts/Logistics/Container.cs - Importer: PreviewImporter' with importer (PreviewImporter)
Imported 'GUID: cf7ef7446ccc3644f9779235153d23db' -> (Import Result ID: '00000000000000000000000000000000') in 0.000 seconds
Import Error Code:(4)
Message: Build asset version error: assets/scripts/logistics/container.cs in SourceAssetDB has modification time of '2026-08-29T04:31:09.9799258Z' while content on disk has modification time of '2026-08-29T04:31:20.73Z'
  ERROR: Build asset version error: assets/scripts/logistics/container.cs in SourceAssetDB has modification time of '2026-08-29T04:31:09.9799258Z' while content on disk has modification time of '2026-08-29T04:31:20.73Z'
Number of updated asset objects reloaded before import = 0
Number of asset objects unloaded after import = 0
========================================================================
Received Import Request.
  Time of request: 2026-08-29T04:31:27.1979576Z
  Time since last request: 0.0066542 seconds.
  importAddress: GUID: cf7ef7446ccc3644f9779235153d23db - Path: Assets/Scripts/Logistics/Container.cs - Importer: PreviewImporter
Importing 'GUID: cf7ef7446ccc3644f9779235153d23db - Path: Assets/Scripts/Logistics/Container.cs - Importer: PreviewImporter' with importer (PreviewImporter)
Imported 'GUID: cf7ef7446ccc3644f9779235153d23db' -> (Import Result ID: '00000000000000000000000000000000') in 0.000 seconds
Import Error Code:(4)
Message: Build asset version error: assets/scripts/logistics/container.cs in SourceAssetDB has modification time of '2026-08-29T04:31:09.9799258Z' while content on disk has modification time of '2026-08-29T04:31:20.73Z'
  ERROR: Build asset version error: assets/scripts/logistics/container.cs in SourceAssetDB has modification time of '2026-08-29T04:31:09.9799258Z' while content on disk has modification time of '2026-08-29T04:31:20.73Z'
Number of updated asset objects reloaded before import = 0
Number of asset objects unloaded after import = 0
========================================================================
Received Import Request.
  Time of request: 2026-08-29T04:31:27.2180844Z
  Time since last request: 0.0067596 seconds.
  importAddress: GUID: cf7ef7446ccc3644f9779235153d23db - Path: Assets/Scripts/Logistics/Container.cs - Importer: PreviewImporter
Importing 'GUID: cf7ef7446ccc3644f9779235153d23db - Path: Assets/Scripts/Logistics/Container.cs - Importer: PreviewImporter' with importer (PreviewImporter)
Imported 'GUID: cf7ef7446ccc3644f9779235153d23db' -> (Import Result ID: '00000000000000000000000000000000') in 0.001 seconds
Import Error Code:(4)
Message: Build asset version error: assets/scripts/logistics/container.cs in SourceAssetDB has modification time of '2026-08-29T04:31:09.9799258Z' while content on disk has modification time of '2026-08-29T04:31:20.73Z'
  ERROR: Build asset version error: assets/scripts/logistics/container.cs in SourceAssetDB has modification time of '2026-08-29T04:31:09.9799258Z' while content on disk has modification time of '2026-08-29T04:31:20.73Z'
Number of updated asset objects reloaded before import = 0
Number of asset objects unloaded after import = 0
========================================================================
Received Import Request.
  Time of request: 2026-08-29T04:31:27.2385599Z
  Time since last request: 0.0051034 seconds.
  importAddress: GUID: cf7ef7446ccc3644f9779235153d23db - Path: Assets/Scripts/Logistics/Container.cs - Importer: PreviewImporter
Importing 'GUID: cf7ef7446ccc3644f9779235153d23db - Path: Assets/Scripts/Logistics/Container.cs - Importer: PreviewImporter' with importer (PreviewImporter)
Imported 'GUID: cf7ef7446ccc3644f9779235153d23db' -> (Import Result ID: '00000000000000000000000000000000') in 0.000 seconds
Import Error Code:(4)
Message: Build asset version error: assets/scripts/logistics/container.cs in SourceAssetDB has modification time of '2026-08-29T04:31:09.9799258Z' while content on disk has modification time of '2026-08-29T04:31:20.73Z'
  ERROR: Build asset version error: assets/scripts/logistics/container.cs in SourceAssetDB has modification time of '2026-08-29T04:31:09.9799258Z' while content on disk has modification time of '2026-08-29T04:31:20.73Z'
Number of updated asset objects reloaded before import = 0
Number of asset objects unloaded after import = 0
========================================================================
Received Import Request.
  Time of request: 2026-08-29T04:31:27.2572488Z
  Time since last request: 0.0055769 seconds.
  importAddress: GUID: cf7ef7446ccc3644f9779235153d23db - Path: Assets/Scripts/Logistics/Container.cs - Importer: PreviewImporter
Importing 'GUID: cf7ef7446ccc3644f9779235153d23db - Path: Assets/Scripts/Logistics/Container.cs - Importer: PreviewImporter' with importer (PreviewImporter)
Imported 'GUID: cf7ef7446ccc3644f9779235153d23db' -> (Import Result ID: '00000000000000000000000000000000') in 0.000 seconds
Import Error Code:(4)
Message: Build asset version error: assets/scripts/logistics/container.cs in SourceAssetDB has modification time of '2026-08-29T04:31:09.9799258Z' while content on disk has modification time of '2026-08-29T04:31:20.73Z'
  ERROR: Build asset version error: assets/scripts/logistics/container.cs in SourceAssetDB has modification time of '2026-08-29T04:31:09.9799258Z' while content on disk has modification time of '2026-08-29T04:31:20.73Z'
Number of updated asset objects reloaded before import = 0
Number of asset objects unloaded after import = 0
========================================================================
Received Import Request.
  Time of request: 2026-08-29T04:31:27.2765164Z
  Time since last request: 0.0058794 seconds.
  importAddress: GUID: cf7ef7446ccc3644f9779235153d23db - Path: Assets/Scripts/Logistics/Container.cs - Importer: PreviewImporter
Importing 'GUID: cf7ef7446ccc3644f9779235153d23db - Path: Assets/Scripts/Logistics/Container.cs - Importer: PreviewImporter' with importer (PreviewImporter)
Imported 'GUID: cf7ef7446ccc3644f9779235153d23db' -> (Import Result ID: '00000000000000000000000000000000') in 0.001 seconds
Import Error Code:(4)
Message: Build asset version error: assets/scripts/logistics/container.cs in SourceAssetDB has modification time of '2026-08-29T04:31:09.9799258Z' while content on disk has modification time of '2026-08-29T04:31:20.73Z'
  ERROR: Build asset version error: assets/scripts/logistics/container.cs in SourceAssetDB has modification time of '2026-08-29T04:31:09.9799258Z' while content on disk has modification time of '2026-08-29T04:31:20.73Z'
Number of updated asset objects reloaded before import = 0
Number of asset objects unloaded after import = 0
========================================================================
Received Import Request.
  Time of request: 2026-08-29T04:31:27.3025001Z
  Time since last request: 0.0120677 seconds.
  importAddress: GUID: cf7ef7446ccc3644f9779235153d23db - Path: Assets/Scripts/Logistics/Container.cs - Importer: PreviewImporter
Importing 'GUID: cf7ef7446ccc3644f9779235153d23db - Path: Assets/Scripts/Logistics/Container.cs - Importer: PreviewImporter' with importer (PreviewImporter)
Imported 'GUID: cf7ef7446ccc3644f9779235153d23db' -> (Import Result ID: '00000000000000000000000000000000') in 0.001 seconds
Import Error Code:(4)
Message: Build asset version error: assets/scripts/logistics/container.cs in SourceAssetDB has modification time of '2026-08-29T04:31:09.9799258Z' while content on disk has modification time of '2026-08-29T04:31:20.73Z'
  ERROR: Build asset version error: assets/scripts/logistics/container.cs in SourceAssetDB has modification time of '2026-08-29T04:31:09.9799258Z' while content on disk has modification time of '2026-08-29T04:31:20.73Z'
Number of updated asset objects reloaded before import = 0
Number of asset objects unloaded after import = 0
========================================================================
Received Import Request.
  Time of request: 2026-08-29T04:31:27.3216256Z
  Time since last request: 0.0053493 seconds.
  importAddress: GUID: cf7ef7446ccc3644f9779235153d23db - Path: Assets/Scripts/Logistics/Container.cs - Importer: PreviewImporter
Importing 'GUID: cf7ef7446ccc3644f9779235153d23db - Path: Assets/Scripts/Logistics/Container.cs - Importer: PreviewImporter' with importer (PreviewImporter)
Imported 'GUID: cf7ef7446ccc3644f9779235153d23db' -> (Import Result ID: '00000000000000000000000000000000') in 0.001 seconds
Import Error Code:(4)
Message: Build asset version error: assets/scripts/logistics/container.cs in SourceAssetDB has modification time of '2026-08-29T04:31:09.9799258Z' while content on disk has modification time of '2026-08-29T04:31:20.73Z'
  ERROR: Build asset version error: assets/scripts/logistics/container.cs in SourceAssetDB has modification time of '2026-08-29T04:31:09.9799258Z' while content on disk has modification time of '2026-08-29T04:31:20.73Z'
Number of updated asset objects reloaded before import = 0
Number of asset objects unloaded after import = 0
========================================================================
Received Import Request.
  Time of request: 2026-08-29T04:31:27.3416014Z
  Time since last request: 0.0071106 seconds.
  importAddress: GUID: cf7ef7446ccc3644f9779235153d23db - Path: Assets/Scripts/Logistics/Container.cs - Importer: PreviewImporter
Importing 'GUID: cf7ef7446ccc3644f9779235153d23db - Path: Assets/Scripts/Logistics/Container.cs - Importer: PreviewImporter' with importer (PreviewImporter)
Imported 'GUID: cf7ef7446ccc3644f9779235153d23db' -> (Import Result ID: '00000000000000000000000000000000') in 0.001 seconds
Import Error Code:(4)
Message: Build asset version error: assets/scripts/logistics/container.cs in SourceAssetDB has modification time of '2026-08-29T04:31:09.9799258Z' while content on disk has modification time of '2026-08-29T04:31:20.73Z'
  ERROR: Build asset version error: assets/scripts/logistics/container.cs in SourceAssetDB has modification time of '2026-08-29T04:31:09.9799258Z' while content on disk has modification time of '2026-08-29T04:31:20.73Z'
Number of updated asset objects reloaded before import = 0
Number of asset objects unloaded after import = 0
========================================================================
Received Import Request.
  Time of request: 2026-08-29T04:31:27.3600162Z
  Time since last request: 0.004147 seconds.
  importAddress: GUID: cf7ef7446ccc3644f9779235153d23db - Path: Assets/Scripts/Logistics/Container.cs - Importer: PreviewImporter
Importing 'GUID: cf7ef7446ccc3644f9779235153d23db - Path: Assets/Scripts/Logistics/Container.cs - Importer: PreviewImporter' with importer (PreviewImporter)
Imported 'GUID: cf7ef7446ccc3644f9779235153d23db' -> (Import Result ID: '00000000000000000000000000000000') in 0.001 seconds
Import Error Code:(4)
Message: Build asset version error: assets/scripts/logistics/container.cs in SourceAssetDB has modification time of '2026-08-29T04:31:09.9799258Z' while content on disk has modification time of '2026-08-29T04:31:20.73Z'
  ERROR: Build asset version error: assets/scripts/logistics/container.cs in SourceAssetDB has modification time of '2026-08-29T04:31:09.9799258Z' while content on disk has modification time of '2026-08-29T04:31:20.73Z'
Number of updated asset objects reloaded before import = 0
Number of asset objects unloaded after import = 0
========================================================================
Received Import Request.
  Time of request: 2026-08-29T04:31:27.3803466Z
  Time since last request: 0.0041329 seconds.
  importAddress: GUID: cf7ef7446ccc3644f9779235153d23db - Path: Assets/Scripts/Logistics/Container.cs - Importer: PreviewImporter
Importing 'GUID: cf7ef7446ccc3644f9779235153d23db - Path: Assets/Scripts/Logistics/Container.cs - Importer: PreviewImporter' with importer (PreviewImporter)
Imported 'GUID: cf7ef7446ccc3644f9779235153d23db' -> (Import Result ID: '00000000000000000000000000000000') in 0.001 seconds
Import Error Code:(4)
Message: Build asset version error: assets/scripts/logistics/container.cs in SourceAssetDB has modification time of '2026-08-29T04:31:09.9799258Z' while content on disk has modification time of '2026-08-29T04:31:20.73Z'
  ERROR: Build asset version error: assets/scripts/logistics/container.cs in SourceAssetDB has modification time of '2026-08-29T04:31:09.9799258Z' while content on disk has modification time of '2026-08-29T04:31:20.73Z'
Number of updated asset objects reloaded before import = 0
Number of asset objects unloaded after import = 0
========================================================================
Received Import Request.
  Time of request: 2026-08-29T04:31:27.3986656Z
  Time since last request: 0.003724 seconds.
  importAddress: GUID: cf7ef7446ccc3644f9779235153d23db - Path: Assets/Scripts/Logistics/Container.cs - Importer: PreviewImporter
Importing 'GUID: cf7ef7446ccc3644f9779235153d23db - Path: Assets/Scripts/Logistics/Container.cs - Importer: PreviewImporter' with importer (PreviewImporter)
Imported 'GUID: cf7ef7446ccc3644f9779235153d23db' -> (Import Result ID: '00000000000000000000000000000000') in 0.001 seconds
Import Error Code:(4)
Message: Build asset version error: assets/scripts/logistics/container.cs in SourceAssetDB has modification time of '2026-08-29T04:31:09.9799258Z' while content on disk has modification time of '2026-08-29T04:31:20.73Z'
  ERROR: Build asset version error: assets/scripts/logistics/container.cs in SourceAssetDB has modification time of '2026-08-29T04:31:09.9799258Z' while content on disk has modification time of '2026-08-29T04:31:20.73Z'
Number of updated asset objects reloaded before import = 0
Number of asset objects unloaded after import = 0
========================================================================
Received Import Request.
  Time of request: 2026-08-29T04:31:27.4180937Z
  Time since last request: 0.0060637 seconds.
  importAddress: GUID: cf7ef7446ccc3644f9779235153d23db - Path: Assets/Scripts/Logistics/Container.cs - Importer: PreviewImporter
Importing 'GUID: cf7ef7446ccc3644f9779235153d23db - Path: Assets/Scripts/Logistics/Container.cs - Importer: PreviewImporter' with importer (PreviewImporter)
Imported 'GUID: cf7ef7446ccc3644f9779235153d23db' -> (Import Result ID: '00000000000000000000000000000000') in 0.000 seconds
Import Error Code:(4)
Message: Build asset version error: assets/scripts/logistics/container.cs in SourceAssetDB has modification time of '2026-08-29T04:31:09.9799258Z' while content on disk has modification time of '2026-08-29T04:31:20.73Z'
  ERROR: Build asset version error: assets/scripts/logistics/container.cs in SourceAssetDB has modification time of '2026-08-29T04:31:09.9799258Z' while content on disk has modification time of '2026-08-29T04:31:20.73Z'
Number of updated asset objects reloaded before import = 0
Number of asset objects unloaded after import = 0
========================================================================
Received Import Request.
  Time of request: 2026-08-29T04:31:27.4404517Z
  Time since last request: 0.0079144 seconds.
  importAddress: GUID: cf7ef7446ccc3644f9779235153d23db - Path: Assets/Scripts/Logistics/Container.cs - Importer: PreviewImporter
Importing 'GUID: cf7ef7446ccc3644f9779235153d23db - Path: Assets/Scripts/Logistics/Container.cs - Importer: PreviewImporter' with importer (PreviewImporter)
Imported 'GUID: cf7ef7446ccc3644f9779235153d23db' -> (Import Result ID: '00000000000000000000000000000000') in 0.000 seconds
Import Error Code:(4)
Message: Build asset version error: assets/scripts/logistics/container.cs in SourceAssetDB has modification time of '2026-08-29T04:31:09.9799258Z' while content on disk has modification time of '2026-08-29T04:31:20.73Z'
  ERROR: Build asset version error: assets/scripts/logistics/container.cs in SourceAssetDB has modification time of '2026-08-29T04:31:09.9799258Z' while content on disk has modification time of '2026-08-29T04:31:20.73Z'
Number of updated asset objects reloaded before import = 0
Number of asset objects unloaded after import = 0
========================================================================
Received Import Request.
  Time of request: 2026-08-29T04:31:27.4603112Z
  Time since last request: 0.005828 seconds.
  importAddress: GUID: cf7ef7446ccc3644f9779235153d23db - Path: Assets/Scripts/Logistics/Container.cs - Importer: PreviewImporter
Importing 'GUID: cf7ef7446ccc3644f9779235153d23db - Path: Assets/Scripts/Logistics/Container.cs - Importer: PreviewImporter' with importer (PreviewImporter)
Imported 'GUID: cf7ef7446ccc3644f9779235153d23db' -> (Import Result ID: '00000000000000000000000000000000') in 0.001 seconds
Import Error Code:(4)
Message: Build asset version error: assets/scripts/logistics/container.cs in SourceAssetDB has modification time of '2026-08-29T04:31:09.9799258Z' while content on disk has modification time of '2026-08-29T04:31:20.73Z'
  ERROR: Build asset version error: assets/scripts/logistics/container.cs in SourceAssetDB has modification time of '2026-08-29T04:31:09.9799258Z' while content on disk has modification time of '2026-08-29T04:31:20.73Z'
Number of updated asset objects reloaded before import = 0
Number of asset objects unloaded after import = 0
========================================================================
Received Import Request.
  Time of request: 2026-08-29T04:31:27.4804131Z
  Time since last request: 0.0067384 seconds.
  importAddress: GUID: cf7ef7446ccc3644f9779235153d23db - Path: Assets/Scripts/Logistics/Container.cs - Importer: PreviewImporter
Importing 'GUID: cf7ef7446ccc3644f9779235153d23db - Path: Assets/Scripts/Logistics/Container.cs - Importer: PreviewImporter' with importer (PreviewImporter)
Imported 'GUID: cf7ef7446ccc3644f9779235153d23db' -> (Import Result ID: '00000000000000000000000000000000') in 0.000 seconds
Import Error Code:(4)
Message: Build asset version error: assets/scripts/logistics/container.cs in SourceAssetDB has modification time of '2026-08-29T04:31:09.9799258Z' while content on disk has modification time of '2026-08-29T04:31:20.73Z'
  ERROR: Build asset version error: assets/scripts/logistics/container.cs in SourceAssetDB has modification time of '2026-08-29T04:31:09.9799258Z' while content on disk has modification time of '2026-08-29T04:31:20.73Z'
Number of updated asset objects reloaded before import = 0
Number of asset objects unloaded after import = 0
========================================================================
Received Import Request.
  Time of request: 2026-08-29T04:31:27.4996685Z
  Time since last request: 0.0058266 seconds.
  importAddress: GUID: cf7ef7446ccc3644f9779235153d23db - Path: Assets/Scripts/Logistics/Container.cs - Importer: PreviewImporter
Importing 'GUID: cf7ef7446ccc3644f9779235153d23db - Path: Assets/Scripts/Logistics/Container.cs - Importer: PreviewImporter' with importer (PreviewImporter)
Imported 'GUID: cf7ef7446ccc3644f9779235153d23db' -> (Import Result ID: '00000000000000000000000000000000') in 0.001 seconds
Import Error Code:(4)
Message: Build asset version error: assets/scripts/logistics/container.cs in SourceAssetDB has modification time of '2026-08-29T04:31:09.9799258Z' while content on disk has modification time of '2026-08-29T04:31:20.73Z'
  ERROR: Build asset version error: assets/scripts/logistics/container.cs in SourceAssetDB has modification time of '2026-08-29T04:31:09.9799258Z' while content on disk has modification time of '2026-08-29T04:31:20.73Z'
Number of updated asset objects reloaded before import = 0
Number of asset objects unloaded after import = 0
========================================================================
Received Import Request.
  Time of request: 2026-08-29T04:31:27.520256Z
  Time since last request: 0.0063164 seconds.
  importAddress: GUID: cf7ef7446ccc3644f9779235153d23db - Path: Assets/Scripts/Logistics/Container.cs - Importer: PreviewImporter
Importing 'GUID: cf7ef7446ccc3644f9779235153d23db - Path: Assets/Scripts/Logistics/Container.cs - Importer: PreviewImporter' with importer (PreviewImporter)
Imported 'GUID: cf7ef7446ccc3644f9779235153d23db' -> (Import Result ID: '00000000000000000000000000000000') in 0.000 seconds
Import Error Code:(4)
Message: Build asset version error: assets/scripts/logistics/container.cs in SourceAssetDB has modification time of '2026-08-29T04:31:09.9799258Z' while content on disk has modification time of '2026-08-29T04:31:20.73Z'
  ERROR: Build asset version error: assets/scripts/logistics/container.cs in SourceAssetDB has modification time of '2026-08-29T04:31:09.9799258Z' while content on disk has modification time of '2026-08-29T04:31:20.73Z'
Number of updated asset objects reloaded before import = 0
Number of asset objects unloaded after import = 0
========================================================================
Received Import Request.
  Time of request: 2026-08-29T04:31:27.5376967Z
  Time since last request: 0.0059497 seconds.
  importAddress: GUID: cf7ef7446ccc3644f9779235153d23db - Path: Assets/Scripts/Logistics/Container.cs - Importer: PreviewImporter
Importing 'GUID: cf7ef7446ccc3644f9779235153d23db - Path: Assets/Scripts/Logistics/Container.cs - Importer: PreviewImporter' with importer (PreviewImporter)
Imported 'GUID: cf7ef7446ccc3644f9779235153d23db' -> (Import Result ID: '00000000000000000000000000000000') in 0.001 seconds
Import Error Code:(4)
Message: Build asset version error: assets/scripts/logistics/container.cs in SourceAssetDB has modification time of '2026-08-29T04:31:09.9799258Z' while content on disk has modification time of '2026-08-29T04:31:20.73Z'
  ERROR: Build asset version error: assets/scripts/logistics/container.cs in SourceAssetDB has modification time of '2026-08-29T04:31:09.9799258Z' while content on disk has modification time of '2026-08-29T04:31:20.73Z'
Number of updated asset objects reloaded before import = 0
Number of asset objects unloaded after import = 0
========================================================================
Received Import Request.
  Time of request: 2026-08-29T04:31:27.5565519Z
  Time since last request: 0.0044969 seconds.
  importAddress: GUID: cf7ef7446ccc3644f9779235153d23db - Path: Assets/Scripts/Logistics/Container.cs - Importer: PreviewImporter
Importing 'GUID: cf7ef7446ccc3644f9779235153d23db - Path: Assets/Scripts/Logistics/Container.cs - Importer: PreviewImporter' with importer (PreviewImporter)
Imported 'GUID: cf7ef7446ccc3644f9779235153d23db' -> (Import Result ID: '00000000000000000000000000000000') in 0.000 seconds
Import Error Code:(4)
Message: Build asset version error: assets/scripts/logistics/container.cs in SourceAssetDB has modification time of '2026-08-29T04:31:09.9799258Z' while content on disk has modification time of '2026-08-29T04:31:20.73Z'
  ERROR: Build asset version error: assets/scripts/logistics/container.cs in SourceAssetDB has modification time of '2026-08-29T04:31:09.9799258Z' while content on disk has modification time of '2026-08-29T04:31:20.73Z'
Number of updated asset objects reloaded before import = 0
Number of asset objects unloaded after import = 0
========================================================================
Received Import Request.
  Time of request: 2026-08-29T04:31:27.5765865Z
  Time since last request: 0.0069479 seconds.
  importAddress: GUID: cf7ef7446ccc3644f9779235153d23db - Path: Assets/Scripts/Logistics/Container.cs - Importer: PreviewImporter
Importing 'GUID: cf7ef7446ccc3644f9779235153d23db - Path: Assets/Scripts/Logistics/Container.cs - Importer: PreviewImporter' with importer (PreviewImporter)
Imported 'GUID: cf7ef7446ccc3644f9779235153d23db' -> (Import Result ID: '00000000000000000000000000000000') in 0.001 seconds
Import Error Code:(4)
Message: Build asset version error: assets/scripts/logistics/container.cs in SourceAssetDB has modification time of '2026-08-29T04:31:09.9799258Z' while content on disk has modification time of '2026-08-29T04:31:20.73Z'
  ERROR: Build asset version error: assets/scripts/logistics/container.cs in SourceAssetDB has modification time of '2026-08-29T04:31:09.9799258Z' while content on disk has modification time of '2026-08-29T04:31:20.73Z'
Number of updated asset objects reloaded before import = 0
Number of asset objects unloaded after import = 0
========================================================================
Received Import Request.
  Time of request: 2026-08-29T04:31:27.596325Z
  Time since last request: 0.0048931 seconds.
  importAddress: GUID: cf7ef7446ccc3644f9779235153d23db - Path: Assets/Scripts/Logistics/Container.cs - Importer: PreviewImporter
Importing 'GUID: cf7ef7446ccc3644f9779235153d23db - Path: Assets/Scripts/Logistics/Container.cs - Importer: PreviewImporter' with importer (PreviewImporter)
Imported 'GUID: cf7ef7446ccc3644f9779235153d23db' -> (Import Result ID: '00000000000000000000000000000000') in 0.000 seconds
Import Error Code:(4)
Message: Build asset version error: assets/scripts/logistics/container.cs in SourceAssetDB has modification time of '2026-08-29T04:31:09.9799258Z' while content on disk has modification time of '2026-08-29T04:31:20.73Z'
  ERROR: Build asset version error: assets/scripts/logistics/container.cs in SourceAssetDB has modification time of '2026-08-29T04:31:09.9799258Z' while content on disk has modification time of '2026-08-29T04:31:20.73Z'
Number of updated asset objects reloaded before import = 0
Number of asset objects unloaded after import = 0
========================================================================
Received Import Request.
  Time of request: 2026-08-29T04:31:27.6159138Z
  Time since last request: 0.0063489 seconds.
  importAddress: GUID: cf7ef7446ccc3644f9779235153d23db - Path: Assets/Scripts/Logistics/Container.cs - Importer: PreviewImporter
Importing 'GUID: cf7ef7446ccc3644f9779235153d23db - Path: Assets/Scripts/Logistics/Container.cs - Importer: PreviewImporter' with importer (PreviewImporter)
Imported 'GUID: cf7ef7446ccc3644f9779235153d23db' -> (Import Result ID: '00000000000000000000000000000000') in 0.001 seconds
Import Error Code:(4)
Message: Build asset version error: assets/scripts/logistics/container.cs in SourceAssetDB has modification time of '2026-08-29T04:31:09.9799258Z' while content on disk has modification time of '2026-08-29T04:31:20.73Z'
  ERROR: Build asset version error: assets/scripts/logistics/container.cs in SourceAssetDB has modification time of '2026-08-29T04:31:09.9799258Z' while content on disk has modification time of '2026-08-29T04:31:20.73Z'
Number of updated asset objects reloaded before import = 0
Number of asset objects unloaded after import = 0
========================================================================
Received Import Request.
  Time of request: 2026-08-29T04:31:27.6366015Z
  Time since last request: 0.006155 seconds.
  importAddress: GUID: cf7ef7446ccc3644f9779235153d23db - Path: Assets/Scripts/Logistics/Container.cs - Importer: PreviewImporter
Importing 'GUID: cf7ef7446ccc3644f9779235153d23db - Path: Assets/Scripts/Logistics/Container.cs - Importer: PreviewImporter' with importer (PreviewImporter)
Imported 'GUID: cf7ef7446ccc3644f9779235153d23db' -> (Import Result ID: '00000000000000000000000000000000') in 0.001 seconds
Import Error Code:(4)
Message: Build asset version error: assets/scripts/logistics/container.cs in SourceAssetDB has modification time of '2026-08-29T04:31:09.9799258Z' while content on disk has modification time of '2026-08-29T04:31:20.73Z'
  ERROR: Build asset version error: assets/scripts/logistics/container.cs in SourceAssetDB has modification time of '2026-08-29T04:31:09.9799258Z' while content on disk has modification time of '2026-08-29T04:31:20.73Z'
Number of updated asset objects reloaded before import = 0
Number of asset objects unloaded after import = 0
========================================================================
Received Import Request.
  Time of request: 2026-08-29T04:31:27.657301Z
  Time since last request: 0.0064143 seconds.
  importAddress: GUID: cf7ef7446ccc3644f9779235153d23db - Path: Assets/Scripts/Logistics/Container.cs - Importer: PreviewImporter
Importing 'GUID: cf7ef7446ccc3644f9779235153d23db - Path: Assets/Scripts/Logistics/Container.cs - Importer: PreviewImporter' with importer (PreviewImporter)
Imported 'GUID: cf7ef7446ccc3644f9779235153d23db' -> (Import Result ID: '00000000000000000000000000000000') in 0.001 seconds
Import Error Code:(4)
Message: Build asset version error: assets/scripts/logistics/container.cs in SourceAssetDB has modification time of '2026-08-29T04:31:09.9799258Z' while content on disk has modification time of '2026-08-29T04:31:20.73Z'
  ERROR: Build asset version error: assets/scripts/logistics/container.cs in SourceAssetDB has modification time of '2026-08-29T04:31:09.9799258Z' while content on disk has modification time of '2026-08-29T04:31:20.73Z'
Number of updated asset objects reloaded before import = 0
Number of asset objects unloaded after import = 0
========================================================================
Received Import Request.
  Time of request: 2026-08-29T04:31:27.6770297Z
  Time since last request: 0.0059594 seconds.
  importAddress: GUID: cf7ef7446ccc3644f9779235153d23db - Path: Assets/Scripts/Logistics/Container.cs - Importer: PreviewImporter
Importing 'GUID: cf7ef7446ccc3644f9779235153d23db - Path: Assets/Scripts/Logistics/Container.cs - Importer: PreviewImporter' with importer (PreviewImporter)
Imported 'GUID: cf7ef7446ccc3644f9779235153d23db' -> (Import Result ID: '00000000000000000000000000000000') in 0.000 seconds
Import Error Code:(4)
Message: Build asset version error: assets/scripts/logistics/container.cs in SourceAssetDB has modification time of '2026-08-29T04:31:09.9799258Z' while content on disk has modification time of '2026-08-29T04:31:20.73Z'
  ERROR: Build asset version error: assets/scripts/logistics/container.cs in SourceAssetDB has modification time of '2026-08-29T04:31:09.9799258Z' while content on disk has modification time of '2026-08-29T04:31:20.73Z'
Number of updated asset objects reloaded before import = 0
Number of asset objects unloaded after import = 0
========================================================================
Received Import Request.
  Time of request: 2026-08-29T04:31:27.6958833Z
  Time since last request: 0.0060105 seconds.
  importAddress: GUID: cf7ef7446ccc3644f9779235153d23db - Path: Assets/Scripts/Logistics/Container.cs - Importer: PreviewImporter
Importing 'GUID: cf7ef7446ccc3644f9779235153d23db - Path: Assets/Scripts/Logistics/Container.cs - Importer: PreviewImporter' with importer (PreviewImporter)
Imported 'GUID: cf7ef7446ccc3644f9779235153d23db' -> (Import Result ID: '00000000000000000000000000000000') in 0.001 seconds
Import Error Code:(4)
Message: Build asset version error: assets/scripts/logistics/container.cs in SourceAssetDB has modification time of '2026-08-29T04:31:09.9799258Z' while content on disk has modification time of '2026-08-29T04:31:20.73Z'
  ERROR: Build asset version error: assets/scripts/logistics/container.cs in SourceAssetDB has modification time of '2026-08-29T04:31:09.9799258Z' while content on disk has modification time of '2026-08-29T04:31:20.73Z'
Number of updated asset objects reloaded before import = 0
Number of asset objects unloaded after import = 0
========================================================================
Received Import Request.
  Time of request: 2026-08-29T04:31:27.7144758Z
  Time since last request: 0.0038827 seconds.
  importAddress: GUID: cf7ef7446ccc3644f9779235153d23db - Path: Assets/Scripts/Logistics/Container.cs - Importer: PreviewImporter
Importing 'GUID: cf7ef7446ccc3644f9779235153d23db - Path: Assets/Scripts/Logistics/Container.cs - Importer: PreviewImporter' with importer (PreviewImporter)
Imported 'GUID: cf7ef7446ccc3644f9779235153d23db' -> (Import Result ID: '00000000000000000000000000000000') in 0.001 seconds
Import Error Code:(4)
Message: Build asset version error: assets/scripts/logistics/container.cs in SourceAssetDB has modification time of '2026-08-29T04:31:09.9799258Z' while content on disk has modification time of '2026-08-29T04:31:20.73Z'
  ERROR: Build asset version error: assets/scripts/logistics/container.cs in SourceAssetDB has modification time of '2026-08-29T04:31:09.9799258Z' while content on disk has modification time of '2026-08-29T04:31:20.73Z'
Number of updated asset objects reloaded before import = 0
Number of asset objects unloaded after import = 0
========================================================================
Received Import Request.
  Time of request: 2026-08-29T04:31:27.7332016Z
  Time since last request: 0.0050971 seconds.
  importAddress: GUID: cf7ef7446ccc3644f9779235153d23db - Path: Assets/Scripts/Logistics/Container.cs - Importer: PreviewImporter
Importing 'GUID: cf7ef7446ccc3644f9779235153d23db - Path: Assets/Scripts/Logistics/Container.cs - Importer: PreviewImporter' with importer (PreviewImporter)
Imported 'GUID: cf7ef7446ccc3644f9779235153d23db' -> (Import Result ID: '00000000000000000000000000000000') in 0.001 seconds
Import Error Code:(4)
Message: Build asset version error: assets/scripts/logistics/container.cs in SourceAssetDB has modification time of '2026-08-29T04:31:09.9799258Z' while content on disk has modification time of '2026-08-29T04:31:20.73Z'
  ERROR: Build asset version error: assets/scripts/logistics/container.cs in SourceAssetDB has modification time of '2026-08-29T04:31:09.9799258Z' while content on disk has modification time of '2026-08-29T04:31:20.73Z'
Number of updated asset objects reloaded before import = 0
Number of asset objects unloaded after import = 0
========================================================================
Received Import Request.
  Time of request: 2026-08-29T04:31:27.7508923Z
  Time since last request: 0.0038202 seconds.
  importAddress: GUID: cf7ef7446ccc3644f9779235153d23db - Path: Assets/Scripts/Logistics/Container.cs - Importer: PreviewImporter
Importing 'GUID: cf7ef7446ccc3644f9779235153d23db - Path: Assets/Scripts/Logistics/Container.cs - Importer: PreviewImporter' with importer (PreviewImporter)
Imported 'GUID: cf7ef7446ccc3644f9779235153d23db' -> (Import Result ID: '00000000000000000000000000000000') in 0.001 seconds
Import Error Code:(4)
Message: Build asset version error: assets/scripts/logistics/container.cs in SourceAssetDB has modification time of '2026-08-29T04:31:09.9799258Z' while content on disk has modification time of '2026-08-29T04:31:20.73Z'
  ERROR: Build asset version error: assets/scripts/logistics/container.cs in SourceAssetDB has modification time of '2026-08-29T04:31:09.9799258Z' while content on disk has modification time of '2026-08-29T04:31:20.73Z'
Number of updated asset objects reloaded before import = 0
Number of asset objects unloaded after import = 0
========================================================================
Received Import Request.
  Time of request: 2026-08-29T04:31:27.7699706Z
  Time since last request: 0.0049214 seconds.
  importAddress: GUID: cf7ef7446ccc3644f9779235153d23db - Path: Assets/Scripts/Logistics/Container.cs - Importer: PreviewImporter
Importing 'GUID: cf7ef7446ccc3644f9779235153d23db - Path: Assets/Scripts/Logistics/Container.cs - Importer: PreviewImporter' with importer (PreviewImporter)
Imported 'GUID: cf7ef7446ccc3644f9779235153d23db' -> (Import Result ID: '00000000000000000000000000000000') in 0.000 seconds
Import Error Code:(4)
Message: Build asset version error: assets/scripts/logistics/container.cs in SourceAssetDB has modification time of '2026-08-29T04:31:09.9799258Z' while content on disk has modification time of '2026-08-29T04:31:20.73Z'
  ERROR: Build asset version error: assets/scripts/logistics/container.cs in SourceAssetDB has modification time of '2026-08-29T04:31:09.9799258Z' while content on disk has modification time of '2026-08-29T04:31:20.73Z'
Number of updated asset objects reloaded before import = 0
Number of asset objects unloaded after import = 0
========================================================================
Received Import Request.
  Time of request: 2026-08-29T04:31:27.788059Z
  Time since last request: 0.0053466 seconds.
  importAddress: GUID: cf7ef7446ccc3644f9779235153d23db - Path: Assets/Scripts/Logistics/Container.cs - Importer: PreviewImporter
Importing 'GUID: cf7ef7446ccc3644f9779235153d23db - Path: Assets/Scripts/Logistics/Container.cs - Importer: PreviewImporter' with importer (PreviewImporter)
Imported 'GUID: cf7ef7446ccc3644f9779235153d23db' -> (Import Result ID: '00000000000000000000000000000000') in 0.001 seconds
Import Error Code:(4)
Message: Build asset version error: assets/scripts/logistics/container.cs in SourceAssetDB has modification time of '2026-08-29T04:31:09.9799258Z' while content on disk has modification time of '2026-08-29T04:31:20.73Z'
  ERROR: Build asset version error: assets/scripts/logistics/container.cs in SourceAssetDB has modification time of '2026-08-29T04:31:09.9799258Z' while content on disk has modification time of '2026-08-29T04:31:20.73Z'
Number of updated asset objects reloaded before import = 0
Number of asset objects unloaded after import = 0
========================================================================
Received Import Request.
  Time of request: 2026-08-29T04:31:27.8082789Z
  Time since last request: 0.0066462 seconds.
  importAddress: GUID: cf7ef7446ccc3644f9779235153d23db - Path: Assets/Scripts/Logistics/Container.cs - Importer: PreviewImporter
Importing 'GUID: cf7ef7446ccc3644f9779235153d23db - Path: Assets/Scripts/Logistics/Container.cs - Importer: PreviewImporter' with importer (PreviewImporter)
Imported 'GUID: cf7ef7446ccc3644f9779235153d23db' -> (Import Result ID: '00000000000000000000000000000000') in 0.000 seconds
Import Error Code:(4)
Message: Build asset version error: assets/scripts/logistics/container.cs in SourceAssetDB has modification time of '2026-08-29T04:31:09.9799258Z' while content on disk has modification time of '2026-08-29T04:31:20.73Z'
  ERROR: Build asset version error: assets/scripts/logistics/container.cs in SourceAssetDB has modification time of '2026-08-29T04:31:09.9799258Z' while content on disk has modification time of '2026-08-29T04:31:20.73Z'
Number of updated asset objects reloaded before import = 0
Number of asset objects unloaded after import = 0
========================================================================
Received Import Request.
  Time of request: 2026-08-29T04:31:27.8255523Z
  Time since last request: 0.0048917 seconds.
  importAddress: GUID: cf7ef7446ccc3644f9779235153d23db - Path: Assets/Scripts/Logistics/Container.cs - Importer: PreviewImporter
Importing 'GUID: cf7ef7446ccc3644f9779235153d23db - Path: Assets/Scripts/Logistics/Container.cs - Importer: PreviewImporter' with importer (PreviewImporter)
Imported 'GUID: cf7ef7446ccc3644f9779235153d23db' -> (Import Result ID: '00000000000000000000000000000000') in 0.001 seconds
Import Error Code:(4)
Message: Build asset version error: assets/scripts/logistics/container.cs in SourceAssetDB has modification time of '2026-08-29T04:31:09.9799258Z' while content on disk has modification time of '2026-08-29T04:31:20.73Z'
  ERROR: Build asset version error: assets/scripts/logistics/container.cs in SourceAssetDB has modification time of '2026-08-29T04:31:09.9799258Z' while content on disk has modification time of '2026-08-29T04:31:20.73Z'
Number of updated asset objects reloaded before import = 0
Number of asset objects unloaded after import = 0
========================================================================
Received Import Request.
  Time of request: 2026-08-29T04:31:27.8445291Z
  Time since last request: 0.0044265 seconds.
  importAddress: GUID: cf7ef7446ccc3644f9779235153d23db - Path: Assets/Scripts/Logistics/Container.cs - Importer: PreviewImporter
Importing 'GUID: cf7ef7446ccc3644f9779235153d23db - Path: Assets/Scripts/Logistics/Container.cs - Importer: PreviewImporter' with importer (PreviewImporter)
Imported 'GUID: cf7ef7446ccc3644f9779235153d23db' -> (Import Result ID: '00000000000000000000000000000000') in 0.001 seconds
Import Error Code:(4)
Message: Build asset version error: assets/scripts/logistics/container.cs in SourceAssetDB has modification time of '2026-08-29T04:31:09.9799258Z' while content on disk has modification time of '2026-08-29T04:31:20.73Z'
  ERROR: Build asset version error: assets/scripts/logistics/container.cs in SourceAssetDB has modification time of '2026-08-29T04:31:09.9799258Z' while content on disk has modification time of '2026-08-29T04:31:20.73Z'
Number of updated asset objects reloaded before import = 0
Number of asset objects unloaded after import = 0
========================================================================
Received Import Request.
  Time of request: 2026-08-29T04:31:27.8614183Z
  Time since last request: 0.0047799 seconds.
  importAddress: GUID: cf7ef7446ccc3644f9779235153d23db - Path: Assets/Scripts/Logistics/Container.cs - Importer: PreviewImporter
Importing 'GUID: cf7ef7446ccc3644f9779235153d23db - Path: Assets/Scripts/Logistics/Container.cs - Importer: PreviewImporter' with importer (PreviewImporter)
Imported 'GUID: cf7ef7446ccc3644f9779235153d23db' -> (Import Result ID: '00000000000000000000000000000000') in 0.001 seconds
Import Error Code:(4)
Message: Build asset version error: assets/scripts/logistics/container.cs in SourceAssetDB has modification time of '2026-08-29T04:31:09.9799258Z' while content on disk has modification time of '2026-08-29T04:31:20.73Z'
  ERROR: Build asset version error: assets/scripts/logistics/container.cs in SourceAssetDB has modification time of '2026-08-29T04:31:09.9799258Z' while content on disk has modification time of '2026-08-29T04:31:20.73Z'
Number of updated asset objects reloaded before import = 0
Number of asset objects unloaded after import = 0
========================================================================
Received Import Request.
  Time of request: 2026-08-29T04:31:27.8794179Z
  Time since last request: 0.0046553 seconds.
  importAddress: GUID: cf7ef7446ccc3644f9779235153d23db - Path: Assets/Scripts/Logistics/Container.cs - Importer: PreviewImporter
Importing 'GUID: cf7ef7446ccc3644f9779235153d23db - Path: Assets/Scripts/Logistics/Container.cs - Importer: PreviewImporter' with importer (PreviewImporter)
Imported 'GUID: cf7ef7446ccc3644f9779235153d23db' -> (Import Result ID: '00000000000000000000000000000000') in 0.001 seconds
Import Error Code:(4)
Message: Build asset version error: assets/scripts/logistics/container.cs in SourceAssetDB has modification time of '2026-08-29T04:31:09.9799258Z' while content on disk has modification time of '2026-08-29T04:31:20.73Z'
  ERROR: Build asset version error: assets/scripts/logistics/container.cs in SourceAssetDB has modification time of '2026-08-29T04:31:09.9799258Z' while content on disk has modification time of '2026-08-29T04:31:20.73Z'
Number of updated asset objects reloaded before import = 0
Number of asset objects unloaded after import = 0
========================================================================
Received Import Request.
  Time of request: 2026-08-29T04:31:27.8966373Z
  Time since last request: 0.0027346 seconds.
  importAddress: GUID: cf7ef7446ccc3644f9779235153d23db - Path: Assets/Scripts/Logistics/Container.cs - Importer: PreviewImporter
Importing 'GUID: cf7ef7446ccc3644f9779235153d23db - Path: Assets/Scripts/Logistics/Container.cs - Importer: PreviewImporter' with importer (PreviewImporter)
Imported 'GUID: cf7ef7446ccc3644f9779235153d23db' -> (Import Result ID: '00000000000000000000000000000000') in 0.001 seconds
Import Error Code:(4)
Message: Build asset version error: assets/scripts/logistics/container.cs in SourceAssetDB has modification time of '2026-08-29T04:31:09.9799258Z' while content on disk has modification time of '2026-08-29T04:31:20.73Z'
  ERROR: Build asset version error: assets/scripts/logistics/container.cs in SourceAssetDB has modification time of '2026-08-29T04:31:09.9799258Z' while content on disk has modification time of '2026-08-29T04:31:20.73Z'
Number of updated asset objects reloaded before import = 0
Number of asset objects unloaded after import = 0
========================================================================
Received Import Request.
  Time of request: 2026-08-29T04:31:27.9196888Z
  Time since last request: 0.0098545 seconds.
  importAddress: GUID: cf7ef7446ccc3644f9779235153d23db - Path: Assets/Scripts/Logistics/Container.cs - Importer: PreviewImporter
Importing 'GUID: cf7ef7446ccc3644f9779235153d23db - Path: Assets/Scripts/Logistics/Container.cs - Importer: PreviewImporter' with importer (PreviewImporter)
Imported 'GUID: cf7ef7446ccc3644f9779235153d23db' -> (Import Result ID: '00000000000000000000000000000000') in 0.001 seconds
Import Error Code:(4)
Message: Build asset version error: assets/scripts/logistics/container.cs in SourceAssetDB has modification time of '2026-08-29T04:31:09.9799258Z' while content on disk has modification time of '2026-08-29T04:31:20.73Z'
  ERROR: Build asset version error: assets/scripts/logistics/container.cs in SourceAssetDB has modification time of '2026-08-29T04:31:09.9799258Z' while content on disk has modification time of '2026-08-29T04:31:20.73Z'
Number of updated asset objects reloaded before import = 0
Number of asset objects unloaded after import = 0
========================================================================
Received Import Request.
  Time of request: 2026-08-29T04:31:27.9391821Z
  Time since last request: 0.0066497 seconds.
  importAddress: GUID: cf7ef7446ccc3644f9779235153d23db - Path: Assets/Scripts/Logistics/Container.cs - Importer: PreviewImporter
Importing 'GUID: cf7ef7446ccc3644f9779235153d23db - Path: Assets/Scripts/Logistics/Container.cs - Importer: PreviewImporter' with importer (PreviewImporter)
Imported 'GUID: cf7ef7446ccc3644f9779235153d23db' -> (Import Result ID: '00000000000000000000000000000000') in 0.001 seconds
Import Error Code:(4)
Message: Build asset version error: assets/scripts/logistics/container.cs in SourceAssetDB has modification time of '2026-08-29T04:31:09.9799258Z' while content on disk has modification time of '2026-08-29T04:31:20.73Z'
  ERROR: Build asset version error: assets/scripts/logistics/container.cs in SourceAssetDB has modification time of '2026-08-29T04:31:09.9799258Z' while content on disk has modification time of '2026-08-29T04:31:20.73Z'
Number of updated asset objects reloaded before import = 0
Number of asset objects unloaded after import = 0
========================================================================
Received Import Request.
  Time of request: 2026-08-29T04:31:27.9586649Z
  Time since last request: 0.0062268 seconds.
  importAddress: GUID: cf7ef7446ccc3644f9779235153d23db - Path: Assets/Scripts/Logistics/Container.cs - Importer: PreviewImporter
Importing 'GUID: cf7ef7446ccc3644f9779235153d23db - Path: Assets/Scripts/Logistics/Container.cs - Importer: PreviewImporter' with importer (PreviewImporter)
Imported 'GUID: cf7ef7446ccc3644f9779235153d23db' -> (Import Result ID: '00000000000000000000000000000000') in 0.001 seconds
Import Error Code:(4)
Message: Build asset version error: assets/scripts/logistics/container.cs in SourceAssetDB has modification time of '2026-08-29T04:31:09.9799258Z' while content on disk has modification time of '2026-08-29T04:31:20.73Z'
  ERROR: Build asset version error: assets/scripts/logistics/container.cs in SourceAssetDB has modification time of '2026-08-29T04:31:09.9799258Z' while content on disk has modification time of '2026-08-29T04:31:20.73Z'
Number of updated asset objects reloaded before import = 0
Number of asset objects unloaded after import = 0
========================================================================
Received Import Request.
  Time of request: 2026-08-29T04:31:27.9761414Z
  Time since last request: 0.0035614 seconds.
  importAddress: GUID: cf7ef7446ccc3644f9779235153d23db - Path: Assets/Scripts/Logistics/Container.cs - Importer: PreviewImporter
Importing 'GUID: cf7ef7446ccc3644f9779235153d23db - Path: Assets/Scripts/Logistics/Container.cs - Importer: PreviewImporter' with importer (PreviewImporter)
Imported 'GUID: cf7ef7446ccc3644f9779235153d23db' -> (Import Result ID: '00000000000000000000000000000000') in 0.001 seconds
Import Error Code:(4)
Message: Build asset version error: assets/scripts/logistics/container.cs in SourceAssetDB has modification time of '2026-08-29T04:31:09.9799258Z' while content on disk has modification time of '2026-08-29T04:31:20.73Z'
  ERROR: Build asset version error: assets/scripts/logistics/container.cs in SourceAssetDB has modification time of '2026-08-29T04:31:09.9799258Z' while content on disk has modification time of '2026-08-29T04:31:20.73Z'
Number of updated asset objects reloaded before import = 0
Number of asset objects unloaded after import = 0
========================================================================
Received Import Request.
  Time of request: 2026-08-29T04:31:27.9935532Z
  Time since last request: 0.004051 seconds.
  importAddress: GUID: cf7ef7446ccc3644f9779235153d23db - Path: Assets/Scripts/Logistics/Container.cs - Importer: PreviewImporter
Importing 'GUID: cf7ef7446ccc3644f9779235153d23db - Path: Assets/Scripts/Logistics/Container.cs - Importer: PreviewImporter' with importer (PreviewImporter)
Imported 'GUID: cf7ef7446ccc3644f9779235153d23db' -> (Import Result ID: '00000000000000000000000000000000') in 0.001 seconds
Import Error Code:(4)
Message: Build asset version error: assets/scripts/logistics/container.cs in SourceAssetDB has modification time of '2026-08-29T04:31:09.9799258Z' while content on disk has modification time of '2026-08-29T04:31:20.73Z'
  ERROR: Build asset version error: assets/scripts/logistics/container.cs in SourceAssetDB has modification time of '2026-08-29T04:31:09.9799258Z' while content on disk has modification time of '2026-08-29T04:31:20.73Z'
Number of updated asset objects reloaded before import = 0
Number of asset objects unloaded after import = 0
========================================================================
Received Import Request.
  Time of request: 2026-08-29T04:31:28.0136825Z
  Time since last request: 0.0071276 seconds.
  importAddress: GUID: cf7ef7446ccc3644f9779235153d23db - Path: Assets/Scripts/Logistics/Container.cs - Importer: PreviewImporter
Importing 'GUID: cf7ef7446ccc3644f9779235153d23db - Path: Assets/Scripts/Logistics/Container.cs - Importer: PreviewImporter' with importer (PreviewImporter)
Imported 'GUID: cf7ef7446ccc3644f9779235153d23db' -> (Import Result ID: '00000000000000000000000000000000') in 0.000 seconds
Import Error Code:(4)
Message: Build asset version error: assets/scripts/logistics/container.cs in SourceAssetDB has modification time of '2026-08-29T04:31:09.9799258Z' while content on disk has modification time of '2026-08-29T04:31:20.73Z'
  ERROR: Build asset version error: assets/scripts/logistics/container.cs in SourceAssetDB has modification time of '2026-08-29T04:31:09.9799258Z' while content on disk has modification time of '2026-08-29T04:31:20.73Z'
Number of updated asset objects reloaded before import = 0
Number of asset objects unloaded after import = 0
========================================================================
Received Import Request.
  Time of request: 2026-08-29T04:31:28.0333255Z
  Time since last request: 0.0062472 seconds.
  importAddress: GUID: cf7ef7446ccc3644f9779235153d23db - Path: Assets/Scripts/Logistics/Container.cs - Importer: PreviewImporter
Importing 'GUID: cf7ef7446ccc3644f9779235153d23db - Path: Assets/Scripts/Logistics/Container.cs - Importer: PreviewImporter' with importer (PreviewImporter)
Imported 'GUID: cf7ef7446ccc3644f9779235153d23db' -> (Import Result ID: '00000000000000000000000000000000') in 0.001 seconds
Import Error Code:(4)
Message: Build asset version error: assets/scripts/logistics/container.cs in SourceAssetDB has modification time of '2026-08-29T04:31:09.9799258Z' while content on disk has modification time of '2026-08-29T04:31:20.73Z'
  ERROR: Build asset version error: assets/scripts/logistics/container.cs in SourceAssetDB has modification time of '2026-08-29T04:31:09.9799258Z' while content on disk has modification time of '2026-08-29T04:31:20.73Z'
Number of updated asset objects reloaded before import = 0
Number of asset objects unloaded after import = 0
========================================================================
Received Import Request.
  Time of request: 2026-08-29T04:31:28.0538742Z
  Time since last request: 0.0062746 seconds.
  importAddress: GUID: cf7ef7446ccc3644f9779235153d23db - Path: Assets/Scripts/Logistics/Container.cs - Importer: PreviewImporter
Importing 'GUID: cf7ef7446ccc3644f9779235153d23db - Path: Assets/Scripts/Logistics/Container.cs - Importer: PreviewImporter' with importer (PreviewImporter)
Imported 'GUID: cf7ef7446ccc3644f9779235153d23db' -> (Import Result ID: '00000000000000000000000000000000') in 0.001 seconds
Import Error Code:(4)
Message: Build asset version error: assets/scripts/logistics/container.cs in SourceAssetDB has modification time of '2026-08-29T04:31:09.9799258Z' while content on disk has modification time of '2026-08-29T04:31:20.73Z'
  ERROR: Build asset version error: assets/scripts/logistics/container.cs in SourceAssetDB has modification time of '2026-08-29T04:31:09.9799258Z' while content on disk has modification time of '2026-08-29T04:31:20.73Z'
Number of updated asset objects reloaded before import = 0
Number of asset objects unloaded after import = 0
========================================================================
Received Import Request.
  Time of request: 2026-08-29T04:31:28.0703198Z
  Time since last request: 0.0018054 seconds.
  importAddress: GUID: cf7ef7446ccc3644f9779235153d23db - Path: Assets/Scripts/Logistics/Container.cs - Importer: PreviewImporter
Importing 'GUID: cf7ef7446ccc3644f9779235153d23db - Path: Assets/Scripts/Logistics/Container.cs - Importer: PreviewImporter' with importer (PreviewImporter)
Imported 'GUID: cf7ef7446ccc3644f9779235153d23db' -> (Import Result ID: '00000000000000000000000000000000') in 0.001 seconds
Import Error Code:(4)
Message: Build asset version error: assets/scripts/logistics/container.cs in SourceAssetDB has modification time of '2026-08-29T04:31:09.9799258Z' while content on disk has modification time of '2026-08-29T04:31:20.73Z'
  ERROR: Build asset version error: assets/scripts/logistics/container.cs in SourceAssetDB has modification time of '2026-08-29T04:31:09.9799258Z' while content on disk has modification time of '2026-08-29T04:31:20.73Z'
Number of updated asset objects reloaded before import = 0
Number of asset objects unloaded after import = 0
========================================================================
Received Import Request.
  Time of request: 2026-08-29T04:31:28.0920146Z
  Time since last request: 0.0079768 seconds.
  importAddress: GUID: cf7ef7446ccc3644f9779235153d23db - Path: Assets/Scripts/Logistics/Container.cs - Importer: PreviewImporter
Importing 'GUID: cf7ef7446ccc3644f9779235153d23db - Path: Assets/Scripts/Logistics/Container.cs - Importer: PreviewImporter' with importer (PreviewImporter)
Imported 'GUID: cf7ef7446ccc3644f9779235153d23db' -> (Import Result ID: '00000000000000000000000000000000') in 0.001 seconds
Import Error Code:(4)
Message: Build asset version error: assets/scripts/logistics/container.cs in SourceAssetDB has modification time of '2026-08-29T04:31:09.9799258Z' while content on disk has modification time of '2026-08-29T04:31:20.73Z'
  ERROR: Build asset version error: assets/scripts/logistics/container.cs in SourceAssetDB has modification time of '2026-08-29T04:31:09.9799258Z' while content on disk has modification time of '2026-08-29T04:31:20.73Z'
Number of updated asset objects reloaded before import = 0
Number of asset objects unloaded after import = 0
========================================================================
Received Import Request.
  Time of request: 2026-08-29T04:31:28.1095318Z
  Time since last request: 0.0029016 seconds.
  importAddress: GUID: cf7ef7446ccc3644f9779235153d23db - Path: Assets/Scripts/Logistics/Container.cs - Importer: PreviewImporter
Importing 'GUID: cf7ef7446ccc3644f9779235153d23db - Path: Assets/Scripts/Logistics/Container.cs - Importer: PreviewImporter' with importer (PreviewImporter)
Imported 'GUID: cf7ef7446ccc3644f9779235153d23db' -> (Import Result ID: '00000000000000000000000000000000') in 0.001 seconds
Import Error Code:(4)
Message: Build asset version error: assets/scripts/logistics/container.cs in SourceAssetDB has modification time of '2026-08-29T04:31:09.9799258Z' while content on disk has modification time of '2026-08-29T04:31:20.73Z'
  ERROR: Build asset version error: assets/scripts/logistics/container.cs in SourceAssetDB has modification time of '2026-08-29T04:31:09.9799258Z' while content on disk has modification time of '2026-08-29T04:31:20.73Z'
Number of updated asset objects reloaded before import = 0
Number of asset objects unloaded after import = 0
========================================================================
Received Import Request.
  Time of request: 2026-08-29T04:31:28.1309853Z
  Time since last request: 0.0083902 seconds.
  importAddress: GUID: cf7ef7446ccc3644f9779235153d23db - Path: Assets/Scripts/Logistics/Container.cs - Importer: PreviewImporter
Importing 'GUID: cf7ef7446ccc3644f9779235153d23db - Path: Assets/Scripts/Logistics/Container.cs - Importer: PreviewImporter' with importer (PreviewImporter)
Imported 'GUID: cf7ef7446ccc3644f9779235153d23db' -> (Import Result ID: '00000000000000000000000000000000') in 0.000 seconds
Import Error Code:(4)
Message: Build asset version error: assets/scripts/logistics/container.cs in SourceAssetDB has modification time of '2026-08-29T04:31:09.9799258Z' while content on disk has modification time of '2026-08-29T04:31:20.73Z'
  ERROR: Build asset version error: assets/scripts/logistics/container.cs in SourceAssetDB has modification time of '2026-08-29T04:31:09.9799258Z' while content on disk has modification time of '2026-08-29T04:31:20.73Z'
Number of updated asset objects reloaded before import = 0
Number of asset objects unloaded after import = 0
========================================================================
Received Import Request.
  Time of request: 2026-08-29T04:31:28.1460613Z
  Time since last request: 0.0014009 seconds.
  importAddress: GUID: cf7ef7446ccc3644f9779235153d23db - Path: Assets/Scripts/Logistics/Container.cs - Importer: PreviewImporter
Importing 'GUID: cf7ef7446ccc3644f9779235153d23db - Path: Assets/Scripts/Logistics/Container.cs - Importer: PreviewImporter' with importer (PreviewImporter)
Imported 'GUID: cf7ef7446ccc3644f9779235153d23db' -> (Import Result ID: '00000000000000000000000000000000') in 0.001 seconds
Import Error Code:(4)
Message: Build asset version error: assets/scripts/logistics/container.cs in SourceAssetDB has modification time of '2026-08-29T04:31:09.9799258Z' while content on disk has modification time of '2026-08-29T04:31:20.73Z'
  ERROR: Build asset version error: assets/scripts/logistics/container.cs in SourceAssetDB has modification time of '2026-08-29T04:31:09.9799258Z' while content on disk has modification time of '2026-08-29T04:31:20.73Z'
Number of updated asset objects reloaded before import = 0
Number of asset objects unloaded after import = 0
========================================================================
Received Import Request.
  Time of request: 2026-08-29T04:31:28.1686811Z
  Time since last request: 0.0103394 seconds.
  importAddress: GUID: cf7ef7446ccc3644f9779235153d23db - Path: Assets/Scripts/Logistics/Container.cs - Importer: PreviewImporter
Importing 'GUID: cf7ef7446ccc3644f9779235153d23db - Path: Assets/Scripts/Logistics/Container.cs - Importer: PreviewImporter' with importer (PreviewImporter)
Imported 'GUID: cf7ef7446ccc3644f9779235153d23db' -> (Import Result ID: '00000000000000000000000000000000') in 0.001 seconds
Import Error Code:(4)
Message: Build asset version error: assets/scripts/logistics/container.cs in SourceAssetDB has modification time of '2026-08-29T04:31:09.9799258Z' while content on disk has modification time of '2026-08-29T04:31:20.73Z'
  ERROR: Build asset version error: assets/scripts/logistics/container.cs in SourceAssetDB has modification time of '2026-08-29T04:31:09.9799258Z' while content on disk has modification time of '2026-08-29T04:31:20.73Z'
Number of updated asset objects reloaded before import = 0
Number of asset objects unloaded after import = 0
========================================================================
Received Import Request.
  Time of request: 2026-08-29T04:31:28.1864987Z
  Time since last request: 0.0038272 seconds.
  importAddress: GUID: cf7ef7446ccc3644f9779235153d23db - Path: Assets/Scripts/Logistics/Container.cs - Importer: PreviewImporter
Importing 'GUID: cf7ef7446ccc3644f9779235153d23db - Path: Assets/Scripts/Logistics/Container.cs - Importer: PreviewImporter' with importer (PreviewImporter)
Imported 'GUID: cf7ef7446ccc3644f9779235153d23db' -> (Import Result ID: '00000000000000000000000000000000') in 0.001 seconds
Import Error Code:(4)
Message: Build asset version error: assets/scripts/logistics/container.cs in SourceAssetDB has modification time of '2026-08-29T04:31:09.9799258Z' while content on disk has modification time of '2026-08-29T04:31:20.73Z'
  ERROR: Build asset version error: assets/scripts/logistics/container.cs in SourceAssetDB has modification time of '2026-08-29T04:31:09.9799258Z' while content on disk has modification time of '2026-08-29T04:31:20.73Z'
Number of updated asset objects reloaded before import = 0
Number of asset objects unloaded after import = 0
========================================================================
Received Import Request.
  Time of request: 2026-08-29T04:31:28.2048024Z
  Time since last request: 0.0041072 seconds.
  importAddress: GUID: cf7ef7446ccc3644f9779235153d23db - Path: Assets/Scripts/Logistics/Container.cs - Importer: PreviewImporter
Importing 'GUID: cf7ef7446ccc3644f9779235153d23db - Path: Assets/Scripts/Logistics/Container.cs - Importer: PreviewImporter' with importer (PreviewImporter)
Imported 'GUID: cf7ef7446ccc3644f9779235153d23db' -> (Import Result ID: '00000000000000000000000000000000') in 0.001 seconds
Import Error Code:(4)
Message: Build asset version error: assets/scripts/logistics/container.cs in SourceAssetDB has modification time of '2026-08-29T04:31:09.9799258Z' while content on disk has modification time of '2026-08-29T04:31:20.73Z'
  ERROR: Build asset version error: assets/scripts/logistics/container.cs in SourceAssetDB has modification time of '2026-08-29T04:31:09.9799258Z' while content on disk has modification time of '2026-08-29T04:31:20.73Z'
Number of updated asset objects reloaded before import = 0
Number of asset objects unloaded after import = 0
========================================================================
Received Import Request.
  Time of request: 2026-08-29T04:31:28.2224153Z
  Time since last request: 0.0035619 seconds.
  importAddress: GUID: cf7ef7446ccc3644f9779235153d23db - Path: Assets/Scripts/Logistics/Container.cs - Importer: PreviewImporter
Importing 'GUID: cf7ef7446ccc3644f9779235153d23db - Path: Assets/Scripts/Logistics/Container.cs - Importer: PreviewImporter' with importer (PreviewImporter)
Imported 'GUID: cf7ef7446ccc3644f9779235153d23db' -> (Import Result ID: '00000000000000000000000000000000') in 0.001 seconds
Import Error Code:(4)
Message: Build asset version error: assets/scripts/logistics/container.cs in SourceAssetDB has modification time of '2026-08-29T04:31:09.9799258Z' while content on disk has modification time of '2026-08-29T04:31:20.73Z'
  ERROR: Build asset version error: assets/scripts/logistics/container.cs in SourceAssetDB has modification time of '2026-08-29T04:31:09.9799258Z' while content on disk has modification time of '2026-08-29T04:31:20.73Z'
Number of updated asset objects reloaded before import = 0
Number of asset objects unloaded after import = 0
========================================================================
Received Import Request.
  Time of request: 2026-08-29T04:31:28.2405695Z
  Time since last request: 0.0042657 seconds.
  importAddress: GUID: cf7ef7446ccc3644f9779235153d23db - Path: Assets/Scripts/Logistics/Container.cs - Importer: PreviewImporter
Importing 'GUID: cf7ef7446ccc3644f9779235153d23db - Path: Assets/Scripts/Logistics/Container.cs - Importer: PreviewImporter' with importer (PreviewImporter)
Imported 'GUID: cf7ef7446ccc3644f9779235153d23db' -> (Import Result ID: '00000000000000000000000000000000') in 0.001 seconds
Import Error Code:(4)
Message: Build asset version error: assets/scripts/logistics/container.cs in SourceAssetDB has modification time of '2026-08-29T04:31:09.9799258Z' while content on disk has modification time of '2026-08-29T04:31:20.73Z'
  ERROR: Build asset version error: assets/scripts/logistics/container.cs in SourceAssetDB has modification time of '2026-08-29T04:31:09.9799258Z' while content on disk has modification time of '2026-08-29T04:31:20.73Z'
Number of updated asset objects reloaded before import = 0
Number of asset objects unloaded after import = 0
========================================================================
Received Import Request.
  Time of request: 2026-08-29T04:31:28.2580867Z
  Time since last request: 0.0036096 seconds.
  importAddress: GUID: cf7ef7446ccc3644f9779235153d23db - Path: Assets/Scripts/Logistics/Container.cs - Importer: PreviewImporter
Importing 'GUID: cf7ef7446ccc3644f9779235153d23db - Path: Assets/Scripts/Logistics/Container.cs - Importer: PreviewImporter' with importer (PreviewImporter)
Imported 'GUID: cf7ef7446ccc3644f9779235153d23db' -> (Import Result ID: '00000000000000000000000000000000') in 0.001 seconds
Import Error Code:(4)
Message: Build asset version error: assets/scripts/logistics/container.cs in SourceAssetDB has modification time of '2026-08-29T04:31:09.9799258Z' while content on disk has modification time of '2026-08-29T04:31:20.73Z'
  ERROR: Build asset version error: assets/scripts/logistics/container.cs in SourceAssetDB has modification time of '2026-08-29T04:31:09.9799258Z' while content on disk has modification time of '2026-08-29T04:31:20.73Z'
Number of updated asset objects reloaded before import = 0
Number of asset objects unloaded after import = 0
========================================================================
Received Import Request.
  Time of request: 2026-08-29T04:31:28.2751974Z
  Time since last request: 0.002787 seconds.
  importAddress: GUID: cf7ef7446ccc3644f9779235153d23db - Path: Assets/Scripts/Logistics/Container.cs - Importer: PreviewImporter
Importing 'GUID: cf7ef7446ccc3644f9779235153d23db - Path: Assets/Scripts/Logistics/Container.cs - Importer: PreviewImporter' with importer (PreviewImporter)
Imported 'GUID: cf7ef7446ccc3644f9779235153d23db' -> (Import Result ID: '00000000000000000000000000000000') in 0.001 seconds
Import Error Code:(4)
Message: Build asset version error: assets/scripts/logistics/container.cs in SourceAssetDB has modification time of '2026-08-29T04:31:09.9799258Z' while content on disk has modification time of '2026-08-29T04:31:20.73Z'
  ERROR: Build asset version error: assets/scripts/logistics/container.cs in SourceAssetDB has modification time of '2026-08-29T04:31:09.9799258Z' while content on disk has modification time of '2026-08-29T04:31:20.73Z'
Number of updated asset objects reloaded before import = 0
Number of asset objects unloaded after import = 0
========================================================================
Received Import Request.
  Time of request: 2026-08-29T04:31:28.2982253Z
  Time since last request: 0.009026 seconds.
  importAddress: GUID: cf7ef7446ccc3644f9779235153d23db - Path: Assets/Scripts/Logistics/Container.cs - Importer: PreviewImporter
Importing 'GUID: cf7ef7446ccc3644f9779235153d23db - Path: Assets/Scripts/Logistics/Container.cs - Importer: PreviewImporter' with importer (PreviewImporter)
Imported 'GUID: cf7ef7446ccc3644f9779235153d23db' -> (Import Result ID: '00000000000000000000000000000000') in 0.001 seconds
Import Error Code:(4)
Message: Build asset version error: assets/scripts/logistics/container.cs in SourceAssetDB has modification time of '2026-08-29T04:31:09.9799258Z' while content on disk has modification time of '2026-08-29T04:31:20.73Z'
  ERROR: Build asset version error: assets/scripts/logistics/container.cs in SourceAssetDB has modification time of '2026-08-29T04:31:09.9799258Z' while content on disk has modification time of '2026-08-29T04:31:20.73Z'
Number of updated asset objects reloaded before import = 0
Number of asset objects unloaded after import = 0
========================================================================
Received Import Request.
  Time of request: 2026-08-29T04:31:28.3162068Z
  Time since last request: 0.003876 seconds.
  importAddress: GUID: cf7ef7446ccc3644f9779235153d23db - Path: Assets/Scripts/Logistics/Container.cs - Importer: PreviewImporter
Importing 'GUID: cf7ef7446ccc3644f9779235153d23db - Path: Assets/Scripts/Logistics/Container.cs - Importer: PreviewImporter' with importer (PreviewImporter)
Imported 'GUID: cf7ef7446ccc3644f9779235153d23db' -> (Import Result ID: '00000000000000000000000000000000') in 0.001 seconds
Import Error Code:(4)
Message: Build asset version error: assets/scripts/logistics/container.cs in SourceAssetDB has modification time of '2026-08-29T04:31:09.9799258Z' while content on disk has modification time of '2026-08-29T04:31:20.73Z'
  ERROR: Build asset version error: assets/scripts/logistics/container.cs in SourceAssetDB has modification time of '2026-08-29T04:31:09.9799258Z' while content on disk has modification time of '2026-08-29T04:31:20.73Z'
Number of updated asset objects reloaded before import = 0
Number of asset objects unloaded after import = 0
========================================================================
Received Import Request.
  Time of request: 2026-08-29T04:31:28.3335183Z
  Time since last request: 0.0022467 seconds.
  importAddress: GUID: cf7ef7446ccc3644f9779235153d23db - Path: Assets/Scripts/Logistics/Container.cs - Importer: PreviewImporter
Importing 'GUID: cf7ef7446ccc3644f9779235153d23db - Path: Assets/Scripts/Logistics/Container.cs - Importer: PreviewImporter' with importer (PreviewImporter)
Imported 'GUID: cf7ef7446ccc3644f9779235153d23db' -> (Import Result ID: '00000000000000000000000000000000') in 0.001 seconds
Import Error Code:(4)
Message: Build asset version error: assets/scripts/logistics/container.cs in SourceAssetDB has modification time of '2026-08-29T04:31:09.9799258Z' while content on disk has modification time of '2026-08-29T04:31:20.73Z'
  ERROR: Build asset version error: assets/scripts/logistics/container.cs in SourceAssetDB has modification time of '2026-08-29T04:31:09.9799258Z' while content on disk has modification time of '2026-08-29T04:31:20.73Z'
Number of updated asset objects reloaded before import = 0
Number of asset objects unloaded after import = 0
========================================================================
Received Import Request.
  Time of request: 2026-08-29T04:31:28.3564111Z
  Time since last request: 0.011103 seconds.
  importAddress: GUID: cf7ef7446ccc3644f9779235153d23db - Path: Assets/Scripts/Logistics/Container.cs - Importer: PreviewImporter
Importing 'GUID: cf7ef7446ccc3644f9779235153d23db - Path: Assets/Scripts/Logistics/Container.cs - Importer: PreviewImporter' with importer (PreviewImporter)
Imported 'GUID: cf7ef7446ccc3644f9779235153d23db' -> (Import Result ID: '00000000000000000000000000000000') in 0.000 seconds
Import Error Code:(4)
Message: Build asset version error: assets/scripts/logistics/container.cs in SourceAssetDB has modification time of '2026-08-29T04:31:09.9799258Z' while content on disk has modification time of '2026-08-29T04:31:20.73Z'
  ERROR: Build asset version error: assets/scripts/logistics/container.cs in SourceAssetDB has modification time of '2026-08-29T04:31:09.9799258Z' while content on disk has modification time of '2026-08-29T04:31:20.73Z'
Number of updated asset objects reloaded before import = 0
Number of asset objects unloaded after import = 0
========================================================================
Received Import Request.
  Time of request: 2026-08-29T04:31:28.3729891Z
  Time since last request: 0.0041749 seconds.
  importAddress: GUID: cf7ef7446ccc3644f9779235153d23db - Path: Assets/Scripts/Logistics/Container.cs - Importer: PreviewImporter
Importing 'GUID: cf7ef7446ccc3644f9779235153d23db - Path: Assets/Scripts/Logistics/Container.cs - Importer: PreviewImporter' with importer (PreviewImporter)
Imported 'GUID: cf7ef7446ccc3644f9779235153d23db' -> (Import Result ID: '00000000000000000000000000000000') in 0.001 seconds
Import Error Code:(4)
Message: Build asset version error: assets/scripts/logistics/container.cs in SourceAssetDB has modification time of '2026-08-29T04:31:09.9799258Z' while content on disk has modification time of '2026-08-29T04:31:20.73Z'
  ERROR: Build asset version error: assets/scripts/logistics/container.cs in SourceAssetDB has modification time of '2026-08-29T04:31:09.9799258Z' while content on disk has modification time of '2026-08-29T04:31:20.73Z'
Number of updated asset objects reloaded before import = 0
Number of asset objects unloaded after import = 0
========================================================================
Received Import Request.
  Time of request: 2026-08-29T04:31:28.3906615Z
  Time since last request: 0.0022609 seconds.
  importAddress: GUID: cf7ef7446ccc3644f9779235153d23db - Path: Assets/Scripts/Logistics/Container.cs - Importer: PreviewImporter
Importing 'GUID: cf7ef7446ccc3644f9779235153d23db - Path: Assets/Scripts/Logistics/Container.cs - Importer: PreviewImporter' with importer (PreviewImporter)
Imported 'GUID: cf7ef7446ccc3644f9779235153d23db' -> (Import Result ID: '00000000000000000000000000000000') in 0.001 seconds
Import Error Code:(4)
Message: Build asset version error: assets/scripts/logistics/container.cs in SourceAssetDB has modification time of '2026-08-29T04:31:09.9799258Z' while content on disk has modification time of '2026-08-29T04:31:20.73Z'
  ERROR: Build asset version error: assets/scripts/logistics/container.cs in SourceAssetDB has modification time of '2026-08-29T04:31:09.9799258Z' while content on disk has modification time of '2026-08-29T04:31:20.73Z'
Number of updated asset objects reloaded before import = 0
Number of asset objects unloaded after import = 0
========================================================================
Received Import Request.
  Time of request: 2026-08-29T04:31:28.4148049Z
  Time since last request: 0.0098169 seconds.
  importAddress: GUID: cf7ef7446ccc3644f9779235153d23db - Path: Assets/Scripts/Logistics/Container.cs - Importer: PreviewImporter
Importing 'GUID: cf7ef7446ccc3644f9779235153d23db - Path: Assets/Scripts/Logistics/Container.cs - Importer: PreviewImporter' with importer (PreviewImporter)
Imported 'GUID: cf7ef7446ccc3644f9779235153d23db' -> (Import Result ID: '00000000000000000000000000000000') in 0.001 seconds
Import Error Code:(4)
Message: Build asset version error: assets/scripts/logistics/container.cs in SourceAssetDB has modification time of '2026-08-29T04:31:09.9799258Z' while content on disk has modification time of '2026-08-29T04:31:20.73Z'
  ERROR: Build asset version error: assets/scripts/logistics/container.cs in SourceAssetDB has modification time of '2026-08-29T04:31:09.9799258Z' while content on disk has modification time of '2026-08-29T04:31:20.73Z'
Number of updated asset objects reloaded before import = 0
Number of asset objects unloaded after import = 0
========================================================================
Received Import Request.
  Time of request: 2026-08-29T04:31:28.4325522Z
  Time since last request: 0.0028629 seconds.
  importAddress: GUID: cf7ef7446ccc3644f9779235153d23db - Path: Assets/Scripts/Logistics/Container.cs - Importer: PreviewImporter
Importing 'GUID: cf7ef7446ccc3644f9779235153d23db - Path: Assets/Scripts/Logistics/Container.cs - Importer: PreviewImporter' with importer (PreviewImporter)
Imported 'GUID: cf7ef7446ccc3644f9779235153d23db' -> (Import Result ID: '00000000000000000000000000000000') in 0.001 seconds
Import Error Code:(4)
Message: Build asset version error: assets/scripts/logistics/container.cs in SourceAssetDB has modification time of '2026-08-29T04:31:09.9799258Z' while content on disk has modification time of '2026-08-29T04:31:20.73Z'
  ERROR: Build asset version error: assets/scripts/logistics/container.cs in SourceAssetDB has modification time of '2026-08-29T04:31:09.9799258Z' while content on disk has modification time of '2026-08-29T04:31:20.73Z'
Number of updated asset objects reloaded before import = 0
Number of asset objects unloaded after import = 0
========================================================================
Received Import Request.
  Time of request: 2026-08-29T04:31:28.4622721Z
  Time since last request: 0.0145061 seconds.
  importAddress: GUID: cf7ef7446ccc3644f9779235153d23db - Path: Assets/Scripts/Logistics/Container.cs - Importer: PreviewImporter
Importing 'GUID: cf7ef7446ccc3644f9779235153d23db - Path: Assets/Scripts/Logistics/Container.cs - Importer: PreviewImporter' with importer (PreviewImporter)
Imported 'GUID: cf7ef7446ccc3644f9779235153d23db' -> (Import Result ID: '00000000000000000000000000000000') in 0.001 seconds
Import Error Code:(4)
Message: Build asset version error: assets/scripts/logistics/container.cs in SourceAssetDB has modification time of '2026-08-29T04:31:09.9799258Z' while content on disk has modification time of '2026-08-29T04:31:20.73Z'
  ERROR: Build asset version error: assets/scripts/logistics/container.cs in SourceAssetDB has modification time of '2026-08-29T04:31:09.9799258Z' while content on disk has modification time of '2026-08-29T04:31:20.73Z'
Number of updated asset objects reloaded before import = 0
Number of asset objects unloaded after import = 0
========================================================================
Received Import Request.
  Time of request: 2026-08-29T04:31:28.4761702Z
  Time since last request: 0.0005461 seconds.
  importAddress: GUID: cf7ef7446ccc3644f9779235153d23db - Path: Assets/Scripts/Logistics/Container.cs - Importer: PreviewImporter
Importing 'GUID: cf7ef7446ccc3644f9779235153d23db - Path: Assets/Scripts/Logistics/Container.cs - Importer: PreviewImporter' with importer (PreviewImporter)
Imported 'GUID: cf7ef7446ccc3644f9779235153d23db' -> (Import Result ID: '00000000000000000000000000000000') in 0.001 seconds
Import Error Code:(4)
Message: Build asset version error: assets/scripts/logistics/container.cs in SourceAssetDB has modification time of '2026-08-29T04:31:09.9799258Z' while content on disk has modification time of '2026-08-29T04:31:20.73Z'
  ERROR: Build asset version error: assets/scripts/logistics/container.cs in SourceAssetDB has modification time of '2026-08-29T04:31:09.9799258Z' while content on disk has modification time of '2026-08-29T04:31:20.73Z'
Number of updated asset objects reloaded before import = 0
Number of asset objects unloaded after import = 0
========================================================================
Received Import Request.
  Time of request: 2026-08-29T04:31:28.4995171Z
  Time since last request: 0.0089795 seconds.
  importAddress: GUID: cf7ef7446ccc3644f9779235153d23db - Path: Assets/Scripts/Logistics/Container.cs - Importer: PreviewImporter
Importing 'GUID: cf7ef7446ccc3644f9779235153d23db - Path: Assets/Scripts/Logistics/Container.cs - Importer: PreviewImporter' with importer (PreviewImporter)
Imported 'GUID: cf7ef7446ccc3644f9779235153d23db' -> (Import Result ID: '00000000000000000000000000000000') in 0.000 seconds
Import Error Code:(4)
Message: Build asset version error: assets/scripts/logistics/container.cs in SourceAssetDB has modification time of '2026-08-29T04:31:09.9799258Z' while content on disk has modification time of '2026-08-29T04:31:20.73Z'
  ERROR: Build asset version error: assets/scripts/logistics/container.cs in SourceAssetDB has modification time of '2026-08-29T04:31:09.9799258Z' while content on disk has modification time of '2026-08-29T04:31:20.73Z'
Number of updated asset objects reloaded before import = 0
Number of asset objects unloaded after import = 0
========================================================================
Received Import Request.
  Time of request: 2026-08-29T04:31:28.5197069Z
  Time since last request: 0.0044809 seconds.
  importAddress: GUID: cf7ef7446ccc3644f9779235153d23db - Path: Assets/Scripts/Logistics/Container.cs - Importer: PreviewImporter
Importing 'GUID: cf7ef7446ccc3644f9779235153d23db - Path: Assets/Scripts/Logistics/Container.cs - Importer: PreviewImporter' with importer (PreviewImporter)
Imported 'GUID: cf7ef7446ccc3644f9779235153d23db' -> (Import Result ID: '00000000000000000000000000000000') in 0.000 seconds
Import Error Code:(4)
Message: Build asset version error: assets/scripts/logistics/container.cs in SourceAssetDB has modification time of '2026-08-29T04:31:09.9799258Z' while content on disk has modification time of '2026-08-29T04:31:20.73Z'
  ERROR: Build asset version error: assets/scripts/logistics/container.cs in SourceAssetDB has modification time of '2026-08-29T04:31:09.9799258Z' while content on disk has modification time of '2026-08-29T04:31:20.73Z'
Number of updated asset objects reloaded before import = 0
Number of asset objects unloaded after import = 0
========================================================================
Received Import Request.
  Time of request: 2026-08-29T04:31:28.5381579Z
  Time since last request: 0.0051382 seconds.
  importAddress: GUID: cf7ef7446ccc3644f9779235153d23db - Path: Assets/Scripts/Logistics/Container.cs - Importer: PreviewImporter
Importing 'GUID: cf7ef7446ccc3644f9779235153d23db - Path: Assets/Scripts/Logistics/Container.cs - Importer: PreviewImporter' with importer (PreviewImporter)
Imported 'GUID: cf7ef7446ccc3644f9779235153d23db' -> (Import Result ID: '00000000000000000000000000000000') in 0.001 seconds
Import Error Code:(4)
Message: Build asset version error: assets/scripts/logistics/container.cs in SourceAssetDB has modification time of '2026-08-29T04:31:09.9799258Z' while content on disk has modification time of '2026-08-29T04:31:20.73Z'
  ERROR: Build asset version error: assets/scripts/logistics/container.cs in SourceAssetDB has modification time of '2026-08-29T04:31:09.9799258Z' while content on disk has modification time of '2026-08-29T04:31:20.73Z'
Number of updated asset objects reloaded before import = 0
Number of asset objects unloaded after import = 0
========================================================================
Received Import Request.
  Time of request: 2026-08-29T04:31:28.5575778Z
  Time since last request: 0.0033383 seconds.
  importAddress: GUID: cf7ef7446ccc3644f9779235153d23db - Path: Assets/Scripts/Logistics/Container.cs - Importer: PreviewImporter
Importing 'GUID: cf7ef7446ccc3644f9779235153d23db - Path: Assets/Scripts/Logistics/Container.cs - Importer: PreviewImporter' with importer (PreviewImporter)
Imported 'GUID: cf7ef7446ccc3644f9779235153d23db' -> (Import Result ID: '00000000000000000000000000000000') in 0.001 seconds
Import Error Code:(4)
Message: Build asset version error: assets/scripts/logistics/container.cs in SourceAssetDB has modification time of '2026-08-29T04:31:09.9799258Z' while content on disk has modification time of '2026-08-29T04:31:20.73Z'
  ERROR: Build asset version error: assets/scripts/logistics/container.cs in SourceAssetDB has modification time of '2026-08-29T04:31:09.9799258Z' while content on disk has modification time of '2026-08-29T04:31:20.73Z'
Number of updated asset objects reloaded before import = 0
Number of asset objects unloaded after import = 0
========================================================================
Received Import Request.
  Time of request: 2026-08-29T04:31:28.5827054Z
  Time since last request: 0.0107058 seconds.
  importAddress: GUID: cf7ef7446ccc3644f9779235153d23db - Path: Assets/Scripts/Logistics/Container.cs - Importer: PreviewImporter
Importing 'GUID: cf7ef7446ccc3644f9779235153d23db - Path: Assets/Scripts/Logistics/Container.cs - Importer: PreviewImporter' with importer (PreviewImporter)
Imported 'GUID: cf7ef7446ccc3644f9779235153d23db' -> (Import Result ID: '00000000000000000000000000000000') in 0.000 seconds
Import Error Code:(4)
Message: Build asset version error: assets/scripts/logistics/container.cs in SourceAssetDB has modification time of '2026-08-29T04:31:09.9799258Z' while content on disk has modification time of '2026-08-29T04:31:20.73Z'
  ERROR: Build asset version error: assets/scripts/logistics/container.cs in SourceAssetDB has modification time of '2026-08-29T04:31:09.9799258Z' while content on disk has modification time of '2026-08-29T04:31:20.73Z'
Number of updated asset objects reloaded before import = 0
Number of asset objects unloaded after import = 0
========================================================================
Received Import Request.
  Time of request: 2026-08-29T04:31:28.6026156Z
  Time since last request: 0.0067954 seconds.
  importAddress: GUID: cf7ef7446ccc3644f9779235153d23db - Path: Assets/Scripts/Logistics/Container.cs - Importer: PreviewImporter
Importing 'GUID: cf7ef7446ccc3644f9779235153d23db - Path: Assets/Scripts/Logistics/Container.cs - Importer: PreviewImporter' with importer (PreviewImporter)
Imported 'GUID: cf7ef7446ccc3644f9779235153d23db' -> (Import Result ID: '00000000000000000000000000000000') in 0.000 seconds
Import Error Code:(4)
Message: Build asset version error: assets/scripts/logistics/container.cs in SourceAssetDB has modification time of '2026-08-29T04:31:09.9799258Z' while content on disk has modification time of '2026-08-29T04:31:20.73Z'
  ERROR: Build asset version error: assets/scripts/logistics/container.cs in SourceAssetDB has modification time of '2026-08-29T04:31:09.9799258Z' while content on disk has modification time of '2026-08-29T04:31:20.73Z'
Number of updated asset objects reloaded before import = 0
Number of asset objects unloaded after import = 0
========================================================================
Received Import Request.
  Time of request: 2026-08-29T04:31:28.6215703Z
  Time since last request: 0.0059463 seconds.
  importAddress: GUID: cf7ef7446ccc3644f9779235153d23db - Path: Assets/Scripts/Logistics/Container.cs - Importer: PreviewImporter
Importing 'GUID: cf7ef7446ccc3644f9779235153d23db - Path: Assets/Scripts/Logistics/Container.cs - Importer: PreviewImporter' with importer (PreviewImporter)
Imported 'GUID: cf7ef7446ccc3644f9779235153d23db' -> (Import Result ID: '00000000000000000000000000000000') in 0.000 seconds
Import Error Code:(4)
Message: Build asset version error: assets/scripts/logistics/container.cs in SourceAssetDB has modification time of '2026-08-29T04:31:09.9799258Z' while content on disk has modification time of '2026-08-29T04:31:20.73Z'
  ERROR: Build asset version error: assets/scripts/logistics/container.cs in SourceAssetDB has modification time of '2026-08-29T04:31:09.9799258Z' while content on disk has modification time of '2026-08-29T04:31:20.73Z'
Number of updated asset objects reloaded before import = 0
Number of asset objects unloaded after import = 0
========================================================================
Received Import Request.
  Time of request: 2026-08-29T04:31:28.6411971Z
  Time since last request: 0.0063833 seconds.
  importAddress: GUID: cf7ef7446ccc3644f9779235153d23db - Path: Assets/Scripts/Logistics/Container.cs - Importer: PreviewImporter
Importing 'GUID: cf7ef7446ccc3644f9779235153d23db - Path: Assets/Scripts/Logistics/Container.cs - Importer: PreviewImporter' with importer (PreviewImporter)
Imported 'GUID: cf7ef7446ccc3644f9779235153d23db' -> (Import Result ID: '00000000000000000000000000000000') in 0.000 seconds
Import Error Code:(4)
Message: Build asset version error: assets/scripts/logistics/container.cs in SourceAssetDB has modification time of '2026-08-29T04:31:09.9799258Z' while content on disk has modification time of '2026-08-29T04:31:20.73Z'
  ERROR: Build asset version error: assets/scripts/logistics/container.cs in SourceAssetDB has modification time of '2026-08-29T04:31:09.9799258Z' while content on disk has modification time of '2026-08-29T04:31:20.73Z'
Number of updated asset objects reloaded before import = 0
Number of asset objects unloaded after import = 0
========================================================================
Received Import Request.
  Time of request: 2026-08-29T04:31:28.6609555Z
  Time since last request: 0.0056818 seconds.
  importAddress: GUID: cf7ef7446ccc3644f9779235153d23db - Path: Assets/Scripts/Logistics/Container.cs - Importer: PreviewImporter
Importing 'GUID: cf7ef7446ccc3644f9779235153d23db - Path: Assets/Scripts/Logistics/Container.cs - Importer: PreviewImporter' with importer (PreviewImporter)
Imported 'GUID: cf7ef7446ccc3644f9779235153d23db' -> (Import Result ID: '00000000000000000000000000000000') in 0.000 seconds
Import Error Code:(4)
Message: Build asset version error: assets/scripts/logistics/container.cs in SourceAssetDB has modification time of '2026-08-29T04:31:09.9799258Z' while content on disk has modification time of '2026-08-29T04:31:20.73Z'
  ERROR: Build asset version error: assets/scripts/logistics/container.cs in SourceAssetDB has modification time of '2026-08-29T04:31:09.9799258Z' while content on disk has modification time of '2026-08-29T04:31:20.73Z'
Number of updated asset objects reloaded before import = 0
Number of asset objects unloaded after import = 0
========================================================================
Received Import Request.
  Time of request: 2026-08-29T04:31:28.6813084Z
  Time since last request: 0.0063083 seconds.
  importAddress: GUID: cf7ef7446ccc3644f9779235153d23db - Path: Assets/Scripts/Logistics/Container.cs - Importer: PreviewImporter
Importing 'GUID: cf7ef7446ccc3644f9779235153d23db - Path: Assets/Scripts/Logistics/Container.cs - Importer: PreviewImporter' with importer (PreviewImporter)
Imported 'GUID: cf7ef7446ccc3644f9779235153d23db' -> (Import Result ID: '00000000000000000000000000000000') in 0.001 seconds
Import Error Code:(4)
Message: Build asset version error: assets/scripts/logistics/container.cs in SourceAssetDB has modification time of '2026-08-29T04:31:09.9799258Z' while content on disk has modification time of '2026-08-29T04:31:20.73Z'
  ERROR: Build asset version error: assets/scripts/logistics/container.cs in SourceAssetDB has modification time of '2026-08-29T04:31:09.9799258Z' while content on disk has modification time of '2026-08-29T04:31:20.73Z'
Number of updated asset objects reloaded before import = 0
Number of asset objects unloaded after import = 0
========================================================================
Received Import Request.
  Time of request: 2026-08-29T04:31:28.7005282Z
  Time since last request: 0.0059565 seconds.
  importAddress: GUID: cf7ef7446ccc3644f9779235153d23db - Path: Assets/Scripts/Logistics/Container.cs - Importer: PreviewImporter
Importing 'GUID: cf7ef7446ccc3644f9779235153d23db - Path: Assets/Scripts/Logistics/Container.cs - Importer: PreviewImporter' with importer (PreviewImporter)
Imported 'GUID: cf7ef7446ccc3644f9779235153d23db' -> (Import Result ID: '00000000000000000000000000000000') in 0.001 seconds
Import Error Code:(4)
Message: Build asset version error: assets/scripts/logistics/container.cs in SourceAssetDB has modification time of '2026-08-29T04:31:09.9799258Z' while content on disk has modification time of '2026-08-29T04:31:20.73Z'
  ERROR: Build asset version error: assets/scripts/logistics/container.cs in SourceAssetDB has modification time of '2026-08-29T04:31:09.9799258Z' while content on disk has modification time of '2026-08-29T04:31:20.73Z'
Number of updated asset objects reloaded before import = 0
Number of asset objects unloaded after import = 0
========================================================================
Received Import Request.
  Time of request: 2026-08-29T04:31:28.7214103Z
  Time since last request: 0.0063859 seconds.
  importAddress: GUID: cf7ef7446ccc3644f9779235153d23db - Path: Assets/Scripts/Logistics/Container.cs - Importer: PreviewImporter
Importing 'GUID: cf7ef7446ccc3644f9779235153d23db - Path: Assets/Scripts/Logistics/Container.cs - Importer: PreviewImporter' with importer (PreviewImporter)
Imported 'GUID: cf7ef7446ccc3644f9779235153d23db' -> (Import Result ID: '00000000000000000000000000000000') in 0.003 seconds
Import Error Code:(4)
Message: Build asset version error: assets/scripts/logistics/container.cs in SourceAssetDB has modification time of '2026-08-29T04:31:09.9799258Z' while content on disk has modification time of '2026-08-29T04:31:20.73Z'
  ERROR: Build asset version error: assets/scripts/logistics/container.cs in SourceAssetDB has modification time of '2026-08-29T04:31:09.9799258Z' while content on disk has modification time of '2026-08-29T04:31:20.73Z'
Number of updated asset objects reloaded before import = 0
Number of asset objects unloaded after import = 0
========================================================================
Received Import Request.
  Time of request: 2026-08-29T04:31:28.7418819Z
  Time since last request: 0.0037492 seconds.
  importAddress: GUID: cf7ef7446ccc3644f9779235153d23db - Path: Assets/Scripts/Logistics/Container.cs - Importer: PreviewImporter
Importing 'GUID: cf7ef7446ccc3644f9779235153d23db - Path: Assets/Scripts/Logistics/Container.cs - Importer: PreviewImporter' with importer (PreviewImporter)
Imported 'GUID: cf7ef7446ccc3644f9779235153d23db' -> (Import Result ID: '00000000000000000000000000000000') in 0.001 seconds
Import Error Code:(4)
Message: Build asset version error: assets/scripts/logistics/container.cs in SourceAssetDB has modification time of '2026-08-29T04:31:09.9799258Z' while content on disk has modification time of '2026-08-29T04:31:20.73Z'
  ERROR: Build asset version error: assets/scripts/logistics/container.cs in SourceAssetDB has modification time of '2026-08-29T04:31:09.9799258Z' while content on disk has modification time of '2026-08-29T04:31:20.73Z'
Number of updated asset objects reloaded before import = 0
Number of asset objects unloaded after import = 0
========================================================================
Received Import Request.
  Time of request: 2026-08-29T04:31:28.7697219Z
  Time since last request: 0.0145173 seconds.
  importAddress: GUID: cf7ef7446ccc3644f9779235153d23db - Path: Assets/Scripts/Logistics/Container.cs - Importer: PreviewImporter
Importing 'GUID: cf7ef7446ccc3644f9779235153d23db - Path: Assets/Scripts/Logistics/Container.cs - Importer: PreviewImporter' with importer (PreviewImporter)
Imported 'GUID: cf7ef7446ccc3644f9779235153d23db' -> (Import Result ID: '00000000000000000000000000000000') in 0.000 seconds
Import Error Code:(4)
Message: Build asset version error: assets/scripts/logistics/container.cs in SourceAssetDB has modification time of '2026-08-29T04:31:09.9799258Z' while content on disk has modification time of '2026-08-29T04:31:20.73Z'
  ERROR: Build asset version error: assets/scripts/logistics/container.cs in SourceAssetDB has modification time of '2026-08-29T04:31:09.9799258Z' while content on disk has modification time of '2026-08-29T04:31:20.73Z'
Number of updated asset objects reloaded before import = 0
Number of asset objects unloaded after import = 0
========================================================================
Received Import Request.
  Time of request: 2026-08-29T04:31:28.7895988Z
  Time since last request: 0.0068089 seconds.
  importAddress: GUID: cf7ef7446ccc3644f9779235153d23db - Path: Assets/Scripts/Logistics/Container.cs - Importer: PreviewImporter
Importing 'GUID: cf7ef7446ccc3644f9779235153d23db - Path: Assets/Scripts/Logistics/Container.cs - Importer: PreviewImporter' with importer (PreviewImporter)
Imported 'GUID: cf7ef7446ccc3644f9779235153d23db' -> (Import Result ID: '00000000000000000000000000000000') in 0.001 seconds
Import Error Code:(4)
Message: Build asset version error: assets/scripts/logistics/container.cs in SourceAssetDB has modification time of '2026-08-29T04:31:09.9799258Z' while content on disk has modification time of '2026-08-29T04:31:20.73Z'
  ERROR: Build asset version error: assets/scripts/logistics/container.cs in SourceAssetDB has modification time of '2026-08-29T04:31:09.9799258Z' while content on disk has modification time of '2026-08-29T04:31:20.73Z'
Number of updated asset objects reloaded before import = 0
Number of asset objects unloaded after import = 0
========================================================================
Received Import Request.
  Time of request: 2026-08-29T04:31:28.811107Z
  Time since last request: 0.0067856 seconds.
  importAddress: GUID: cf7ef7446ccc3644f9779235153d23db - Path: Assets/Scripts/Logistics/Container.cs - Importer: PreviewImporter
Importing 'GUID: cf7ef7446ccc3644f9779235153d23db - Path: Assets/Scripts/Logistics/Container.cs - Importer: PreviewImporter' with importer (PreviewImporter)
Imported 'GUID: cf7ef7446ccc3644f9779235153d23db' -> (Import Result ID: '00000000000000000000000000000000') in 0.001 seconds
Import Error Code:(4)
Message: Build asset version error: assets/scripts/logistics/container.cs in SourceAssetDB has modification time of '2026-08-29T04:31:09.9799258Z' while content on disk has modification time of '2026-08-29T04:31:20.73Z'
  ERROR: Build asset version error: assets/scripts/logistics/container.cs in SourceAssetDB has modification time of '2026-08-29T04:31:09.9799258Z' while content on disk has modification time of '2026-08-29T04:31:20.73Z'
Number of updated asset objects reloaded before import = 0
Number of asset objects unloaded after import = 0
========================================================================
Received Import Request.
  Time of request: 2026-08-29T04:31:28.8302151Z
  Time since last request: 0.0052233 seconds.
  importAddress: GUID: cf7ef7446ccc3644f9779235153d23db - Path: Assets/Scripts/Logistics/Container.cs - Importer: PreviewImporter
Importing 'GUID: cf7ef7446ccc3644f9779235153d23db - Path: Assets/Scripts/Logistics/Container.cs - Importer: PreviewImporter' with importer (PreviewImporter)
Imported 'GUID: cf7ef7446ccc3644f9779235153d23db' -> (Import Result ID: '00000000000000000000000000000000') in 0.000 seconds
Import Error Code:(4)
Message: Build asset version error: assets/scripts/logistics/container.cs in SourceAssetDB has modification time of '2026-08-29T04:31:09.9799258Z' while content on disk has modification time of '2026-08-29T04:31:20.73Z'
  ERROR: Build asset version error: assets/scripts/logistics/container.cs in SourceAssetDB has modification time of '2026-08-29T04:31:09.9799258Z' while content on disk has modification time of '2026-08-29T04:31:20.73Z'
Number of updated asset objects reloaded before import = 0
Number of asset objects unloaded after import = 0
========================================================================
Received Import Request.
  Time of request: 2026-08-29T04:31:28.8500254Z
  Time since last request: 0.0060963 seconds.
  importAddress: GUID: cf7ef7446ccc3644f9779235153d23db - Path: Assets/Scripts/Logistics/Container.cs - Importer: PreviewImporter
Importing 'GUID: cf7ef7446ccc3644f9779235153d23db - Path: Assets/Scripts/Logistics/Container.cs - Importer: PreviewImporter' with importer (PreviewImporter)
Imported 'GUID: cf7ef7446ccc3644f9779235153d23db' -> (Import Result ID: '00000000000000000000000000000000') in 0.000 seconds
Import Error Code:(4)
Message: Build asset version error: assets/scripts/logistics/container.cs in SourceAssetDB has modification time of '2026-08-29T04:31:09.9799258Z' while content on disk has modification time of '2026-08-29T04:31:20.73Z'
  ERROR: Build asset version error: assets/scripts/logistics/container.cs in SourceAssetDB has modification time of '2026-08-29T04:31:09.9799258Z' while content on disk has modification time of '2026-08-29T04:31:20.73Z'
Number of updated asset objects reloaded before import = 0
Number of asset objects unloaded after import = 0
========================================================================
Received Import Request.
  Time of request: 2026-08-29T04:31:28.8700951Z
  Time since last request: 0.006016 seconds.
  importAddress: GUID: cf7ef7446ccc3644f9779235153d23db - Path: Assets/Scripts/Logistics/Container.cs - Importer: PreviewImporter
Importing 'GUID: cf7ef7446ccc3644f9779235153d23db - Path: Assets/Scripts/Logistics/Container.cs - Importer: PreviewImporter' with importer (PreviewImporter)
Imported 'GUID: cf7ef7446ccc3644f9779235153d23db' -> (Import Result ID: '00000000000000000000000000000000') in 0.001 seconds
Import Error Code:(4)
Message: Build asset version error: assets/scripts/logistics/container.cs in SourceAssetDB has modification time of '2026-08-29T04:31:09.9799258Z' while content on disk has modification time of '2026-08-29T04:31:20.73Z'
  ERROR: Build asset version error: assets/scripts/logistics/container.cs in SourceAssetDB has modification time of '2026-08-29T04:31:09.9799258Z' while content on disk has modification time of '2026-08-29T04:31:20.73Z'
Number of updated asset objects reloaded before import = 0
Number of asset objects unloaded after import = 0
========================================================================
Received Import Request.
  Time of request: 2026-08-29T04:31:28.8889187Z
  Time since last request: 0.0037216 seconds.
  importAddress: GUID: cf7ef7446ccc3644f9779235153d23db - Path: Assets/Scripts/Logistics/Container.cs - Importer: PreviewImporter
Importing 'GUID: cf7ef7446ccc3644f9779235153d23db - Path: Assets/Scripts/Logistics/Container.cs - Importer: PreviewImporter' with importer (PreviewImporter)
Imported 'GUID: cf7ef7446ccc3644f9779235153d23db' -> (Import Result ID: '00000000000000000000000000000000') in 0.001 seconds
Import Error Code:(4)
Message: Build asset version error: assets/scripts/logistics/container.cs in SourceAssetDB has modification time of '2026-08-29T04:31:09.9799258Z' while content on disk has modification time of '2026-08-29T04:31:20.73Z'
  ERROR: Build asset version error: assets/scripts/logistics/container.cs in SourceAssetDB has modification time of '2026-08-29T04:31:09.9799258Z' while content on disk has modification time of '2026-08-29T04:31:20.73Z'
Number of updated asset objects reloaded before import = 0
Number of asset objects unloaded after import = 0
========================================================================
Received Import Request.
  Time of request: 2026-08-29T04:31:28.9065754Z
  Time since last request: 0.0037673 seconds.
  importAddress: GUID: cf7ef7446ccc3644f9779235153d23db - Path: Assets/Scripts/Logistics/Container.cs - Importer: PreviewImporter
Importing 'GUID: cf7ef7446ccc3644f9779235153d23db - Path: Assets/Scripts/Logistics/Container.cs - Importer: PreviewImporter' with importer (PreviewImporter)
Imported 'GUID: cf7ef7446ccc3644f9779235153d23db' -> (Import Result ID: '00000000000000000000000000000000') in 0.001 seconds
Import Error Code:(4)
Message: Build asset version error: assets/scripts/logistics/container.cs in SourceAssetDB has modification time of '2026-08-29T04:31:09.9799258Z' while content on disk has modification time of '2026-08-29T04:31:20.73Z'
  ERROR: Build asset version error: assets/scripts/logistics/container.cs in SourceAssetDB has modification time of '2026-08-29T04:31:09.9799258Z' while content on disk has modification time of '2026-08-29T04:31:20.73Z'
Number of updated asset objects reloaded before import = 0
Number of asset objects unloaded after import = 0
========================================================================
Received Import Request.
  Time of request: 2026-08-29T04:31:28.9253798Z
  Time since last request: 0.0038597 seconds.
  importAddress: GUID: cf7ef7446ccc3644f9779235153d23db - Path: Assets/Scripts/Logistics/Container.cs - Importer: PreviewImporter
Importing 'GUID: cf7ef7446ccc3644f9779235153d23db - Path: Assets/Scripts/Logistics/Container.cs - Importer: PreviewImporter' with importer (PreviewImporter)
Imported 'GUID: cf7ef7446ccc3644f9779235153d23db' -> (Import Result ID: '00000000000000000000000000000000') in 0.001 seconds
Import Error Code:(4)
Message: Build asset version error: assets/scripts/logistics/container.cs in SourceAssetDB has modification time of '2026-08-29T04:31:09.9799258Z' while content on disk has modification time of '2026-08-29T04:31:20.73Z'
  ERROR: Build asset version error: assets/scripts/logistics/container.cs in SourceAssetDB has modification time of '2026-08-29T04:31:09.9799258Z' while content on disk has modification time of '2026-08-29T04:31:20.73Z'
Number of updated asset objects reloaded before import = 0
Number of asset objects unloaded after import = 0
========================================================================
Received Import Request.
  Time of request: 2026-08-29T04:31:28.941643Z
  Time since last request: 0.0018334 seconds.
  importAddress: GUID: cf7ef7446ccc3644f9779235153d23db - Path: Assets/Scripts/Logistics/Container.cs - Importer: PreviewImporter
Importing 'GUID: cf7ef7446ccc3644f9779235153d23db - Path: Assets/Scripts/Logistics/Container.cs - Importer: PreviewImporter' with importer (PreviewImporter)
Imported 'GUID: cf7ef7446ccc3644f9779235153d23db' -> (Import Result ID: '00000000000000000000000000000000') in 0.001 seconds
Import Error Code:(4)
Message: Build asset version error: assets/scripts/logistics/container.cs in SourceAssetDB has modification time of '2026-08-29T04:31:09.9799258Z' while content on disk has modification time of '2026-08-29T04:31:20.73Z'
  ERROR: Build asset version error: assets/scripts/logistics/container.cs in SourceAssetDB has modification time of '2026-08-29T04:31:09.9799258Z' while content on disk has modification time of '2026-08-29T04:31:20.73Z'
Number of updated asset objects reloaded before import = 0
Number of asset objects unloaded after import = 0
========================================================================
Received Import Request.
  Time of request: 2026-08-29T04:31:28.9682029Z
  Time since last request: 0.0122851 seconds.
  importAddress: GUID: cf7ef7446ccc3644f9779235153d23db - Path: Assets/Scripts/Logistics/Container.cs - Importer: PreviewImporter
Importing 'GUID: cf7ef7446ccc3644f9779235153d23db - Path: Assets/Scripts/Logistics/Container.cs - Importer: PreviewImporter' with importer (PreviewImporter)
Imported 'GUID: cf7ef7446ccc3644f9779235153d23db' -> (Import Result ID: '00000000000000000000000000000000') in 0.000 seconds
Import Error Code:(4)
Message: Build asset version error: assets/scripts/logistics/container.cs in SourceAssetDB has modification time of '2026-08-29T04:31:09.9799258Z' while content on disk has modification time of '2026-08-29T04:31:20.73Z'
  ERROR: Build asset version error: assets/scripts/logistics/container.cs in SourceAssetDB has modification time of '2026-08-29T04:31:09.9799258Z' while content on disk has modification time of '2026-08-29T04:31:20.73Z'
Number of updated asset objects reloaded before import = 0
Number of asset objects unloaded after import = 0
========================================================================
Received Import Request.
  Time of request: 2026-08-29T04:31:28.9868588Z
  Time since last request: 0.0056321 seconds.
  importAddress: GUID: cf7ef7446ccc3644f9779235153d23db - Path: Assets/Scripts/Logistics/Container.cs - Importer: PreviewImporter
Importing 'GUID: cf7ef7446ccc3644f9779235153d23db - Path: Assets/Scripts/Logistics/Container.cs - Importer: PreviewImporter' with importer (PreviewImporter)
Imported 'GUID: cf7ef7446ccc3644f9779235153d23db' -> (Import Result ID: '00000000000000000000000000000000') in 0.001 seconds
Import Error Code:(4)
Message: Build asset version error: assets/scripts/logistics/container.cs in SourceAssetDB has modification time of '2026-08-29T04:31:09.9799258Z' while content on disk has modification time of '2026-08-29T04:31:20.73Z'
  ERROR: Build asset version error: assets/scripts/logistics/container.cs in SourceAssetDB has modification time of '2026-08-29T04:31:09.9799258Z' while content on disk has modification time of '2026-08-29T04:31:20.73Z'
Number of updated asset objects reloaded before import = 0
Number of asset objects unloaded after import = 0
========================================================================
Received Import Request.
  Time of request: 2026-08-29T04:31:29.006672Z
  Time since last request: 0.0060074 seconds.
  importAddress: GUID: cf7ef7446ccc3644f9779235153d23db - Path: Assets/Scripts/Logistics/Container.cs - Importer: PreviewImporter
Importing 'GUID: cf7ef7446ccc3644f9779235153d23db - Path: Assets/Scripts/Logistics/Container.cs - Importer: PreviewImporter' with importer (PreviewImporter)
Imported 'GUID: cf7ef7446ccc3644f9779235153d23db' -> (Import Result ID: '00000000000000000000000000000000') in 0.001 seconds
Import Error Code:(4)
Message: Build asset version error: assets/scripts/logistics/container.cs in SourceAssetDB has modification time of '2026-08-29T04:31:09.9799258Z' while content on disk has modification time of '2026-08-29T04:31:20.73Z'
  ERROR: Build asset version error: assets/scripts/logistics/container.cs in SourceAssetDB has modification time of '2026-08-29T04:31:09.9799258Z' while content on disk has modification time of '2026-08-29T04:31:20.73Z'
Number of updated asset objects reloaded before import = 0
Number of asset objects unloaded after import = 0
========================================================================
Received Import Request.
  Time of request: 2026-08-29T04:31:29.0269628Z
  Time since last request: 0.0050791 seconds.
  importAddress: GUID: cf7ef7446ccc3644f9779235153d23db - Path: Assets/Scripts/Logistics/Container.cs - Importer: PreviewImporter
Importing 'GUID: cf7ef7446ccc3644f9779235153d23db - Path: Assets/Scripts/Logistics/Container.cs - Importer: PreviewImporter' with importer (PreviewImporter)
Imported 'GUID: cf7ef7446ccc3644f9779235153d23db' -> (Import Result ID: '00000000000000000000000000000000') in 0.000 seconds
Import Error Code:(4)
Message: Build asset version error: assets/scripts/logistics/container.cs in SourceAssetDB has modification time of '2026-08-29T04:31:09.9799258Z' while content on disk has modification time of '2026-08-29T04:31:20.73Z'
  ERROR: Build asset version error: assets/scripts/logistics/container.cs in SourceAssetDB has modification time of '2026-08-29T04:31:09.9799258Z' while content on disk has modification time of '2026-08-29T04:31:20.73Z'
Number of updated asset objects reloaded before import = 0
Number of asset objects unloaded after import = 0
========================================================================
Received Import Request.
  Time of request: 2026-08-29T04:31:29.047153Z
  Time since last request: 0.0063745 seconds.
  importAddress: GUID: cf7ef7446ccc3644f9779235153d23db - Path: Assets/Scripts/Logistics/Container.cs - Importer: PreviewImporter
Importing 'GUID: cf7ef7446ccc3644f9779235153d23db - Path: Assets/Scripts/Logistics/Container.cs - Importer: PreviewImporter' with importer (PreviewImporter)
Imported 'GUID: cf7ef7446ccc3644f9779235153d23db' -> (Import Result ID: '00000000000000000000000000000000') in 0.000 seconds
Import Error Code:(4)
Message: Build asset version error: assets/scripts/logistics/container.cs in SourceAssetDB has modification time of '2026-08-29T04:31:09.9799258Z' while content on disk has modification time of '2026-08-29T04:31:20.73Z'
  ERROR: Build asset version error: assets/scripts/logistics/container.cs in SourceAssetDB has modification time of '2026-08-29T04:31:09.9799258Z' while content on disk has modification time of '2026-08-29T04:31:20.73Z'
Number of updated asset objects reloaded before import = 0
Number of asset objects unloaded after import = 0
========================================================================
Received Import Request.
  Time of request: 2026-08-29T04:31:29.0644667Z
  Time since last request: 0.0052268 seconds.
  importAddress: GUID: cf7ef7446ccc3644f9779235153d23db - Path: Assets/Scripts/Logistics/Container.cs - Importer: PreviewImporter
Importing 'GUID: cf7ef7446ccc3644f9779235153d23db - Path: Assets/Scripts/Logistics/Container.cs - Importer: PreviewImporter' with importer (PreviewImporter)
Imported 'GUID: cf7ef7446ccc3644f9779235153d23db' -> (Import Result ID: '00000000000000000000000000000000') in 0.000 seconds
Import Error Code:(4)
Message: Build asset version error: assets/scripts/logistics/container.cs in SourceAssetDB has modification time of '2026-08-29T04:31:09.9799258Z' while content on disk has modification time of '2026-08-29T04:31:20.73Z'
  ERROR: Build asset version error: assets/scripts/logistics/container.cs in SourceAssetDB has modification time of '2026-08-29T04:31:09.9799258Z' while content on disk has modification time of '2026-08-29T04:31:20.73Z'
Number of updated asset objects reloaded before import = 0
Number of asset objects unloaded after import = 0
========================================================================
Received Import Request.
  Time of request: 2026-08-29T04:31:29.0830357Z
  Time since last request: 0.0057819 seconds.
  importAddress: GUID: cf7ef7446ccc3644f9779235153d23db - Path: Assets/Scripts/Logistics/Container.cs - Importer: PreviewImporter
Importing 'GUID: cf7ef7446ccc3644f9779235153d23db - Path: Assets/Scripts/Logistics/Container.cs - Importer: PreviewImporter' with importer (PreviewImporter)
Imported 'GUID: cf7ef7446ccc3644f9779235153d23db' -> (Import Result ID: '00000000000000000000000000000000') in 0.001 seconds
Import Error Code:(4)
Message: Build asset version error: assets/scripts/logistics/container.cs in SourceAssetDB has modification time of '2026-08-29T04:31:09.9799258Z' while content on disk has modification time of '2026-08-29T04:31:20.73Z'
  ERROR: Build asset version error: assets/scripts/logistics/container.cs in SourceAssetDB has modification time of '2026-08-29T04:31:09.9799258Z' while content on disk has modification time of '2026-08-29T04:31:20.73Z'
Number of updated asset objects reloaded before import = 0
Number of asset objects unloaded after import = 0
========================================================================
Received Import Request.
  Time of request: 2026-08-29T04:31:29.101755Z
  Time since last request: 0.0046164 seconds.
  importAddress: GUID: cf7ef7446ccc3644f9779235153d23db - Path: Assets/Scripts/Logistics/Container.cs - Importer: PreviewImporter
Importing 'GUID: cf7ef7446ccc3644f9779235153d23db - Path: Assets/Scripts/Logistics/Container.cs - Importer: PreviewImporter' with importer (PreviewImporter)
Imported 'GUID: cf7ef7446ccc3644f9779235153d23db' -> (Import Result ID: '00000000000000000000000000000000') in 0.001 seconds
Import Error Code:(4)
Message: Build asset version error: assets/scripts/logistics/container.cs in SourceAssetDB has modification time of '2026-08-29T04:31:09.9799258Z' while content on disk has modification time of '2026-08-29T04:31:20.73Z'
  ERROR: Build asset version error: assets/scripts/logistics/container.cs in SourceAssetDB has modification time of '2026-08-29T04:31:09.9799258Z' while content on disk has modification time of '2026-08-29T04:31:20.73Z'
Number of updated asset objects reloaded before import = 0
Number of asset objects unloaded after import = 0
========================================================================
Received Import Request.
  Time of request: 2026-08-29T04:31:29.1202833Z
  Time since last request: 0.0040103 seconds.
  importAddress: GUID: cf7ef7446ccc3644f9779235153d23db - Path: Assets/Scripts/Logistics/Container.cs - Importer: PreviewImporter
Importing 'GUID: cf7ef7446ccc3644f9779235153d23db - Path: Assets/Scripts/Logistics/Container.cs - Importer: PreviewImporter' with importer (PreviewImporter)
Imported 'GUID: cf7ef7446ccc3644f9779235153d23db' -> (Import Result ID: '00000000000000000000000000000000') in 0.001 seconds
Import Error Code:(4)
Message: Build asset version error: assets/scripts/logistics/container.cs in SourceAssetDB has modification time of '2026-08-29T04:31:09.9799258Z' while content on disk has modification time of '2026-08-29T04:31:20.73Z'
  ERROR: Build asset version error: assets/scripts/logistics/container.cs in SourceAssetDB has modification time of '2026-08-29T04:31:09.9799258Z' while content on disk has modification time of '2026-08-29T04:31:20.73Z'
Number of updated asset objects reloaded before import = 0
Number of asset objects unloaded after import = 0
========================================================================
Received Import Request.
  Time of request: 2026-08-29T04:31:29.1396583Z
  Time since last request: 0.0051437 seconds.
  importAddress: GUID: cf7ef7446ccc3644f9779235153d23db - Path: Assets/Scripts/Logistics/Container.cs - Importer: PreviewImporter
Importing 'GUID: cf7ef7446ccc3644f9779235153d23db - Path: Assets/Scripts/Logistics/Container.cs - Importer: PreviewImporter' with importer (PreviewImporter)
Imported 'GUID: cf7ef7446ccc3644f9779235153d23db' -> (Import Result ID: '00000000000000000000000000000000') in 0.000 seconds
Import Error Code:(4)
Message: Build asset version error: assets/scripts/logistics/container.cs in SourceAssetDB has modification time of '2026-08-29T04:31:09.9799258Z' while content on disk has modification time of '2026-08-29T04:31:20.73Z'
  ERROR: Build asset version error: assets/scripts/logistics/container.cs in SourceAssetDB has modification time of '2026-08-29T04:31:09.9799258Z' while content on disk has modification time of '2026-08-29T04:31:20.73Z'
Number of updated asset objects reloaded before import = 0
Number of asset objects unloaded after import = 0
========================================================================
Received Import Request.
  Time of request: 2026-08-29T04:31:29.1582096Z
  Time since last request: 0.0061452 seconds.
  importAddress: GUID: cf7ef7446ccc3644f9779235153d23db - Path: Assets/Scripts/Logistics/Container.cs - Importer: PreviewImporter
Importing 'GUID: cf7ef7446ccc3644f9779235153d23db - Path: Assets/Scripts/Logistics/Container.cs - Importer: PreviewImporter' with importer (PreviewImporter)
Imported 'GUID: cf7ef7446ccc3644f9779235153d23db' -> (Import Result ID: '00000000000000000000000000000000') in 0.001 seconds
Import Error Code:(4)
Message: Build asset version error: assets/scripts/logistics/container.cs in SourceAssetDB has modification time of '2026-08-29T04:31:09.9799258Z' while content on disk has modification time of '2026-08-29T04:31:20.73Z'
  ERROR: Build asset version error: assets/scripts/logistics/container.cs in SourceAssetDB has modification time of '2026-08-29T04:31:09.9799258Z' while content on disk has modification time of '2026-08-29T04:31:20.73Z'
Number of updated asset objects reloaded before import = 0
Number of asset objects unloaded after import = 0
========================================================================
Received Import Request.
  Time of request: 2026-08-29T04:31:29.1772064Z
  Time since last request: 0.0044424 seconds.
  importAddress: GUID: cf7ef7446ccc3644f9779235153d23db - Path: Assets/Scripts/Logistics/Container.cs - Importer: PreviewImporter
Importing 'GUID: cf7ef7446ccc3644f9779235153d23db - Path: Assets/Scripts/Logistics/Container.cs - Importer: PreviewImporter' with importer (PreviewImporter)
Imported 'GUID: cf7ef7446ccc3644f9779235153d23db' -> (Import Result ID: '00000000000000000000000000000000') in 0.001 seconds
Import Error Code:(4)
Message: Build asset version error: assets/scripts/logistics/container.cs in SourceAssetDB has modification time of '2026-08-29T04:31:09.9799258Z' while content on disk has modification time of '2026-08-29T04:31:20.73Z'
  ERROR: Build asset version error: assets/scripts/logistics/container.cs in SourceAssetDB has modification time of '2026-08-29T04:31:09.9799258Z' while content on disk has modification time of '2026-08-29T04:31:20.73Z'
Number of updated asset objects reloaded before import = 0
Number of asset objects unloaded after import = 0
========================================================================
Received Import Request.
  Time of request: 2026-08-29T04:31:29.1967744Z
  Time since last request: 0.0052592 seconds.
  importAddress: GUID: cf7ef7446ccc3644f9779235153d23db - Path: Assets/Scripts/Logistics/Container.cs - Importer: PreviewImporter
Importing 'GUID: cf7ef7446ccc3644f9779235153d23db - Path: Assets/Scripts/Logistics/Container.cs - Importer: PreviewImporter' with importer (PreviewImporter)
Imported 'GUID: cf7ef7446ccc3644f9779235153d23db' -> (Import Result ID: '00000000000000000000000000000000') in 0.000 seconds
Import Error Code:(4)
Message: Build asset version error: assets/scripts/logistics/container.cs in SourceAssetDB has modification time of '2026-08-29T04:31:09.9799258Z' while content on disk has modification time of '2026-08-29T04:31:20.73Z'
  ERROR: Build asset version error: assets/scripts/logistics/container.cs in SourceAssetDB has modification time of '2026-08-29T04:31:09.9799258Z' while content on disk has modification time of '2026-08-29T04:31:20.73Z'
Number of updated asset objects reloaded before import = 0
Number of asset objects unloaded after import = 0
========================================================================
Received Import Request.
  Time of request: 2026-08-29T04:31:29.2159569Z
  Time since last request: 0.0056052 seconds.
  importAddress: GUID: cf7ef7446ccc3644f9779235153d23db - Path: Assets/Scripts/Logistics/Container.cs - Importer: PreviewImporter
Importing 'GUID: cf7ef7446ccc3644f9779235153d23db - Path: Assets/Scripts/Logistics/Container.cs - Importer: PreviewImporter' with importer (PreviewImporter)
Imported 'GUID: cf7ef7446ccc3644f9779235153d23db' -> (Import Result ID: '00000000000000000000000000000000') in 0.000 seconds
Import Error Code:(4)
Message: Build asset version error: assets/scripts/logistics/container.cs in SourceAssetDB has modification time of '2026-08-29T04:31:09.9799258Z' while content on disk has modification time of '2026-08-29T04:31:20.73Z'
  ERROR: Build asset version error: assets/scripts/logistics/container.cs in SourceAssetDB has modification time of '2026-08-29T04:31:09.9799258Z' while content on disk has modification time of '2026-08-29T04:31:20.73Z'
Number of updated asset objects reloaded before import = 0
Number of asset objects unloaded after import = 0
========================================================================
Received Import Request.
  Time of request: 2026-08-29T04:31:29.2361951Z
  Time since last request: 0.0062852 seconds.
  importAddress: GUID: cf7ef7446ccc3644f9779235153d23db - Path: Assets/Scripts/Logistics/Container.cs - Importer: PreviewImporter
Importing 'GUID: cf7ef7446ccc3644f9779235153d23db - Path: Assets/Scripts/Logistics/Container.cs - Importer: PreviewImporter' with importer (PreviewImporter)
Imported 'GUID: cf7ef7446ccc3644f9779235153d23db' -> (Import Result ID: '00000000000000000000000000000000') in 0.000 seconds
Import Error Code:(4)
Message: Build asset version error: assets/scripts/logistics/container.cs in SourceAssetDB has modification time of '2026-08-29T04:31:09.9799258Z' while content on disk has modification time of '2026-08-29T04:31:20.73Z'
  ERROR: Build asset version error: assets/scripts/logistics/container.cs in SourceAssetDB has modification time of '2026-08-29T04:31:09.9799258Z' while content on disk has modification time of '2026-08-29T04:31:20.73Z'
Number of updated asset objects reloaded before import = 0
Number of asset objects unloaded after import = 0
========================================================================
Received Import Request.
  Time of request: 2026-08-29T04:31:29.2551735Z
  Time since last request: 0.0063227 seconds.
  importAddress: GUID: cf7ef7446ccc3644f9779235153d23db - Path: Assets/Scripts/Logistics/Container.cs - Importer: PreviewImporter
Importing 'GUID: cf7ef7446ccc3644f9779235153d23db - Path: Assets/Scripts/Logistics/Container.cs - Importer: PreviewImporter' with importer (PreviewImporter)
Imported 'GUID: cf7ef7446ccc3644f9779235153d23db' -> (Import Result ID: '00000000000000000000000000000000') in 0.001 seconds
Import Error Code:(4)
Message: Build asset version error: assets/scripts/logistics/container.cs in SourceAssetDB has modification time of '2026-08-29T04:31:09.9799258Z' while content on disk has modification time of '2026-08-29T04:31:20.73Z'
  ERROR: Build asset version error: assets/scripts/logistics/container.cs in SourceAssetDB has modification time of '2026-08-29T04:31:09.9799258Z' while content on disk has modification time of '2026-08-29T04:31:20.73Z'
Number of updated asset objects reloaded before import = 0
Number of asset objects unloaded after import = 0
========================================================================
Received Import Request.
  Time of request: 2026-08-29T04:31:29.2745925Z
  Time since last request: 0.0044927 seconds.
  importAddress: GUID: cf7ef7446ccc3644f9779235153d23db - Path: Assets/Scripts/Logistics/Container.cs - Importer: PreviewImporter
Importing 'GUID: cf7ef7446ccc3644f9779235153d23db - Path: Assets/Scripts/Logistics/Container.cs - Importer: PreviewImporter' with importer (PreviewImporter)
Imported 'GUID: cf7ef7446ccc3644f9779235153d23db' -> (Import Result ID: '00000000000000000000000000000000') in 0.001 seconds
Import Error Code:(4)
Message: Build asset version error: assets/scripts/logistics/container.cs in SourceAssetDB has modification time of '2026-08-29T04:31:09.9799258Z' while content on disk has modification time of '2026-08-29T04:31:20.73Z'
  ERROR: Build asset version error: assets/scripts/logistics/container.cs in SourceAssetDB has modification time of '2026-08-29T04:31:09.9799258Z' while content on disk has modification time of '2026-08-29T04:31:20.73Z'
Number of updated asset objects reloaded before import = 0
Number of asset objects unloaded after import = 0
========================================================================
Received Import Request.
  Time of request: 2026-08-29T04:31:29.2932127Z
  Time since last request: 0.0048336 seconds.
  importAddress: GUID: cf7ef7446ccc3644f9779235153d23db - Path: Assets/Scripts/Logistics/Container.cs - Importer: PreviewImporter
Importing 'GUID: cf7ef7446ccc3644f9779235153d23db - Path: Assets/Scripts/Logistics/Container.cs - Importer: PreviewImporter' with importer (PreviewImporter)
Imported 'GUID: cf7ef7446ccc3644f9779235153d23db' -> (Import Result ID: '00000000000000000000000000000000') in 0.001 seconds
Import Error Code:(4)
Message: Build asset version error: assets/scripts/logistics/container.cs in SourceAssetDB has modification time of '2026-08-29T04:31:09.9799258Z' while content on disk has modification time of '2026-08-29T04:31:20.73Z'
  ERROR: Build asset version error: assets/scripts/logistics/container.cs in SourceAssetDB has modification time of '2026-08-29T04:31:09.9799258Z' while content on disk has modification time of '2026-08-29T04:31:20.73Z'
Number of updated asset objects reloaded before import = 0
Number of asset objects unloaded after import = 0
========================================================================
Received Import Request.
  Time of request: 2026-08-29T04:31:29.3101007Z
  Time since last request: 0.0020143 seconds.
  importAddress: GUID: cf7ef7446ccc3644f9779235153d23db - Path: Assets/Scripts/Logistics/Container.cs - Importer: PreviewImporter
Importing 'GUID: cf7ef7446ccc3644f9779235153d23db - Path: Assets/Scripts/Logistics/Container.cs - Importer: PreviewImporter' with importer (PreviewImporter)
Imported 'GUID: cf7ef7446ccc3644f9779235153d23db' -> (Import Result ID: '00000000000000000000000000000000') in 0.001 seconds
Import Error Code:(4)
Message: Build asset version error: assets/scripts/logistics/container.cs in SourceAssetDB has modification time of '2026-08-29T04:31:09.9799258Z' while content on disk has modification time of '2026-08-29T04:31:20.73Z'
  ERROR: Build asset version error: assets/scripts/logistics/container.cs in SourceAssetDB has modification time of '2026-08-29T04:31:09.9799258Z' while content on disk has modification time of '2026-08-29T04:31:20.73Z'
Number of updated asset objects reloaded before import = 0
Number of asset objects unloaded after import = 0
========================================================================
Received Import Request.
  Time of request: 2026-08-29T04:31:29.330922Z
  Time since last request: 0.0078134 seconds.
  importAddress: GUID: cf7ef7446ccc3644f9779235153d23db - Path: Assets/Scripts/Logistics/Container.cs - Importer: PreviewImporter
Importing 'GUID: cf7ef7446ccc3644f9779235153d23db - Path: Assets/Scripts/Logistics/Container.cs - Importer: PreviewImporter' with importer (PreviewImporter)
Imported 'GUID: cf7ef7446ccc3644f9779235153d23db' -> (Import Result ID: '00000000000000000000000000000000') in 0.001 seconds
Import Error Code:(4)
Message: Build asset version error: assets/scripts/logistics/container.cs in SourceAssetDB has modification time of '2026-08-29T04:31:09.9799258Z' while content on disk has modification time of '2026-08-29T04:31:20.73Z'
  ERROR: Build asset version error: assets/scripts/logistics/container.cs in SourceAssetDB has modification time of '2026-08-29T04:31:09.9799258Z' while content on disk has modification time of '2026-08-29T04:31:20.73Z'
Number of updated asset objects reloaded before import = 0
Number of asset objects unloaded after import = 0
========================================================================
Received Import Request.
  Time of request: 2026-08-29T04:31:29.3471229Z
  Time since last request: 0.0025096 seconds.
  importAddress: GUID: cf7ef7446ccc3644f9779235153d23db - Path: Assets/Scripts/Logistics/Container.cs - Importer: PreviewImporter
Importing 'GUID: cf7ef7446ccc3644f9779235153d23db - Path: Assets/Scripts/Logistics/Container.cs - Importer: PreviewImporter' with importer (PreviewImporter)
Imported 'GUID: cf7ef7446ccc3644f9779235153d23db' -> (Import Result ID: '00000000000000000000000000000000') in 0.001 seconds
Import Error Code:(4)
Message: Build asset version error: assets/scripts/logistics/container.cs in SourceAssetDB has modification time of '2026-08-29T04:31:09.9799258Z' while content on disk has modification time of '2026-08-29T04:31:20.73Z'
  ERROR: Build asset version error: assets/scripts/logistics/container.cs in SourceAssetDB has modification time of '2026-08-29T04:31:09.9799258Z' while content on disk has modification time of '2026-08-29T04:31:20.73Z'
Number of updated asset objects reloaded before import = 0
Number of asset objects unloaded after import = 0
========================================================================
Received Import Request.
  Time of request: 2026-08-29T04:31:29.3693195Z
  Time since last request: 0.0087413 seconds.
  importAddress: GUID: cf7ef7446ccc3644f9779235153d23db - Path: Assets/Scripts/Logistics/Container.cs - Importer: PreviewImporter
Importing 'GUID: cf7ef7446ccc3644f9779235153d23db - Path: Assets/Scripts/Logistics/Container.cs - Importer: PreviewImporter' with importer (PreviewImporter)
Imported 'GUID: cf7ef7446ccc3644f9779235153d23db' -> (Import Result ID: '00000000000000000000000000000000') in 0.001 seconds
Import Error Code:(4)
Message: Build asset version error: assets/scripts/logistics/container.cs in SourceAssetDB has modification time of '2026-08-29T04:31:09.9799258Z' while content on disk has modification time of '2026-08-29T04:31:20.73Z'
  ERROR: Build asset version error: assets/scripts/logistics/container.cs in SourceAssetDB has modification time of '2026-08-29T04:31:09.9799258Z' while content on disk has modification time of '2026-08-29T04:31:20.73Z'
Number of updated asset objects reloaded before import = 0
Number of asset objects unloaded after import = 0
========================================================================
Received Import Request.
  Time of request: 2026-08-29T04:31:29.3864858Z
  Time since last request: 0.0030744 seconds.
  importAddress: GUID: cf7ef7446ccc3644f9779235153d23db - Path: Assets/Scripts/Logistics/Container.cs - Importer: PreviewImporter
Importing 'GUID: cf7ef7446ccc3644f9779235153d23db - Path: Assets/Scripts/Logistics/Container.cs - Importer: PreviewImporter' with importer (PreviewImporter)
Imported 'GUID: cf7ef7446ccc3644f9779235153d23db' -> (Import Result ID: '00000000000000000000000000000000') in 0.001 seconds
Import Error Code:(4)
Message: Build asset version error: assets/scripts/logistics/container.cs in SourceAssetDB has modification time of '2026-08-29T04:31:09.9799258Z' while content on disk has modification time of '2026-08-29T04:31:20.73Z'
  ERROR: Build asset version error: assets/scripts/logistics/container.cs in SourceAssetDB has modification time of '2026-08-29T04:31:09.9799258Z' while content on disk has modification time of '2026-08-29T04:31:20.73Z'
Number of updated asset objects reloaded before import = 0
Number of asset objects unloaded after import = 0
========================================================================
Received Import Request.
  Time of request: 2026-08-29T04:31:29.4086312Z
  Time since last request: 0.0106544 seconds.
  importAddress: GUID: cf7ef7446ccc3644f9779235153d23db - Path: Assets/Scripts/Logistics/Container.cs - Importer: PreviewImporter
Importing 'GUID: cf7ef7446ccc3644f9779235153d23db - Path: Assets/Scripts/Logistics/Container.cs - Importer: PreviewImporter' with importer (PreviewImporter)
Imported 'GUID: cf7ef7446ccc3644f9779235153d23db' -> (Import Result ID: '00000000000000000000000000000000') in 0.001 seconds
Import Error Code:(4)
Message: Build asset version error: assets/scripts/logistics/container.cs in SourceAssetDB has modification time of '2026-08-29T04:31:09.9799258Z' while content on disk has modification time of '2026-08-29T04:31:20.73Z'
  ERROR: Build asset version error: assets/scripts/logistics/container.cs in SourceAssetDB has modification time of '2026-08-29T04:31:09.9799258Z' while content on disk has modification time of '2026-08-29T04:31:20.73Z'
Number of updated asset objects reloaded before import = 0
Number of asset objects unloaded after import = 0
========================================================================
Received Import Request.
  Time of request: 2026-08-29T04:31:29.4262109Z
  Time since last request: 0.003392 seconds.
  importAddress: GUID: cf7ef7446ccc3644f9779235153d23db - Path: Assets/Scripts/Logistics/Container.cs - Importer: PreviewImporter
Importing 'GUID: cf7ef7446ccc3644f9779235153d23db - Path: Assets/Scripts/Logistics/Container.cs - Importer: PreviewImporter' with importer (PreviewImporter)
Imported 'GUID: cf7ef7446ccc3644f9779235153d23db' -> (Import Result ID: '00000000000000000000000000000000') in 0.001 seconds
Import Error Code:(4)
Message: Build asset version error: assets/scripts/logistics/container.cs in SourceAssetDB has modification time of '2026-08-29T04:31:09.9799258Z' while content on disk has modification time of '2026-08-29T04:31:20.73Z'
  ERROR: Build asset version error: assets/scripts/logistics/container.cs in SourceAssetDB has modification time of '2026-08-29T04:31:09.9799258Z' while content on disk has modification time of '2026-08-29T04:31:20.73Z'
Number of updated asset objects reloaded before import = 0
Number of asset objects unloaded after import = 0
========================================================================
Received Import Request.
  Time of request: 2026-08-29T04:31:29.4443295Z
  Time since last request: 0.0042772 seconds.
  importAddress: GUID: cf7ef7446ccc3644f9779235153d23db - Path: Assets/Scripts/Logistics/Container.cs - Importer: PreviewImporter
Importing 'GUID: cf7ef7446ccc3644f9779235153d23db - Path: Assets/Scripts/Logistics/Container.cs - Importer: PreviewImporter' with importer (PreviewImporter)
Imported 'GUID: cf7ef7446ccc3644f9779235153d23db' -> (Import Result ID: '00000000000000000000000000000000') in 0.000 seconds
Import Error Code:(4)
Message: Build asset version error: assets/scripts/logistics/container.cs in SourceAssetDB has modification time of '2026-08-29T04:31:09.9799258Z' while content on disk has modification time of '2026-08-29T04:31:20.73Z'
  ERROR: Build asset version error: assets/scripts/logistics/container.cs in SourceAssetDB has modification time of '2026-08-29T04:31:09.9799258Z' while content on disk has modification time of '2026-08-29T04:31:20.73Z'
Number of updated asset objects reloaded before import = 0
Number of asset objects unloaded after import = 0
========================================================================
Received Import Request.
  Time of request: 2026-08-29T04:31:29.4614731Z
  Time since last request: 0.0045805 seconds.
  importAddress: GUID: cf7ef7446ccc3644f9779235153d23db - Path: Assets/Scripts/Logistics/Container.cs - Importer: PreviewImporter
Importing 'GUID: cf7ef7446ccc3644f9779235153d23db - Path: Assets/Scripts/Logistics/Container.cs - Importer: PreviewImporter' with importer (PreviewImporter)
Imported 'GUID: cf7ef7446ccc3644f9779235153d23db' -> (Import Result ID: '00000000000000000000000000000000') in 0.001 seconds
Import Error Code:(4)
Message: Build asset version error: assets/scripts/logistics/container.cs in SourceAssetDB has modification time of '2026-08-29T04:31:09.9799258Z' while content on disk has modification time of '2026-08-29T04:31:20.73Z'
  ERROR: Build asset version error: assets/scripts/logistics/container.cs in SourceAssetDB has modification time of '2026-08-29T04:31:09.9799258Z' while content on disk has modification time of '2026-08-29T04:31:20.73Z'
Number of updated asset objects reloaded before import = 0
Number of asset objects unloaded after import = 0
========================================================================
Received Import Request.
  Time of request: 2026-08-29T04:31:29.4799504Z
  Time since last request: 0.0034778 seconds.
  importAddress: GUID: cf7ef7446ccc3644f9779235153d23db - Path: Assets/Scripts/Logistics/Container.cs - Importer: PreviewImporter
Importing 'GUID: cf7ef7446ccc3644f9779235153d23db - Path: Assets/Scripts/Logistics/Container.cs - Importer: PreviewImporter' with importer (PreviewImporter)
Imported 'GUID: cf7ef7446ccc3644f9779235153d23db' -> (Import Result ID: '00000000000000000000000000000000') in 0.001 seconds
Import Error Code:(4)
Message: Build asset version error: assets/scripts/logistics/container.cs in SourceAssetDB has modification time of '2026-08-29T04:31:09.9799258Z' while content on disk has modification time of '2026-08-29T04:31:20.73Z'
  ERROR: Build asset version error: assets/scripts/logistics/container.cs in SourceAssetDB has modification time of '2026-08-29T04:31:09.9799258Z' while content on disk has modification time of '2026-08-29T04:31:20.73Z'
Number of updated asset objects reloaded before import = 0
Number of asset objects unloaded after import = 0
========================================================================
Received Import Request.
  Time of request: 2026-08-29T04:31:29.5048433Z
  Time since last request: 0.0098335 seconds.
  importAddress: GUID: cf7ef7446ccc3644f9779235153d23db - Path: Assets/Scripts/Logistics/Container.cs - Importer: PreviewImporter
Importing 'GUID: cf7ef7446ccc3644f9779235153d23db - Path: Assets/Scripts/Logistics/Container.cs - Importer: PreviewImporter' with importer (PreviewImporter)
Imported 'GUID: cf7ef7446ccc3644f9779235153d23db' -> (Import Result ID: '00000000000000000000000000000000') in 0.000 seconds
Import Error Code:(4)
Message: Build asset version error: assets/scripts/logistics/container.cs in SourceAssetDB has modification time of '2026-08-29T04:31:09.9799258Z' while content on disk has modification time of '2026-08-29T04:31:20.73Z'
  ERROR: Build asset version error: assets/scripts/logistics/container.cs in SourceAssetDB has modification time of '2026-08-29T04:31:09.9799258Z' while content on disk has modification time of '2026-08-29T04:31:20.73Z'
Number of updated asset objects reloaded before import = 0
Number of asset objects unloaded after import = 0
========================================================================
Received Import Request.
  Time of request: 2026-08-29T04:31:29.5215257Z
  Time since last request: 0.0046027 seconds.
  importAddress: GUID: cf7ef7446ccc3644f9779235153d23db - Path: Assets/Scripts/Logistics/Container.cs - Importer: PreviewImporter
Importing 'GUID: cf7ef7446ccc3644f9779235153d23db - Path: Assets/Scripts/Logistics/Container.cs - Importer: PreviewImporter' with importer (PreviewImporter)
Imported 'GUID: cf7ef7446ccc3644f9779235153d23db' -> (Import Result ID: '00000000000000000000000000000000') in 0.001 seconds
Import Error Code:(4)
Message: Build asset version error: assets/scripts/logistics/container.cs in SourceAssetDB has modification time of '2026-08-29T04:31:09.9799258Z' while content on disk has modification time of '2026-08-29T04:31:20.73Z'
  ERROR: Build asset version error: assets/scripts/logistics/container.cs in SourceAssetDB has modification time of '2026-08-29T04:31:09.9799258Z' while content on disk has modification time of '2026-08-29T04:31:20.73Z'
Number of updated asset objects reloaded before import = 0
Number of asset objects unloaded after import = 0
========================================================================
Received Import Request.
  Time of request: 2026-08-29T04:31:29.5402102Z
  Time since last request: 0.0040108 seconds.
  importAddress: GUID: cf7ef7446ccc3644f9779235153d23db - Path: Assets/Scripts/Logistics/Container.cs - Importer: PreviewImporter
Importing 'GUID: cf7ef7446ccc3644f9779235153d23db - Path: Assets/Scripts/Logistics/Container.cs - Importer: PreviewImporter' with importer (PreviewImporter)
Imported 'GUID: cf7ef7446ccc3644f9779235153d23db' -> (Import Result ID: '00000000000000000000000000000000') in 0.001 seconds
Import Error Code:(4)
Message: Build asset version error: assets/scripts/logistics/container.cs in SourceAssetDB has modification time of '2026-08-29T04:31:09.9799258Z' while content on disk has modification time of '2026-08-29T04:31:20.73Z'
  ERROR: Build asset version error: assets/scripts/logistics/container.cs in SourceAssetDB has modification time of '2026-08-29T04:31:09.9799258Z' while content on disk has modification time of '2026-08-29T04:31:20.73Z'
Number of updated asset objects reloaded before import = 0
Number of asset objects unloaded after import = 0
========================================================================
Received Import Request.
  Time of request: 2026-08-29T04:31:29.5587931Z
  Time since last request: 0.0041678 seconds.
  importAddress: GUID: cf7ef7446ccc3644f9779235153d23db - Path: Assets/Scripts/Logistics/Container.cs - Importer: PreviewImporter
Importing 'GUID: cf7ef7446ccc3644f9779235153d23db - Path: Assets/Scripts/Logistics/Container.cs - Importer: PreviewImporter' with importer (PreviewImporter)
Imported 'GUID: cf7ef7446ccc3644f9779235153d23db' -> (Import Result ID: '00000000000000000000000000000000') in 0.001 seconds
Import Error Code:(4)
Message: Build asset version error: assets/scripts/logistics/container.cs in SourceAssetDB has modification time of '2026-08-29T04:31:09.9799258Z' while content on disk has modification time of '2026-08-29T04:31:20.73Z'
  ERROR: Build asset version error: assets/scripts/logistics/container.cs in SourceAssetDB has modification time of '2026-08-29T04:31:09.9799258Z' while content on disk has modification time of '2026-08-29T04:31:20.73Z'
Number of updated asset objects reloaded before import = 0
Number of asset objects unloaded after import = 0
========================================================================
Received Import Request.
  Time of request: 2026-08-29T04:31:29.5768561Z
  Time since last request: 0.0037355 seconds.
  importAddress: GUID: cf7ef7446ccc3644f9779235153d23db - Path: Assets/Scripts/Logistics/Container.cs - Importer: PreviewImporter
Importing 'GUID: cf7ef7446ccc3644f9779235153d23db - Path: Assets/Scripts/Logistics/Container.cs - Importer: PreviewImporter' with importer (PreviewImporter)
Imported 'GUID: cf7ef7446ccc3644f9779235153d23db' -> (Import Result ID: '00000000000000000000000000000000') in 0.001 seconds
Import Error Code:(4)
Message: Build asset version error: assets/scripts/logistics/container.cs in SourceAssetDB has modification time of '2026-08-29T04:31:09.9799258Z' while content on disk has modification time of '2026-08-29T04:31:20.73Z'
  ERROR: Build asset version error: assets/scripts/logistics/container.cs in SourceAssetDB has modification time of '2026-08-29T04:31:09.9799258Z' while content on disk has modification time of '2026-08-29T04:31:20.73Z'
Number of updated asset objects reloaded before import = 0
Number of asset objects unloaded after import = 0
========================================================================
Received Import Request.
  Time of request: 2026-08-29T04:31:29.5934109Z
  Time since last request: 0.0035811 seconds.
  importAddress: GUID: cf7ef7446ccc3644f9779235153d23db - Path: Assets/Scripts/Logistics/Container.cs - Importer: PreviewImporter
Importing 'GUID: cf7ef7446ccc3644f9779235153d23db - Path: Assets/Scripts/Logistics/Container.cs - Importer: PreviewImporter' with importer (PreviewImporter)
Imported 'GUID: cf7ef7446ccc3644f9779235153d23db' -> (Import Result ID: '00000000000000000000000000000000') in 0.000 seconds
Import Error Code:(4)
Message: Build asset version error: assets/scripts/logistics/container.cs in SourceAssetDB has modification time of '2026-08-29T04:31:09.9799258Z' while content on disk has modification time of '2026-08-29T04:31:20.73Z'
  ERROR: Build asset version error: assets/scripts/logistics/container.cs in SourceAssetDB has modification time of '2026-08-29T04:31:09.9799258Z' while content on disk has modification time of '2026-08-29T04:31:20.73Z'
Number of updated asset objects reloaded before import = 0
Number of asset objects unloaded after import = 0
========================================================================
Received Import Request.
  Time of request: 2026-08-29T04:31:29.61126Z
  Time since last request: 0.0048898 seconds.
  importAddress: GUID: cf7ef7446ccc3644f9779235153d23db - Path: Assets/Scripts/Logistics/Container.cs - Importer: PreviewImporter
Importing 'GUID: cf7ef7446ccc3644f9779235153d23db - Path: Assets/Scripts/Logistics/Container.cs - Importer: PreviewImporter' with importer (PreviewImporter)
Imported 'GUID: cf7ef7446ccc3644f9779235153d23db' -> (Import Result ID: '00000000000000000000000000000000') in 0.001 seconds
Import Error Code:(4)
Message: Build asset version error: assets/scripts/logistics/container.cs in SourceAssetDB has modification time of '2026-08-29T04:31:09.9799258Z' while content on disk has modification time of '2026-08-29T04:31:20.73Z'
  ERROR: Build asset version error: assets/scripts/logistics/container.cs in SourceAssetDB has modification time of '2026-08-29T04:31:09.9799258Z' while content on disk has modification time of '2026-08-29T04:31:20.73Z'
Number of updated asset objects reloaded before import = 0
Number of asset objects unloaded after import = 0
========================================================================
Received Import Request.
  Time of request: 2026-08-29T04:31:29.6295995Z
  Time since last request: 0.0060758 seconds.
  importAddress: GUID: cf7ef7446ccc3644f9779235153d23db - Path: Assets/Scripts/Logistics/Container.cs - Importer: PreviewImporter
Importing 'GUID: cf7ef7446ccc3644f9779235153d23db - Path: Assets/Scripts/Logistics/Container.cs - Importer: PreviewImporter' with importer (PreviewImporter)
Imported 'GUID: cf7ef7446ccc3644f9779235153d23db' -> (Import Result ID: '00000000000000000000000000000000') in 0.001 seconds
Import Error Code:(4)
Message: Build asset version error: assets/scripts/logistics/container.cs in SourceAssetDB has modification time of '2026-08-29T04:31:09.9799258Z' while content on disk has modification time of '2026-08-29T04:31:20.73Z'
  ERROR: Build asset version error: assets/scripts/logistics/container.cs in SourceAssetDB has modification time of '2026-08-29T04:31:09.9799258Z' while content on disk has modification time of '2026-08-29T04:31:20.73Z'
Number of updated asset objects reloaded before import = 0
Number of asset objects unloaded after import = 0
========================================================================
Received Import Request.
  Time of request: 2026-08-29T04:31:29.6484433Z
  Time since last request: 0.0041836 seconds.
  importAddress: GUID: cf7ef7446ccc3644f9779235153d23db - Path: Assets/Scripts/Logistics/Container.cs - Importer: PreviewImporter
Importing 'GUID: cf7ef7446ccc3644f9779235153d23db - Path: Assets/Scripts/Logistics/Container.cs - Importer: PreviewImporter' with importer (PreviewImporter)
Imported 'GUID: cf7ef7446ccc3644f9779235153d23db' -> (Import Result ID: '00000000000000000000000000000000') in 0.001 seconds
Import Error Code:(4)
Message: Build asset version error: assets/scripts/logistics/container.cs in SourceAssetDB has modification time of '2026-08-29T04:31:09.9799258Z' while content on disk has modification time of '2026-08-29T04:31:20.73Z'
  ERROR: Build asset version error: assets/scripts/logistics/container.cs in SourceAssetDB has modification time of '2026-08-29T04:31:09.9799258Z' while content on disk has modification time of '2026-08-29T04:31:20.73Z'
Number of updated asset objects reloaded before import = 0
Number of asset objects unloaded after import = 0
========================================================================
Received Import Request.
  Time of request: 2026-08-29T04:31:29.6659463Z
  Time since last request: 0.0035153 seconds.
  importAddress: GUID: cf7ef7446ccc3644f9779235153d23db - Path: Assets/Scripts/Logistics/Container.cs - Importer: PreviewImporter
Importing 'GUID: cf7ef7446ccc3644f9779235153d23db - Path: Assets/Scripts/Logistics/Container.cs - Importer: PreviewImporter' with importer (PreviewImporter)
Imported 'GUID: cf7ef7446ccc3644f9779235153d23db' -> (Import Result ID: '00000000000000000000000000000000') in 0.001 seconds
Import Error Code:(4)
Message: Build asset version error: assets/scripts/logistics/container.cs in SourceAssetDB has modification time of '2026-08-29T04:31:09.9799258Z' while content on disk has modification time of '2026-08-29T04:31:20.73Z'
  ERROR: Build asset version error: assets/scripts/logistics/container.cs in SourceAssetDB has modification time of '2026-08-29T04:31:09.9799258Z' while content on disk has modification time of '2026-08-29T04:31:20.73Z'
Number of updated asset objects reloaded before import = 0
Number of asset objects unloaded after import = 0
========================================================================
Received Import Request.
  Time of request: 2026-08-29T04:31:29.6832006Z
  Time since last request: 0.0038906 seconds.
  importAddress: GUID: cf7ef7446ccc3644f9779235153d23db - Path: Assets/Scripts/Logistics/Container.cs - Importer: PreviewImporter
Importing 'GUID: cf7ef7446ccc3644f9779235153d23db - Path: Assets/Scripts/Logistics/Container.cs - Importer: PreviewImporter' with importer (PreviewImporter)
Imported 'GUID: cf7ef7446ccc3644f9779235153d23db' -> (Import Result ID: '00000000000000000000000000000000') in 0.001 seconds
Import Error Code:(4)
Message: Build asset version error: assets/scripts/logistics/container.cs in SourceAssetDB has modification time of '2026-08-29T04:31:09.9799258Z' while content on disk has modification time of '2026-08-29T04:31:20.73Z'
  ERROR: Build asset version error: assets/scripts/logistics/container.cs in SourceAssetDB has modification time of '2026-08-29T04:31:09.9799258Z' while content on disk has modification time of '2026-08-29T04:31:20.73Z'
Number of updated asset objects reloaded before import = 0
Number of asset objects unloaded after import = 0
========================================================================
Received Import Request.
  Time of request: 2026-08-29T04:31:29.701403Z
  Time since last request: 0.0036039 seconds.
  importAddress: GUID: cf7ef7446ccc3644f9779235153d23db - Path: Assets/Scripts/Logistics/Container.cs - Importer: PreviewImporter
Importing 'GUID: cf7ef7446ccc3644f9779235153d23db - Path: Assets/Scripts/Logistics/Container.cs - Importer: PreviewImporter' with importer (PreviewImporter)
Imported 'GUID: cf7ef7446ccc3644f9779235153d23db' -> (Import Result ID: '00000000000000000000000000000000') in 0.000 seconds
Import Error Code:(4)
Message: Build asset version error: assets/scripts/logistics/container.cs in SourceAssetDB has modification time of '2026-08-29T04:31:09.9799258Z' while content on disk has modification time of '2026-08-29T04:31:20.73Z'
  ERROR: Build asset version error: assets/scripts/logistics/container.cs in SourceAssetDB has modification time of '2026-08-29T04:31:09.9799258Z' while content on disk has modification time of '2026-08-29T04:31:20.73Z'
Number of updated asset objects reloaded before import = 0
Number of asset objects unloaded after import = 0
========================================================================
Received Import Request.
  Time of request: 2026-08-29T04:31:29.7214423Z
  Time since last request: 0.0049411 seconds.
  importAddress: GUID: cf7ef7446ccc3644f9779235153d23db - Path: Assets/Scripts/Logistics/Container.cs - Importer: PreviewImporter
Importing 'GUID: cf7ef7446ccc3644f9779235153d23db - Path: Assets/Scripts/Logistics/Container.cs - Importer: PreviewImporter' with importer (PreviewImporter)
Imported 'GUID: cf7ef7446ccc3644f9779235153d23db' -> (Import Result ID: '00000000000000000000000000000000') in 0.001 seconds
Import Error Code:(4)
Message: Build asset version error: assets/scripts/logistics/container.cs in SourceAssetDB has modification time of '2026-08-29T04:31:09.9799258Z' while content on disk has modification time of '2026-08-29T04:31:20.73Z'
  ERROR: Build asset version error: assets/scripts/logistics/container.cs in SourceAssetDB has modification time of '2026-08-29T04:31:09.9799258Z' while content on disk has modification time of '2026-08-29T04:31:20.73Z'
Number of updated asset objects reloaded before import = 0
Number of asset objects unloaded after import = 0
========================================================================
Received Import Request.
  Time of request: 2026-08-29T04:31:29.7362689Z
  Time since last request: 0.0021924 seconds.
  importAddress: GUID: cf7ef7446ccc3644f9779235153d23db - Path: Assets/Scripts/Logistics/Container.cs - Importer: PreviewImporter
Importing 'GUID: cf7ef7446ccc3644f9779235153d23db - Path: Assets/Scripts/Logistics/Container.cs - Importer: PreviewImporter' with importer (PreviewImporter)
Imported 'GUID: cf7ef7446ccc3644f9779235153d23db' -> (Import Result ID: '00000000000000000000000000000000') in 0.001 seconds
Import Error Code:(4)
Message: Build asset version error: assets/scripts/logistics/container.cs in SourceAssetDB has modification time of '2026-08-29T04:31:09.9799258Z' while content on disk has modification time of '2026-08-29T04:31:20.73Z'
  ERROR: Build asset version error: assets/scripts/logistics/container.cs in SourceAssetDB has modification time of '2026-08-29T04:31:09.9799258Z' while content on disk has modification time of '2026-08-29T04:31:20.73Z'
Number of updated asset objects reloaded before import = 0
Number of asset objects unloaded after import = 0
========================================================================
Received Import Request.
  Time of request: 2026-08-29T04:31:29.7602174Z
  Time since last request: 0.0097636 seconds.
  importAddress: GUID: cf7ef7446ccc3644f9779235153d23db - Path: Assets/Scripts/Logistics/Container.cs - Importer: PreviewImporter
Importing 'GUID: cf7ef7446ccc3644f9779235153d23db - Path: Assets/Scripts/Logistics/Container.cs - Importer: PreviewImporter' with importer (PreviewImporter)
Imported 'GUID: cf7ef7446ccc3644f9779235153d23db' -> (Import Result ID: '00000000000000000000000000000000') in 0.001 seconds
Import Error Code:(4)
Message: Build asset version error: assets/scripts/logistics/container.cs in SourceAssetDB has modification time of '2026-08-29T04:31:09.9799258Z' while content on disk has modification time of '2026-08-29T04:31:20.73Z'
  ERROR: Build asset version error: assets/scripts/logistics/container.cs in SourceAssetDB has modification time of '2026-08-29T04:31:09.9799258Z' while content on disk has modification time of '2026-08-29T04:31:20.73Z'
Number of updated asset objects reloaded before import = 0
Number of asset objects unloaded after import = 0
========================================================================
Received Import Request.
  Time of request: 2026-08-29T04:31:29.7794209Z
  Time since last request: 0.003356 seconds.
  importAddress: GUID: cf7ef7446ccc3644f9779235153d23db - Path: Assets/Scripts/Logistics/Container.cs - Importer: PreviewImporter
Importing 'GUID: cf7ef7446ccc3644f9779235153d23db - Path: Assets/Scripts/Logistics/Container.cs - Importer: PreviewImporter' with importer (PreviewImporter)
Imported 'GUID: cf7ef7446ccc3644f9779235153d23db' -> (Import Result ID: '00000000000000000000000000000000') in 0.001 seconds
Import Error Code:(4)
Message: Build asset version error: assets/scripts/logistics/container.cs in SourceAssetDB has modification time of '2026-08-29T04:31:09.9799258Z' while content on disk has modification time of '2026-08-29T04:31:20.73Z'
  ERROR: Build asset version error: assets/scripts/logistics/container.cs in SourceAssetDB has modification time of '2026-08-29T04:31:09.9799258Z' while content on disk has modification time of '2026-08-29T04:31:20.73Z'
Number of updated asset objects reloaded before import = 0
Number of asset objects unloaded after import = 0
========================================================================
Received Import Request.
  Time of request: 2026-08-29T04:31:29.8084549Z
  Time since last request: 0.0147856 seconds.
  importAddress: GUID: cf7ef7446ccc3644f9779235153d23db - Path: Assets/Scripts/Logistics/Container.cs - Importer: PreviewImporter
Importing 'GUID: cf7ef7446ccc3644f9779235153d23db - Path: Assets/Scripts/Logistics/Container.cs - Importer: PreviewImporter' with importer (PreviewImporter)
Imported 'GUID: cf7ef7446ccc3644f9779235153d23db' -> (Import Result ID: '00000000000000000000000000000000') in 0.000 seconds
Import Error Code:(4)
Message: Build asset version error: assets/scripts/logistics/container.cs in SourceAssetDB has modification time of '2026-08-29T04:31:09.9799258Z' while content on disk has modification time of '2026-08-29T04:31:20.73Z'
  ERROR: Build asset version error: assets/scripts/logistics/container.cs in SourceAssetDB has modification time of '2026-08-29T04:31:09.9799258Z' while content on disk has modification time of '2026-08-29T04:31:20.73Z'
Number of updated asset objects reloaded before import = 0
Number of asset objects unloaded after import = 0
========================================================================
Received Import Request.
  Time of request: 2026-08-29T04:31:29.8283691Z
  Time since last request: 0.0069365 seconds.
  importAddress: GUID: cf7ef7446ccc3644f9779235153d23db - Path: Assets/Scripts/Logistics/Container.cs - Importer: PreviewImporter
Importing 'GUID: cf7ef7446ccc3644f9779235153d23db - Path: Assets/Scripts/Logistics/Container.cs - Importer: PreviewImporter' with importer (PreviewImporter)
Imported 'GUID: cf7ef7446ccc3644f9779235153d23db' -> (Import Result ID: '00000000000000000000000000000000') in 0.001 seconds
Import Error Code:(4)
Message: Build asset version error: assets/scripts/logistics/container.cs in SourceAssetDB has modification time of '2026-08-29T04:31:09.9799258Z' while content on disk has modification time of '2026-08-29T04:31:20.73Z'
  ERROR: Build asset version error: assets/scripts/logistics/container.cs in SourceAssetDB has modification time of '2026-08-29T04:31:09.9799258Z' while content on disk has modification time of '2026-08-29T04:31:20.73Z'
Number of updated asset objects reloaded before import = 0
Number of asset objects unloaded after import = 0
========================================================================
Received Import Request.
  Time of request: 2026-08-29T04:31:29.8460812Z
  Time since last request: 0.0041214 seconds.
  importAddress: GUID: cf7ef7446ccc3644f9779235153d23db - Path: Assets/Scripts/Logistics/Container.cs - Importer: PreviewImporter
Importing 'GUID: cf7ef7446ccc3644f9779235153d23db - Path: Assets/Scripts/Logistics/Container.cs - Importer: PreviewImporter' with importer (PreviewImporter)
Imported 'GUID: cf7ef7446ccc3644f9779235153d23db' -> (Import Result ID: '00000000000000000000000000000000') in 0.000 seconds
Import Error Code:(4)
Message: Build asset version error: assets/scripts/logistics/container.cs in SourceAssetDB has modification time of '2026-08-29T04:31:09.9799258Z' while content on disk has modification time of '2026-08-29T04:31:20.73Z'
  ERROR: Build asset version error: assets/scripts/logistics/container.cs in SourceAssetDB has modification time of '2026-08-29T04:31:09.9799258Z' while content on disk has modification time of '2026-08-29T04:31:20.73Z'
Number of updated asset objects reloaded before import = 0
Number of asset objects unloaded after import = 0
========================================================================
Received Import Request.
  Time of request: 2026-08-29T04:31:29.9225965Z
  Time since last request: 0.0656821 seconds.
  importAddress: GUID: cf7ef7446ccc3644f9779235153d23db - Path: Assets/Scripts/Logistics/Container.cs - Importer: PreviewImporter
Importing 'GUID: cf7ef7446ccc3644f9779235153d23db - Path: Assets/Scripts/Logistics/Container.cs - Importer: PreviewImporter' with importer (PreviewImporter)
Imported 'GUID: cf7ef7446ccc3644f9779235153d23db' -> (Import Result ID: '00000000000000000000000000000000') in 0.001 seconds
Import Error Code:(4)
Message: Build asset version error: assets/scripts/logistics/container.cs in SourceAssetDB has modification time of '2026-08-29T04:31:09.9799258Z' while content on disk has modification time of '2026-08-29T04:31:20.73Z'
  ERROR: Build asset version error: assets/scripts/logistics/container.cs in SourceAssetDB has modification time of '2026-08-29T04:31:09.9799258Z' while content on disk has modification time of '2026-08-29T04:31:20.73Z'
Number of updated asset objects reloaded before import = 0
Number of asset objects unloaded after import = 0
========================================================================
Received Import Request.
  Time of request: 2026-08-29T04:31:29.9501359Z
  Time since last request: 0.0126113 seconds.
  importAddress: GUID: cf7ef7446ccc3644f9779235153d23db - Path: Assets/Scripts/Logistics/Container.cs - Importer: PreviewImporter
Importing 'GUID: cf7ef7446ccc3644f9779235153d23db - Path: Assets/Scripts/Logistics/Container.cs - Importer: PreviewImporter' with importer (PreviewImporter)
Imported 'GUID: cf7ef7446ccc3644f9779235153d23db' -> (Import Result ID: '00000000000000000000000000000000') in 0.001 seconds
Import Error Code:(4)
Message: Build asset version error: assets/scripts/logistics/container.cs in SourceAssetDB has modification time of '2026-08-29T04:31:09.9799258Z' while content on disk has modification time of '2026-08-29T04:31:20.73Z'
  ERROR: Build asset version error: assets/scripts/logistics/container.cs in SourceAssetDB has modification time of '2026-08-29T04:31:09.9799258Z' while content on disk has modification time of '2026-08-29T04:31:20.73Z'
Number of updated asset objects reloaded before import = 0
Number of asset objects unloaded after import = 0
========================================================================
Received Import Request.
  Time of request: 2026-08-29T04:31:29.9693355Z
  Time since last request: 0.0056723 seconds.
  importAddress: GUID: cf7ef7446ccc3644f9779235153d23db - Path: Assets/Scripts/Logistics/Container.cs - Importer: PreviewImporter
Importing 'GUID: cf7ef7446ccc3644f9779235153d23db - Path: Assets/Scripts/Logistics/Container.cs - Importer: PreviewImporter' with importer (PreviewImporter)
Imported 'GUID: cf7ef7446ccc3644f9779235153d23db' -> (Import Result ID: '00000000000000000000000000000000') in 0.001 seconds
Import Error Code:(4)
Message: Build asset version error: assets/scripts/logistics/container.cs in SourceAssetDB has modification time of '2026-08-29T04:31:09.9799258Z' while content on disk has modification time of '2026-08-29T04:31:20.73Z'
  ERROR: Build asset version error: assets/scripts/logistics/container.cs in SourceAssetDB has modification time of '2026-08-29T04:31:09.9799258Z' while content on disk has modification time of '2026-08-29T04:31:20.73Z'
Number of updated asset objects reloaded before import = 0
Number of asset objects unloaded after import = 0
========================================================================
Received Import Request.
  Time of request: 2026-08-29T04:31:29.9937894Z
  Time since last request: 0.0086161 seconds.
  importAddress: GUID: cf7ef7446ccc3644f9779235153d23db - Path: Assets/Scripts/Logistics/Container.cs - Importer: PreviewImporter
Importing 'GUID: cf7ef7446ccc3644f9779235153d23db - Path: Assets/Scripts/Logistics/Container.cs - Importer: PreviewImporter' with importer (PreviewImporter)
Imported 'GUID: cf7ef7446ccc3644f9779235153d23db' -> (Import Result ID: '00000000000000000000000000000000') in 0.001 seconds
Import Error Code:(4)
Message: Build asset version error: assets/scripts/logistics/container.cs in SourceAssetDB has modification time of '2026-08-29T04:31:09.9799258Z' while content on disk has modification time of '2026-08-29T04:31:20.73Z'
  ERROR: Build asset version error: assets/scripts/logistics/container.cs in SourceAssetDB has modification time of '2026-08-29T04:31:09.9799258Z' while content on disk has modification time of '2026-08-29T04:31:20.73Z'
Number of updated asset objects reloaded before import = 0
Number of asset objects unloaded after import = 0
========================================================================
Received Import Request.
  Time of request: 2026-08-29T04:31:30.011715Z
  Time since last request: 0.0024588 seconds.
  importAddress: GUID: cf7ef7446ccc3644f9779235153d23db - Path: Assets/Scripts/Logistics/Container.cs - Importer: PreviewImporter
Importing 'GUID: cf7ef7446ccc3644f9779235153d23db - Path: Assets/Scripts/Logistics/Container.cs - Importer: PreviewImporter' with importer (PreviewImporter)
Imported 'GUID: cf7ef7446ccc3644f9779235153d23db' -> (Import Result ID: '00000000000000000000000000000000') in 0.001 seconds
Import Error Code:(4)
Message: Build asset version error: assets/scripts/logistics/container.cs in SourceAssetDB has modification time of '2026-08-29T04:31:09.9799258Z' while content on disk has modification time of '2026-08-29T04:31:20.73Z'
  ERROR: Build asset version error: assets/scripts/logistics/container.cs in SourceAssetDB has modification time of '2026-08-29T04:31:09.9799258Z' while content on disk has modification time of '2026-08-29T04:31:20.73Z'
Number of updated asset objects reloaded before import = 0
Number of asset objects unloaded after import = 0
========================================================================
Received Import Request.
  Time of request: 2026-08-29T04:31:30.040019Z
  Time since last request: 0.0137628 seconds.
  importAddress: GUID: cf7ef7446ccc3644f9779235153d23db - Path: Assets/Scripts/Logistics/Container.cs - Importer: PreviewImporter
Importing 'GUID: cf7ef7446ccc3644f9779235153d23db - Path: Assets/Scripts/Logistics/Container.cs - Importer: PreviewImporter' with importer (PreviewImporter)
Imported 'GUID: cf7ef7446ccc3644f9779235153d23db' -> (Import Result ID: '00000000000000000000000000000000') in 0.001 seconds
Import Error Code:(4)
Message: Build asset version error: assets/scripts/logistics/container.cs in SourceAssetDB has modification time of '2026-08-29T04:31:09.9799258Z' while content on disk has modification time of '2026-08-29T04:31:20.73Z'
  ERROR: Build asset version error: assets/scripts/logistics/container.cs in SourceAssetDB has modification time of '2026-08-29T04:31:09.9799258Z' while content on disk has modification time of '2026-08-29T04:31:20.73Z'
Number of updated asset objects reloaded before import = 0
Number of asset objects unloaded after import = 0
========================================================================
Received Import Request.
  Time of request: 2026-08-29T04:31:30.0606016Z
  Time since last request: 0.0066319 seconds.
  importAddress: GUID: cf7ef7446ccc3644f9779235153d23db - Path: Assets/Scripts/Logistics/Container.cs - Importer: PreviewImporter
Importing 'GUID: cf7ef7446ccc3644f9779235153d23db - Path: Assets/Scripts/Logistics/Container.cs - Importer: PreviewImporter' with importer (PreviewImporter)
Imported 'GUID: cf7ef7446ccc3644f9779235153d23db' -> (Import Result ID: '00000000000000000000000000000000') in 0.001 seconds
Import Error Code:(4)
Message: Build asset version error: assets/scripts/logistics/container.cs in SourceAssetDB has modification time of '2026-08-29T04:31:09.9799258Z' while content on disk has modification time of '2026-08-29T04:31:20.73Z'
  ERROR: Build asset version error: assets/scripts/logistics/container.cs in SourceAssetDB has modification time of '2026-08-29T04:31:09.9799258Z' while content on disk has modification time of '2026-08-29T04:31:20.73Z'
Number of updated asset objects reloaded before import = 0
Number of asset objects unloaded after import = 0
========================================================================
Received Import Request.
  Time of request: 2026-08-29T04:31:30.0799841Z
  Time since last request: 0.0045311 seconds.
  importAddress: GUID: cf7ef7446ccc3644f9779235153d23db - Path: Assets/Scripts/Logistics/Container.cs - Importer: PreviewImporter
Importing 'GUID: cf7ef7446ccc3644f9779235153d23db - Path: Assets/Scripts/Logistics/Container.cs - Importer: PreviewImporter' with importer (PreviewImporter)
Imported 'GUID: cf7ef7446ccc3644f9779235153d23db' -> (Import Result ID: '00000000000000000000000000000000') in 0.000 seconds
Import Error Code:(4)
Message: Build asset version error: assets/scripts/logistics/container.cs in SourceAssetDB has modification time of '2026-08-29T04:31:09.9799258Z' while content on disk has modification time of '2026-08-29T04:31:20.73Z'
  ERROR: Build asset version error: assets/scripts/logistics/container.cs in SourceAssetDB has modification time of '2026-08-29T04:31:09.9799258Z' while content on disk has modification time of '2026-08-29T04:31:20.73Z'
Number of updated asset objects reloaded before import = 0
Number of asset objects unloaded after import = 0
========================================================================
Received Import Request.
  Time of request: 2026-08-29T04:31:30.0998372Z
  Time since last request: 0.0068271 seconds.
  importAddress: GUID: cf7ef7446ccc3644f9779235153d23db - Path: Assets/Scripts/Logistics/Container.cs - Importer: PreviewImporter
Importing 'GUID: cf7ef7446ccc3644f9779235153d23db - Path: Assets/Scripts/Logistics/Container.cs - Importer: PreviewImporter' with importer (PreviewImporter)
Imported 'GUID: cf7ef7446ccc3644f9779235153d23db' -> (Import Result ID: '00000000000000000000000000000000') in 0.001 seconds
Import Error Code:(4)
Message: Build asset version error: assets/scripts/logistics/container.cs in SourceAssetDB has modification time of '2026-08-29T04:31:09.9799258Z' while content on disk has modification time of '2026-08-29T04:31:20.73Z'
  ERROR: Build asset version error: assets/scripts/logistics/container.cs in SourceAssetDB has modification time of '2026-08-29T04:31:09.9799258Z' while content on disk has modification time of '2026-08-29T04:31:20.73Z'
Number of updated asset objects reloaded before import = 0
Number of asset objects unloaded after import = 0
========================================================================
Received Import Request.
  Time of request: 2026-08-29T04:31:30.1200907Z
  Time since last request: 0.0067344 seconds.
  importAddress: GUID: cf7ef7446ccc3644f9779235153d23db - Path: Assets/Scripts/Logistics/Container.cs - Importer: PreviewImporter
Importing 'GUID: cf7ef7446ccc3644f9779235153d23db - Path: Assets/Scripts/Logistics/Container.cs - Importer: PreviewImporter' with importer (PreviewImporter)
Imported 'GUID: cf7ef7446ccc3644f9779235153d23db' -> (Import Result ID: '00000000000000000000000000000000') in 0.001 seconds
Import Error Code:(4)
Message: Build asset version error: assets/scripts/logistics/container.cs in SourceAssetDB has modification time of '2026-08-29T04:31:09.9799258Z' while content on disk has modification time of '2026-08-29T04:31:20.73Z'
  ERROR: Build asset version error: assets/scripts/logistics/container.cs in SourceAssetDB has modification time of '2026-08-29T04:31:09.9799258Z' while content on disk has modification time of '2026-08-29T04:31:20.73Z'
Number of updated asset objects reloaded before import = 0
Number of asset objects unloaded after import = 0
========================================================================
Received Import Request.
  Time of request: 2026-08-29T04:31:30.1425965Z
  Time since last request: 0.0085377 seconds.
  importAddress: GUID: cf7ef7446ccc3644f9779235153d23db - Path: Assets/Scripts/Logistics/Container.cs - Importer: PreviewImporter
Importing 'GUID: cf7ef7446ccc3644f9779235153d23db - Path: Assets/Scripts/Logistics/Container.cs - Importer: PreviewImporter' with importer (PreviewImporter)
Imported 'GUID: cf7ef7446ccc3644f9779235153d23db' -> (Import Result ID: '00000000000000000000000000000000') in 0.001 seconds
Import Error Code:(4)
Message: Build asset version error: assets/scripts/logistics/container.cs in SourceAssetDB has modification time of '2026-08-29T04:31:09.9799258Z' while content on disk has modification time of '2026-08-29T04:31:20.73Z'
  ERROR: Build asset version error: assets/scripts/logistics/container.cs in SourceAssetDB has modification time of '2026-08-29T04:31:09.9799258Z' while content on disk has modification time of '2026-08-29T04:31:20.73Z'
Number of updated asset objects reloaded before import = 0
Number of asset objects unloaded after import = 0
========================================================================
Received Import Request.
  Time of request: 2026-08-29T04:31:30.1631875Z
  Time since last request: 0.0069141 seconds.
  importAddress: GUID: cf7ef7446ccc3644f9779235153d23db - Path: Assets/Scripts/Logistics/Container.cs - Importer: PreviewImporter
Importing 'GUID: cf7ef7446ccc3644f9779235153d23db - Path: Assets/Scripts/Logistics/Container.cs - Importer: PreviewImporter' with importer (PreviewImporter)
Imported 'GUID: cf7ef7446ccc3644f9779235153d23db' -> (Import Result ID: '00000000000000000000000000000000') in 0.001 seconds
Import Error Code:(4)
Message: Build asset version error: assets/scripts/logistics/container.cs in SourceAssetDB has modification time of '2026-08-29T04:31:09.9799258Z' while content on disk has modification time of '2026-08-29T04:31:20.73Z'
  ERROR: Build asset version error: assets/scripts/logistics/container.cs in SourceAssetDB has modification time of '2026-08-29T04:31:09.9799258Z' while content on disk has modification time of '2026-08-29T04:31:20.73Z'
Number of updated asset objects reloaded before import = 0
Number of asset objects unloaded after import = 0
========================================================================
Received Import Request.
  Time of request: 2026-08-29T04:31:30.1826413Z
  Time since last request: 0.0052358 seconds.
  importAddress: GUID: cf7ef7446ccc3644f9779235153d23db - Path: Assets/Scripts/Logistics/Container.cs - Importer: PreviewImporter
Importing 'GUID: cf7ef7446ccc3644f9779235153d23db - Path: Assets/Scripts/Logistics/Container.cs - Importer: PreviewImporter' with importer (PreviewImporter)
Imported 'GUID: cf7ef7446ccc3644f9779235153d23db' -> (Import Result ID: '00000000000000000000000000000000') in 0.000 seconds
Import Error Code:(4)
Message: Build asset version error: assets/scripts/logistics/container.cs in SourceAssetDB has modification time of '2026-08-29T04:31:09.9799258Z' while content on disk has modification time of '2026-08-29T04:31:20.73Z'
  ERROR: Build asset version error: assets/scripts/logistics/container.cs in SourceAssetDB has modification time of '2026-08-29T04:31:09.9799258Z' while content on disk has modification time of '2026-08-29T04:31:20.73Z'
Number of updated asset objects reloaded before import = 0
Number of asset objects unloaded after import = 0
========================================================================
Received Import Request.
  Time of request: 2026-08-29T04:31:30.2021938Z
  Time since last request: 0.006187 seconds.
  importAddress: GUID: cf7ef7446ccc3644f9779235153d23db - Path: Assets/Scripts/Logistics/Container.cs - Importer: PreviewImporter
Importing 'GUID: cf7ef7446ccc3644f9779235153d23db - Path: Assets/Scripts/Logistics/Container.cs - Importer: PreviewImporter' with importer (PreviewImporter)
Imported 'GUID: cf7ef7446ccc3644f9779235153d23db' -> (Import Result ID: '00000000000000000000000000000000') in 0.001 seconds
Import Error Code:(4)
Message: Build asset version error: assets/scripts/logistics/container.cs in SourceAssetDB has modification time of '2026-08-29T04:31:09.9799258Z' while content on disk has modification time of '2026-08-29T04:31:20.73Z'
  ERROR: Build asset version error: assets/scripts/logistics/container.cs in SourceAssetDB has modification time of '2026-08-29T04:31:09.9799258Z' while content on disk has modification time of '2026-08-29T04:31:20.73Z'
Number of updated asset objects reloaded before import = 0
Number of asset objects unloaded after import = 0
========================================================================
Received Import Request.
  Time of request: 2026-08-29T04:31:30.2215905Z
  Time since last request: 0.0050827 seconds.
  importAddress: GUID: cf7ef7446ccc3644f9779235153d23db - Path: Assets/Scripts/Logistics/Container.cs - Importer: PreviewImporter
Importing 'GUID: cf7ef7446ccc3644f9779235153d23db - Path: Assets/Scripts/Logistics/Container.cs - Importer: PreviewImporter' with importer (PreviewImporter)
Imported 'GUID: cf7ef7446ccc3644f9779235153d23db' -> (Import Result ID: '00000000000000000000000000000000') in 0.000 seconds
Import Error Code:(4)
Message: Build asset version error: assets/scripts/logistics/container.cs in SourceAssetDB has modification time of '2026-08-29T04:31:09.9799258Z' while content on disk has modification time of '2026-08-29T04:31:20.73Z'
  ERROR: Build asset version error: assets/scripts/logistics/container.cs in SourceAssetDB has modification time of '2026-08-29T04:31:09.9799258Z' while content on disk has modification time of '2026-08-29T04:31:20.73Z'
Number of updated asset objects reloaded before import = 0
Number of asset objects unloaded after import = 0
========================================================================
Received Import Request.
  Time of request: 2026-08-29T04:31:30.2418455Z
  Time since last request: 0.0068842 seconds.
  importAddress: GUID: cf7ef7446ccc3644f9779235153d23db - Path: Assets/Scripts/Logistics/Container.cs - Importer: PreviewImporter
Importing 'GUID: cf7ef7446ccc3644f9779235153d23db - Path: Assets/Scripts/Logistics/Container.cs - Importer: PreviewImporter' with importer (PreviewImporter)
Imported 'GUID: cf7ef7446ccc3644f9779235153d23db' -> (Import Result ID: '00000000000000000000000000000000') in 0.000 seconds
Import Error Code:(4)
Message: Build asset version error: assets/scripts/logistics/container.cs in SourceAssetDB has modification time of '2026-08-29T04:31:09.9799258Z' while content on disk has modification time of '2026-08-29T04:31:20.73Z'
  ERROR: Build asset version error: assets/scripts/logistics/container.cs in SourceAssetDB has modification time of '2026-08-29T04:31:09.9799258Z' while content on disk has modification time of '2026-08-29T04:31:20.73Z'
Number of updated asset objects reloaded before import = 0
Number of asset objects unloaded after import = 0
========================================================================
Received Import Request.
  Time of request: 2026-08-29T04:31:30.2607432Z
  Time since last request: 0.0062223 seconds.
  importAddress: GUID: cf7ef7446ccc3644f9779235153d23db - Path: Assets/Scripts/Logistics/Container.cs - Importer: PreviewImporter
Importing 'GUID: cf7ef7446ccc3644f9779235153d23db - Path: Assets/Scripts/Logistics/Container.cs - Importer: PreviewImporter' with importer (PreviewImporter)
Imported 'GUID: cf7ef7446ccc3644f9779235153d23db' -> (Import Result ID: '00000000000000000000000000000000') in 0.000 seconds
Import Error Code:(4)
Message: Build asset version error: assets/scripts/logistics/container.cs in SourceAssetDB has modification time of '2026-08-29T04:31:09.9799258Z' while content on disk has modification time of '2026-08-29T04:31:20.73Z'
  ERROR: Build asset version error: assets/scripts/logistics/container.cs in SourceAssetDB has modification time of '2026-08-29T04:31:09.9799258Z' while content on disk has modification time of '2026-08-29T04:31:20.73Z'
Number of updated asset objects reloaded before import = 0
Number of asset objects unloaded after import = 0
========================================================================
Received Import Request.
  Time of request: 2026-08-29T04:31:30.2842307Z
  Time since last request: 0.0072933 seconds.
  importAddress: GUID: cf7ef7446ccc3644f9779235153d23db - Path: Assets/Scripts/Logistics/Container.cs - Importer: PreviewImporter
Importing 'GUID: cf7ef7446ccc3644f9779235153d23db - Path: Assets/Scripts/Logistics/Container.cs - Importer: PreviewImporter' with importer (PreviewImporter)
Imported 'GUID: cf7ef7446ccc3644f9779235153d23db' -> (Import Result ID: '00000000000000000000000000000000') in 0.001 seconds
Import Error Code:(4)
Message: Build asset version error: assets/scripts/logistics/container.cs in SourceAssetDB has modification time of '2026-08-29T04:31:09.9799258Z' while content on disk has modification time of '2026-08-29T04:31:20.73Z'
  ERROR: Build asset version error: assets/scripts/logistics/container.cs in SourceAssetDB has modification time of '2026-08-29T04:31:09.9799258Z' while content on disk has modification time of '2026-08-29T04:31:20.73Z'
Number of updated asset objects reloaded before import = 0
Number of asset objects unloaded after import = 0
========================================================================
Received Import Request.
  Time of request: 2026-08-29T04:31:30.3050198Z
  Time since last request: 0.005189 seconds.
  importAddress: GUID: cf7ef7446ccc3644f9779235153d23db - Path: Assets/Scripts/Logistics/Container.cs - Importer: PreviewImporter
Importing 'GUID: cf7ef7446ccc3644f9779235153d23db - Path: Assets/Scripts/Logistics/Container.cs - Importer: PreviewImporter' with importer (PreviewImporter)
Imported 'GUID: cf7ef7446ccc3644f9779235153d23db' -> (Import Result ID: '00000000000000000000000000000000') in 0.001 seconds
Import Error Code:(4)
Message: Build asset version error: assets/scripts/logistics/container.cs in SourceAssetDB has modification time of '2026-08-29T04:31:09.9799258Z' while content on disk has modification time of '2026-08-29T04:31:20.73Z'
  ERROR: Build asset version error: assets/scripts/logistics/container.cs in SourceAssetDB has modification time of '2026-08-29T04:31:09.9799258Z' while content on disk has modification time of '2026-08-29T04:31:20.73Z'
Number of updated asset objects reloaded before import = 0
Number of asset objects unloaded after import = 0
========================================================================
Received Import Request.
  Time of request: 2026-08-29T04:31:30.3262326Z
  Time since last request: 0.004779 seconds.
  importAddress: GUID: cf7ef7446ccc3644f9779235153d23db - Path: Assets/Scripts/Logistics/Container.cs - Importer: PreviewImporter
Importing 'GUID: cf7ef7446ccc3644f9779235153d23db - Path: Assets/Scripts/Logistics/Container.cs - Importer: PreviewImporter' with importer (PreviewImporter)
Imported 'GUID: cf7ef7446ccc3644f9779235153d23db' -> (Import Result ID: '00000000000000000000000000000000') in 0.001 seconds
Import Error Code:(4)
Message: Build asset version error: assets/scripts/logistics/container.cs in SourceAssetDB has modification time of '2026-08-29T04:31:09.9799258Z' while content on disk has modification time of '2026-08-29T04:31:20.73Z'
  ERROR: Build asset version error: assets/scripts/logistics/container.cs in SourceAssetDB has modification time of '2026-08-29T04:31:09.9799258Z' while content on disk has modification time of '2026-08-29T04:31:20.73Z'
Number of updated asset objects reloaded before import = 0
Number of asset objects unloaded after import = 0
========================================================================
Received Import Request.
  Time of request: 2026-08-29T04:31:30.3454259Z
  Time since last request: 0.0043849 seconds.
  importAddress: GUID: cf7ef7446ccc3644f9779235153d23db - Path: Assets/Scripts/Logistics/Container.cs - Importer: PreviewImporter
Importing 'GUID: cf7ef7446ccc3644f9779235153d23db - Path: Assets/Scripts/Logistics/Container.cs - Importer: PreviewImporter' with importer (PreviewImporter)
Imported 'GUID: cf7ef7446ccc3644f9779235153d23db' -> (Import Result ID: '00000000000000000000000000000000') in 0.001 seconds
Import Error Code:(4)
Message: Build asset version error: assets/scripts/logistics/container.cs in SourceAssetDB has modification time of '2026-08-29T04:31:09.9799258Z' while content on disk has modification time of '2026-08-29T04:31:20.73Z'
  ERROR: Build asset version error: assets/scripts/logistics/container.cs in SourceAssetDB has modification time of '2026-08-29T04:31:09.9799258Z' while content on disk has modification time of '2026-08-29T04:31:20.73Z'
Number of updated asset objects reloaded before import = 0
Number of asset objects unloaded after import = 0
========================================================================
Received Import Request.
  Time of request: 2026-08-29T04:31:30.3693574Z
  Time since last request: 0.0118891 seconds.
  importAddress: GUID: cf7ef7446ccc3644f9779235153d23db - Path: Assets/Scripts/Logistics/Container.cs - Importer: PreviewImporter
Importing 'GUID: cf7ef7446ccc3644f9779235153d23db - Path: Assets/Scripts/Logistics/Container.cs - Importer: PreviewImporter' with importer (PreviewImporter)
Imported 'GUID: cf7ef7446ccc3644f9779235153d23db' -> (Import Result ID: '00000000000000000000000000000000') in 0.001 seconds
Import Error Code:(4)
Message: Build asset version error: assets/scripts/logistics/container.cs in SourceAssetDB has modification time of '2026-08-29T04:31:09.9799258Z' while content on disk has modification time of '2026-08-29T04:31:20.73Z'
  ERROR: Build asset version error: assets/scripts/logistics/container.cs in SourceAssetDB has modification time of '2026-08-29T04:31:09.9799258Z' while content on disk has modification time of '2026-08-29T04:31:20.73Z'
Number of updated asset objects reloaded before import = 0
Number of asset objects unloaded after import = 0
========================================================================
Received Import Request.
  Time of request: 2026-08-29T04:31:30.387288Z
  Time since last request: 0.0043915 seconds.
  importAddress: GUID: cf7ef7446ccc3644f9779235153d23db - Path: Assets/Scripts/Logistics/Container.cs - Importer: PreviewImporter
Importing 'GUID: cf7ef7446ccc3644f9779235153d23db - Path: Assets/Scripts/Logistics/Container.cs - Importer: PreviewImporter' with importer (PreviewImporter)
Imported 'GUID: cf7ef7446ccc3644f9779235153d23db' -> (Import Result ID: '00000000000000000000000000000000') in 0.000 seconds
Import Error Code:(4)
Message: Build asset version error: assets/scripts/logistics/container.cs in SourceAssetDB has modification time of '2026-08-29T04:31:09.9799258Z' while content on disk has modification time of '2026-08-29T04:31:20.73Z'
  ERROR: Build asset version error: assets/scripts/logistics/container.cs in SourceAssetDB has modification time of '2026-08-29T04:31:09.9799258Z' while content on disk has modification time of '2026-08-29T04:31:20.73Z'
Number of updated asset objects reloaded before import = 0
Number of asset objects unloaded after import = 0
========================================================================
Received Import Request.
  Time of request: 2026-08-29T04:31:30.4065903Z
  Time since last request: 0.0043448 seconds.
  importAddress: GUID: cf7ef7446ccc3644f9779235153d23db - Path: Assets/Scripts/Logistics/Container.cs - Importer: PreviewImporter
Importing 'GUID: cf7ef7446ccc3644f9779235153d23db - Path: Assets/Scripts/Logistics/Container.cs - Importer: PreviewImporter' with importer (PreviewImporter)
Imported 'GUID: cf7ef7446ccc3644f9779235153d23db' -> (Import Result ID: '00000000000000000000000000000000') in 0.001 seconds
Import Error Code:(4)
Message: Build asset version error: assets/scripts/logistics/container.cs in SourceAssetDB has modification time of '2026-08-29T04:31:09.9799258Z' while content on disk has modification time of '2026-08-29T04:31:20.73Z'
  ERROR: Build asset version error: assets/scripts/logistics/container.cs in SourceAssetDB has modification time of '2026-08-29T04:31:09.9799258Z' while content on disk has modification time of '2026-08-29T04:31:20.73Z'
Number of updated asset objects reloaded before import = 0
Number of asset objects unloaded after import = 0
========================================================================
Received Import Request.
  Time of request: 2026-08-29T04:31:30.4279501Z
  Time since last request: 0.0083047 seconds.
  importAddress: GUID: cf7ef7446ccc3644f9779235153d23db - Path: Assets/Scripts/Logistics/Container.cs - Importer: PreviewImporter
Importing 'GUID: cf7ef7446ccc3644f9779235153d23db - Path: Assets/Scripts/Logistics/Container.cs - Importer: PreviewImporter' with importer (PreviewImporter)
Imported 'GUID: cf7ef7446ccc3644f9779235153d23db' -> (Import Result ID: '00000000000000000000000000000000') in 0.001 seconds
Import Error Code:(4)
Message: Build asset version error: assets/scripts/logistics/container.cs in SourceAssetDB has modification time of '2026-08-29T04:31:09.9799258Z' while content on disk has modification time of '2026-08-29T04:31:20.73Z'
  ERROR: Build asset version error: assets/scripts/logistics/container.cs in SourceAssetDB has modification time of '2026-08-29T04:31:09.9799258Z' while content on disk has modification time of '2026-08-29T04:31:20.73Z'
Number of updated asset objects reloaded before import = 0
Number of asset objects unloaded after import = 0
========================================================================
Received Import Request.
  Time of request: 2026-08-29T04:31:30.4471374Z
  Time since last request: 0.0046493 seconds.
  importAddress: GUID: cf7ef7446ccc3644f9779235153d23db - Path: Assets/Scripts/Logistics/Container.cs - Importer: PreviewImporter
Importing 'GUID: cf7ef7446ccc3644f9779235153d23db - Path: Assets/Scripts/Logistics/Container.cs - Importer: PreviewImporter' with importer (PreviewImporter)
Imported 'GUID: cf7ef7446ccc3644f9779235153d23db' -> (Import Result ID: '00000000000000000000000000000000') in 0.001 seconds
Import Error Code:(4)
Message: Build asset version error: assets/scripts/logistics/container.cs in SourceAssetDB has modification time of '2026-08-29T04:31:09.9799258Z' while content on disk has modification time of '2026-08-29T04:31:20.73Z'
  ERROR: Build asset version error: assets/scripts/logistics/container.cs in SourceAssetDB has modification time of '2026-08-29T04:31:09.9799258Z' while content on disk has modification time of '2026-08-29T04:31:20.73Z'
Number of updated asset objects reloaded before import = 0
Number of asset objects unloaded after import = 0
========================================================================
Received Import Request.
  Time of request: 2026-08-29T04:31:30.4671788Z
  Time since last request: 0.0040905 seconds.
  importAddress: GUID: cf7ef7446ccc3644f9779235153d23db - Path: Assets/Scripts/Logistics/Container.cs - Importer: PreviewImporter
Importing 'GUID: cf7ef7446ccc3644f9779235153d23db - Path: Assets/Scripts/Logistics/Container.cs - Importer: PreviewImporter' with importer (PreviewImporter)
Imported 'GUID: cf7ef7446ccc3644f9779235153d23db' -> (Import Result ID: '00000000000000000000000000000000') in 0.001 seconds
Import Error Code:(4)
Message: Build asset version error: assets/scripts/logistics/container.cs in SourceAssetDB has modification time of '2026-08-29T04:31:09.9799258Z' while content on disk has modification time of '2026-08-29T04:31:20.73Z'
  ERROR: Build asset version error: assets/scripts/logistics/container.cs in SourceAssetDB has modification time of '2026-08-29T04:31:09.9799258Z' while content on disk has modification time of '2026-08-29T04:31:20.73Z'
Number of updated asset objects reloaded before import = 0
Number of asset objects unloaded after import = 0
========================================================================
Received Import Request.
  Time of request: 2026-08-29T04:31:30.485268Z
  Time since last request: 0.0037514 seconds.
  importAddress: GUID: cf7ef7446ccc3644f9779235153d23db - Path: Assets/Scripts/Logistics/Container.cs - Importer: PreviewImporter
Importing 'GUID: cf7ef7446ccc3644f9779235153d23db - Path: Assets/Scripts/Logistics/Container.cs - Importer: PreviewImporter' with importer (PreviewImporter)
Imported 'GUID: cf7ef7446ccc3644f9779235153d23db' -> (Import Result ID: '00000000000000000000000000000000') in 0.001 seconds
Import Error Code:(4)
Message: Build asset version error: assets/scripts/logistics/container.cs in SourceAssetDB has modification time of '2026-08-29T04:31:09.9799258Z' while content on disk has modification time of '2026-08-29T04:31:20.73Z'
  ERROR: Build asset version error: assets/scripts/logistics/container.cs in SourceAssetDB has modification time of '2026-08-29T04:31:09.9799258Z' while content on disk has modification time of '2026-08-29T04:31:20.73Z'
Number of updated asset objects reloaded before import = 0
Number of asset objects unloaded after import = 0
========================================================================
Received Import Request.
  Time of request: 2026-08-29T04:31:30.5049971Z
  Time since last request: 0.006132 seconds.
  importAddress: GUID: cf7ef7446ccc3644f9779235153d23db - Path: Assets/Scripts/Logistics/Container.cs - Importer: PreviewImporter
Importing 'GUID: cf7ef7446ccc3644f9779235153d23db - Path: Assets/Scripts/Logistics/Container.cs - Importer: PreviewImporter' with importer (PreviewImporter)
Imported 'GUID: cf7ef7446ccc3644f9779235153d23db' -> (Import Result ID: '00000000000000000000000000000000') in 0.001 seconds
Import Error Code:(4)
Message: Build asset version error: assets/scripts/logistics/container.cs in SourceAssetDB has modification time of '2026-08-29T04:31:09.9799258Z' while content on disk has modification time of '2026-08-29T04:31:20.73Z'
  ERROR: Build asset version error: assets/scripts/logistics/container.cs in SourceAssetDB has modification time of '2026-08-29T04:31:09.9799258Z' while content on disk has modification time of '2026-08-29T04:31:20.73Z'
Number of updated asset objects reloaded before import = 0
Number of asset objects unloaded after import = 0
========================================================================
Received Import Request.
  Time of request: 2026-08-29T04:31:30.5237742Z
  Time since last request: 0.003144 seconds.
  importAddress: GUID: cf7ef7446ccc3644f9779235153d23db - Path: Assets/Scripts/Logistics/Container.cs - Importer: PreviewImporter
Importing 'GUID: cf7ef7446ccc3644f9779235153d23db - Path: Assets/Scripts/Logistics/Container.cs - Importer: PreviewImporter' with importer (PreviewImporter)
Imported 'GUID: cf7ef7446ccc3644f9779235153d23db' -> (Import Result ID: '00000000000000000000000000000000') in 0.000 seconds
Import Error Code:(4)
Message: Build asset version error: assets/scripts/logistics/container.cs in SourceAssetDB has modification time of '2026-08-29T04:31:09.9799258Z' while content on disk has modification time of '2026-08-29T04:31:20.73Z'
  ERROR: Build asset version error: assets/scripts/logistics/container.cs in SourceAssetDB has modification time of '2026-08-29T04:31:09.9799258Z' while content on disk has modification time of '2026-08-29T04:31:20.73Z'
Number of updated asset objects reloaded before import = 0
Number of asset objects unloaded after import = 0
========================================================================
Received Import Request.
  Time of request: 2026-08-29T04:31:30.5430312Z
  Time since last request: 0.0045514 seconds.
  importAddress: GUID: cf7ef7446ccc3644f9779235153d23db - Path: Assets/Scripts/Logistics/Container.cs - Importer: PreviewImporter
Importing 'GUID: cf7ef7446ccc3644f9779235153d23db - Path: Assets/Scripts/Logistics/Container.cs - Importer: PreviewImporter' with importer (PreviewImporter)
Imported 'GUID: cf7ef7446ccc3644f9779235153d23db' -> (Import Result ID: '00000000000000000000000000000000') in 0.001 seconds
Import Error Code:(4)
Message: Build asset version error: assets/scripts/logistics/container.cs in SourceAssetDB has modification time of '2026-08-29T04:31:09.9799258Z' while content on disk has modification time of '2026-08-29T04:31:20.73Z'
  ERROR: Build asset version error: assets/scripts/logistics/container.cs in SourceAssetDB has modification time of '2026-08-29T04:31:09.9799258Z' while content on disk has modification time of '2026-08-29T04:31:20.73Z'
Number of updated asset objects reloaded before import = 0
Number of asset objects unloaded after import = 0
========================================================================
Received Import Request.
  Time of request: 2026-08-29T04:31:30.5631695Z
  Time since last request: 0.0048672 seconds.
  importAddress: GUID: cf7ef7446ccc3644f9779235153d23db - Path: Assets/Scripts/Logistics/Container.cs - Importer: PreviewImporter
Importing 'GUID: cf7ef7446ccc3644f9779235153d23db - Path: Assets/Scripts/Logistics/Container.cs - Importer: PreviewImporter' with importer (PreviewImporter)
Imported 'GUID: cf7ef7446ccc3644f9779235153d23db' -> (Import Result ID: '00000000000000000000000000000000') in 0.001 seconds
Import Error Code:(4)
Message: Build asset version error: assets/scripts/logistics/container.cs in SourceAssetDB has modification time of '2026-08-29T04:31:09.9799258Z' while content on disk has modification time of '2026-08-29T04:31:20.73Z'
  ERROR: Build asset version error: assets/scripts/logistics/container.cs in SourceAssetDB has modification time of '2026-08-29T04:31:09.9799258Z' while content on disk has modification time of '2026-08-29T04:31:20.73Z'
Number of updated asset objects reloaded before import = 0
Number of asset objects unloaded after import = 0
========================================================================
Received Import Request.
  Time of request: 2026-08-29T04:31:30.581494Z
  Time since last request: 0.0050207 seconds.
  importAddress: GUID: cf7ef7446ccc3644f9779235153d23db - Path: Assets/Scripts/Logistics/Container.cs - Importer: PreviewImporter
Importing 'GUID: cf7ef7446ccc3644f9779235153d23db - Path: Assets/Scripts/Logistics/Container.cs - Importer: PreviewImporter' with importer (PreviewImporter)
Imported 'GUID: cf7ef7446ccc3644f9779235153d23db' -> (Import Result ID: '00000000000000000000000000000000') in 0.001 seconds
Import Error Code:(4)
Message: Build asset version error: assets/scripts/logistics/container.cs in SourceAssetDB has modification time of '2026-08-29T04:31:09.9799258Z' while content on disk has modification time of '2026-08-29T04:31:20.73Z'
  ERROR: Build asset version error: assets/scripts/logistics/container.cs in SourceAssetDB has modification time of '2026-08-29T04:31:09.9799258Z' while content on disk has modification time of '2026-08-29T04:31:20.73Z'
Number of updated asset objects reloaded before import = 0
Number of asset objects unloaded after import = 0
========================================================================
Received Import Request.
  Time of request: 2026-08-29T04:31:30.6012876Z
  Time since last request: 0.0062214 seconds.
  importAddress: GUID: cf7ef7446ccc3644f9779235153d23db - Path: Assets/Scripts/Logistics/Container.cs - Importer: PreviewImporter
Importing 'GUID: cf7ef7446ccc3644f9779235153d23db - Path: Assets/Scripts/Logistics/Container.cs - Importer: PreviewImporter' with importer (PreviewImporter)
Imported 'GUID: cf7ef7446ccc3644f9779235153d23db' -> (Import Result ID: '00000000000000000000000000000000') in 0.001 seconds
Import Error Code:(4)
Message: Build asset version error: assets/scripts/logistics/container.cs in SourceAssetDB has modification time of '2026-08-29T04:31:09.9799258Z' while content on disk has modification time of '2026-08-29T04:31:20.73Z'
  ERROR: Build asset version error: assets/scripts/logistics/container.cs in SourceAssetDB has modification time of '2026-08-29T04:31:09.9799258Z' while content on disk has modification time of '2026-08-29T04:31:20.73Z'
Number of updated asset objects reloaded before import = 0
Number of asset objects unloaded after import = 0
========================================================================
Received Import Request.
  Time of request: 2026-08-29T04:31:30.6209781Z
  Time since last request: 0.0060706 seconds.
  importAddress: GUID: cf7ef7446ccc3644f9779235153d23db - Path: Assets/Scripts/Logistics/Container.cs - Importer: PreviewImporter
Importing 'GUID: cf7ef7446ccc3644f9779235153d23db - Path: Assets/Scripts/Logistics/Container.cs - Importer: PreviewImporter' with importer (PreviewImporter)
Imported 'GUID: cf7ef7446ccc3644f9779235153d23db' -> (Import Result ID: '00000000000000000000000000000000') in 0.001 seconds
Import Error Code:(4)
Message: Build asset version error: assets/scripts/logistics/container.cs in SourceAssetDB has modification time of '2026-08-29T04:31:09.9799258Z' while content on disk has modification time of '2026-08-29T04:31:20.73Z'
  ERROR: Build asset version error: assets/scripts/logistics/container.cs in SourceAssetDB has modification time of '2026-08-29T04:31:09.9799258Z' while content on disk has modification time of '2026-08-29T04:31:20.73Z'
Number of updated asset objects reloaded before import = 0
Number of asset objects unloaded after import = 0
========================================================================
Received Import Request.
  Time of request: 2026-08-29T04:31:30.6406943Z
  Time since last request: 0.0069917 seconds.
  importAddress: GUID: cf7ef7446ccc3644f9779235153d23db - Path: Assets/Scripts/Logistics/Container.cs - Importer: PreviewImporter
Importing 'GUID: cf7ef7446ccc3644f9779235153d23db - Path: Assets/Scripts/Logistics/Container.cs - Importer: PreviewImporter' with importer (PreviewImporter)
Imported 'GUID: cf7ef7446ccc3644f9779235153d23db' -> (Import Result ID: '00000000000000000000000000000000') in 0.001 seconds
Import Error Code:(4)
Message: Build asset version error: assets/scripts/logistics/container.cs in SourceAssetDB has modification time of '2026-08-29T04:31:09.9799258Z' while content on disk has modification time of '2026-08-29T04:31:20.73Z'
  ERROR: Build asset version error: assets/scripts/logistics/container.cs in SourceAssetDB has modification time of '2026-08-29T04:31:09.9799258Z' while content on disk has modification time of '2026-08-29T04:31:20.73Z'
Number of updated asset objects reloaded before import = 0
Number of asset objects unloaded after import = 0
========================================================================
Received Import Request.
  Time of request: 2026-08-29T04:31:30.6601848Z
  Time since last request: 0.0049982 seconds.
  importAddress: GUID: cf7ef7446ccc3644f9779235153d23db - Path: Assets/Scripts/Logistics/Container.cs - Importer: PreviewImporter
Importing 'GUID: cf7ef7446ccc3644f9779235153d23db - Path: Assets/Scripts/Logistics/Container.cs - Importer: PreviewImporter' with importer (PreviewImporter)
Imported 'GUID: cf7ef7446ccc3644f9779235153d23db' -> (Import Result ID: '00000000000000000000000000000000') in 0.001 seconds
Import Error Code:(4)
Message: Build asset version error: assets/scripts/logistics/container.cs in SourceAssetDB has modification time of '2026-08-29T04:31:09.9799258Z' while content on disk has modification time of '2026-08-29T04:31:20.73Z'
  ERROR: Build asset version error: assets/scripts/logistics/container.cs in SourceAssetDB has modification time of '2026-08-29T04:31:09.9799258Z' while content on disk has modification time of '2026-08-29T04:31:20.73Z'
Number of updated asset objects reloaded before import = 0
Number of asset objects unloaded after import = 0
========================================================================
Received Import Request.
  Time of request: 2026-08-29T04:31:30.6790334Z
  Time since last request: 0.0049357 seconds.
  importAddress: GUID: cf7ef7446ccc3644f9779235153d23db - Path: Assets/Scripts/Logistics/Container.cs - Importer: PreviewImporter
Importing 'GUID: cf7ef7446ccc3644f9779235153d23db - Path: Assets/Scripts/Logistics/Container.cs - Importer: PreviewImporter' with importer (PreviewImporter)
Imported 'GUID: cf7ef7446ccc3644f9779235153d23db' -> (Import Result ID: '00000000000000000000000000000000') in 0.001 seconds
Import Error Code:(4)
Message: Build asset version error: assets/scripts/logistics/container.cs in SourceAssetDB has modification time of '2026-08-29T04:31:09.9799258Z' while content on disk has modification time of '2026-08-29T04:31:20.73Z'
  ERROR: Build asset version error: assets/scripts/logistics/container.cs in SourceAssetDB has modification time of '2026-08-29T04:31:09.9799258Z' while content on disk has modification time of '2026-08-29T04:31:20.73Z'
Number of updated asset objects reloaded before import = 0
Number of asset objects unloaded after import = 0
========================================================================
Received Import Request.
  Time of request: 2026-08-29T04:31:30.6959225Z
  Time since last request: 0.0039794 seconds.
  importAddress: GUID: cf7ef7446ccc3644f9779235153d23db - Path: Assets/Scripts/Logistics/Container.cs - Importer: PreviewImporter
Importing 'GUID: cf7ef7446ccc3644f9779235153d23db - Path: Assets/Scripts/Logistics/Container.cs - Importer: PreviewImporter' with importer (PreviewImporter)
Imported 'GUID: cf7ef7446ccc3644f9779235153d23db' -> (Import Result ID: '00000000000000000000000000000000') in 0.001 seconds
Import Error Code:(4)
Message: Build asset version error: assets/scripts/logistics/container.cs in SourceAssetDB has modification time of '2026-08-29T04:31:09.9799258Z' while content on disk has modification time of '2026-08-29T04:31:20.73Z'
  ERROR: Build asset version error: assets/scripts/logistics/container.cs in SourceAssetDB has modification time of '2026-08-29T04:31:09.9799258Z' while content on disk has modification time of '2026-08-29T04:31:20.73Z'
Number of updated asset objects reloaded before import = 0
Number of asset objects unloaded after import = 0
========================================================================
Received Import Request.
  Time of request: 2026-08-29T04:31:30.7146629Z
  Time since last request: 0.0041705 seconds.
  importAddress: GUID: cf7ef7446ccc3644f9779235153d23db - Path: Assets/Scripts/Logistics/Container.cs - Importer: PreviewImporter
Importing 'GUID: cf7ef7446ccc3644f9779235153d23db - Path: Assets/Scripts/Logistics/Container.cs - Importer: PreviewImporter' with importer (PreviewImporter)
Imported 'GUID: cf7ef7446ccc3644f9779235153d23db' -> (Import Result ID: '00000000000000000000000000000000') in 0.001 seconds
Import Error Code:(4)
Message: Build asset version error: assets/scripts/logistics/container.cs in SourceAssetDB has modification time of '2026-08-29T04:31:09.9799258Z' while content on disk has modification time of '2026-08-29T04:31:20.73Z'
  ERROR: Build asset version error: assets/scripts/logistics/container.cs in SourceAssetDB has modification time of '2026-08-29T04:31:09.9799258Z' while content on disk has modification time of '2026-08-29T04:31:20.73Z'
Number of updated asset objects reloaded before import = 0
Number of asset objects unloaded after import = 0
========================================================================
Received Import Request.
  Time of request: 2026-08-29T04:31:30.7322995Z
  Time since last request: 0.0034385 seconds.
  importAddress: GUID: cf7ef7446ccc3644f9779235153d23db - Path: Assets/Scripts/Logistics/Container.cs - Importer: PreviewImporter
Importing 'GUID: cf7ef7446ccc3644f9779235153d23db - Path: Assets/Scripts/Logistics/Container.cs - Importer: PreviewImporter' with importer (PreviewImporter)
Imported 'GUID: cf7ef7446ccc3644f9779235153d23db' -> (Import Result ID: '00000000000000000000000000000000') in 0.001 seconds
Import Error Code:(4)
Message: Build asset version error: assets/scripts/logistics/container.cs in SourceAssetDB has modification time of '2026-08-29T04:31:09.9799258Z' while content on disk has modification time of '2026-08-29T04:31:20.73Z'
  ERROR: Build asset version error: assets/scripts/logistics/container.cs in SourceAssetDB has modification time of '2026-08-29T04:31:09.9799258Z' while content on disk has modification time of '2026-08-29T04:31:20.73Z'
Number of updated asset objects reloaded before import = 0
Number of asset objects unloaded after import = 0
========================================================================
Received Import Request.
  Time of request: 2026-08-29T04:31:30.751149Z
  Time since last request: 0.0045672 seconds.
  importAddress: GUID: cf7ef7446ccc3644f9779235153d23db - Path: Assets/Scripts/Logistics/Container.cs - Importer: PreviewImporter
Importing 'GUID: cf7ef7446ccc3644f9779235153d23db - Path: Assets/Scripts/Logistics/Container.cs - Importer: PreviewImporter' with importer (PreviewImporter)
Imported 'GUID: cf7ef7446ccc3644f9779235153d23db' -> (Import Result ID: '00000000000000000000000000000000') in 0.001 seconds
Import Error Code:(4)
Message: Build asset version error: assets/scripts/logistics/container.cs in SourceAssetDB has modification time of '2026-08-29T04:31:09.9799258Z' while content on disk has modification time of '2026-08-29T04:31:20.73Z'
  ERROR: Build asset version error: assets/scripts/logistics/container.cs in SourceAssetDB has modification time of '2026-08-29T04:31:09.9799258Z' while content on disk has modification time of '2026-08-29T04:31:20.73Z'
Number of updated asset objects reloaded before import = 0
Number of asset objects unloaded after import = 0
========================================================================
Received Import Request.
  Time of request: 2026-08-29T04:31:30.7709757Z
  Time since last request: 0.0058838 seconds.
  importAddress: GUID: cf7ef7446ccc3644f9779235153d23db - Path: Assets/Scripts/Logistics/Container.cs - Importer: PreviewImporter
Importing 'GUID: cf7ef7446ccc3644f9779235153d23db - Path: Assets/Scripts/Logistics/Container.cs - Importer: PreviewImporter' with importer (PreviewImporter)
Imported 'GUID: cf7ef7446ccc3644f9779235153d23db' -> (Import Result ID: '00000000000000000000000000000000') in 0.001 seconds
Import Error Code:(4)
Message: Build asset version error: assets/scripts/logistics/container.cs in SourceAssetDB has modification time of '2026-08-29T04:31:09.9799258Z' while content on disk has modification time of '2026-08-29T04:31:20.73Z'
  ERROR: Build asset version error: assets/scripts/logistics/container.cs in SourceAssetDB has modification time of '2026-08-29T04:31:09.9799258Z' while content on disk has modification time of '2026-08-29T04:31:20.73Z'
Number of updated asset objects reloaded before import = 0
Number of asset objects unloaded after import = 0
========================================================================
Received Import Request.
  Time of request: 2026-08-29T04:31:30.7905407Z
  Time since last request: 0.004212 seconds.
  importAddress: GUID: cf7ef7446ccc3644f9779235153d23db - Path: Assets/Scripts/Logistics/Container.cs - Importer: PreviewImporter
Importing 'GUID: cf7ef7446ccc3644f9779235153d23db - Path: Assets/Scripts/Logistics/Container.cs - Importer: PreviewImporter' with importer (PreviewImporter)
Imported 'GUID: cf7ef7446ccc3644f9779235153d23db' -> (Import Result ID: '00000000000000000000000000000000') in 0.001 seconds
Import Error Code:(4)
Message: Build asset version error: assets/scripts/logistics/container.cs in SourceAssetDB has modification time of '2026-08-29T04:31:09.9799258Z' while content on disk has modification time of '2026-08-29T04:31:20.73Z'
  ERROR: Build asset version error: assets/scripts/logistics/container.cs in SourceAssetDB has modification time of '2026-08-29T04:31:09.9799258Z' while content on disk has modification time of '2026-08-29T04:31:20.73Z'
Number of updated asset objects reloaded before import = 0
Number of asset objects unloaded after import = 0
========================================================================
Received Import Request.
  Time of request: 2026-08-29T04:31:30.8091447Z
  Time since last request: 0.0043368 seconds.
  importAddress: GUID: cf7ef7446ccc3644f9779235153d23db - Path: Assets/Scripts/Logistics/Container.cs - Importer: PreviewImporter
Importing 'GUID: cf7ef7446ccc3644f9779235153d23db - Path: Assets/Scripts/Logistics/Container.cs - Importer: PreviewImporter' with importer (PreviewImporter)
Imported 'GUID: cf7ef7446ccc3644f9779235153d23db' -> (Import Result ID: '00000000000000000000000000000000') in 0.001 seconds
Import Error Code:(4)
Message: Build asset version error: assets/scripts/logistics/container.cs in SourceAssetDB has modification time of '2026-08-29T04:31:09.9799258Z' while content on disk has modification time of '2026-08-29T04:31:20.73Z'
  ERROR: Build asset version error: assets/scripts/logistics/container.cs in SourceAssetDB has modification time of '2026-08-29T04:31:09.9799258Z' while content on disk has modification time of '2026-08-29T04:31:20.73Z'
Number of updated asset objects reloaded before import = 0
Number of asset objects unloaded after import = 0
========================================================================
Received Import Request.
  Time of request: 2026-08-29T04:31:30.8259354Z
  Time since last request: 0.0035594 seconds.
  importAddress: GUID: cf7ef7446ccc3644f9779235153d23db - Path: Assets/Scripts/Logistics/Container.cs - Importer: PreviewImporter
Importing 'GUID: cf7ef7446ccc3644f9779235153d23db - Path: Assets/Scripts/Logistics/Container.cs - Importer: PreviewImporter' with importer (PreviewImporter)
Imported 'GUID: cf7ef7446ccc3644f9779235153d23db' -> (Import Result ID: '00000000000000000000000000000000') in 0.001 seconds
Import Error Code:(4)
Message: Build asset version error: assets/scripts/logistics/container.cs in SourceAssetDB has modification time of '2026-08-29T04:31:09.9799258Z' while content on disk has modification time of '2026-08-29T04:31:20.73Z'
  ERROR: Build asset version error: assets/scripts/logistics/container.cs in SourceAssetDB has modification time of '2026-08-29T04:31:09.9799258Z' while content on disk has modification time of '2026-08-29T04:31:20.73Z'
Number of updated asset objects reloaded before import = 0
Number of asset objects unloaded after import = 0
========================================================================
Received Import Request.
  Time of request: 2026-08-29T04:31:30.8491635Z
  Time since last request: 0.0117413 seconds.
  importAddress: GUID: cf7ef7446ccc3644f9779235153d23db - Path: Assets/Scripts/Logistics/Container.cs - Importer: PreviewImporter
Importing 'GUID: cf7ef7446ccc3644f9779235153d23db - Path: Assets/Scripts/Logistics/Container.cs - Importer: PreviewImporter' with importer (PreviewImporter)
Imported 'GUID: cf7ef7446ccc3644f9779235153d23db' -> (Import Result ID: '00000000000000000000000000000000') in 0.001 seconds
Import Error Code:(4)
Message: Build asset version error: assets/scripts/logistics/container.cs in SourceAssetDB has modification time of '2026-08-29T04:31:09.9799258Z' while content on disk has modification time of '2026-08-29T04:31:20.73Z'
  ERROR: Build asset version error: assets/scripts/logistics/container.cs in SourceAssetDB has modification time of '2026-08-29T04:31:09.9799258Z' while content on disk has modification time of '2026-08-29T04:31:20.73Z'
Number of updated asset objects reloaded before import = 0
Number of asset objects unloaded after import = 0
========================================================================
Received Import Request.
  Time of request: 2026-08-29T04:31:30.8670769Z
  Time since last request: 0.0036898 seconds.
  importAddress: GUID: cf7ef7446ccc3644f9779235153d23db - Path: Assets/Scripts/Logistics/Container.cs - Importer: PreviewImporter
Importing 'GUID: cf7ef7446ccc3644f9779235153d23db - Path: Assets/Scripts/Logistics/Container.cs - Importer: PreviewImporter' with importer (PreviewImporter)
Imported 'GUID: cf7ef7446ccc3644f9779235153d23db' -> (Import Result ID: '00000000000000000000000000000000') in 0.001 seconds
Import Error Code:(4)
Message: Build asset version error: assets/scripts/logistics/container.cs in SourceAssetDB has modification time of '2026-08-29T04:31:09.9799258Z' while content on disk has modification time of '2026-08-29T04:31:20.73Z'
  ERROR: Build asset version error: assets/scripts/logistics/container.cs in SourceAssetDB has modification time of '2026-08-29T04:31:09.9799258Z' while content on disk has modification time of '2026-08-29T04:31:20.73Z'
Number of updated asset objects reloaded before import = 0
Number of asset objects unloaded after import = 0
========================================================================
Received Import Request.
  Time of request: 2026-08-29T04:31:30.8866128Z
  Time since last request: 0.0049456 seconds.
  importAddress: GUID: cf7ef7446ccc3644f9779235153d23db - Path: Assets/Scripts/Logistics/Container.cs - Importer: PreviewImporter
Importing 'GUID: cf7ef7446ccc3644f9779235153d23db - Path: Assets/Scripts/Logistics/Container.cs - Importer: PreviewImporter' with importer (PreviewImporter)
Imported 'GUID: cf7ef7446ccc3644f9779235153d23db' -> (Import Result ID: '00000000000000000000000000000000') in 0.001 seconds
Import Error Code:(4)
Message: Build asset version error: assets/scripts/logistics/container.cs in SourceAssetDB has modification time of '2026-08-29T04:31:09.9799258Z' while content on disk has modification time of '2026-08-29T04:31:20.73Z'
  ERROR: Build asset version error: assets/scripts/logistics/container.cs in SourceAssetDB has modification time of '2026-08-29T04:31:09.9799258Z' while content on disk has modification time of '2026-08-29T04:31:20.73Z'
Number of updated asset objects reloaded before import = 0
Number of asset objects unloaded after import = 0
========================================================================
Received Import Request.
  Time of request: 2026-08-29T04:31:30.9031559Z
  Time since last request: 0.0030186 seconds.
  importAddress: GUID: cf7ef7446ccc3644f9779235153d23db - Path: Assets/Scripts/Logistics/Container.cs - Importer: PreviewImporter
Importing 'GUID: cf7ef7446ccc3644f9779235153d23db - Path: Assets/Scripts/Logistics/Container.cs - Importer: PreviewImporter' with importer (PreviewImporter)
Imported 'GUID: cf7ef7446ccc3644f9779235153d23db' -> (Import Result ID: '00000000000000000000000000000000') in 0.001 seconds
Import Error Code:(4)
Message: Build asset version error: assets/scripts/logistics/container.cs in SourceAssetDB has modification time of '2026-08-29T04:31:09.9799258Z' while content on disk has modification time of '2026-08-29T04:31:20.73Z'
  ERROR: Build asset version error: assets/scripts/logistics/container.cs in SourceAssetDB has modification time of '2026-08-29T04:31:09.9799258Z' while content on disk has modification time of '2026-08-29T04:31:20.73Z'
Number of updated asset objects reloaded before import = 0
Number of asset objects unloaded after import = 0
========================================================================
Received Import Request.
  Time of request: 2026-08-29T04:31:30.9270155Z
  Time since last request: 0.0127424 seconds.
  importAddress: GUID: cf7ef7446ccc3644f9779235153d23db - Path: Assets/Scripts/Logistics/Container.cs - Importer: PreviewImporter
Importing 'GUID: cf7ef7446ccc3644f9779235153d23db - Path: Assets/Scripts/Logistics/Container.cs - Importer: PreviewImporter' with importer (PreviewImporter)
Imported 'GUID: cf7ef7446ccc3644f9779235153d23db' -> (Import Result ID: '00000000000000000000000000000000') in 0.001 seconds
Import Error Code:(4)
Message: Build asset version error: assets/scripts/logistics/container.cs in SourceAssetDB has modification time of '2026-08-29T04:31:09.9799258Z' while content on disk has modification time of '2026-08-29T04:31:20.73Z'
  ERROR: Build asset version error: assets/scripts/logistics/container.cs in SourceAssetDB has modification time of '2026-08-29T04:31:09.9799258Z' while content on disk has modification time of '2026-08-29T04:31:20.73Z'
Number of updated asset objects reloaded before import = 0
Number of asset objects unloaded after import = 0
========================================================================
Received Import Request.
  Time of request: 2026-08-29T04:31:30.9452765Z
  Time since last request: 0.0041015 seconds.
  importAddress: GUID: cf7ef7446ccc3644f9779235153d23db - Path: Assets/Scripts/Logistics/Container.cs - Importer: PreviewImporter
Importing 'GUID: cf7ef7446ccc3644f9779235153d23db - Path: Assets/Scripts/Logistics/Container.cs - Importer: PreviewImporter' with importer (PreviewImporter)
Imported 'GUID: cf7ef7446ccc3644f9779235153d23db' -> (Import Result ID: '00000000000000000000000000000000') in 0.001 seconds
Import Error Code:(4)
Message: Build asset version error: assets/scripts/logistics/container.cs in SourceAssetDB has modification time of '2026-08-29T04:31:09.9799258Z' while content on disk has modification time of '2026-08-29T04:31:20.73Z'
  ERROR: Build asset version error: assets/scripts/logistics/container.cs in SourceAssetDB has modification time of '2026-08-29T04:31:09.9799258Z' while content on disk has modification time of '2026-08-29T04:31:20.73Z'
Number of updated asset objects reloaded before import = 0
Number of asset objects unloaded after import = 0
========================================================================
Received Import Request.
  Time of request: 2026-08-29T04:31:30.9632139Z
  Time since last request: 0.0036231 seconds.
  importAddress: GUID: cf7ef7446ccc3644f9779235153d23db - Path: Assets/Scripts/Logistics/Container.cs - Importer: PreviewImporter
Importing 'GUID: cf7ef7446ccc3644f9779235153d23db - Path: Assets/Scripts/Logistics/Container.cs - Importer: PreviewImporter' with importer (PreviewImporter)
Imported 'GUID: cf7ef7446ccc3644f9779235153d23db' -> (Import Result ID: '00000000000000000000000000000000') in 0.001 seconds
Import Error Code:(4)
Message: Build asset version error: assets/scripts/logistics/container.cs in SourceAssetDB has modification time of '2026-08-29T04:31:09.9799258Z' while content on disk has modification time of '2026-08-29T04:31:20.73Z'
  ERROR: Build asset version error: assets/scripts/logistics/container.cs in SourceAssetDB has modification time of '2026-08-29T04:31:09.9799258Z' while content on disk has modification time of '2026-08-29T04:31:20.73Z'
Number of updated asset objects reloaded before import = 0
Number of asset objects unloaded after import = 0
========================================================================
Received Import Request.
  Time of request: 2026-08-29T04:31:30.9820679Z
  Time since last request: 0.0049255 seconds.
  importAddress: GUID: cf7ef7446ccc3644f9779235153d23db - Path: Assets/Scripts/Logistics/Container.cs - Importer: PreviewImporter
Importing 'GUID: cf7ef7446ccc3644f9779235153d23db - Path: Assets/Scripts/Logistics/Container.cs - Importer: PreviewImporter' with importer (PreviewImporter)
Imported 'GUID: cf7ef7446ccc3644f9779235153d23db' -> (Import Result ID: '00000000000000000000000000000000') in 0.001 seconds
Import Error Code:(4)
Message: Build asset version error: assets/scripts/logistics/container.cs in SourceAssetDB has modification time of '2026-08-29T04:31:09.9799258Z' while content on disk has modification time of '2026-08-29T04:31:20.73Z'
  ERROR: Build asset version error: assets/scripts/logistics/container.cs in SourceAssetDB has modification time of '2026-08-29T04:31:09.9799258Z' while content on disk has modification time of '2026-08-29T04:31:20.73Z'
Number of updated asset objects reloaded before import = 0
Number of asset objects unloaded after import = 0
========================================================================
Received Import Request.
  Time of request: 2026-08-29T04:31:31.0015948Z
  Time since last request: 0.0046314 seconds.
  importAddress: GUID: cf7ef7446ccc3644f9779235153d23db - Path: Assets/Scripts/Logistics/Container.cs - Importer: PreviewImporter
Importing 'GUID: cf7ef7446ccc3644f9779235153d23db - Path: Assets/Scripts/Logistics/Container.cs - Importer: PreviewImporter' with importer (PreviewImporter)
Imported 'GUID: cf7ef7446ccc3644f9779235153d23db' -> (Import Result ID: '00000000000000000000000000000000') in 0.000 seconds
Import Error Code:(4)
Message: Build asset version error: assets/scripts/logistics/container.cs in SourceAssetDB has modification time of '2026-08-29T04:31:09.9799258Z' while content on disk has modification time of '2026-08-29T04:31:20.73Z'
  ERROR: Build asset version error: assets/scripts/logistics/container.cs in SourceAssetDB has modification time of '2026-08-29T04:31:09.9799258Z' while content on disk has modification time of '2026-08-29T04:31:20.73Z'
Number of updated asset objects reloaded before import = 0
Number of asset objects unloaded after import = 0
========================================================================
Received Import Request.
  Time of request: 2026-08-29T04:31:31.0199369Z
  Time since last request: 0.0065608 seconds.
  importAddress: GUID: cf7ef7446ccc3644f9779235153d23db - Path: Assets/Scripts/Logistics/Container.cs - Importer: PreviewImporter
Importing 'GUID: cf7ef7446ccc3644f9779235153d23db - Path: Assets/Scripts/Logistics/Container.cs - Importer: PreviewImporter' with importer (PreviewImporter)
Imported 'GUID: cf7ef7446ccc3644f9779235153d23db' -> (Import Result ID: '00000000000000000000000000000000') in 0.000 seconds
Import Error Code:(4)
Message: Build asset version error: assets/scripts/logistics/container.cs in SourceAssetDB has modification time of '2026-08-29T04:31:09.9799258Z' while content on disk has modification time of '2026-08-29T04:31:20.73Z'
  ERROR: Build asset version error: assets/scripts/logistics/container.cs in SourceAssetDB has modification time of '2026-08-29T04:31:09.9799258Z' while content on disk has modification time of '2026-08-29T04:31:20.73Z'
Number of updated asset objects reloaded before import = 0
Number of asset objects unloaded after import = 0
========================================================================
Received Import Request.
  Time of request: 2026-08-29T04:31:31.0386051Z
  Time since last request: 0.0060174 seconds.
  importAddress: GUID: cf7ef7446ccc3644f9779235153d23db - Path: Assets/Scripts/Logistics/Container.cs - Importer: PreviewImporter
Importing 'GUID: cf7ef7446ccc3644f9779235153d23db - Path: Assets/Scripts/Logistics/Container.cs - Importer: PreviewImporter' with importer (PreviewImporter)
Imported 'GUID: cf7ef7446ccc3644f9779235153d23db' -> (Import Result ID: '00000000000000000000000000000000') in 0.000 seconds
Import Error Code:(4)
Message: Build asset version error: assets/scripts/logistics/container.cs in SourceAssetDB has modification time of '2026-08-29T04:31:09.9799258Z' while content on disk has modification time of '2026-08-29T04:31:20.73Z'
  ERROR: Build asset version error: assets/scripts/logistics/container.cs in SourceAssetDB has modification time of '2026-08-29T04:31:09.9799258Z' while content on disk has modification time of '2026-08-29T04:31:20.73Z'
Number of updated asset objects reloaded before import = 0
Number of asset objects unloaded after import = 0
========================================================================
Received Import Request.
  Time of request: 2026-08-29T04:31:31.058111Z
  Time since last request: 0.0063992 seconds.
  importAddress: GUID: cf7ef7446ccc3644f9779235153d23db - Path: Assets/Scripts/Logistics/Container.cs - Importer: PreviewImporter
Importing 'GUID: cf7ef7446ccc3644f9779235153d23db - Path: Assets/Scripts/Logistics/Container.cs - Importer: PreviewImporter' with importer (PreviewImporter)
Imported 'GUID: cf7ef7446ccc3644f9779235153d23db' -> (Import Result ID: '00000000000000000000000000000000') in 0.001 seconds
Import Error Code:(4)
Message: Build asset version error: assets/scripts/logistics/container.cs in SourceAssetDB has modification time of '2026-08-29T04:31:09.9799258Z' while content on disk has modification time of '2026-08-29T04:31:20.73Z'
  ERROR: Build asset version error: assets/scripts/logistics/container.cs in SourceAssetDB has modification time of '2026-08-29T04:31:09.9799258Z' while content on disk has modification time of '2026-08-29T04:31:20.73Z'
Number of updated asset objects reloaded before import = 0
Number of asset objects unloaded after import = 0
========================================================================
Received Import Request.
  Time of request: 2026-08-29T04:31:31.0791356Z
  Time since last request: 0.0055996 seconds.
  importAddress: GUID: cf7ef7446ccc3644f9779235153d23db - Path: Assets/Scripts/Logistics/Container.cs - Importer: PreviewImporter
Importing 'GUID: cf7ef7446ccc3644f9779235153d23db - Path: Assets/Scripts/Logistics/Container.cs - Importer: PreviewImporter' with importer (PreviewImporter)
Imported 'GUID: cf7ef7446ccc3644f9779235153d23db' -> (Import Result ID: '00000000000000000000000000000000') in 0.001 seconds
Import Error Code:(4)
Message: Build asset version error: assets/scripts/logistics/container.cs in SourceAssetDB has modification time of '2026-08-29T04:31:09.9799258Z' while content on disk has modification time of '2026-08-29T04:31:20.73Z'
  ERROR: Build asset version error: assets/scripts/logistics/container.cs in SourceAssetDB has modification time of '2026-08-29T04:31:09.9799258Z' while content on disk has modification time of '2026-08-29T04:31:20.73Z'
Number of updated asset objects reloaded before import = 0
Number of asset objects unloaded after import = 0
========================================================================
Received Import Request.
  Time of request: 2026-08-29T04:31:31.0969431Z
  Time since last request: 0.003079 seconds.
  importAddress: GUID: cf7ef7446ccc3644f9779235153d23db - Path: Assets/Scripts/Logistics/Container.cs - Importer: PreviewImporter
Importing 'GUID: cf7ef7446ccc3644f9779235153d23db - Path: Assets/Scripts/Logistics/Container.cs - Importer: PreviewImporter' with importer (PreviewImporter)
Imported 'GUID: cf7ef7446ccc3644f9779235153d23db' -> (Import Result ID: '00000000000000000000000000000000') in 0.001 seconds
Import Error Code:(4)
Message: Build asset version error: assets/scripts/logistics/container.cs in SourceAssetDB has modification time of '2026-08-29T04:31:09.9799258Z' while content on disk has modification time of '2026-08-29T04:31:20.73Z'
  ERROR: Build asset version error: assets/scripts/logistics/container.cs in SourceAssetDB has modification time of '2026-08-29T04:31:09.9799258Z' while content on disk has modification time of '2026-08-29T04:31:20.73Z'
Number of updated asset objects reloaded before import = 0
Number of asset objects unloaded after import = 0
========================================================================
Received Import Request.
  Time of request: 2026-08-29T04:31:31.1237307Z
  Time since last request: 0.0149843 seconds.
  importAddress: GUID: cf7ef7446ccc3644f9779235153d23db - Path: Assets/Scripts/Logistics/Container.cs - Importer: PreviewImporter
Importing 'GUID: cf7ef7446ccc3644f9779235153d23db - Path: Assets/Scripts/Logistics/Container.cs - Importer: PreviewImporter' with importer (PreviewImporter)
Imported 'GUID: cf7ef7446ccc3644f9779235153d23db' -> (Import Result ID: '00000000000000000000000000000000') in 0.000 seconds
Import Error Code:(4)
Message: Build asset version error: assets/scripts/logistics/container.cs in SourceAssetDB has modification time of '2026-08-29T04:31:09.9799258Z' while content on disk has modification time of '2026-08-29T04:31:20.73Z'
  ERROR: Build asset version error: assets/scripts/logistics/container.cs in SourceAssetDB has modification time of '2026-08-29T04:31:09.9799258Z' while content on disk has modification time of '2026-08-29T04:31:20.73Z'
Number of updated asset objects reloaded before import = 0
Number of asset objects unloaded after import = 0
========================================================================
Received Import Request.
  Time of request: 2026-08-29T04:31:31.1430223Z
  Time since last request: 0.005892 seconds.
  importAddress: GUID: cf7ef7446ccc3644f9779235153d23db - Path: Assets/Scripts/Logistics/Container.cs - Importer: PreviewImporter
Importing 'GUID: cf7ef7446ccc3644f9779235153d23db - Path: Assets/Scripts/Logistics/Container.cs - Importer: PreviewImporter' with importer (PreviewImporter)
Imported 'GUID: cf7ef7446ccc3644f9779235153d23db' -> (Import Result ID: '00000000000000000000000000000000') in 0.001 seconds
Import Error Code:(4)
Message: Build asset version error: assets/scripts/logistics/container.cs in SourceAssetDB has modification time of '2026-08-29T04:31:09.9799258Z' while content on disk has modification time of '2026-08-29T04:31:20.73Z'
  ERROR: Build asset version error: assets/scripts/logistics/container.cs in SourceAssetDB has modification time of '2026-08-29T04:31:09.9799258Z' while content on disk has modification time of '2026-08-29T04:31:20.73Z'
Number of updated asset objects reloaded before import = 0
Number of asset objects unloaded after import = 0
========================================================================
Received Import Request.
  Time of request: 2026-08-29T04:31:31.1658723Z
  Time since last request: 0.0093142 seconds.
  importAddress: GUID: cf7ef7446ccc3644f9779235153d23db - Path: Assets/Scripts/Logistics/Container.cs - Importer: PreviewImporter
Importing 'GUID: cf7ef7446ccc3644f9779235153d23db - Path: Assets/Scripts/Logistics/Container.cs - Importer: PreviewImporter' with importer (PreviewImporter)
Imported 'GUID: cf7ef7446ccc3644f9779235153d23db' -> (Import Result ID: '00000000000000000000000000000000') in 0.001 seconds
Import Error Code:(4)
Message: Build asset version error: assets/scripts/logistics/container.cs in SourceAssetDB has modification time of '2026-08-29T04:31:09.9799258Z' while content on disk has modification time of '2026-08-29T04:31:20.73Z'
  ERROR: Build asset version error: assets/scripts/logistics/container.cs in SourceAssetDB has modification time of '2026-08-29T04:31:09.9799258Z' while content on disk has modification time of '2026-08-29T04:31:20.73Z'
Number of updated asset objects reloaded before import = 0
Number of asset objects unloaded after import = 0
========================================================================
Received Import Request.
  Time of request: 2026-08-29T04:31:31.1965218Z
  Time since last request: 0.0177383 seconds.
  importAddress: GUID: cf7ef7446ccc3644f9779235153d23db - Path: Assets/Scripts/Logistics/Container.cs - Importer: PreviewImporter
Importing 'GUID: cf7ef7446ccc3644f9779235153d23db - Path: Assets/Scripts/Logistics/Container.cs - Importer: PreviewImporter' with importer (PreviewImporter)
Imported 'GUID: cf7ef7446ccc3644f9779235153d23db' -> (Import Result ID: '00000000000000000000000000000000') in 0.001 seconds
Import Error Code:(4)
Message: Build asset version error: assets/scripts/logistics/container.cs in SourceAssetDB has modification time of '2026-08-29T04:31:09.9799258Z' while content on disk has modification time of '2026-08-29T04:31:20.73Z'
  ERROR: Build asset version error: assets/scripts/logistics/container.cs in SourceAssetDB has modification time of '2026-08-29T04:31:09.9799258Z' while content on disk has modification time of '2026-08-29T04:31:20.73Z'
Number of updated asset objects reloaded before import = 0
Number of asset objects unloaded after import = 0
========================================================================
Received Import Request.
  Time of request: 2026-08-29T04:31:31.2430966Z
  Time since last request: 0.0341997 seconds.
  importAddress: GUID: cf7ef7446ccc3644f9779235153d23db - Path: Assets/Scripts/Logistics/Container.cs - Importer: PreviewImporter
Importing 'GUID: cf7ef7446ccc3644f9779235153d23db - Path: Assets/Scripts/Logistics/Container.cs - Importer: PreviewImporter' with importer (PreviewImporter)
Imported 'GUID: cf7ef7446ccc3644f9779235153d23db' -> (Import Result ID: '00000000000000000000000000000000') in 0.000 seconds
Import Error Code:(4)
Message: Build asset version error: assets/scripts/logistics/container.cs in SourceAssetDB has modification time of '2026-08-29T04:31:09.9799258Z' while content on disk has modification time of '2026-08-29T04:31:20.73Z'
  ERROR: Build asset version error: assets/scripts/logistics/container.cs in SourceAssetDB has modification time of '2026-08-29T04:31:09.9799258Z' while content on disk has modification time of '2026-08-29T04:31:20.73Z'
Number of updated asset objects reloaded before import = 0
Number of asset objects unloaded after import = 0
========================================================================
Received Import Request.
  Time of request: 2026-08-29T04:31:31.2738713Z
  Time since last request: 0.0170124 seconds.
  importAddress: GUID: cf7ef7446ccc3644f9779235153d23db - Path: Assets/Scripts/Logistics/Container.cs - Importer: PreviewImporter
Importing 'GUID: cf7ef7446ccc3644f9779235153d23db - Path: Assets/Scripts/Logistics/Container.cs - Importer: PreviewImporter' with importer (PreviewImporter)
Imported 'GUID: cf7ef7446ccc3644f9779235153d23db' -> (Import Result ID: '00000000000000000000000000000000') in 0.001 seconds
Import Error Code:(4)
Message: Build asset version error: assets/scripts/logistics/container.cs in SourceAssetDB has modification time of '2026-08-29T04:31:09.9799258Z' while content on disk has modification time of '2026-08-29T04:31:20.73Z'
  ERROR: Build asset version error: assets/scripts/logistics/container.cs in SourceAssetDB has modification time of '2026-08-29T04:31:09.9799258Z' while content on disk has modification time of '2026-08-29T04:31:20.73Z'
Number of updated asset objects reloaded before import = 0
Number of asset objects unloaded after import = 0
========================================================================
Received Import Request.
  Time of request: 2026-08-29T04:31:31.2932987Z
  Time since last request: 0.0043775 seconds.
  importAddress: GUID: cf7ef7446ccc3644f9779235153d23db - Path: Assets/Scripts/Logistics/Container.cs - Importer: PreviewImporter
Importing 'GUID: cf7ef7446ccc3644f9779235153d23db - Path: Assets/Scripts/Logistics/Container.cs - Importer: PreviewImporter' with importer (PreviewImporter)
Imported 'GUID: cf7ef7446ccc3644f9779235153d23db' -> (Import Result ID: '00000000000000000000000000000000') in 0.001 seconds
Import Error Code:(4)
Message: Build asset version error: assets/scripts/logistics/container.cs in SourceAssetDB has modification time of '2026-08-29T04:31:09.9799258Z' while content on disk has modification time of '2026-08-29T04:31:20.73Z'
  ERROR: Build asset version error: assets/scripts/logistics/container.cs in SourceAssetDB has modification time of '2026-08-29T04:31:09.9799258Z' while content on disk has modification time of '2026-08-29T04:31:20.73Z'
Number of updated asset objects reloaded before import = 0
Number of asset objects unloaded after import = 0
========================================================================
Received Import Request.
  Time of request: 2026-08-29T04:31:31.3091741Z
  Time since last request: 0.0029531 seconds.
  importAddress: GUID: cf7ef7446ccc3644f9779235153d23db - Path: Assets/Scripts/Logistics/Container.cs - Importer: PreviewImporter
Importing 'GUID: cf7ef7446ccc3644f9779235153d23db - Path: Assets/Scripts/Logistics/Container.cs - Importer: PreviewImporter' with importer (PreviewImporter)
Imported 'GUID: cf7ef7446ccc3644f9779235153d23db' -> (Import Result ID: '00000000000000000000000000000000') in 0.001 seconds
Import Error Code:(4)
Message: Build asset version error: assets/scripts/logistics/container.cs in SourceAssetDB has modification time of '2026-08-29T04:31:09.9799258Z' while content on disk has modification time of '2026-08-29T04:31:20.73Z'
  ERROR: Build asset version error: assets/scripts/logistics/container.cs in SourceAssetDB has modification time of '2026-08-29T04:31:09.9799258Z' while content on disk has modification time of '2026-08-29T04:31:20.73Z'
Number of updated asset objects reloaded before import = 0
Number of asset objects unloaded after import = 0
========================================================================
Received Import Request.
  Time of request: 2026-08-29T04:31:31.332756Z
  Time since last request: 0.010119 seconds.
  importAddress: GUID: cf7ef7446ccc3644f9779235153d23db - Path: Assets/Scripts/Logistics/Container.cs - Importer: PreviewImporter
Importing 'GUID: cf7ef7446ccc3644f9779235153d23db - Path: Assets/Scripts/Logistics/Container.cs - Importer: PreviewImporter' with importer (PreviewImporter)
Imported 'GUID: cf7ef7446ccc3644f9779235153d23db' -> (Import Result ID: '00000000000000000000000000000000') in 0.001 seconds
Import Error Code:(4)
Message: Build asset version error: assets/scripts/logistics/container.cs in SourceAssetDB has modification time of '2026-08-29T04:31:09.9799258Z' while content on disk has modification time of '2026-08-29T04:31:20.73Z'
  ERROR: Build asset version error: assets/scripts/logistics/container.cs in SourceAssetDB has modification time of '2026-08-29T04:31:09.9799258Z' while content on disk has modification time of '2026-08-29T04:31:20.73Z'
Number of updated asset objects reloaded before import = 0
Number of asset objects unloaded after import = 0
========================================================================
Received Import Request.
  Time of request: 2026-08-29T04:31:31.3507334Z
  Time since last request: 0.0040717 seconds.
  importAddress: GUID: cf7ef7446ccc3644f9779235153d23db - Path: Assets/Scripts/Logistics/Container.cs - Importer: PreviewImporter
Importing 'GUID: cf7ef7446ccc3644f9779235153d23db - Path: Assets/Scripts/Logistics/Container.cs - Importer: PreviewImporter' with importer (PreviewImporter)
Imported 'GUID: cf7ef7446ccc3644f9779235153d23db' -> (Import Result ID: '00000000000000000000000000000000') in 0.001 seconds
Import Error Code:(4)
Message: Build asset version error: assets/scripts/logistics/container.cs in SourceAssetDB has modification time of '2026-08-29T04:31:09.9799258Z' while content on disk has modification time of '2026-08-29T04:31:20.73Z'
  ERROR: Build asset version error: assets/scripts/logistics/container.cs in SourceAssetDB has modification time of '2026-08-29T04:31:09.9799258Z' while content on disk has modification time of '2026-08-29T04:31:20.73Z'
Number of updated asset objects reloaded before import = 0
Number of asset objects unloaded after import = 0
========================================================================
Received Import Request.
  Time of request: 2026-08-29T04:31:31.3699051Z
  Time since last request: 0.0048294 seconds.
  importAddress: GUID: cf7ef7446ccc3644f9779235153d23db - Path: Assets/Scripts/Logistics/Container.cs - Importer: PreviewImporter
Importing 'GUID: cf7ef7446ccc3644f9779235153d23db - Path: Assets/Scripts/Logistics/Container.cs - Importer: PreviewImporter' with importer (PreviewImporter)
Imported 'GUID: cf7ef7446ccc3644f9779235153d23db' -> (Import Result ID: '00000000000000000000000000000000') in 0.001 seconds
Import Error Code:(4)
Message: Build asset version error: assets/scripts/logistics/container.cs in SourceAssetDB has modification time of '2026-08-29T04:31:09.9799258Z' while content on disk has modification time of '2026-08-29T04:31:20.73Z'
  ERROR: Build asset version error: assets/scripts/logistics/container.cs in SourceAssetDB has modification time of '2026-08-29T04:31:09.9799258Z' while content on disk has modification time of '2026-08-29T04:31:20.73Z'
Number of updated asset objects reloaded before import = 0
Number of asset objects unloaded after import = 0
========================================================================
Received Import Request.
  Time of request: 2026-08-29T04:31:31.3902305Z
  Time since last request: 0.0057439 seconds.
  importAddress: GUID: cf7ef7446ccc3644f9779235153d23db - Path: Assets/Scripts/Logistics/Container.cs - Importer: PreviewImporter
Importing 'GUID: cf7ef7446ccc3644f9779235153d23db - Path: Assets/Scripts/Logistics/Container.cs - Importer: PreviewImporter' with importer (PreviewImporter)
Imported 'GUID: cf7ef7446ccc3644f9779235153d23db' -> (Import Result ID: '00000000000000000000000000000000') in 0.001 seconds
Import Error Code:(4)
Message: Build asset version error: assets/scripts/logistics/container.cs in SourceAssetDB has modification time of '2026-08-29T04:31:09.9799258Z' while content on disk has modification time of '2026-08-29T04:31:20.73Z'
  ERROR: Build asset version error: assets/scripts/logistics/container.cs in SourceAssetDB has modification time of '2026-08-29T04:31:09.9799258Z' while content on disk has modification time of '2026-08-29T04:31:20.73Z'
Number of updated asset objects reloaded before import = 0
Number of asset objects unloaded after import = 0
========================================================================
Received Import Request.
  Time of request: 2026-08-29T04:31:31.4106924Z
  Time since last request: 0.0054544 seconds.
  importAddress: GUID: cf7ef7446ccc3644f9779235153d23db - Path: Assets/Scripts/Logistics/Container.cs - Importer: PreviewImporter
Importing 'GUID: cf7ef7446ccc3644f9779235153d23db - Path: Assets/Scripts/Logistics/Container.cs - Importer: PreviewImporter' with importer (PreviewImporter)
Imported 'GUID: cf7ef7446ccc3644f9779235153d23db' -> (Import Result ID: '00000000000000000000000000000000') in 0.001 seconds
Import Error Code:(4)
Message: Build asset version error: assets/scripts/logistics/container.cs in SourceAssetDB has modification time of '2026-08-29T04:31:09.9799258Z' while content on disk has modification time of '2026-08-29T04:31:20.73Z'
  ERROR: Build asset version error: assets/scripts/logistics/container.cs in SourceAssetDB has modification time of '2026-08-29T04:31:09.9799258Z' while content on disk has modification time of '2026-08-29T04:31:20.73Z'
Number of updated asset objects reloaded before import = 0
Number of asset objects unloaded after import = 0
========================================================================
Received Import Request.
  Time of request: 2026-08-29T04:31:31.4299419Z
  Time since last request: 0.0059922 seconds.
  importAddress: GUID: cf7ef7446ccc3644f9779235153d23db - Path: Assets/Scripts/Logistics/Container.cs - Importer: PreviewImporter
Importing 'GUID: cf7ef7446ccc3644f9779235153d23db - Path: Assets/Scripts/Logistics/Container.cs - Importer: PreviewImporter' with importer (PreviewImporter)
Imported 'GUID: cf7ef7446ccc3644f9779235153d23db' -> (Import Result ID: '00000000000000000000000000000000') in 0.001 seconds
Import Error Code:(4)
Message: Build asset version error: assets/scripts/logistics/container.cs in SourceAssetDB has modification time of '2026-08-29T04:31:09.9799258Z' while content on disk has modification time of '2026-08-29T04:31:20.73Z'
  ERROR: Build asset version error: assets/scripts/logistics/container.cs in SourceAssetDB has modification time of '2026-08-29T04:31:09.9799258Z' while content on disk has modification time of '2026-08-29T04:31:20.73Z'
Number of updated asset objects reloaded before import = 0
Number of asset objects unloaded after import = 0
========================================================================
Received Import Request.
  Time of request: 2026-08-29T04:31:31.4492776Z
  Time since last request: 0.0060332 seconds.
  importAddress: GUID: cf7ef7446ccc3644f9779235153d23db - Path: Assets/Scripts/Logistics/Container.cs - Importer: PreviewImporter
Importing 'GUID: cf7ef7446ccc3644f9779235153d23db - Path: Assets/Scripts/Logistics/Container.cs - Importer: PreviewImporter' with importer (PreviewImporter)
Imported 'GUID: cf7ef7446ccc3644f9779235153d23db' -> (Import Result ID: '00000000000000000000000000000000') in 0.001 seconds
Import Error Code:(4)
Message: Build asset version error: assets/scripts/logistics/container.cs in SourceAssetDB has modification time of '2026-08-29T04:31:09.9799258Z' while content on disk has modification time of '2026-08-29T04:31:20.73Z'
  ERROR: Build asset version error: assets/scripts/logistics/container.cs in SourceAssetDB has modification time of '2026-08-29T04:31:09.9799258Z' while content on disk has modification time of '2026-08-29T04:31:20.73Z'
Number of updated asset objects reloaded before import = 0
Number of asset objects unloaded after import = 0
========================================================================
Received Import Request.
  Time of request: 2026-08-29T04:31:31.468875Z
  Time since last request: 0.0065702 seconds.
  importAddress: GUID: cf7ef7446ccc3644f9779235153d23db - Path: Assets/Scripts/Logistics/Container.cs - Importer: PreviewImporter
Importing 'GUID: cf7ef7446ccc3644f9779235153d23db - Path: Assets/Scripts/Logistics/Container.cs - Importer: PreviewImporter' with importer (PreviewImporter)
Imported 'GUID: cf7ef7446ccc3644f9779235153d23db' -> (Import Result ID: '00000000000000000000000000000000') in 0.001 seconds
Import Error Code:(4)
Message: Build asset version error: assets/scripts/logistics/container.cs in SourceAssetDB has modification time of '2026-08-29T04:31:09.9799258Z' while content on disk has modification time of '2026-08-29T04:31:20.73Z'
  ERROR: Build asset version error: assets/scripts/logistics/container.cs in SourceAssetDB has modification time of '2026-08-29T04:31:09.9799258Z' while content on disk has modification time of '2026-08-29T04:31:20.73Z'
Number of updated asset objects reloaded before import = 0
Number of asset objects unloaded after import = 0
========================================================================
Received Import Request.
  Time of request: 2026-08-29T04:31:31.4887079Z
  Time since last request: 0.0057562 seconds.
  importAddress: GUID: cf7ef7446ccc3644f9779235153d23db - Path: Assets/Scripts/Logistics/Container.cs - Importer: PreviewImporter
Importing 'GUID: cf7ef7446ccc3644f9779235153d23db - Path: Assets/Scripts/Logistics/Container.cs - Importer: PreviewImporter' with importer (PreviewImporter)
Imported 'GUID: cf7ef7446ccc3644f9779235153d23db' -> (Import Result ID: '00000000000000000000000000000000') in 0.001 seconds
Import Error Code:(4)
Message: Build asset version error: assets/scripts/logistics/container.cs in SourceAssetDB has modification time of '2026-08-29T04:31:09.9799258Z' while content on disk has modification time of '2026-08-29T04:31:20.73Z'
  ERROR: Build asset version error: assets/scripts/logistics/container.cs in SourceAssetDB has modification time of '2026-08-29T04:31:09.9799258Z' while content on disk has modification time of '2026-08-29T04:31:20.73Z'
Number of updated asset objects reloaded before import = 0
Number of asset objects unloaded after import = 0
========================================================================
Received Import Request.
  Time of request: 2026-08-29T04:31:31.5105126Z
  Time since last request: 0.007408 seconds.
  importAddress: GUID: cf7ef7446ccc3644f9779235153d23db - Path: Assets/Scripts/Logistics/Container.cs - Importer: PreviewImporter
Importing 'GUID: cf7ef7446ccc3644f9779235153d23db - Path: Assets/Scripts/Logistics/Container.cs - Importer: PreviewImporter' with importer (PreviewImporter)
Imported 'GUID: cf7ef7446ccc3644f9779235153d23db' -> (Import Result ID: '00000000000000000000000000000000') in 0.001 seconds
Import Error Code:(4)
Message: Build asset version error: assets/scripts/logistics/container.cs in SourceAssetDB has modification time of '2026-08-29T04:31:09.9799258Z' while content on disk has modification time of '2026-08-29T04:31:20.73Z'
  ERROR: Build asset version error: assets/scripts/logistics/container.cs in SourceAssetDB has modification time of '2026-08-29T04:31:09.9799258Z' while content on disk has modification time of '2026-08-29T04:31:20.73Z'
Number of updated asset objects reloaded before import = 0
Number of asset objects unloaded after import = 0
========================================================================
Received Import Request.
  Time of request: 2026-08-29T04:31:31.5471616Z
  Time since last request: 0.0207607 seconds.
  importAddress: GUID: cf7ef7446ccc3644f9779235153d23db - Path: Assets/Scripts/Logistics/Container.cs - Importer: PreviewImporter
Importing 'GUID: cf7ef7446ccc3644f9779235153d23db - Path: Assets/Scripts/Logistics/Container.cs - Importer: PreviewImporter' with importer (PreviewImporter)
Imported 'GUID: cf7ef7446ccc3644f9779235153d23db' -> (Import Result ID: '00000000000000000000000000000000') in 0.000 seconds
Import Error Code:(4)
Message: Build asset version error: assets/scripts/logistics/container.cs in SourceAssetDB has modification time of '2026-08-29T04:31:09.9799258Z' while content on disk has modification time of '2026-08-29T04:31:20.73Z'
  ERROR: Build asset version error: assets/scripts/logistics/container.cs in SourceAssetDB has modification time of '2026-08-29T04:31:09.9799258Z' while content on disk has modification time of '2026-08-29T04:31:20.73Z'
Number of updated asset objects reloaded before import = 0
Number of asset objects unloaded after import = 0
========================================================================
Received Import Request.
  Time of request: 2026-08-29T04:31:31.5877007Z
  Time since last request: 0.0288235 seconds.
  importAddress: GUID: cf7ef7446ccc3644f9779235153d23db - Path: Assets/Scripts/Logistics/Container.cs - Importer: PreviewImporter
Importing 'GUID: cf7ef7446ccc3644f9779235153d23db - Path: Assets/Scripts/Logistics/Container.cs - Importer: PreviewImporter' with importer (PreviewImporter)
Imported 'GUID: cf7ef7446ccc3644f9779235153d23db' -> (Import Result ID: '00000000000000000000000000000000') in 0.001 seconds
Import Error Code:(4)
Message: Build asset version error: assets/scripts/logistics/container.cs in SourceAssetDB has modification time of '2026-08-29T04:31:09.9799258Z' while content on disk has modification time of '2026-08-29T04:31:20.73Z'
  ERROR: Build asset version error: assets/scripts/logistics/container.cs in SourceAssetDB has modification time of '2026-08-29T04:31:09.9799258Z' while content on disk has modification time of '2026-08-29T04:31:20.73Z'
Number of updated asset objects reloaded before import = 0
Number of asset objects unloaded after import = 0
========================================================================
Received Import Request.
  Time of request: 2026-08-29T04:31:31.6074982Z
  Time since last request: 0.0073463 seconds.
  importAddress: GUID: cf7ef7446ccc3644f9779235153d23db - Path: Assets/Scripts/Logistics/Container.cs - Importer: PreviewImporter
Importing 'GUID: cf7ef7446ccc3644f9779235153d23db - Path: Assets/Scripts/Logistics/Container.cs - Importer: PreviewImporter' with importer (PreviewImporter)
Imported 'GUID: cf7ef7446ccc3644f9779235153d23db' -> (Import Result ID: '00000000000000000000000000000000') in 0.001 seconds
Import Error Code:(4)
Message: Build asset version error: assets/scripts/logistics/container.cs in SourceAssetDB has modification time of '2026-08-29T04:31:09.9799258Z' while content on disk has modification time of '2026-08-29T04:31:20.73Z'
  ERROR: Build asset version error: assets/scripts/logistics/container.cs in SourceAssetDB has modification time of '2026-08-29T04:31:09.9799258Z' while content on disk has modification time of '2026-08-29T04:31:20.73Z'
Number of updated asset objects reloaded before import = 0
Number of asset objects unloaded after import = 0
========================================================================
Received Import Request.
  Time of request: 2026-08-29T04:31:31.6277148Z
  Time since last request: 0.0052792 seconds.
  importAddress: GUID: cf7ef7446ccc3644f9779235153d23db - Path: Assets/Scripts/Logistics/Container.cs - Importer: PreviewImporter
Importing 'GUID: cf7ef7446ccc3644f9779235153d23db - Path: Assets/Scripts/Logistics/Container.cs - Importer: PreviewImporter' with importer (PreviewImporter)
Imported 'GUID: cf7ef7446ccc3644f9779235153d23db' -> (Import Result ID: '00000000000000000000000000000000') in 0.000 seconds
Import Error Code:(4)
Message: Build asset version error: assets/scripts/logistics/container.cs in SourceAssetDB has modification time of '2026-08-29T04:31:09.9799258Z' while content on disk has modification time of '2026-08-29T04:31:20.73Z'
  ERROR: Build asset version error: assets/scripts/logistics/container.cs in SourceAssetDB has modification time of '2026-08-29T04:31:09.9799258Z' while content on disk has modification time of '2026-08-29T04:31:20.73Z'
Number of updated asset objects reloaded before import = 0
Number of asset objects unloaded after import = 0
========================================================================
Received Import Request.
  Time of request: 2026-08-29T04:31:31.6474255Z
  Time since last request: 0.0068206 seconds.
  importAddress: GUID: cf7ef7446ccc3644f9779235153d23db - Path: Assets/Scripts/Logistics/Container.cs - Importer: PreviewImporter
Importing 'GUID: cf7ef7446ccc3644f9779235153d23db - Path: Assets/Scripts/Logistics/Container.cs - Importer: PreviewImporter' with importer (PreviewImporter)
Imported 'GUID: cf7ef7446ccc3644f9779235153d23db' -> (Import Result ID: '00000000000000000000000000000000') in 0.001 seconds
Import Error Code:(4)
Message: Build asset version error: assets/scripts/logistics/container.cs in SourceAssetDB has modification time of '2026-08-29T04:31:09.9799258Z' while content on disk has modification time of '2026-08-29T04:31:20.73Z'
  ERROR: Build asset version error: assets/scripts/logistics/container.cs in SourceAssetDB has modification time of '2026-08-29T04:31:09.9799258Z' while content on disk has modification time of '2026-08-29T04:31:20.73Z'
Number of updated asset objects reloaded before import = 0
Number of asset objects unloaded after import = 0
========================================================================
Received Import Request.
  Time of request: 2026-08-29T04:31:31.6685132Z
  Time since last request: 0.0069944 seconds.
  importAddress: GUID: cf7ef7446ccc3644f9779235153d23db - Path: Assets/Scripts/Logistics/Container.cs - Importer: PreviewImporter
Importing 'GUID: cf7ef7446ccc3644f9779235153d23db - Path: Assets/Scripts/Logistics/Container.cs - Importer: PreviewImporter' with importer (PreviewImporter)
Imported 'GUID: cf7ef7446ccc3644f9779235153d23db' -> (Import Result ID: '00000000000000000000000000000000') in 0.001 seconds
Import Error Code:(4)
Message: Build asset version error: assets/scripts/logistics/container.cs in SourceAssetDB has modification time of '2026-08-29T04:31:09.9799258Z' while content on disk has modification time of '2026-08-29T04:31:20.73Z'
  ERROR: Build asset version error: assets/scripts/logistics/container.cs in SourceAssetDB has modification time of '2026-08-29T04:31:09.9799258Z' while content on disk has modification time of '2026-08-29T04:31:20.73Z'
Number of updated asset objects reloaded before import = 0
Number of asset objects unloaded after import = 0
========================================================================
Received Import Request.
  Time of request: 2026-08-29T04:31:31.6882265Z
  Time since last request: 0.0058365 seconds.
  importAddress: GUID: cf7ef7446ccc3644f9779235153d23db - Path: Assets/Scripts/Logistics/Container.cs - Importer: PreviewImporter
Importing 'GUID: cf7ef7446ccc3644f9779235153d23db - Path: Assets/Scripts/Logistics/Container.cs - Importer: PreviewImporter' with importer (PreviewImporter)
Imported 'GUID: cf7ef7446ccc3644f9779235153d23db' -> (Import Result ID: '00000000000000000000000000000000') in 0.001 seconds
Import Error Code:(4)
Message: Build asset version error: assets/scripts/logistics/container.cs in SourceAssetDB has modification time of '2026-08-29T04:31:09.9799258Z' while content on disk has modification time of '2026-08-29T04:31:20.73Z'
  ERROR: Build asset version error: assets/scripts/logistics/container.cs in SourceAssetDB has modification time of '2026-08-29T04:31:09.9799258Z' while content on disk has modification time of '2026-08-29T04:31:20.73Z'
Number of updated asset objects reloaded before import = 0
Number of asset objects unloaded after import = 0
========================================================================
Received Import Request.
  Time of request: 2026-08-29T04:31:31.7072031Z
  Time since last request: 0.0046598 seconds.
  importAddress: GUID: cf7ef7446ccc3644f9779235153d23db - Path: Assets/Scripts/Logistics/Container.cs - Importer: PreviewImporter
Importing 'GUID: cf7ef7446ccc3644f9779235153d23db - Path: Assets/Scripts/Logistics/Container.cs - Importer: PreviewImporter' with importer (PreviewImporter)
Imported 'GUID: cf7ef7446ccc3644f9779235153d23db' -> (Import Result ID: '00000000000000000000000000000000') in 0.001 seconds
Import Error Code:(4)
Message: Build asset version error: assets/scripts/logistics/container.cs in SourceAssetDB has modification time of '2026-08-29T04:31:09.9799258Z' while content on disk has modification time of '2026-08-29T04:31:20.73Z'
  ERROR: Build asset version error: assets/scripts/logistics/container.cs in SourceAssetDB has modification time of '2026-08-29T04:31:09.9799258Z' while content on disk has modification time of '2026-08-29T04:31:20.73Z'
Number of updated asset objects reloaded before import = 0
Number of asset objects unloaded after import = 0
========================================================================
Received Import Request.
  Time of request: 2026-08-29T04:31:31.7244462Z
  Time since last request: 0.0042726 seconds.
  importAddress: GUID: cf7ef7446ccc3644f9779235153d23db - Path: Assets/Scripts/Logistics/Container.cs - Importer: PreviewImporter
Importing 'GUID: cf7ef7446ccc3644f9779235153d23db - Path: Assets/Scripts/Logistics/Container.cs - Importer: PreviewImporter' with importer (PreviewImporter)
Imported 'GUID: cf7ef7446ccc3644f9779235153d23db' -> (Import Result ID: '00000000000000000000000000000000') in 0.001 seconds
Import Error Code:(4)
Message: Build asset version error: assets/scripts/logistics/container.cs in SourceAssetDB has modification time of '2026-08-29T04:31:09.9799258Z' while content on disk has modification time of '2026-08-29T04:31:20.73Z'
  ERROR: Build asset version error: assets/scripts/logistics/container.cs in SourceAssetDB has modification time of '2026-08-29T04:31:09.9799258Z' while content on disk has modification time of '2026-08-29T04:31:20.73Z'
Number of updated asset objects reloaded before import = 0
Number of asset objects unloaded after import = 0
========================================================================
Received Import Request.
  Time of request: 2026-08-29T04:31:31.7430617Z
  Time since last request: 0.0058696 seconds.
  importAddress: GUID: cf7ef7446ccc3644f9779235153d23db - Path: Assets/Scripts/Logistics/Container.cs - Importer: PreviewImporter
Importing 'GUID: cf7ef7446ccc3644f9779235153d23db - Path: Assets/Scripts/Logistics/Container.cs - Importer: PreviewImporter' with importer (PreviewImporter)
Imported 'GUID: cf7ef7446ccc3644f9779235153d23db' -> (Import Result ID: '00000000000000000000000000000000') in 0.001 seconds
Import Error Code:(4)
Message: Build asset version error: assets/scripts/logistics/container.cs in SourceAssetDB has modification time of '2026-08-29T04:31:09.9799258Z' while content on disk has modification time of '2026-08-29T04:31:20.73Z'
  ERROR: Build asset version error: assets/scripts/logistics/container.cs in SourceAssetDB has modification time of '2026-08-29T04:31:09.9799258Z' while content on disk has modification time of '2026-08-29T04:31:20.73Z'
Number of updated asset objects reloaded before import = 0
Number of asset objects unloaded after import = 0
========================================================================
Received Import Request.
  Time of request: 2026-08-29T04:31:31.7599287Z
  Time since last request: 0.0039136 seconds.
  importAddress: GUID: cf7ef7446ccc3644f9779235153d23db - Path: Assets/Scripts/Logistics/Container.cs - Importer: PreviewImporter
Importing 'GUID: cf7ef7446ccc3644f9779235153d23db - Path: Assets/Scripts/Logistics/Container.cs - Importer: PreviewImporter' with importer (PreviewImporter)
Imported 'GUID: cf7ef7446ccc3644f9779235153d23db' -> (Import Result ID: '00000000000000000000000000000000') in 0.001 seconds
Import Error Code:(4)
Message: Build asset version error: assets/scripts/logistics/container.cs in SourceAssetDB has modification time of '2026-08-29T04:31:09.9799258Z' while content on disk has modification time of '2026-08-29T04:31:20.73Z'
  ERROR: Build asset version error: assets/scripts/logistics/container.cs in SourceAssetDB has modification time of '2026-08-29T04:31:09.9799258Z' while content on disk has modification time of '2026-08-29T04:31:20.73Z'
Number of updated asset objects reloaded before import = 0
Number of asset objects unloaded after import = 0
========================================================================
Received Import Request.
  Time of request: 2026-08-29T04:31:31.7797114Z
  Time since last request: 0.0053618 seconds.
  importAddress: GUID: cf7ef7446ccc3644f9779235153d23db - Path: Assets/Scripts/Logistics/Container.cs - Importer: PreviewImporter
Importing 'GUID: cf7ef7446ccc3644f9779235153d23db - Path: Assets/Scripts/Logistics/Container.cs - Importer: PreviewImporter' with importer (PreviewImporter)
Imported 'GUID: cf7ef7446ccc3644f9779235153d23db' -> (Import Result ID: '00000000000000000000000000000000') in 0.001 seconds
Import Error Code:(4)
Message: Build asset version error: assets/scripts/logistics/container.cs in SourceAssetDB has modification time of '2026-08-29T04:31:09.9799258Z' while content on disk has modification time of '2026-08-29T04:31:20.73Z'
  ERROR: Build asset version error: assets/scripts/logistics/container.cs in SourceAssetDB has modification time of '2026-08-29T04:31:09.9799258Z' while content on disk has modification time of '2026-08-29T04:31:20.73Z'
Number of updated asset objects reloaded before import = 0
Number of asset objects unloaded after import = 0
========================================================================
Received Import Request.
  Time of request: 2026-08-29T04:31:31.799679Z
  Time since last request: 0.0053 seconds.
  importAddress: GUID: cf7ef7446ccc3644f9779235153d23db - Path: Assets/Scripts/Logistics/Container.cs - Importer: PreviewImporter
Importing 'GUID: cf7ef7446ccc3644f9779235153d23db - Path: Assets/Scripts/Logistics/Container.cs - Importer: PreviewImporter' with importer (PreviewImporter)
Imported 'GUID: cf7ef7446ccc3644f9779235153d23db' -> (Import Result ID: '00000000000000000000000000000000') in 0.001 seconds
Import Error Code:(4)
Message: Build asset version error: assets/scripts/logistics/container.cs in SourceAssetDB has modification time of '2026-08-29T04:31:09.9799258Z' while content on disk has modification time of '2026-08-29T04:31:20.73Z'
  ERROR: Build asset version error: assets/scripts/logistics/container.cs in SourceAssetDB has modification time of '2026-08-29T04:31:09.9799258Z' while content on disk has modification time of '2026-08-29T04:31:20.73Z'
Number of updated asset objects reloaded before import = 0
Number of asset objects unloaded after import = 0
========================================================================
Received Import Request.
  Time of request: 2026-08-29T04:31:31.8202299Z
  Time since last request: 0.0077038 seconds.
  importAddress: GUID: cf7ef7446ccc3644f9779235153d23db - Path: Assets/Scripts/Logistics/Container.cs - Importer: PreviewImporter
Importing 'GUID: cf7ef7446ccc3644f9779235153d23db - Path: Assets/Scripts/Logistics/Container.cs - Importer: PreviewImporter' with importer (PreviewImporter)
Imported 'GUID: cf7ef7446ccc3644f9779235153d23db' -> (Import Result ID: '00000000000000000000000000000000') in 0.001 seconds
Import Error Code:(4)
Message: Build asset version error: assets/scripts/logistics/container.cs in SourceAssetDB has modification time of '2026-08-29T04:31:09.9799258Z' while content on disk has modification time of '2026-08-29T04:31:20.73Z'
  ERROR: Build asset version error: assets/scripts/logistics/container.cs in SourceAssetDB has modification time of '2026-08-29T04:31:09.9799258Z' while content on disk has modification time of '2026-08-29T04:31:20.73Z'
Number of updated asset objects reloaded before import = 0
Number of asset objects unloaded after import = 0
========================================================================
Received Import Request.
  Time of request: 2026-08-29T04:31:31.8953894Z
  Time since last request: 0.0638643 seconds.
  importAddress: GUID: cf7ef7446ccc3644f9779235153d23db - Path: Assets/Scripts/Logistics/Container.cs - Importer: PreviewImporter
Importing 'GUID: cf7ef7446ccc3644f9779235153d23db - Path: Assets/Scripts/Logistics/Container.cs - Importer: PreviewImporter' with importer (PreviewImporter)
Imported 'GUID: cf7ef7446ccc3644f9779235153d23db' -> (Import Result ID: '00000000000000000000000000000000') in 0.001 seconds
Import Error Code:(4)
Message: Build asset version error: assets/scripts/logistics/container.cs in SourceAssetDB has modification time of '2026-08-29T04:31:09.9799258Z' while content on disk has modification time of '2026-08-29T04:31:20.73Z'
  ERROR: Build asset version error: assets/scripts/logistics/container.cs in SourceAssetDB has modification time of '2026-08-29T04:31:09.9799258Z' while content on disk has modification time of '2026-08-29T04:31:20.73Z'
Number of updated asset objects reloaded before import = 0
Number of asset objects unloaded after import = 0
========================================================================
Received Import Request.
  Time of request: 2026-08-29T04:31:31.9161686Z
  Time since last request: 0.0085011 seconds.
  importAddress: GUID: cf7ef7446ccc3644f9779235153d23db - Path: Assets/Scripts/Logistics/Container.cs - Importer: PreviewImporter
Importing 'GUID: cf7ef7446ccc3644f9779235153d23db - Path: Assets/Scripts/Logistics/Container.cs - Importer: PreviewImporter' with importer (PreviewImporter)
Imported 'GUID: cf7ef7446ccc3644f9779235153d23db' -> (Import Result ID: '00000000000000000000000000000000') in 0.001 seconds
Import Error Code:(4)
Message: Build asset version error: assets/scripts/logistics/container.cs in SourceAssetDB has modification time of '2026-08-29T04:31:09.9799258Z' while content on disk has modification time of '2026-08-29T04:31:20.73Z'
  ERROR: Build asset version error: assets/scripts/logistics/container.cs in SourceAssetDB has modification time of '2026-08-29T04:31:09.9799258Z' while content on disk has modification time of '2026-08-29T04:31:20.73Z'
Number of updated asset objects reloaded before import = 0
Number of asset objects unloaded after import = 0
========================================================================
Received Import Request.
  Time of request: 2026-08-29T04:31:31.9363409Z
  Time since last request: 0.0058626 seconds.
  importAddress: GUID: cf7ef7446ccc3644f9779235153d23db - Path: Assets/Scripts/Logistics/Container.cs - Importer: PreviewImporter
Importing 'GUID: cf7ef7446ccc3644f9779235153d23db - Path: Assets/Scripts/Logistics/Container.cs - Importer: PreviewImporter' with importer (PreviewImporter)
Imported 'GUID: cf7ef7446ccc3644f9779235153d23db' -> (Import Result ID: '00000000000000000000000000000000') in 0.001 seconds
Import Error Code:(4)
Message: Build asset version error: assets/scripts/logistics/container.cs in SourceAssetDB has modification time of '2026-08-29T04:31:09.9799258Z' while content on disk has modification time of '2026-08-29T04:31:20.73Z'
  ERROR: Build asset version error: assets/scripts/logistics/container.cs in SourceAssetDB has modification time of '2026-08-29T04:31:09.9799258Z' while content on disk has modification time of '2026-08-29T04:31:20.73Z'
Number of updated asset objects reloaded before import = 0
Number of asset objects unloaded after import = 0
========================================================================
Received Import Request.
  Time of request: 2026-08-29T04:31:31.9563735Z
  Time since last request: 0.0056028 seconds.
  importAddress: GUID: cf7ef7446ccc3644f9779235153d23db - Path: Assets/Scripts/Logistics/Container.cs - Importer: PreviewImporter
Importing 'GUID: cf7ef7446ccc3644f9779235153d23db - Path: Assets/Scripts/Logistics/Container.cs - Importer: PreviewImporter' with importer (PreviewImporter)
Imported 'GUID: cf7ef7446ccc3644f9779235153d23db' -> (Import Result ID: '00000000000000000000000000000000') in 0.001 seconds
Import Error Code:(4)
Message: Build asset version error: assets/scripts/logistics/container.cs in SourceAssetDB has modification time of '2026-08-29T04:31:09.9799258Z' while content on disk has modification time of '2026-08-29T04:31:20.73Z'
  ERROR: Build asset version error: assets/scripts/logistics/container.cs in SourceAssetDB has modification time of '2026-08-29T04:31:09.9799258Z' while content on disk has modification time of '2026-08-29T04:31:20.73Z'
Number of updated asset objects reloaded before import = 0
Number of asset objects unloaded after import = 0
========================================================================
Received Import Request.
  Time of request: 2026-08-29T04:31:31.9761476Z
  Time since last request: 0.005611 seconds.
  importAddress: GUID: cf7ef7446ccc3644f9779235153d23db - Path: Assets/Scripts/Logistics/Container.cs - Importer: PreviewImporter
Importing 'GUID: cf7ef7446ccc3644f9779235153d23db - Path: Assets/Scripts/Logistics/Container.cs - Importer: PreviewImporter' with importer (PreviewImporter)
Imported 'GUID: cf7ef7446ccc3644f9779235153d23db' -> (Import Result ID: '00000000000000000000000000000000') in 0.001 seconds
Import Error Code:(4)
Message: Build asset version error: assets/scripts/logistics/container.cs in SourceAssetDB has modification time of '2026-08-29T04:31:09.9799258Z' while content on disk has modification time of '2026-08-29T04:31:20.73Z'
  ERROR: Build asset version error: assets/scripts/logistics/container.cs in SourceAssetDB has modification time of '2026-08-29T04:31:09.9799258Z' while content on disk has modification time of '2026-08-29T04:31:20.73Z'
Number of updated asset objects reloaded before import = 0
Number of asset objects unloaded after import = 0
========================================================================
Received Import Request.
  Time of request: 2026-08-29T04:31:31.9961314Z
  Time since last request: 0.0052442 seconds.
  importAddress: GUID: cf7ef7446ccc3644f9779235153d23db - Path: Assets/Scripts/Logistics/Container.cs - Importer: PreviewImporter
Importing 'GUID: cf7ef7446ccc3644f9779235153d23db - Path: Assets/Scripts/Logistics/Container.cs - Importer: PreviewImporter' with importer (PreviewImporter)
Imported 'GUID: cf7ef7446ccc3644f9779235153d23db' -> (Import Result ID: '00000000000000000000000000000000') in 0.000 seconds
Import Error Code:(4)
Message: Build asset version error: assets/scripts/logistics/container.cs in SourceAssetDB has modification time of '2026-08-29T04:31:09.9799258Z' while content on disk has modification time of '2026-08-29T04:31:20.73Z'
  ERROR: Build asset version error: assets/scripts/logistics/container.cs in SourceAssetDB has modification time of '2026-08-29T04:31:09.9799258Z' while content on disk has modification time of '2026-08-29T04:31:20.73Z'
Number of updated asset objects reloaded before import = 0
Number of asset objects unloaded after import = 0
========================================================================
Received Import Request.
  Time of request: 2026-08-29T04:31:32.0156483Z
  Time since last request: 0.0051195 seconds.
  importAddress: GUID: cf7ef7446ccc3644f9779235153d23db - Path: Assets/Scripts/Logistics/Container.cs - Importer: PreviewImporter
Importing 'GUID: cf7ef7446ccc3644f9779235153d23db - Path: Assets/Scripts/Logistics/Container.cs - Importer: PreviewImporter' with importer (PreviewImporter)
Imported 'GUID: cf7ef7446ccc3644f9779235153d23db' -> (Import Result ID: '00000000000000000000000000000000') in 0.001 seconds
Import Error Code:(4)
Message: Build asset version error: assets/scripts/logistics/container.cs in SourceAssetDB has modification time of '2026-08-29T04:31:09.9799258Z' while content on disk has modification time of '2026-08-29T04:31:20.73Z'
  ERROR: Build asset version error: assets/scripts/logistics/container.cs in SourceAssetDB has modification time of '2026-08-29T04:31:09.9799258Z' while content on disk has modification time of '2026-08-29T04:31:20.73Z'
Number of updated asset objects reloaded before import = 0
Number of asset objects unloaded after import = 0
========================================================================
Received Import Request.
  Time of request: 2026-08-29T04:31:32.0346981Z
  Time since last request: 0.0045801 seconds.
  importAddress: GUID: cf7ef7446ccc3644f9779235153d23db - Path: Assets/Scripts/Logistics/Container.cs - Importer: PreviewImporter
Importing 'GUID: cf7ef7446ccc3644f9779235153d23db - Path: Assets/Scripts/Logistics/Container.cs - Importer: PreviewImporter' with importer (PreviewImporter)
Imported 'GUID: cf7ef7446ccc3644f9779235153d23db' -> (Import Result ID: '00000000000000000000000000000000') in 0.001 seconds
Import Error Code:(4)
Message: Build asset version error: assets/scripts/logistics/container.cs in SourceAssetDB has modification time of '2026-08-29T04:31:09.9799258Z' while content on disk has modification time of '2026-08-29T04:31:20.73Z'
  ERROR: Build asset version error: assets/scripts/logistics/container.cs in SourceAssetDB has modification time of '2026-08-29T04:31:09.9799258Z' while content on disk has modification time of '2026-08-29T04:31:20.73Z'
Number of updated asset objects reloaded before import = 0
Number of asset objects unloaded after import = 0
========================================================================
Received Import Request.
  Time of request: 2026-08-29T04:31:32.0553853Z
  Time since last request: 0.0066313 seconds.
  importAddress: GUID: cf7ef7446ccc3644f9779235153d23db - Path: Assets/Scripts/Logistics/Container.cs - Importer: PreviewImporter
Importing 'GUID: cf7ef7446ccc3644f9779235153d23db - Path: Assets/Scripts/Logistics/Container.cs - Importer: PreviewImporter' with importer (PreviewImporter)
Imported 'GUID: cf7ef7446ccc3644f9779235153d23db' -> (Import Result ID: '00000000000000000000000000000000') in 0.001 seconds
Import Error Code:(4)
Message: Build asset version error: assets/scripts/logistics/container.cs in SourceAssetDB has modification time of '2026-08-29T04:31:09.9799258Z' while content on disk has modification time of '2026-08-29T04:31:20.73Z'
  ERROR: Build asset version error: assets/scripts/logistics/container.cs in SourceAssetDB has modification time of '2026-08-29T04:31:09.9799258Z' while content on disk has modification time of '2026-08-29T04:31:20.73Z'
Number of updated asset objects reloaded before import = 0
Number of asset objects unloaded after import = 0
========================================================================
Received Import Request.
  Time of request: 2026-08-29T04:31:32.0745088Z
  Time since last request: 0.005743 seconds.
  importAddress: GUID: cf7ef7446ccc3644f9779235153d23db - Path: Assets/Scripts/Logistics/Container.cs - Importer: PreviewImporter
Importing 'GUID: cf7ef7446ccc3644f9779235153d23db - Path: Assets/Scripts/Logistics/Container.cs - Importer: PreviewImporter' with importer (PreviewImporter)
Imported 'GUID: cf7ef7446ccc3644f9779235153d23db' -> (Import Result ID: '00000000000000000000000000000000') in 0.000 seconds
Import Error Code:(4)
Message: Build asset version error: assets/scripts/logistics/container.cs in SourceAssetDB has modification time of '2026-08-29T04:31:09.9799258Z' while content on disk has modification time of '2026-08-29T04:31:20.73Z'
  ERROR: Build asset version error: assets/scripts/logistics/container.cs in SourceAssetDB has modification time of '2026-08-29T04:31:09.9799258Z' while content on disk has modification time of '2026-08-29T04:31:20.73Z'
Number of updated asset objects reloaded before import = 0
Number of asset objects unloaded after import = 0
========================================================================
Received Import Request.
  Time of request: 2026-08-29T04:31:32.0940229Z
  Time since last request: 0.0060099 seconds.
  importAddress: GUID: cf7ef7446ccc3644f9779235153d23db - Path: Assets/Scripts/Logistics/Container.cs - Importer: PreviewImporter
Importing 'GUID: cf7ef7446ccc3644f9779235153d23db - Path: Assets/Scripts/Logistics/Container.cs - Importer: PreviewImporter' with importer (PreviewImporter)
Imported 'GUID: cf7ef7446ccc3644f9779235153d23db' -> (Import Result ID: '00000000000000000000000000000000') in 0.001 seconds
Import Error Code:(4)
Message: Build asset version error: assets/scripts/logistics/container.cs in SourceAssetDB has modification time of '2026-08-29T04:31:09.9799258Z' while content on disk has modification time of '2026-08-29T04:31:20.73Z'
  ERROR: Build asset version error: assets/scripts/logistics/container.cs in SourceAssetDB has modification time of '2026-08-29T04:31:09.9799258Z' while content on disk has modification time of '2026-08-29T04:31:20.73Z'
Number of updated asset objects reloaded before import = 0
Number of asset objects unloaded after import = 0
========================================================================
Received Import Request.
  Time of request: 2026-08-29T04:31:32.1140599Z
  Time since last request: 0.0069123 seconds.
  importAddress: GUID: cf7ef7446ccc3644f9779235153d23db - Path: Assets/Scripts/Logistics/Container.cs - Importer: PreviewImporter
Importing 'GUID: cf7ef7446ccc3644f9779235153d23db - Path: Assets/Scripts/Logistics/Container.cs - Importer: PreviewImporter' with importer (PreviewImporter)
Imported 'GUID: cf7ef7446ccc3644f9779235153d23db' -> (Import Result ID: '00000000000000000000000000000000') in 0.000 seconds
Import Error Code:(4)
Message: Build asset version error: assets/scripts/logistics/container.cs in SourceAssetDB has modification time of '2026-08-29T04:31:09.9799258Z' while content on disk has modification time of '2026-08-29T04:31:20.73Z'
  ERROR: Build asset version error: assets/scripts/logistics/container.cs in SourceAssetDB has modification time of '2026-08-29T04:31:09.9799258Z' while content on disk has modification time of '2026-08-29T04:31:20.73Z'
Number of updated asset objects reloaded before import = 0
Number of asset objects unloaded after import = 0
========================================================================
Received Import Request.
  Time of request: 2026-08-29T04:31:32.1331439Z
  Time since last request: 0.0069761 seconds.
  importAddress: GUID: cf7ef7446ccc3644f9779235153d23db - Path: Assets/Scripts/Logistics/Container.cs - Importer: PreviewImporter
Importing 'GUID: cf7ef7446ccc3644f9779235153d23db - Path: Assets/Scripts/Logistics/Container.cs - Importer: PreviewImporter' with importer (PreviewImporter)
Imported 'GUID: cf7ef7446ccc3644f9779235153d23db' -> (Import Result ID: '00000000000000000000000000000000') in 0.000 seconds
Import Error Code:(4)
Message: Build asset version error: assets/scripts/logistics/container.cs in SourceAssetDB has modification time of '2026-08-29T04:31:09.9799258Z' while content on disk has modification time of '2026-08-29T04:31:20.73Z'
  ERROR: Build asset version error: assets/scripts/logistics/container.cs in SourceAssetDB has modification time of '2026-08-29T04:31:09.9799258Z' while content on disk has modification time of '2026-08-29T04:31:20.73Z'
Number of updated asset objects reloaded before import = 0
Number of asset objects unloaded after import = 0
========================================================================
Received Import Request.
  Time of request: 2026-08-29T04:31:32.1537847Z
  Time since last request: 0.0071337 seconds.
  importAddress: GUID: cf7ef7446ccc3644f9779235153d23db - Path: Assets/Scripts/Logistics/Container.cs - Importer: PreviewImporter
Importing 'GUID: cf7ef7446ccc3644f9779235153d23db - Path: Assets/Scripts/Logistics/Container.cs - Importer: PreviewImporter' with importer (PreviewImporter)
Imported 'GUID: cf7ef7446ccc3644f9779235153d23db' -> (Import Result ID: '00000000000000000000000000000000') in 0.000 seconds
Import Error Code:(4)
Message: Build asset version error: assets/scripts/logistics/container.cs in SourceAssetDB has modification time of '2026-08-29T04:31:09.9799258Z' while content on disk has modification time of '2026-08-29T04:31:20.73Z'
  ERROR: Build asset version error: assets/scripts/logistics/container.cs in SourceAssetDB has modification time of '2026-08-29T04:31:09.9799258Z' while content on disk has modification time of '2026-08-29T04:31:20.73Z'
Number of updated asset objects reloaded before import = 0
Number of asset objects unloaded after import = 0
========================================================================
Received Import Request.
  Time of request: 2026-08-29T04:31:32.1747505Z
  Time since last request: 0.0075708 seconds.
  importAddress: GUID: cf7ef7446ccc3644f9779235153d23db - Path: Assets/Scripts/Logistics/Container.cs - Importer: PreviewImporter
Importing 'GUID: cf7ef7446ccc3644f9779235153d23db - Path: Assets/Scripts/Logistics/Container.cs - Importer: PreviewImporter' with importer (PreviewImporter)
Imported 'GUID: cf7ef7446ccc3644f9779235153d23db' -> (Import Result ID: '00000000000000000000000000000000') in 0.001 seconds
Import Error Code:(4)
Message: Build asset version error: assets/scripts/logistics/container.cs in SourceAssetDB has modification time of '2026-08-29T04:31:09.9799258Z' while content on disk has modification time of '2026-08-29T04:31:20.73Z'
  ERROR: Build asset version error: assets/scripts/logistics/container.cs in SourceAssetDB has modification time of '2026-08-29T04:31:09.9799258Z' while content on disk has modification time of '2026-08-29T04:31:20.73Z'
Number of updated asset objects reloaded before import = 0
Number of asset objects unloaded after import = 0
========================================================================
Received Import Request.
  Time of request: 2026-08-29T04:31:32.1948681Z
  Time since last request: 0.0059449 seconds.
  importAddress: GUID: cf7ef7446ccc3644f9779235153d23db - Path: Assets/Scripts/Logistics/Container.cs - Importer: PreviewImporter
Importing 'GUID: cf7ef7446ccc3644f9779235153d23db - Path: Assets/Scripts/Logistics/Container.cs - Importer: PreviewImporter' with importer (PreviewImporter)
Imported 'GUID: cf7ef7446ccc3644f9779235153d23db' -> (Import Result ID: '00000000000000000000000000000000') in 0.001 seconds
Import Error Code:(4)
Message: Build asset version error: assets/scripts/logistics/container.cs in SourceAssetDB has modification time of '2026-08-29T04:31:09.9799258Z' while content on disk has modification time of '2026-08-29T04:31:20.73Z'
  ERROR: Build asset version error: assets/scripts/logistics/container.cs in SourceAssetDB has modification time of '2026-08-29T04:31:09.9799258Z' while content on disk has modification time of '2026-08-29T04:31:20.73Z'
Number of updated asset objects reloaded before import = 0
Number of asset objects unloaded after import = 0
========================================================================
Received Import Request.
  Time of request: 2026-08-29T04:31:32.2149399Z
  Time since last request: 0.0059603 seconds.
  importAddress: GUID: cf7ef7446ccc3644f9779235153d23db - Path: Assets/Scripts/Logistics/Container.cs - Importer: PreviewImporter
Importing 'GUID: cf7ef7446ccc3644f9779235153d23db - Path: Assets/Scripts/Logistics/Container.cs - Importer: PreviewImporter' with importer (PreviewImporter)
Imported 'GUID: cf7ef7446ccc3644f9779235153d23db' -> (Import Result ID: '00000000000000000000000000000000') in 0.001 seconds
Import Error Code:(4)
Message: Build asset version error: assets/scripts/logistics/container.cs in SourceAssetDB has modification time of '2026-08-29T04:31:09.9799258Z' while content on disk has modification time of '2026-08-29T04:31:20.73Z'
  ERROR: Build asset version error: assets/scripts/logistics/container.cs in SourceAssetDB has modification time of '2026-08-29T04:31:09.9799258Z' while content on disk has modification time of '2026-08-29T04:31:20.73Z'
Number of updated asset objects reloaded before import = 0
Number of asset objects unloaded after import = 0
========================================================================
Received Import Request.
  Time of request: 2026-08-29T04:31:32.2350734Z
  Time since last request: 0.0049911 seconds.
  importAddress: GUID: cf7ef7446ccc3644f9779235153d23db - Path: Assets/Scripts/Logistics/Container.cs - Importer: PreviewImporter
Importing 'GUID: cf7ef7446ccc3644f9779235153d23db - Path: Assets/Scripts/Logistics/Container.cs - Importer: PreviewImporter' with importer (PreviewImporter)
Imported 'GUID: cf7ef7446ccc3644f9779235153d23db' -> (Import Result ID: '00000000000000000000000000000000') in 0.001 seconds
Import Error Code:(4)
Message: Build asset version error: assets/scripts/logistics/container.cs in SourceAssetDB has modification time of '2026-08-29T04:31:09.9799258Z' while content on disk has modification time of '2026-08-29T04:31:20.73Z'
  ERROR: Build asset version error: assets/scripts/logistics/container.cs in SourceAssetDB has modification time of '2026-08-29T04:31:09.9799258Z' while content on disk has modification time of '2026-08-29T04:31:20.73Z'
Number of updated asset objects reloaded before import = 0
Number of asset objects unloaded after import = 0
========================================================================
Received Import Request.
  Time of request: 2026-08-29T04:31:32.2540617Z
  Time since last request: 0.0046698 seconds.
  importAddress: GUID: cf7ef7446ccc3644f9779235153d23db - Path: Assets/Scripts/Logistics/Container.cs - Importer: PreviewImporter
Importing 'GUID: cf7ef7446ccc3644f9779235153d23db - Path: Assets/Scripts/Logistics/Container.cs - Importer: PreviewImporter' with importer (PreviewImporter)
Imported 'GUID: cf7ef7446ccc3644f9779235153d23db' -> (Import Result ID: '00000000000000000000000000000000') in 0.001 seconds
Import Error Code:(4)
Message: Build asset version error: assets/scripts/logistics/container.cs in SourceAssetDB has modification time of '2026-08-29T04:31:09.9799258Z' while content on disk has modification time of '2026-08-29T04:31:20.73Z'
  ERROR: Build asset version error: assets/scripts/logistics/container.cs in SourceAssetDB has modification time of '2026-08-29T04:31:09.9799258Z' while content on disk has modification time of '2026-08-29T04:31:20.73Z'
Number of updated asset objects reloaded before import = 0
Number of asset objects unloaded after import = 0
========================================================================
Received Import Request.
  Time of request: 2026-08-29T04:31:32.2731577Z
  Time since last request: 0.0045225 seconds.
  importAddress: GUID: cf7ef7446ccc3644f9779235153d23db - Path: Assets/Scripts/Logistics/Container.cs - Importer: PreviewImporter
Importing 'GUID: cf7ef7446ccc3644f9779235153d23db - Path: Assets/Scripts/Logistics/Container.cs - Importer: PreviewImporter' with importer (PreviewImporter)
Imported 'GUID: cf7ef7446ccc3644f9779235153d23db' -> (Import Result ID: '00000000000000000000000000000000') in 0.000 seconds
Import Error Code:(4)
Message: Build asset version error: assets/scripts/logistics/container.cs in SourceAssetDB has modification time of '2026-08-29T04:31:09.9799258Z' while content on disk has modification time of '2026-08-29T04:31:20.73Z'
  ERROR: Build asset version error: assets/scripts/logistics/container.cs in SourceAssetDB has modification time of '2026-08-29T04:31:09.9799258Z' while content on disk has modification time of '2026-08-29T04:31:20.73Z'
Number of updated asset objects reloaded before import = 0
Number of asset objects unloaded after import = 0
========================================================================
Received Import Request.
  Time of request: 2026-08-29T04:31:32.2933646Z
  Time since last request: 0.0070441 seconds.
  importAddress: GUID: cf7ef7446ccc3644f9779235153d23db - Path: Assets/Scripts/Logistics/Container.cs - Importer: PreviewImporter
Importing 'GUID: cf7ef7446ccc3644f9779235153d23db - Path: Assets/Scripts/Logistics/Container.cs - Importer: PreviewImporter' with importer (PreviewImporter)
Imported 'GUID: cf7ef7446ccc3644f9779235153d23db' -> (Import Result ID: '00000000000000000000000000000000') in 0.001 seconds
Import Error Code:(4)
Message: Build asset version error: assets/scripts/logistics/container.cs in SourceAssetDB has modification time of '2026-08-29T04:31:09.9799258Z' while content on disk has modification time of '2026-08-29T04:31:20.73Z'
  ERROR: Build asset version error: assets/scripts/logistics/container.cs in SourceAssetDB has modification time of '2026-08-29T04:31:09.9799258Z' while content on disk has modification time of '2026-08-29T04:31:20.73Z'
Number of updated asset objects reloaded before import = 0
Number of asset objects unloaded after import = 0
========================================================================
Received Import Request.
  Time of request: 2026-08-29T04:31:32.3132062Z
  Time since last request: 0.0052022 seconds.
  importAddress: GUID: cf7ef7446ccc3644f9779235153d23db - Path: Assets/Scripts/Logistics/Container.cs - Importer: PreviewImporter
Importing 'GUID: cf7ef7446ccc3644f9779235153d23db - Path: Assets/Scripts/Logistics/Container.cs - Importer: PreviewImporter' with importer (PreviewImporter)
Imported 'GUID: cf7ef7446ccc3644f9779235153d23db' -> (Import Result ID: '00000000000000000000000000000000') in 0.001 seconds
Import Error Code:(4)
Message: Build asset version error: assets/scripts/logistics/container.cs in SourceAssetDB has modification time of '2026-08-29T04:31:09.9799258Z' while content on disk has modification time of '2026-08-29T04:31:20.73Z'
  ERROR: Build asset version error: assets/scripts/logistics/container.cs in SourceAssetDB has modification time of '2026-08-29T04:31:09.9799258Z' while content on disk has modification time of '2026-08-29T04:31:20.73Z'
Number of updated asset objects reloaded before import = 0
Number of asset objects unloaded after import = 0
========================================================================
Received Import Request.
  Time of request: 2026-08-29T04:31:32.3330449Z
  Time since last request: 0.0056574 seconds.
  importAddress: GUID: cf7ef7446ccc3644f9779235153d23db - Path: Assets/Scripts/Logistics/Container.cs - Importer: PreviewImporter
Importing 'GUID: cf7ef7446ccc3644f9779235153d23db - Path: Assets/Scripts/Logistics/Container.cs - Importer: PreviewImporter' with importer (PreviewImporter)
Imported 'GUID: cf7ef7446ccc3644f9779235153d23db' -> (Import Result ID: '00000000000000000000000000000000') in 0.000 seconds
Import Error Code:(4)
Message: Build asset version error: assets/scripts/logistics/container.cs in SourceAssetDB has modification time of '2026-08-29T04:31:09.9799258Z' while content on disk has modification time of '2026-08-29T04:31:20.73Z'
  ERROR: Build asset version error: assets/scripts/logistics/container.cs in SourceAssetDB has modification time of '2026-08-29T04:31:09.9799258Z' while content on disk has modification time of '2026-08-29T04:31:20.73Z'
Number of updated asset objects reloaded before import = 0
Number of asset objects unloaded after import = 0
========================================================================
Received Import Request.
  Time of request: 2026-08-29T04:31:32.3523314Z
  Time since last request: 0.0076534 seconds.
  importAddress: GUID: cf7ef7446ccc3644f9779235153d23db - Path: Assets/Scripts/Logistics/Container.cs - Importer: PreviewImporter
Importing 'GUID: cf7ef7446ccc3644f9779235153d23db - Path: Assets/Scripts/Logistics/Container.cs - Importer: PreviewImporter' with importer (PreviewImporter)
Imported 'GUID: cf7ef7446ccc3644f9779235153d23db' -> (Import Result ID: '00000000000000000000000000000000') in 0.001 seconds
Import Error Code:(4)
Message: Build asset version error: assets/scripts/logistics/container.cs in SourceAssetDB has modification time of '2026-08-29T04:31:09.9799258Z' while content on disk has modification time of '2026-08-29T04:31:20.73Z'
  ERROR: Build asset version error: assets/scripts/logistics/container.cs in SourceAssetDB has modification time of '2026-08-29T04:31:09.9799258Z' while content on disk has modification time of '2026-08-29T04:31:20.73Z'
Number of updated asset objects reloaded before import = 0
Number of asset objects unloaded after import = 0
========================================================================
Received Import Request.
  Time of request: 2026-08-29T04:31:32.3716126Z
  Time since last request: 0.0060064 seconds.
  importAddress: GUID: cf7ef7446ccc3644f9779235153d23db - Path: Assets/Scripts/Logistics/Container.cs - Importer: PreviewImporter
Importing 'GUID: cf7ef7446ccc3644f9779235153d23db - Path: Assets/Scripts/Logistics/Container.cs - Importer: PreviewImporter' with importer (PreviewImporter)
Imported 'GUID: cf7ef7446ccc3644f9779235153d23db' -> (Import Result ID: '00000000000000000000000000000000') in 0.001 seconds
Import Error Code:(4)
Message: Build asset version error: assets/scripts/logistics/container.cs in SourceAssetDB has modification time of '2026-08-29T04:31:09.9799258Z' while content on disk has modification time of '2026-08-29T04:31:20.73Z'
  ERROR: Build asset version error: assets/scripts/logistics/container.cs in SourceAssetDB has modification time of '2026-08-29T04:31:09.9799258Z' while content on disk has modification time of '2026-08-29T04:31:20.73Z'
Number of updated asset objects reloaded before import = 0
Number of asset objects unloaded after import = 0
========================================================================
Received Import Request.
  Time of request: 2026-08-29T04:31:32.391729Z
  Time since last request: 0.0061846 seconds.
  importAddress: GUID: cf7ef7446ccc3644f9779235153d23db - Path: Assets/Scripts/Logistics/Container.cs - Importer: PreviewImporter
Importing 'GUID: cf7ef7446ccc3644f9779235153d23db - Path: Assets/Scripts/Logistics/Container.cs - Importer: PreviewImporter' with importer (PreviewImporter)
Imported 'GUID: cf7ef7446ccc3644f9779235153d23db' -> (Import Result ID: '00000000000000000000000000000000') in 0.001 seconds
Import Error Code:(4)
Message: Build asset version error: assets/scripts/logistics/container.cs in SourceAssetDB has modification time of '2026-08-29T04:31:09.9799258Z' while content on disk has modification time of '2026-08-29T04:31:20.73Z'
  ERROR: Build asset version error: assets/scripts/logistics/container.cs in SourceAssetDB has modification time of '2026-08-29T04:31:09.9799258Z' while content on disk has modification time of '2026-08-29T04:31:20.73Z'
Number of updated asset objects reloaded before import = 0
Number of asset objects unloaded after import = 0
========================================================================
Received Import Request.
  Time of request: 2026-08-29T04:31:32.4113291Z
  Time since last request: 0.0055953 seconds.
  importAddress: GUID: cf7ef7446ccc3644f9779235153d23db - Path: Assets/Scripts/Logistics/Container.cs - Importer: PreviewImporter
Importing 'GUID: cf7ef7446ccc3644f9779235153d23db - Path: Assets/Scripts/Logistics/Container.cs - Importer: PreviewImporter' with importer (PreviewImporter)
Imported 'GUID: cf7ef7446ccc3644f9779235153d23db' -> (Import Result ID: '00000000000000000000000000000000') in 0.000 seconds
Import Error Code:(4)
Message: Build asset version error: assets/scripts/logistics/container.cs in SourceAssetDB has modification time of '2026-08-29T04:31:09.9799258Z' while content on disk has modification time of '2026-08-29T04:31:20.73Z'
  ERROR: Build asset version error: assets/scripts/logistics/container.cs in SourceAssetDB has modification time of '2026-08-29T04:31:09.9799258Z' while content on disk has modification time of '2026-08-29T04:31:20.73Z'
Number of updated asset objects reloaded before import = 0
Number of asset objects unloaded after import = 0
========================================================================
Received Import Request.
  Time of request: 2026-08-29T04:31:32.4306411Z
  Time since last request: 0.0046569 seconds.
  importAddress: GUID: cf7ef7446ccc3644f9779235153d23db - Path: Assets/Scripts/Logistics/Container.cs - Importer: PreviewImporter
Importing 'GUID: cf7ef7446ccc3644f9779235153d23db - Path: Assets/Scripts/Logistics/Container.cs - Importer: PreviewImporter' with importer (PreviewImporter)
Imported 'GUID: cf7ef7446ccc3644f9779235153d23db' -> (Import Result ID: '00000000000000000000000000000000') in 0.001 seconds
Import Error Code:(4)
Message: Build asset version error: assets/scripts/logistics/container.cs in SourceAssetDB has modification time of '2026-08-29T04:31:09.9799258Z' while content on disk has modification time of '2026-08-29T04:31:20.73Z'
  ERROR: Build asset version error: assets/scripts/logistics/container.cs in SourceAssetDB has modification time of '2026-08-29T04:31:09.9799258Z' while content on disk has modification time of '2026-08-29T04:31:20.73Z'
Number of updated asset objects reloaded before import = 0
Number of asset objects unloaded after import = 0
========================================================================
Received Import Request.
  Time of request: 2026-08-29T04:31:32.4499148Z
  Time since last request: 0.0053022 seconds.
  importAddress: GUID: cf7ef7446ccc3644f9779235153d23db - Path: Assets/Scripts/Logistics/Container.cs - Importer: PreviewImporter
Importing 'GUID: cf7ef7446ccc3644f9779235153d23db - Path: Assets/Scripts/Logistics/Container.cs - Importer: PreviewImporter' with importer (PreviewImporter)
Imported 'GUID: cf7ef7446ccc3644f9779235153d23db' -> (Import Result ID: '00000000000000000000000000000000') in 0.000 seconds
Import Error Code:(4)
Message: Build asset version error: assets/scripts/logistics/container.cs in SourceAssetDB has modification time of '2026-08-29T04:31:09.9799258Z' while content on disk has modification time of '2026-08-29T04:31:20.73Z'
  ERROR: Build asset version error: assets/scripts/logistics/container.cs in SourceAssetDB has modification time of '2026-08-29T04:31:09.9799258Z' while content on disk has modification time of '2026-08-29T04:31:20.73Z'
Number of updated asset objects reloaded before import = 0
Number of asset objects unloaded after import = 0
========================================================================
Received Import Request.
  Time of request: 2026-08-29T04:31:32.4703704Z
  Time since last request: 0.0053126 seconds.
  importAddress: GUID: cf7ef7446ccc3644f9779235153d23db - Path: Assets/Scripts/Logistics/Container.cs - Importer: PreviewImporter
Importing 'GUID: cf7ef7446ccc3644f9779235153d23db - Path: Assets/Scripts/Logistics/Container.cs - Importer: PreviewImporter' with importer (PreviewImporter)
Imported 'GUID: cf7ef7446ccc3644f9779235153d23db' -> (Import Result ID: '00000000000000000000000000000000') in 0.000 seconds
Import Error Code:(4)
Message: Build asset version error: assets/scripts/logistics/container.cs in SourceAssetDB has modification time of '2026-08-29T04:31:09.9799258Z' while content on disk has modification time of '2026-08-29T04:31:20.73Z'
  ERROR: Build asset version error: assets/scripts/logistics/container.cs in SourceAssetDB has modification time of '2026-08-29T04:31:09.9799258Z' while content on disk has modification time of '2026-08-29T04:31:20.73Z'
Number of updated asset objects reloaded before import = 0
Number of asset objects unloaded after import = 0
========================================================================
Received Import Request.
  Time of request: 2026-08-29T04:31:32.4882938Z
  Time since last request: 0.0063851 seconds.
  importAddress: GUID: cf7ef7446ccc3644f9779235153d23db - Path: Assets/Scripts/Logistics/Container.cs - Importer: PreviewImporter
Importing 'GUID: cf7ef7446ccc3644f9779235153d23db - Path: Assets/Scripts/Logistics/Container.cs - Importer: PreviewImporter' with importer (PreviewImporter)
Imported 'GUID: cf7ef7446ccc3644f9779235153d23db' -> (Import Result ID: '00000000000000000000000000000000') in 0.001 seconds
Import Error Code:(4)
Message: Build asset version error: assets/scripts/logistics/container.cs in SourceAssetDB has modification time of '2026-08-29T04:31:09.9799258Z' while content on disk has modification time of '2026-08-29T04:31:20.73Z'
  ERROR: Build asset version error: assets/scripts/logistics/container.cs in SourceAssetDB has modification time of '2026-08-29T04:31:09.9799258Z' while content on disk has modification time of '2026-08-29T04:31:20.73Z'
Number of updated asset objects reloaded before import = 0
Number of asset objects unloaded after import = 0
========================================================================
Received Import Request.
  Time of request: 2026-08-29T04:31:32.50716Z
  Time since last request: 0.0048837 seconds.
  importAddress: GUID: cf7ef7446ccc3644f9779235153d23db - Path: Assets/Scripts/Logistics/Container.cs - Importer: PreviewImporter
Importing 'GUID: cf7ef7446ccc3644f9779235153d23db - Path: Assets/Scripts/Logistics/Container.cs - Importer: PreviewImporter' with importer (PreviewImporter)
Imported 'GUID: cf7ef7446ccc3644f9779235153d23db' -> (Import Result ID: '00000000000000000000000000000000') in 0.001 seconds
Import Error Code:(4)
Message: Build asset version error: assets/scripts/logistics/container.cs in SourceAssetDB has modification time of '2026-08-29T04:31:09.9799258Z' while content on disk has modification time of '2026-08-29T04:31:20.73Z'
  ERROR: Build asset version error: assets/scripts/logistics/container.cs in SourceAssetDB has modification time of '2026-08-29T04:31:09.9799258Z' while content on disk has modification time of '2026-08-29T04:31:20.73Z'
Number of updated asset objects reloaded before import = 0
Number of asset objects unloaded after import = 0
========================================================================
Received Import Request.
  Time of request: 2026-08-29T04:31:32.525854Z
  Time since last request: 0.0065238 seconds.
  importAddress: GUID: cf7ef7446ccc3644f9779235153d23db - Path: Assets/Scripts/Logistics/Container.cs - Importer: PreviewImporter
Importing 'GUID: cf7ef7446ccc3644f9779235153d23db - Path: Assets/Scripts/Logistics/Container.cs - Importer: PreviewImporter' with importer (PreviewImporter)
Imported 'GUID: cf7ef7446ccc3644f9779235153d23db' -> (Import Result ID: '00000000000000000000000000000000') in 0.001 seconds
Import Error Code:(4)
Message: Build asset version error: assets/scripts/logistics/container.cs in SourceAssetDB has modification time of '2026-08-29T04:31:09.9799258Z' while content on disk has modification time of '2026-08-29T04:31:20.73Z'
  ERROR: Build asset version error: assets/scripts/logistics/container.cs in SourceAssetDB has modification time of '2026-08-29T04:31:09.9799258Z' while content on disk has modification time of '2026-08-29T04:31:20.73Z'
Number of updated asset objects reloaded before import = 0
Number of asset objects unloaded after import = 0
========================================================================
Received Prepare
AcceleratorClientConnectionCallback - disconnected - :0
Begin MonoManager ReloadAssembly
Symbol file LoadedFromMemory is not a mono symbol file
Symbol file LoadedFromMemory is not a mono symbol file
Refreshing native plugins compatible for Editor in 2.78 ms, found 5 plugins.
Native extension for WindowsStandalone target not found
Native extension for WebGL target not found
[Package Manager] Failed to launch server process. Reason: Unity was launched with the -noUpm command-line argument
[Package Manager] Unable to send message (not connected to server process).
[Package Manager] Cannot connect to Unity Package Manager local server
Refreshing native plugins compatible for Editor in 2.91 ms, found 5 plugins.
[Package Manager] Failed to launch server process. Reason: Unity was launched with the -noUpm command-line argument
[Package Manager] Unable to send message (not connected to server process).
[Package Manager] Cannot connect to Unity Package Manager local server
[Licensing::Client] Error: Code 404 while processing request (status: Found 0 entitlement groups and 0 free entitlements matching requested entitlement ids)
ScheduleIndexationOnStartup MainProcess:False IndexOnStartup:True
Mono: successfully reloaded assembly
- Finished resetting the current domain, in  1.722 seconds
Domain Reload Profiling: 2880ms
	BeginReloadAssembly (273ms)
		DisableScriptedObjects (19ms)
		CreateAndSetChildDomain (93ms)
	RebuildCommonClasses (14ms)
	RebuildNativeTypeToScriptingClass (16ms)
	initialDomainReloadingComplete (91ms)
	LoadAllAssembliesAndSetupDomain (762ms)
		LoadAssemblies (372ms)
		AnalyzeDomain (334ms)
			TypeCache.Refresh (13ms)
			BuildScriptInfoCaches (313ms)
			ResolveRequiredComponents (6ms)
	FinalizeReload (1723ms)
		SetupLoadedEditorAssemblies (0ms)
			BeforeProcessingInitializeOnLoad (155ms)
			ProcessInitializeOnLoadAttributes (803ms)
			ProcessInitializeOnLoadMethodAttributes (484ms)
			AfterProcessingInitializeOnLoad (7ms)
		AwakeInstancesAfterBackupRestoration (28ms)
Refreshing native plugins compatible for Editor in 2.42 ms, found 5 plugins.
Unloading 65 Unused Serialized files (Serialized files now loaded: 0)
Unloading 10287 unused Assets / (20.3 MB). Loaded Objects now: 11330.
Memory consumption went from 497.5 MB to 477.2 MB.
Total: 24.997500 ms (FindLiveObjects: 0.982000 ms CreateObjectMapping: 5.229200 ms MarkObjects: 13.917200 ms  DeleteObjects: 4.868200 ms)

Prepare: number of updated asset objects reloaded= 0
========================================================================
Received Import Request.
  Time of request: 2026-08-29T04:31:43.6581138Z
  Time since last request: 11.1190867 seconds.
  importAddress: GUID: cf7ef7446ccc3644f9779235153d23db - Path: Assets/Scripts/Logistics/Container.cs - Importer: ScriptedImporter/UnityEditor.QuickSearchModule:UnityEditor.Search:ASIAI0B
Importing 'GUID: cf7ef7446ccc3644f9779235153d23db - Path: Assets/Scripts/Logistics/Container.cs - Importer: ScriptedImporter/UnityEditor.QuickSearchModule:UnityEditor.Search:ASIAI0B' with importer (ScriptedImporter : UnityEditor.QuickSearchModule:UnityEditor.Search:ASIAI0B)
Imported 'GUID: cf7ef7446ccc3644f9779235153d23db' -> (Import Result ID: '3f5dd5cbf75ce568277910acc31339e2') in 0.060 seconds [static and dynamic dependencies]. Details - ImportResultOutputID=5c44bb8921efc482de414eb0a6cc1209 DependenciesID=ea903207cd42b156c347cd2873e7112e StaticDependenciesID=7c712e7e1ae91f3b0766db7b8f2f325a 
Number of updated asset objects reloaded before import = 0
Number of asset objects unloaded after import = 0
========================================================================
Received Prepare
AcceleratorClientConnectionCallback - disconnected - :0
Refreshing native plugins compatible for Editor in 2.61 ms, found 5 plugins.
Unloading 65 Unused Serialized files (Serialized files now loaded: 0)
Unloading 10268 unused Assets / (20.6 MB). Loaded Objects now: 11331.
Memory consumption went from 501.3 MB to 480.7 MB.
Total: 25.607000 ms (FindLiveObjects: 0.964400 ms CreateObjectMapping: 4.491600 ms MarkObjects: 14.277300 ms  DeleteObjects: 5.872200 ms)

Prepare: number of updated asset objects reloaded= 0
========================================================================
Received Import Request.
  Time of request: 2026-08-29T04:31:49.0918629Z
  Time since last request: 5.3616387 seconds.
  importAddress: GUID: e2f1e31c2b04065419a56922d5ba65f8 - Path: Assets/Editor/CreateContainerPrefab.cs - Importer: PreviewImporter
Importing 'GUID: e2f1e31c2b04065419a56922d5ba65f8 - Path: Assets/Editor/CreateContainerPrefab.cs - Importer: PreviewImporter' with importer (PreviewImporter)
Imported 'GUID: e2f1e31c2b04065419a56922d5ba65f8' -> (Import Result ID: '58831e19f012291aaac59aeabc2344a2') in 0.002 seconds [static and dynamic dependencies]. Details - ImportResultOutputID=e9d3b738553afdd710913d21f5abcbf5 DependenciesID=89d9af49184c00e8ac936b546476345d StaticDependenciesID=3abbb530b6e0273712834ed964817faf 
Number of updated asset objects reloaded before import = 0
Number of asset objects unloaded after import = 0
========================================================================
Received Import Request.
  Time of request: 2026-08-29T04:31:49.4151504Z
  Time since last request: 0.3088201 seconds.
  importAddress: GUID: e2f1e31c2b04065419a56922d5ba65f8 - Path: Assets/Editor/CreateContainerPrefab.cs - Importer: ScriptedImporter/UnityEditor.QuickSearchModule:UnityEditor.Search:ASIAI0B
Importing 'GUID: e2f1e31c2b04065419a56922d5ba65f8 - Path: Assets/Editor/CreateContainerPrefab.cs - Importer: ScriptedImporter/UnityEditor.QuickSearchModule:UnityEditor.Search:ASIAI0B' with importer (ScriptedImporter : UnityEditor.QuickSearchModule:UnityEditor.Search:ASIAI0B)
Imported 'GUID: e2f1e31c2b04065419a56922d5ba65f8' -> (Import Result ID: '7b443f5f7177d76bcb8e3af78e2c7841') in 0.006 seconds [static and dynamic dependencies]. Details - ImportResultOutputID=809bad0b3e80e43cb6c82836150558c8 DependenciesID=29dc85681194646e06e4fb8aacd66e97 StaticDependenciesID=fbe2970c6f63eda3f0754785b63216b6 
Number of updated asset objects reloaded before import = 0
Number of asset objects unloaded after import = 0
========================================================================
Received Prepare
AcceleratorClientConnectionCallback - disconnected - :0
Begin MonoManager ReloadAssembly
Symbol file LoadedFromMemory is not a mono symbol file
Symbol file LoadedFromMemory is not a mono symbol file
Refreshing native plugins compatible for Editor in 5.42 ms, found 5 plugins.
Native extension for WindowsStandalone target not found
Native extension for WebGL target not found
[Package Manager] Failed to launch server process. Reason: Unity was launched with the -noUpm command-line argument
[Package Manager] Unable to send message (not connected to server process).
[Package Manager] Cannot connect to Unity Package Manager local server
Refreshing native plugins compatible for Editor in 4.24 ms, found 5 plugins.
[Package Manager] Failed to launch server process. Reason: Unity was launched with the -noUpm command-line argument
[Package Manager] Unable to send message (not connected to server process).
[Package Manager] Cannot connect to Unity Package Manager local server
[Licensing::Client] Error: Code 404 while processing request (status: Found 0 entitlement groups and 0 free entitlements matching requested entitlement ids)
ScheduleIndexationOnStartup MainProcess:False IndexOnStartup:True
Mono: successfully reloaded assembly
- Finished resetting the current domain, in  2.757 seconds
Domain Reload Profiling: 4308ms
	BeginReloadAssembly (329ms)
		DisableScriptedObjects (9ms)
		CreateAndSetChildDomain (108ms)
	RebuildCommonClasses (12ms)
	RebuildNativeTypeToScriptingClass (25ms)
	initialDomainReloadingComplete (113ms)
	LoadAllAssembliesAndSetupDomain (1071ms)
		LoadAssemblies (486ms)
		AnalyzeDomain (486ms)
			TypeCache.Refresh (19ms)
			BuildScriptInfoCaches (454ms)
			ResolveRequiredComponents (9ms)
	FinalizeReload (2758ms)
		SetupLoadedEditorAssemblies (0ms)
			InitializePlatformSupportModulesInManaged (4ms)
			BeforeProcessingInitializeOnLoad (250ms)
			ProcessInitializeOnLoadAttributes (1161ms)
			ProcessInitializeOnLoadMethodAttributes (962ms)
			AfterProcessingInitializeOnLoad (6ms)
		AwakeInstancesAfterBackupRestoration (27ms)
Refreshing native plugins compatible for Editor in 3.73 ms, found 5 plugins.
Unloading 65 Unused Serialized files (Serialized files now loaded: 0)
Unloading 10288 unused Assets / (20.1 MB). Loaded Objects now: 11334.
Memory consumption went from 501.2 MB to 481.0 MB.
Total: 31.675400 ms (FindLiveObjects: 1.234500 ms CreateObjectMapping: 5.198900 ms MarkObjects: 16.618000 ms  DeleteObjects: 8.622300 ms)

Prepare: number of updated asset objects reloaded= 0
========================================================================
Received Prepare
AcceleratorClientConnectionCallback - disconnected - :0
Begin MonoManager ReloadAssembly
Symbol file LoadedFromMemory is not a mono symbol file
Symbol file LoadedFromMemory is not a mono symbol file
Refreshing native plugins compatible for Editor in 3.61 ms, found 5 plugins.
Native extension for WindowsStandalone target not found
Native extension for WebGL target not found
[Package Manager] Failed to launch server process. Reason: Unity was launched with the -noUpm command-line argument
[Package Manager] Unable to send message (not connected to server process).
[Package Manager] Cannot connect to Unity Package Manager local server
Refreshing native plugins compatible for Editor in 3.31 ms, found 5 plugins.
[Package Manager] Failed to launch server process. Reason: Unity was launched with the -noUpm command-line argument
[Package Manager] Unable to send message (not connected to server process).
[Package Manager] Cannot connect to Unity Package Manager local server
[Licensing::Client] Error: Code 404 while processing request (status: Found 0 entitlement groups and 0 free entitlements matching requested entitlement ids)
ScheduleIndexationOnStartup MainProcess:False IndexOnStartup:True
Mono: successfully reloaded assembly
- Finished resetting the current domain, in  2.446 seconds
Domain Reload Profiling: 4073ms
	BeginReloadAssembly (344ms)
		DisableScriptedObjects (12ms)
		CreateAndSetChildDomain (121ms)
	RebuildCommonClasses (16ms)
	RebuildNativeTypeToScriptingClass (22ms)
	initialDomainReloadingComplete (148ms)
	LoadAllAssembliesAndSetupDomain (1095ms)
		LoadAssemblies (549ms)
		AnalyzeDomain (470ms)
			TypeCache.Refresh (17ms)
			BuildScriptInfoCaches (446ms)
			ResolveRequiredComponents (5ms)
	FinalizeReload (2447ms)
		SetupLoadedEditorAssemblies (0ms)
			BeforeProcessingInitializeOnLoad (197ms)
			ProcessInitializeOnLoadAttributes (1153ms)
			ProcessInitializeOnLoadMethodAttributes (634ms)
			AfterProcessingInitializeOnLoad (9ms)
		AwakeInstancesAfterBackupRestoration (40ms)
Refreshing native plugins compatible for Editor in 3.52 ms, found 5 plugins.
Unloading 65 Unused Serialized files (Serialized files now loaded: 0)
Unloading 10288 unused Assets / (19.0 MB). Loaded Objects now: 11337.
Memory consumption went from 504.4 MB to 485.4 MB.
Total: 29.130300 ms (FindLiveObjects: 1.274300 ms CreateObjectMapping: 5.560000 ms MarkObjects: 16.730100 ms  DeleteObjects: 5.564400 ms)

Prepare: number of updated asset objects reloaded= 0
========================================================================
Received Import Request.
  Time of request: 2026-08-29T04:32:12.8852729Z
  Time since last request: 23.4531287 seconds.
  importAddress: GUID: e2f1e31c2b04065419a56922d5ba65f8 - Path: Assets/Editor/CreateContainerPrefab.cs - Importer: PreviewImporter
Importing 'GUID: e2f1e31c2b04065419a56922d5ba65f8 - Path: Assets/Editor/CreateContainerPrefab.cs - Importer: PreviewImporter' with importer (PreviewImporter)
Imported 'GUID: e2f1e31c2b04065419a56922d5ba65f8' -> (Import Result ID: 'cf98585b5ab9839b00795cf086b6893f') in 0.001 seconds [static and dynamic dependencies]. Details - ImportResultOutputID=e9d3b738553afdd710913d21f5abcbf5 DependenciesID=1a2daec83077b9f0985de2d782138494 StaticDependenciesID=cc507ee5f51a245d74a2fad466ae78b6 
Number of updated asset objects reloaded before import = 0
Number of asset objects unloaded after import = 0
========================================================================
Received Prepare
AcceleratorClientConnectionCallback - disconnected - :0
Refreshing native plugins compatible for Editor in 4.20 ms, found 5 plugins.
Unloading 65 Unused Serialized files (Serialized files now loaded: 0)
Unloading 10268 unused Assets / (20.9 MB). Loaded Objects now: 11337.
Memory consumption went from 506.8 MB to 485.9 MB.
Total: 75.903800 ms (FindLiveObjects: 1.598000 ms CreateObjectMapping: 10.787700 ms MarkObjects: 53.399500 ms  DeleteObjects: 10.116300 ms)

Prepare: number of updated asset objects reloaded= 0
========================================================================
Received Prepare
AcceleratorClientConnectionCallback - disconnected - :0
[Licensing::Client] Successfully resolved entitlement details
Begin MonoManager ReloadAssembly
Symbol file LoadedFromMemory is not a mono symbol file
Symbol file LoadedFromMemory is not a mono symbol file
Refreshing native plugins compatible for Editor in 3.50 ms, found 5 plugins.
Native extension for WindowsStandalone target not found
Native extension for WebGL target not found
[Package Manager] Failed to launch server process. Reason: Unity was launched with the -noUpm command-line argument
[Package Manager] Unable to send message (not connected to server process).
[Package Manager] Cannot connect to Unity Package Manager local server
Refreshing native plugins compatible for Editor in 3.95 ms, found 5 plugins.
[Package Manager] Failed to launch server process. Reason: Unity was launched with the -noUpm command-line argument
[Package Manager] Unable to send message (not connected to server process).
[Package Manager] Cannot connect to Unity Package Manager local server
[Licensing::Client] Error: Code 404 while processing request (status: Found 0 entitlement groups and 0 free entitlements matching requested entitlement ids)
ScheduleIndexationOnStartup MainProcess:False IndexOnStartup:True
Mono: successfully reloaded assembly
- Finished resetting the current domain, in  2.025 seconds
Domain Reload Profiling: 3434ms
	BeginReloadAssembly (329ms)
		DisableScriptedObjects (12ms)
		CreateAndSetChildDomain (117ms)
	RebuildCommonClasses (15ms)
	RebuildNativeTypeToScriptingClass (19ms)
	initialDomainReloadingComplete (118ms)
	LoadAllAssembliesAndSetupDomain (927ms)
		LoadAssemblies (497ms)
		AnalyzeDomain (379ms)
			TypeCache.Refresh (14ms)
			BuildScriptInfoCaches (355ms)
			ResolveRequiredComponents (7ms)
	FinalizeReload (2026ms)
		SetupLoadedEditorAssemblies (0ms)
			BeforeProcessingInitializeOnLoad (170ms)
			ProcessInitializeOnLoadAttributes (1015ms)
			ProcessInitializeOnLoadMethodAttributes (523ms)
			AfterProcessingInitializeOnLoad (5ms)
		AwakeInstancesAfterBackupRestoration (30ms)
Refreshing native plugins compatible for Editor in 2.37 ms, found 5 plugins.
Unloading 65 Unused Serialized files (Serialized files now loaded: 0)
Unloading 10288 unused Assets / (22.2 MB). Loaded Objects now: 11340.
Memory consumption went from 510.9 MB to 488.7 MB.
Total: 28.647900 ms (FindLiveObjects: 0.981700 ms CreateObjectMapping: 5.185800 ms MarkObjects: 15.933400 ms  DeleteObjects: 6.545800 ms)

Prepare: number of updated asset objects reloaded= 0
========================================================================
Received Prepare
AcceleratorClientConnectionCallback - disconnected - :0
Refreshing native plugins compatible for Editor in 3.46 ms, found 5 plugins.
Unloading 65 Unused Serialized files (Serialized files now loaded: 0)
Unloading 10268 unused Assets / (21.0 MB). Loaded Objects now: 11340.
Memory consumption went from 0.50 GB to 492.3 MB.
Total: 33.876500 ms (FindLiveObjects: 1.499300 ms CreateObjectMapping: 5.329800 ms MarkObjects: 19.558800 ms  DeleteObjects: 7.486900 ms)

Prepare: number of updated asset objects reloaded= 0
========================================================================
Received Prepare
AcceleratorClientConnectionCallback - disconnected - :0
Begin MonoManager ReloadAssembly
Symbol file LoadedFromMemory is not a mono symbol file
Symbol file LoadedFromMemory is not a mono symbol file
Refreshing native plugins compatible for Editor in 3.07 ms, found 5 plugins.
Native extension for WindowsStandalone target not found
Native extension for WebGL target not found
[Package Manager] Failed to launch server process. Reason: Unity was launched with the -noUpm command-line argument
[Package Manager] Unable to send message (not connected to server process).
[Package Manager] Cannot connect to Unity Package Manager local server
Refreshing native plugins compatible for Editor in 3.20 ms, found 5 plugins.
[Package Manager] Failed to launch server process. Reason: Unity was launched with the -noUpm command-line argument
[Package Manager] Unable to send message (not connected to server process).
[Package Manager] Cannot connect to Unity Package Manager local server
[Licensing::Client] Error: Code 404 while processing request (status: Found 0 entitlement groups and 0 free entitlements matching requested entitlement ids)
ScheduleIndexationOnStartup MainProcess:False IndexOnStartup:True
Mono: successfully reloaded assembly
- Finished resetting the current domain, in  1.996 seconds
Domain Reload Profiling: 3561ms
	BeginReloadAssembly (407ms)
		DisableScriptedObjects (15ms)
		CreateAndSetChildDomain (128ms)
	RebuildCommonClasses (9ms)
	RebuildNativeTypeToScriptingClass (17ms)
	initialDomainReloadingComplete (117ms)
	LoadAllAssembliesAndSetupDomain (1014ms)
		LoadAssemblies (466ms)
		AnalyzeDomain (473ms)
			TypeCache.Refresh (19ms)
			BuildScriptInfoCaches (447ms)
			ResolveRequiredComponents (5ms)
	FinalizeReload (1997ms)
		SetupLoadedEditorAssemblies (0ms)
			BeforeProcessingInitializeOnLoad (182ms)
			ProcessInitializeOnLoadAttributes (936ms)
			ProcessInitializeOnLoadMethodAttributes (518ms)
			AfterProcessingInitializeOnLoad (9ms)
		AwakeInstancesAfterBackupRestoration (36ms)
Refreshing native plugins compatible for Editor in 3.40 ms, found 5 plugins.
Unloading 65 Unused Serialized files (Serialized files now loaded: 0)
Unloading 10288 unused Assets / (22.8 MB). Loaded Objects now: 11343.
Memory consumption went from 0.51 GB to 495.2 MB.
Total: 34.109400 ms (FindLiveObjects: 1.200900 ms CreateObjectMapping: 5.526000 ms MarkObjects: 19.853000 ms  DeleteObjects: 7.527800 ms)

Prepare: number of updated asset objects reloaded= 0
========================================================================
Received Prepare
AcceleratorClientConnectionCallback - disconnected - :0
Refreshing native plugins compatible for Editor in 2.89 ms, found 5 plugins.
Unloading 65 Unused Serialized files (Serialized files now loaded: 0)
Unloading 10268 unused Assets / (21.0 MB). Loaded Objects now: 11343.
Memory consumption went from 0.51 GB to 499.5 MB.
Total: 30.680600 ms (FindLiveObjects: 0.918600 ms CreateObjectMapping: 4.597900 ms MarkObjects: 17.220600 ms  DeleteObjects: 7.942200 ms)

Prepare: number of updated asset objects reloaded= 0
========================================================================
Received Prepare
AcceleratorClientConnectionCallback - disconnected - :0
Refreshing native plugins compatible for Editor in 5.29 ms, found 5 plugins.
Unloading 65 Unused Serialized files (Serialized files now loaded: 0)
Unloading 10268 unused Assets / (21.2 MB). Loaded Objects now: 11343.
Memory consumption went from 0.51 GB to 501.6 MB.
Total: 34.777900 ms (FindLiveObjects: 1.470100 ms CreateObjectMapping: 6.621900 ms MarkObjects: 18.686400 ms  DeleteObjects: 7.998200 ms)

Prepare: number of updated asset objects reloaded= 0
========================================================================
Received Prepare
AcceleratorClientConnectionCallback - disconnected - :0
[Licensing::Client] Successfully resolved entitlement details
Begin MonoManager ReloadAssembly
Symbol file LoadedFromMemory is not a mono symbol file
Symbol file LoadedFromMemory is not a mono symbol file
Refreshing native plugins compatible for Editor in 3.39 ms, found 5 plugins.
Native extension for WindowsStandalone target not found
Native extension for WebGL target not found
[Package Manager] Failed to launch server process. Reason: Unity was launched with the -noUpm command-line argument
[Package Manager] Unable to send message (not connected to server process).
[Package Manager] Cannot connect to Unity Package Manager local server
Refreshing native plugins compatible for Editor in 2.55 ms, found 5 plugins.
[Package Manager] Failed to launch server process. Reason: Unity was launched with the -noUpm command-line argument
[Package Manager] Unable to send message (not connected to server process).
[Package Manager] Cannot connect to Unity Package Manager local server
[Licensing::Client] Error: Code 404 while processing request (status: Found 0 entitlement groups and 0 free entitlements matching requested entitlement ids)
ScheduleIndexationOnStartup MainProcess:False IndexOnStartup:True
Mono: successfully reloaded assembly
- Finished resetting the current domain, in  1.914 seconds
Domain Reload Profiling: 3296ms
	BeginReloadAssembly (335ms)
		DisableScriptedObjects (14ms)
		CreateAndSetChildDomain (132ms)
	RebuildCommonClasses (16ms)
	RebuildNativeTypeToScriptingClass (19ms)
	initialDomainReloadingComplete (114ms)
	LoadAllAssembliesAndSetupDomain (897ms)
		LoadAssemblies (444ms)
		AnalyzeDomain (370ms)
			TypeCache.Refresh (16ms)
			BuildScriptInfoCaches (347ms)
			ResolveRequiredComponents (5ms)
	FinalizeReload (1915ms)
		SetupLoadedEditorAssemblies (0ms)
			InitializePlatformSupportModulesInManaged (3ms)
			BeforeProcessingInitializeOnLoad (155ms)
			ProcessInitializeOnLoadAttributes (906ms)
			ProcessInitializeOnLoadMethodAttributes (521ms)
			AfterProcessingInitializeOnLoad (8ms)
		AwakeInstancesAfterBackupRestoration (22ms)
Refreshing native plugins compatible for Editor in 2.53 ms, found 5 plugins.
Unloading 65 Unused Serialized files (Serialized files now loaded: 0)
Unloading 10288 unused Assets / (17.8 MB). Loaded Objects now: 11346.
Memory consumption went from 0.51 GB to 508.9 MB.
Total: 28.522600 ms (FindLiveObjects: 1.108700 ms CreateObjectMapping: 5.740600 ms MarkObjects: 17.173200 ms  DeleteObjects: 4.498900 ms)

Prepare: number of updated asset objects reloaded= 0
========================================================================
Received Prepare
AcceleratorClientConnectionCallback - disconnected - :0
Refreshing native plugins compatible for Editor in 2.66 ms, found 5 plugins.
Unloading 65 Unused Serialized files (Serialized files now loaded: 0)
Unloading 10268 unused Assets / (20.4 MB). Loaded Objects now: 11346.
Memory consumption went from 0.52 GB to 508.7 MB.
Total: 32.789400 ms (FindLiveObjects: 1.206000 ms CreateObjectMapping: 5.964100 ms MarkObjects: 18.269100 ms  DeleteObjects: 7.348700 ms)

Prepare: number of updated asset objects reloaded= 0
========================================================================
Received Prepare
AcceleratorClientConnectionCallback - disconnected - :0
Begin MonoManager ReloadAssembly
Symbol file LoadedFromMemory is not a mono symbol file
Symbol file LoadedFromMemory is not a mono symbol file
Refreshing native plugins compatible for Editor in 2.28 ms, found 5 plugins.
Native extension for WindowsStandalone target not found
Native extension for WebGL target not found
[Package Manager] Failed to launch server process. Reason: Unity was launched with the -noUpm command-line argument
[Package Manager] Unable to send message (not connected to server process).
[Package Manager] Cannot connect to Unity Package Manager local server
Refreshing native plugins compatible for Editor in 2.67 ms, found 5 plugins.
[Package Manager] Failed to launch server process. Reason: Unity was launched with the -noUpm command-line argument
[Package Manager] Unable to send message (not connected to server process).
[Package Manager] Cannot connect to Unity Package Manager local server
[Licensing::Client] Error: Code 404 while processing request (status: Found 0 entitlement groups and 0 free entitlements matching requested entitlement ids)
ScheduleIndexationOnStartup MainProcess:False IndexOnStartup:True
Mono: successfully reloaded assembly
- Finished resetting the current domain, in  1.620 seconds
Domain Reload Profiling: 2976ms
	BeginReloadAssembly (329ms)
		DisableScriptedObjects (10ms)
		CreateAndSetChildDomain (125ms)
	RebuildCommonClasses (13ms)
	RebuildNativeTypeToScriptingClass (25ms)
	initialDomainReloadingComplete (101ms)
	LoadAllAssembliesAndSetupDomain (887ms)
		LoadAssemblies (438ms)
		AnalyzeDomain (378ms)
			TypeCache.Refresh (14ms)
			BuildScriptInfoCaches (354ms)
			ResolveRequiredComponents (7ms)
	FinalizeReload (1621ms)
		SetupLoadedEditorAssemblies (0ms)
			BeforeProcessingInitializeOnLoad (124ms)
			ProcessInitializeOnLoadAttributes (764ms)
			ProcessInitializeOnLoadMethodAttributes (458ms)
			AfterProcessingInitializeOnLoad (5ms)
		AwakeInstancesAfterBackupRestoration (24ms)
Refreshing native plugins compatible for Editor in 2.39 ms, found 5 plugins.
Unloading 65 Unused Serialized files (Serialized files now loaded: 0)
Unloading 10288 unused Assets / (20.2 MB). Loaded Objects now: 11349.
Memory consumption went from 0.52 GB to 0.50 GB.
Total: 23.318600 ms (FindLiveObjects: 1.017700 ms CreateObjectMapping: 4.475100 ms MarkObjects: 12.937800 ms  DeleteObjects: 4.886700 ms)

Prepare: number of updated asset objects reloaded= 0
========================================================================
Received Prepare
AcceleratorClientConnectionCallback - disconnected - :0
Refreshing native plugins compatible for Editor in 2.98 ms, found 5 plugins.
Unloading 65 Unused Serialized files (Serialized files now loaded: 0)
Unloading 65 unused Assets / (13.7 MB). Loaded Objects now: 11349.
Memory consumption went from 0.52 GB to 0.50 GB.
Total: 16.326200 ms (FindLiveObjects: 0.463600 ms CreateObjectMapping: 1.665000 ms MarkObjects: 12.748900 ms  DeleteObjects: 1.447500 ms)

Prepare: number of updated asset objects reloaded= 0
========================================================================
Received Import Request.
  Time of request: 2026-08-29T04:34:22.2022805Z
  Time since last request: 129.30066880000001 seconds.
  importAddress: GUID: b5c71f0c0013caf439a9296f7124f876 - Path: Assets/Prefabs/Logistics/Containers/Chest_1x1.prefab - Importer: PreviewImporter
Importing 'GUID: b5c71f0c0013caf439a9296f7124f876 - Path: Assets/Prefabs/Logistics/Containers/Chest_1x1.prefab - Importer: PreviewImporter' with importer (PreviewImporter)
Imported 'GUID: b5c71f0c0013caf439a9296f7124f876' -> (Import Result ID: '1f71ffcc284e034f039575b80cd6801b') in 0.443 seconds [static and dynamic dependencies]. Details - ImportResultOutputID=437533dc5bbdfa654de4008d2a9cd35e DependenciesID=b22757a368cfb5c1f02e83ce2cb0bfa0 StaticDependenciesID=570ece708f4d19e711b36c314bbcb765 
Number of updated asset objects reloaded before import = 0
Number of asset objects unloaded after import = 31
========================================================================
Received Prepare
AcceleratorClientConnectionCallback - disconnected - :0
Refreshing native plugins compatible for Editor in 4.56 ms, found 5 plugins.
Unloading 65 Unused Serialized files (Serialized files now loaded: 0)
Unloading 10268 unused Assets / (19.7 MB). Loaded Objects now: 11470.
Memory consumption went from 0.52 GB to 509.2 MB.
Total: 45.295800 ms (FindLiveObjects: 1.501300 ms CreateObjectMapping: 6.138300 ms MarkObjects: 28.558700 ms  DeleteObjects: 9.096100 ms)

Prepare: number of updated asset objects reloaded= 0
========================================================================
Received Prepare
AcceleratorClientConnectionCallback - disconnected - :0
[Licensing::Client] Successfully resolved entitlement details
Begin MonoManager ReloadAssembly
Symbol file LoadedFromMemory is not a mono symbol file
Symbol file LoadedFromMemory is not a mono symbol file
Refreshing native plugins compatible for Editor in 3.68 ms, found 5 plugins.
Native extension for WindowsStandalone target not found
Native extension for WebGL target not found
[Package Manager] Failed to launch server process. Reason: Unity was launched with the -noUpm command-line argument
[Package Manager] Unable to send message (not connected to server process).
[Package Manager] Cannot connect to Unity Package Manager local server
Refreshing native plugins compatible for Editor in 4.36 ms, found 5 plugins.
[Package Manager] Failed to launch server process. Reason: Unity was launched with the -noUpm command-line argument
[Package Manager] Unable to send message (not connected to server process).
[Package Manager] Cannot connect to Unity Package Manager local server
[Licensing::Client] Error: Code 404 while processing request (status: Found 0 entitlement groups and 0 free entitlements matching requested entitlement ids)
ScheduleIndexationOnStartup MainProcess:False IndexOnStartup:True
Mono: successfully reloaded assembly
- Finished resetting the current domain, in  2.171 seconds
Domain Reload Profiling: 3811ms
	BeginReloadAssembly (412ms)
		DisableScriptedObjects (28ms)
		CreateAndSetChildDomain (162ms)
	RebuildCommonClasses (13ms)
	RebuildNativeTypeToScriptingClass (22ms)
	initialDomainReloadingComplete (121ms)
	LoadAllAssembliesAndSetupDomain (1071ms)
		LoadAssemblies (519ms)
		AnalyzeDomain (478ms)
			TypeCache.Refresh (18ms)
			BuildScriptInfoCaches (453ms)
			ResolveRequiredComponents (5ms)
	FinalizeReload (2172ms)
		SetupLoadedEditorAssemblies (0ms)
			InitializePlatformSupportModulesInManaged (3ms)
			BeforeProcessingInitializeOnLoad (179ms)
			ProcessInitializeOnLoadAttributes (1014ms)
			ProcessInitializeOnLoadMethodAttributes (624ms)
			AfterProcessingInitializeOnLoad (6ms)
		AwakeInstancesAfterBackupRestoration (34ms)
Refreshing native plugins compatible for Editor in 3.96 ms, found 5 plugins.
Unloading 65 Unused Serialized files (Serialized files now loaded: 0)
Unloading 10288 unused Assets / (18.8 MB). Loaded Objects now: 11382.
Memory consumption went from 0.51 GB to 507.7 MB.
Total: 27.995500 ms (FindLiveObjects: 1.194600 ms CreateObjectMapping: 5.389700 ms MarkObjects: 15.397400 ms  DeleteObjects: 6.012700 ms)

Prepare: number of updated asset objects reloaded= 0
========================================================================
Received Prepare
AcceleratorClientConnectionCallback - disconnected - :0
Refreshing native plugins compatible for Editor in 3.01 ms, found 5 plugins.
Unloading 65 Unused Serialized files (Serialized files now loaded: 0)
Unloading 10268 unused Assets / (22.0 MB). Loaded Objects now: 11382.
Memory consumption went from 0.52 GB to 506.8 MB.
Total: 33.525900 ms (FindLiveObjects: 0.918700 ms CreateObjectMapping: 4.757700 ms MarkObjects: 18.642100 ms  DeleteObjects: 9.206200 ms)

Prepare: number of updated asset objects reloaded= 0
========================================================================
Received Prepare
AcceleratorClientConnectionCallback - disconnected - :0
Begin MonoManager ReloadAssembly
Symbol file LoadedFromMemory is not a mono symbol file
Symbol file LoadedFromMemory is not a mono symbol file
Refreshing native plugins compatible for Editor in 3.59 ms, found 5 plugins.
Native extension for WindowsStandalone target not found
Native extension for WebGL target not found
[Package Manager] Failed to launch server process. Reason: Unity was launched with the -noUpm command-line argument
[Package Manager] Unable to send message (not connected to server process).
[Package Manager] Cannot connect to Unity Package Manager local server
Refreshing native plugins compatible for Editor in 3.83 ms, found 5 plugins.
[Package Manager] Failed to launch server process. Reason: Unity was launched with the -noUpm command-line argument
[Package Manager] Unable to send message (not connected to server process).
[Package Manager] Cannot connect to Unity Package Manager local server
[Licensing::Client] Error: Code 404 while processing request (status: Found 0 entitlement groups and 0 free entitlements matching requested entitlement ids)
ScheduleIndexationOnStartup MainProcess:False IndexOnStartup:True
Mono: successfully reloaded assembly
- Finished resetting the current domain, in  1.919 seconds
Domain Reload Profiling: 3434ms
	BeginReloadAssembly (354ms)
		DisableScriptedObjects (9ms)
		CreateAndSetChildDomain (120ms)
	RebuildCommonClasses (16ms)
	RebuildNativeTypeToScriptingClass (25ms)
	initialDomainReloadingComplete (109ms)
	LoadAllAssembliesAndSetupDomain (1011ms)
		LoadAssemblies (464ms)
		AnalyzeDomain (463ms)
			TypeCache.Refresh (15ms)
			BuildScriptInfoCaches (438ms)
			ResolveRequiredComponents (8ms)
	FinalizeReload (1919ms)
		SetupLoadedEditorAssemblies (0ms)
			InitializePlatformSupportModulesInManaged (3ms)
			BeforeProcessingInitializeOnLoad (160ms)
			ProcessInitializeOnLoadAttributes (933ms)
			ProcessInitializeOnLoadMethodAttributes (506ms)
			AfterProcessingInitializeOnLoad (5ms)
		AwakeInstancesAfterBackupRestoration (25ms)
Refreshing native plugins compatible for Editor in 2.48 ms, found 5 plugins.
Unloading 65 Unused Serialized files (Serialized files now loaded: 0)
Unloading 10288 unused Assets / (20.3 MB). Loaded Objects now: 11385.
Memory consumption went from 0.52 GB to 510.8 MB.
Total: 22.810300 ms (FindLiveObjects: 0.894100 ms CreateObjectMapping: 4.241800 ms MarkObjects: 12.797200 ms  DeleteObjects: 4.875200 ms)

Prepare: number of updated asset objects reloaded= 0
========================================================================
Received Prepare
AcceleratorClientConnectionCallback - disconnected - :0
Refreshing native plugins compatible for Editor in 2.55 ms, found 5 plugins.
Unloading 65 Unused Serialized files (Serialized files now loaded: 0)
Unloading 65 unused Assets / (13.7 MB). Loaded Objects now: 11385.
Memory consumption went from 0.51 GB to 0.50 GB.
Total: 16.865900 ms (FindLiveObjects: 0.508100 ms CreateObjectMapping: 1.670100 ms MarkObjects: 13.134600 ms  DeleteObjects: 1.550900 ms)

Prepare: number of updated asset objects reloaded= 0
========================================================================
Received Import Request.
  Time of request: 2026-08-29T04:37:43.0707121Z
  Time since last request: 200.4115927 seconds.
  importAddress: GUID: b5c71f0c0013caf439a9296f7124f876 - Path: Assets/Prefabs/Logistics/Containers/Chest_1x1.prefab - Importer: PreviewImporter
Importing 'GUID: b5c71f0c0013caf439a9296f7124f876 - Path: Assets/Prefabs/Logistics/Containers/Chest_1x1.prefab - Importer: PreviewImporter' with importer (PreviewImporter)
Imported 'GUID: b5c71f0c0013caf439a9296f7124f876' -> (Import Result ID: '046fd09981e62b7e20187620eb025c3d') in 0.417 seconds [static and dynamic dependencies]. Details - ImportResultOutputID=5fcb89af2e9887cc299812284ed4aa95 DependenciesID=740c01dff74729c828b8ea35743900a2 StaticDependenciesID=c4db0894853f3e61398c04ca820b08ad 
Number of updated asset objects reloaded before import = 0
Number of asset objects unloaded after import = 30
========================================================================
Received Prepare
AcceleratorClientConnectionCallback - disconnected - :0
Refreshing native plugins compatible for Editor in 3.18 ms, found 5 plugins.
Unloading 65 Unused Serialized files (Serialized files now loaded: 0)
Unloading 10268 unused Assets / (19.3 MB). Loaded Objects now: 11496.
Memory consumption went from 0.52 GB to 0.50 GB.
Total: 33.293000 ms (FindLiveObjects: 1.249000 ms CreateObjectMapping: 5.650900 ms MarkObjects: 20.566100 ms  DeleteObjects: 5.824000 ms)

Prepare: number of updated asset objects reloaded= 0
========================================================================
Received Prepare
AcceleratorClientConnectionCallback - disconnected - :0
[Licensing::Client] Successfully resolved entitlement details
Begin MonoManager ReloadAssembly
Symbol file LoadedFromMemory is not a mono symbol file
Symbol file LoadedFromMemory is not a mono symbol file
Refreshing native plugins compatible for Editor in 3.39 ms, found 5 plugins.
Native extension for WindowsStandalone target not found
Native extension for WebGL target not found
[Package Manager] Failed to launch server process. Reason: Unity was launched with the -noUpm command-line argument
[Package Manager] Unable to send message (not connected to server process).
[Package Manager] Cannot connect to Unity Package Manager local server
Refreshing native plugins compatible for Editor in 4.42 ms, found 5 plugins.
[Package Manager] Failed to launch server process. Reason: Unity was launched with the -noUpm command-line argument
[Package Manager] Unable to send message (not connected to server process).
[Package Manager] Cannot connect to Unity Package Manager local server
[Licensing::Client] Error: Code 404 while processing request (status: Found 0 entitlement groups and 0 free entitlements matching requested entitlement ids)
ScheduleIndexationOnStartup MainProcess:False IndexOnStartup:True
Mono: successfully reloaded assembly
- Finished resetting the current domain, in  1.944 seconds
Domain Reload Profiling: 3300ms
	BeginReloadAssembly (363ms)
		DisableScriptedObjects (29ms)
		CreateAndSetChildDomain (134ms)
	RebuildCommonClasses (15ms)
	RebuildNativeTypeToScriptingClass (25ms)
	initialDomainReloadingComplete (103ms)
	LoadAllAssembliesAndSetupDomain (850ms)
		LoadAssemblies (433ms)
		AnalyzeDomain (353ms)
			TypeCache.Refresh (13ms)
			BuildScriptInfoCaches (333ms)
			ResolveRequiredComponents (4ms)
	FinalizeReload (1944ms)
		SetupLoadedEditorAssemblies (0ms)
			BeforeProcessingInitializeOnLoad (140ms)
			ProcessInitializeOnLoadAttributes (948ms)
			ProcessInitializeOnLoadMethodAttributes (532ms)
			AfterProcessingInitializeOnLoad (5ms)
		AwakeInstancesAfterBackupRestoration (27ms)
Refreshing native plugins compatible for Editor in 3.60 ms, found 5 plugins.
Unloading 65 Unused Serialized files (Serialized files now loaded: 0)
Unloading 10288 unused Assets / (22.0 MB). Loaded Objects now: 11408.
Memory consumption went from 0.52 GB to 509.7 MB.
Total: 30.025800 ms (FindLiveObjects: 1.183600 ms CreateObjectMapping: 5.369800 ms MarkObjects: 16.821400 ms  DeleteObjects: 6.649600 ms)

Prepare: number of updated asset objects reloaded= 0
========================================================================
Received Prepare
AcceleratorClientConnectionCallback - disconnected - :0
Refreshing native plugins compatible for Editor in 3.73 ms, found 5 plugins.
Unloading 65 Unused Serialized files (Serialized files now loaded: 0)
Unloading 10268 unused Assets / (19.6 MB). Loaded Objects now: 11408.
Memory consumption went from 0.52 GB to 0.50 GB.
Total: 26.612000 ms (FindLiveObjects: 1.059600 ms CreateObjectMapping: 4.385300 ms MarkObjects: 14.547700 ms  DeleteObjects: 6.617800 ms)

Prepare: number of updated asset objects reloaded= 0
========================================================================
Received Prepare
AcceleratorClientConnectionCallback - disconnected - :0
Begin MonoManager ReloadAssembly
Symbol file LoadedFromMemory is not a mono symbol file
Symbol file LoadedFromMemory is not a mono symbol file
Refreshing native plugins compatible for Editor in 3.42 ms, found 5 plugins.
Native extension for WindowsStandalone target not found
Native extension for WebGL target not found
[Package Manager] Failed to launch server process. Reason: Unity was launched with the -noUpm command-line argument
[Package Manager] Unable to send message (not connected to server process).
[Package Manager] Cannot connect to Unity Package Manager local server
Refreshing native plugins compatible for Editor in 3.62 ms, found 5 plugins.
[Package Manager] Failed to launch server process. Reason: Unity was launched with the -noUpm command-line argument
[Package Manager] Unable to send message (not connected to server process).
[Package Manager] Cannot connect to Unity Package Manager local server
[Licensing::Client] Error: Code 404 while processing request (status: Found 0 entitlement groups and 0 free entitlements matching requested entitlement ids)
ScheduleIndexationOnStartup MainProcess:False IndexOnStartup:True
Mono: successfully reloaded assembly
- Finished resetting the current domain, in  1.962 seconds
Domain Reload Profiling: 3322ms
	BeginReloadAssembly (321ms)
		DisableScriptedObjects (10ms)
		CreateAndSetChildDomain (120ms)
	RebuildCommonClasses (8ms)
	RebuildNativeTypeToScriptingClass (16ms)
	initialDomainReloadingComplete (102ms)
	LoadAllAssembliesAndSetupDomain (913ms)
		LoadAssemblies (427ms)
		AnalyzeDomain (409ms)
			TypeCache.Refresh (16ms)
			BuildScriptInfoCaches (384ms)
			ResolveRequiredComponents (7ms)
	FinalizeReload (1963ms)
		SetupLoadedEditorAssemblies (0ms)
			BeforeProcessingInitializeOnLoad (173ms)
			ProcessInitializeOnLoadAttributes (959ms)
			ProcessInitializeOnLoadMethodAttributes (498ms)
			AfterProcessingInitializeOnLoad (7ms)
		AwakeInstancesAfterBackupRestoration (26ms)
Refreshing native plugins compatible for Editor in 3.22 ms, found 5 plugins.
Unloading 65 Unused Serialized files (Serialized files now loaded: 0)
Unloading 10288 unused Assets / (19.5 MB). Loaded Objects now: 11411.
Memory consumption went from 0.52 GB to 0.50 GB.
Total: 27.220500 ms (FindLiveObjects: 1.506400 ms CreateObjectMapping: 5.741000 ms MarkObjects: 13.836500 ms  DeleteObjects: 6.135300 ms)

Prepare: number of updated asset objects reloaded= 0
========================================================================
Received Prepare
AcceleratorClientConnectionCallback - disconnected - :0
Refreshing native plugins compatible for Editor in 3.34 ms, found 5 plugins.
Unloading 65 Unused Serialized files (Serialized files now loaded: 0)
Unloading 65 unused Assets / (13.7 MB). Loaded Objects now: 11411.
Memory consumption went from 0.52 GB to 0.50 GB.
Total: 17.691500 ms (FindLiveObjects: 0.490900 ms CreateObjectMapping: 1.576100 ms MarkObjects: 14.011600 ms  DeleteObjects: 1.611500 ms)

Prepare: number of updated asset objects reloaded= 0
========================================================================
Received Prepare
AcceleratorClientConnectionCallback - disconnected - :0
Refreshing native plugins compatible for Editor in 2.92 ms, found 5 plugins.
Unloading 65 Unused Serialized files (Serialized files now loaded: 0)
Unloading 10268 unused Assets / (20.4 MB). Loaded Objects now: 11411.
Memory consumption went from 0.53 GB to 0.51 GB.
Total: 34.167800 ms (FindLiveObjects: 1.328300 ms CreateObjectMapping: 5.430100 ms MarkObjects: 20.520000 ms  DeleteObjects: 6.887900 ms)

Prepare: number of updated asset objects reloaded= 0
========================================================================
Received Prepare
AcceleratorClientConnectionCallback - disconnected - :0
[Licensing::Client] Successfully resolved entitlement details
Begin MonoManager ReloadAssembly
Symbol file LoadedFromMemory is not a mono symbol file
Symbol file LoadedFromMemory is not a mono symbol file
Refreshing native plugins compatible for Editor in 3.51 ms, found 5 plugins.
Native extension for WindowsStandalone target not found
Native extension for WebGL target not found
[Package Manager] Failed to launch server process. Reason: Unity was launched with the -noUpm command-line argument
[Package Manager] Unable to send message (not connected to server process).
[Package Manager] Cannot connect to Unity Package Manager local server
Refreshing native plugins compatible for Editor in 4.27 ms, found 5 plugins.
[Package Manager] Failed to launch server process. Reason: Unity was launched with the -noUpm command-line argument
[Package Manager] Unable to send message (not connected to server process).
[Package Manager] Cannot connect to Unity Package Manager local server
[Licensing::Client] Error: Code 404 while processing request (status: Found 0 entitlement groups and 0 free entitlements matching requested entitlement ids)
ScheduleIndexationOnStartup MainProcess:False IndexOnStartup:True
Mono: successfully reloaded assembly
- Finished resetting the current domain, in  2.020 seconds
Domain Reload Profiling: 3378ms
	BeginReloadAssembly (322ms)
		DisableScriptedObjects (10ms)
		CreateAndSetChildDomain (126ms)
	RebuildCommonClasses (8ms)
	RebuildNativeTypeToScriptingClass (20ms)
	initialDomainReloadingComplete (107ms)
	LoadAllAssembliesAndSetupDomain (899ms)
		LoadAssemblies (424ms)
		AnalyzeDomain (405ms)
			TypeCache.Refresh (14ms)
			BuildScriptInfoCaches (384ms)
			ResolveRequiredComponents (5ms)
	FinalizeReload (2021ms)
		SetupLoadedEditorAssemblies (0ms)
			BeforeProcessingInitializeOnLoad (162ms)
			ProcessInitializeOnLoadAttributes (951ms)
			ProcessInitializeOnLoadMethodAttributes (555ms)
			AfterProcessingInitializeOnLoad (9ms)
		AwakeInstancesAfterBackupRestoration (38ms)
Refreshing native plugins compatible for Editor in 4.50 ms, found 5 plugins.
Unloading 65 Unused Serialized files (Serialized files now loaded: 0)
Unloading 10288 unused Assets / (19.8 MB). Loaded Objects now: 11414.
Memory consumption went from 0.53 GB to 0.51 GB.
Total: 31.290400 ms (FindLiveObjects: 1.011800 ms CreateObjectMapping: 4.627500 ms MarkObjects: 18.256900 ms  DeleteObjects: 7.393000 ms)

Prepare: number of updated asset objects reloaded= 0
========================================================================
Received Prepare
AcceleratorClientConnectionCallback - disconnected - :0
Refreshing native plugins compatible for Editor in 2.85 ms, found 5 plugins.
Unloading 65 Unused Serialized files (Serialized files now loaded: 0)
Unloading 65 unused Assets / (13.7 MB). Loaded Objects now: 11414.
Memory consumption went from 0.53 GB to 0.51 GB.
Total: 18.979700 ms (FindLiveObjects: 0.467000 ms CreateObjectMapping: 1.671000 ms MarkObjects: 14.800000 ms  DeleteObjects: 2.040700 ms)

Prepare: number of updated asset objects reloaded= 0
========================================================================
Received Import Request.
  Time of request: 2026-08-29T04:42:16.2425274Z
  Time since last request: 272.74168700000001 seconds.
  importAddress: GUID: b5c71f0c0013caf439a9296f7124f876 - Path: Assets/Prefabs/Logistics/Containers/Chest_1x1.prefab - Importer: PreviewImporter
Importing 'GUID: b5c71f0c0013caf439a9296f7124f876 - Path: Assets/Prefabs/Logistics/Containers/Chest_1x1.prefab - Importer: PreviewImporter' with importer (PreviewImporter)
Imported 'GUID: b5c71f0c0013caf439a9296f7124f876' -> (Import Result ID: '70b79b80d1f16215585131c475696c8a') in 0.384 seconds [static and dynamic dependencies]. Details - ImportResultOutputID=80836f0dbb40950c76733a8a81170207 DependenciesID=9361ba6918a34779c6caa7b876ac01cc StaticDependenciesID=1b99d04560a25f3f5df26cb8b3fdaa13 
Number of updated asset objects reloaded before import = 0
Number of asset objects unloaded after import = 30
========================================================================
Received Prepare
AcceleratorClientConnectionCallback - disconnected - :0
Refreshing native plugins compatible for Editor in 3.43 ms, found 5 plugins.
Unloading 65 Unused Serialized files (Serialized files now loaded: 0)
Unloading 10268 unused Assets / (19.9 MB). Loaded Objects now: 11525.
Memory consumption went from 0.53 GB to 0.51 GB.
Total: 51.851700 ms (FindLiveObjects: 1.246400 ms CreateObjectMapping: 4.995800 ms MarkObjects: 20.946400 ms  DeleteObjects: 24.661300 ms)

Prepare: number of updated asset objects reloaded= 0
========================================================================
Received Prepare
AcceleratorClientConnectionCallback - disconnected - :0
[Licensing::Client] Successfully resolved entitlement details
Begin MonoManager ReloadAssembly
Symbol file LoadedFromMemory is not a mono symbol file
Symbol file LoadedFromMemory is not a mono symbol file
Refreshing native plugins compatible for Editor in 2.42 ms, found 5 plugins.
Native extension for WindowsStandalone target not found
Native extension for WebGL target not found
[Package Manager] Failed to launch server process. Reason: Unity was launched with the -noUpm command-line argument
[Package Manager] Unable to send message (not connected to server process).
[Package Manager] Cannot connect to Unity Package Manager local server
Refreshing native plugins compatible for Editor in 3.80 ms, found 5 plugins.
[Package Manager] Failed to launch server process. Reason: Unity was launched with the -noUpm command-line argument
[Package Manager] Unable to send message (not connected to server process).
[Package Manager] Cannot connect to Unity Package Manager local server
[Licensing::Client] Error: Code 404 while processing request (status: Found 0 entitlement groups and 0 free entitlements matching requested entitlement ids)
ScheduleIndexationOnStartup MainProcess:False IndexOnStartup:True
Mono: successfully reloaded assembly
- Finished resetting the current domain, in  1.693 seconds
Domain Reload Profiling: 3164ms
	BeginReloadAssembly (355ms)
		DisableScriptedObjects (31ms)
		CreateAndSetChildDomain (126ms)
	RebuildCommonClasses (10ms)
	RebuildNativeTypeToScriptingClass (20ms)
	initialDomainReloadingComplete (107ms)
	LoadAllAssembliesAndSetupDomain (977ms)
		LoadAssemblies (463ms)
		AnalyzeDomain (441ms)
			TypeCache.Refresh (16ms)
			BuildScriptInfoCaches (416ms)
			ResolveRequiredComponents (7ms)
	FinalizeReload (1694ms)
		SetupLoadedEditorAssemblies (0ms)
			BeforeProcessingInitializeOnLoad (131ms)
			ProcessInitializeOnLoadAttributes (796ms)
			ProcessInitializeOnLoadMethodAttributes (480ms)
			AfterProcessingInitializeOnLoad (6ms)
		AwakeInstancesAfterBackupRestoration (28ms)
Refreshing native plugins compatible for Editor in 2.83 ms, found 5 plugins.
Unloading 65 Unused Serialized files (Serialized files now loaded: 0)
Unloading 10288 unused Assets / (20.2 MB). Loaded Objects now: 11437.
Memory consumption went from 0.52 GB to 0.50 GB.
Total: 23.634800 ms (FindLiveObjects: 1.181100 ms CreateObjectMapping: 4.715600 ms MarkObjects: 12.942400 ms  DeleteObjects: 4.794700 ms)

Prepare: number of updated asset objects reloaded= 0
========================================================================
Received Prepare
AcceleratorClientConnectionCallback - disconnected - :0
Refreshing native plugins compatible for Editor in 3.41 ms, found 5 plugins.
Unloading 65 Unused Serialized files (Serialized files now loaded: 0)
Unloading 65 unused Assets / (13.7 MB). Loaded Objects now: 11437.
Memory consumption went from 0.52 GB to 0.51 GB.
Total: 17.220400 ms (FindLiveObjects: 0.513900 ms CreateObjectMapping: 1.648800 ms MarkObjects: 13.436500 ms  DeleteObjects: 1.620100 ms)

Prepare: number of updated asset objects reloaded= 0
========================================================================
Received Prepare
AcceleratorClientConnectionCallback - disconnected - :0
Refreshing native plugins compatible for Editor in 2.81 ms, found 5 plugins.
Unloading 65 Unused Serialized files (Serialized files now loaded: 0)
Unloading 10268 unused Assets / (20.3 MB). Loaded Objects now: 11437.
Memory consumption went from 0.53 GB to 0.51 GB.
Total: 34.499800 ms (FindLiveObjects: 0.915000 ms CreateObjectMapping: 4.337500 ms MarkObjects: 20.939900 ms  DeleteObjects: 8.306100 ms)

Prepare: number of updated asset objects reloaded= 0
========================================================================
Received Prepare
AcceleratorClientConnectionCallback - disconnected - :0
[Licensing::Client] Successfully resolved entitlement details
Begin MonoManager ReloadAssembly
Symbol file LoadedFromMemory is not a mono symbol file
Symbol file LoadedFromMemory is not a mono symbol file
Refreshing native plugins compatible for Editor in 2.50 ms, found 5 plugins.
Native extension for WindowsStandalone target not found
Native extension for WebGL target not found
[Package Manager] Failed to launch server process. Reason: Unity was launched with the -noUpm command-line argument
[Package Manager] Unable to send message (not connected to server process).
[Package Manager] Cannot connect to Unity Package Manager local server
Refreshing native plugins compatible for Editor in 2.52 ms, found 5 plugins.
[Package Manager] Failed to launch server process. Reason: Unity was launched with the -noUpm command-line argument
[Package Manager] Unable to send message (not connected to server process).
[Package Manager] Cannot connect to Unity Package Manager local server
[Licensing::Client] Error: Code 404 while processing request (status: Found 0 entitlement groups and 0 free entitlements matching requested entitlement ids)
ScheduleIndexationOnStartup MainProcess:False IndexOnStartup:True
Mono: successfully reloaded assembly
- Finished resetting the current domain, in  1.625 seconds
Domain Reload Profiling: 2908ms
	BeginReloadAssembly (288ms)
		DisableScriptedObjects (9ms)
		CreateAndSetChildDomain (106ms)
	RebuildCommonClasses (9ms)
	RebuildNativeTypeToScriptingClass (16ms)
	initialDomainReloadingComplete (116ms)
	LoadAllAssembliesAndSetupDomain (853ms)
		LoadAssemblies (407ms)
		AnalyzeDomain (392ms)
			TypeCache.Refresh (20ms)
			BuildScriptInfoCaches (365ms)
			ResolveRequiredComponents (5ms)
	FinalizeReload (1625ms)
		SetupLoadedEditorAssemblies (0ms)
			InitializePlatformSupportModulesInManaged (3ms)
			BeforeProcessingInitializeOnLoad (123ms)
			ProcessInitializeOnLoadAttributes (770ms)
			ProcessInitializeOnLoadMethodAttributes (463ms)
			AfterProcessingInitializeOnLoad (5ms)
		AwakeInstancesAfterBackupRestoration (22ms)
Refreshing native plugins compatible for Editor in 2.65 ms, found 5 plugins.
Unloading 65 Unused Serialized files (Serialized files now loaded: 0)
Unloading 10288 unused Assets / (20.5 MB). Loaded Objects now: 11440.
Memory consumption went from 0.53 GB to 0.51 GB.
Total: 24.739100 ms (FindLiveObjects: 0.944400 ms CreateObjectMapping: 4.577600 ms MarkObjects: 13.916400 ms  DeleteObjects: 5.299400 ms)

Prepare: number of updated asset objects reloaded= 0
========================================================================
Received Prepare
AcceleratorClientConnectionCallback - disconnected - :0
Refreshing native plugins compatible for Editor in 2.82 ms, found 5 plugins.
Unloading 65 Unused Serialized files (Serialized files now loaded: 0)
Unloading 65 unused Assets / (13.7 MB). Loaded Objects now: 11440.
Memory consumption went from 0.53 GB to 0.51 GB.
Total: 16.788800 ms (FindLiveObjects: 0.486500 ms CreateObjectMapping: 1.704800 ms MarkObjects: 12.995100 ms  DeleteObjects: 1.599800 ms)

Prepare: number of updated asset objects reloaded= 0
========================================================================
Received Import Request.
  Time of request: 2026-08-29T04:57:02.1277131Z
  Time since last request: 885.49034129999995 seconds.
  importAddress: GUID: b5c71f0c0013caf439a9296f7124f876 - Path: Assets/Prefabs/Logistics/Containers/Chest_1x1.prefab - Importer: PreviewImporter
Importing 'GUID: b5c71f0c0013caf439a9296f7124f876 - Path: Assets/Prefabs/Logistics/Containers/Chest_1x1.prefab - Importer: PreviewImporter' with importer (PreviewImporter)
Imported 'GUID: b5c71f0c0013caf439a9296f7124f876' -> (Import Result ID: '9521ff55065079b668de0eaec503ea1a') in 0.373 seconds [static and dynamic dependencies]. Details - ImportResultOutputID=1ef1a69eda7807d23342347a8058c69c DependenciesID=9246823c037d0c80893a7416a0d2c200 StaticDependenciesID=490f754bd8ce8347e3f329f7121b8c04 
Number of updated asset objects reloaded before import = 0
Number of asset objects unloaded after import = 30
========================================================================
Received Prepare
AcceleratorClientConnectionCallback - disconnected - :0
Begin MonoManager ReloadAssembly
Symbol file LoadedFromMemory is not a mono symbol file
Symbol file LoadedFromMemory is not a mono symbol file
Refreshing native plugins compatible for Editor in 2.30 ms, found 5 plugins.
Native extension for WindowsStandalone target not found
Native extension for WebGL target not found
[Package Manager] Failed to launch server process. Reason: Unity was launched with the -noUpm command-line argument
[Package Manager] Unable to send message (not connected to server process).
[Package Manager] Cannot connect to Unity Package Manager local server
Refreshing native plugins compatible for Editor in 2.64 ms, found 5 plugins.
[Package Manager] Failed to launch server process. Reason: Unity was launched with the -noUpm command-line argument
[Package Manager] Unable to send message (not connected to server process).
[Package Manager] Cannot connect to Unity Package Manager local server
[Licensing::Client] Error: Code 404 while processing request (status: Found 0 entitlement groups and 0 free entitlements matching requested entitlement ids)
ScheduleIndexationOnStartup MainProcess:False IndexOnStartup:True
Mono: successfully reloaded assembly
- Finished resetting the current domain, in  1.735 seconds
Domain Reload Profiling: 2576ms
	BeginReloadAssembly (284ms)
		DisableScriptedObjects (23ms)
		CreateAndSetChildDomain (101ms)
	RebuildCommonClasses (8ms)
	RebuildNativeTypeToScriptingClass (14ms)
	initialDomainReloadingComplete (84ms)
	LoadAllAssembliesAndSetupDomain (449ms)
		LoadAssemblies (370ms)
		AnalyzeDomain (20ms)
			TypeCache.Refresh (10ms)
			ResolveRequiredComponents (5ms)
	FinalizeReload (1736ms)
		SetupLoadedEditorAssemblies (0ms)
			BeforeProcessingInitializeOnLoad (130ms)
			ProcessInitializeOnLoadAttributes (831ms)
			ProcessInitializeOnLoadMethodAttributes (510ms)
			AfterProcessingInitializeOnLoad (6ms)
		AwakeInstancesAfterBackupRestoration (29ms)
Refreshing native plugins compatible for Editor in 3.18 ms, found 5 plugins.
Unloading 65 Unused Serialized files (Serialized files now loaded: 0)
Unloading 10288 unused Assets / (21.3 MB). Loaded Objects now: 11463.
Memory consumption went from 0.53 GB to 0.51 GB.
Total: 30.426700 ms (FindLiveObjects: 1.357000 ms CreateObjectMapping: 5.802400 ms MarkObjects: 15.856100 ms  DeleteObjects: 7.409800 ms)

Prepare: number of updated asset objects reloaded= 0
========================================================================
Received Prepare
AcceleratorClientConnectionCallback - disconnected - :0
Refreshing native plugins compatible for Editor in 3.45 ms, found 5 plugins.
Unloading 65 Unused Serialized files (Serialized files now loaded: 0)
Unloading 10268 unused Assets / (19.7 MB). Loaded Objects now: 11463.
Memory consumption went from 0.53 GB to 0.51 GB.
Total: 31.693700 ms (FindLiveObjects: 1.413300 ms CreateObjectMapping: 7.532000 ms MarkObjects: 16.553400 ms  DeleteObjects: 6.193400 ms)

Prepare: number of updated asset objects reloaded= 0
========================================================================
Received Prepare
AcceleratorClientConnectionCallback - disconnected - :0
[Licensing::Client] Successfully resolved entitlement details
Begin MonoManager ReloadAssembly
Symbol file LoadedFromMemory is not a mono symbol file
Symbol file LoadedFromMemory is not a mono symbol file
Refreshing native plugins compatible for Editor in 3.35 ms, found 5 plugins.
Native extension for WindowsStandalone target not found
Native extension for WebGL target not found
[Package Manager] Failed to launch server process. Reason: Unity was launched with the -noUpm command-line argument
[Package Manager] Unable to send message (not connected to server process).
[Package Manager] Cannot connect to Unity Package Manager local server
Refreshing native plugins compatible for Editor in 3.98 ms, found 5 plugins.
[Package Manager] Failed to launch server process. Reason: Unity was launched with the -noUpm command-line argument
[Package Manager] Unable to send message (not connected to server process).
[Package Manager] Cannot connect to Unity Package Manager local server
[Licensing::Client] Error: Code 404 while processing request (status: Found 0 entitlement groups and 0 free entitlements matching requested entitlement ids)
ScheduleIndexationOnStartup MainProcess:False IndexOnStartup:True
Mono: successfully reloaded assembly
- Finished resetting the current domain, in  2.034 seconds
Domain Reload Profiling: 3521ms
	BeginReloadAssembly (374ms)
		DisableScriptedObjects (33ms)
		CreateAndSetChildDomain (125ms)
	RebuildCommonClasses (16ms)
	RebuildNativeTypeToScriptingClass (19ms)
	initialDomainReloadingComplete (106ms)
	LoadAllAssembliesAndSetupDomain (971ms)
		LoadAssemblies (458ms)
		AnalyzeDomain (448ms)
			TypeCache.Refresh (19ms)
			BuildScriptInfoCaches (421ms)
			ResolveRequiredComponents (6ms)
	FinalizeReload (2035ms)
		SetupLoadedEditorAssemblies (0ms)
			BeforeProcessingInitializeOnLoad (169ms)
			ProcessInitializeOnLoadAttributes (949ms)
			ProcessInitializeOnLoadMethodAttributes (570ms)
			AfterProcessingInitializeOnLoad (9ms)
		AwakeInstancesAfterBackupRestoration (31ms)
Refreshing native plugins compatible for Editor in 2.81 ms, found 5 plugins.
Unloading 65 Unused Serialized files (Serialized files now loaded: 0)
Unloading 10288 unused Assets / (20.4 MB). Loaded Objects now: 11466.
Memory consumption went from 0.53 GB to 0.51 GB.
Total: 28.079600 ms (FindLiveObjects: 1.031900 ms CreateObjectMapping: 4.892800 ms MarkObjects: 14.999400 ms  DeleteObjects: 7.154300 ms)

Prepare: number of updated asset objects reloaded= 0
========================================================================
Received Prepare
AcceleratorClientConnectionCallback - disconnected - :0
Refreshing native plugins compatible for Editor in 2.96 ms, found 5 plugins.
Unloading 65 Unused Serialized files (Serialized files now loaded: 0)
Unloading 10268 unused Assets / (20.2 MB). Loaded Objects now: 11466.
Memory consumption went from 0.53 GB to 0.51 GB.
Total: 32.673300 ms (FindLiveObjects: 1.216300 ms CreateObjectMapping: 5.739700 ms MarkObjects: 17.828100 ms  DeleteObjects: 7.888100 ms)

Prepare: number of updated asset objects reloaded= 0
========================================================================
Received Prepare
AcceleratorClientConnectionCallback - disconnected - :0
Refreshing native plugins compatible for Editor in 3.73 ms, found 5 plugins.
Unloading 65 Unused Serialized files (Serialized files now loaded: 0)
Unloading 10268 unused Assets / (19.4 MB). Loaded Objects now: 11466.
Memory consumption went from 0.54 GB to 0.52 GB.
Total: 34.354700 ms (FindLiveObjects: 1.471900 ms CreateObjectMapping: 5.278500 ms MarkObjects: 19.920400 ms  DeleteObjects: 7.682300 ms)

Prepare: number of updated asset objects reloaded= 0
========================================================================
Received Prepare
AcceleratorClientConnectionCallback - disconnected - :0
[Licensing::Client] Successfully resolved entitlement details
Begin MonoManager ReloadAssembly
Symbol file LoadedFromMemory is not a mono symbol file
Symbol file LoadedFromMemory is not a mono symbol file
Refreshing native plugins compatible for Editor in 2.88 ms, found 5 plugins.
Native extension for WindowsStandalone target not found
Native extension for WebGL target not found
[Package Manager] Failed to launch server process. Reason: Unity was launched with the -noUpm command-line argument
[Package Manager] Unable to send message (not connected to server process).
[Package Manager] Cannot connect to Unity Package Manager local server
Refreshing native plugins compatible for Editor in 3.75 ms, found 5 plugins.
[Package Manager] Failed to launch server process. Reason: Unity was launched with the -noUpm command-line argument
[Package Manager] Unable to send message (not connected to server process).
[Package Manager] Cannot connect to Unity Package Manager local server
[Licensing::Client] Error: Code 404 while processing request (status: Found 0 entitlement groups and 0 free entitlements matching requested entitlement ids)
ScheduleIndexationOnStartup MainProcess:False IndexOnStartup:True
Mono: successfully reloaded assembly
- Finished resetting the current domain, in  2.082 seconds
Domain Reload Profiling: 3558ms
	BeginReloadAssembly (389ms)
		DisableScriptedObjects (15ms)
		CreateAndSetChildDomain (153ms)
	RebuildCommonClasses (9ms)
	RebuildNativeTypeToScriptingClass (19ms)
	initialDomainReloadingComplete (121ms)
	LoadAllAssembliesAndSetupDomain (938ms)
		LoadAssemblies (472ms)
		AnalyzeDomain (397ms)
			TypeCache.Refresh (17ms)
			BuildScriptInfoCaches (370ms)
			ResolveRequiredComponents (8ms)
	FinalizeReload (2083ms)
		SetupLoadedEditorAssemblies (0ms)
			BeforeProcessingInitializeOnLoad (167ms)
			ProcessInitializeOnLoadAttributes (986ms)
			ProcessInitializeOnLoadMethodAttributes (576ms)
			AfterProcessingInitializeOnLoad (7ms)
		AwakeInstancesAfterBackupRestoration (42ms)
Refreshing native plugins compatible for Editor in 3.54 ms, found 5 plugins.
Unloading 65 Unused Serialized files (Serialized files now loaded: 0)
Unloading 10288 unused Assets / (19.4 MB). Loaded Objects now: 11469.
Memory consumption went from 0.54 GB to 0.52 GB.
Total: 29.694100 ms (FindLiveObjects: 0.884000 ms CreateObjectMapping: 4.856100 ms MarkObjects: 17.320900 ms  DeleteObjects: 6.631800 ms)

Prepare: number of updated asset objects reloaded= 0
========================================================================
Received Prepare
AcceleratorClientConnectionCallback - disconnected - :0
Refreshing native plugins compatible for Editor in 3.43 ms, found 5 plugins.
Unloading 65 Unused Serialized files (Serialized files now loaded: 0)
Unloading 10268 unused Assets / (20.1 MB). Loaded Objects now: 11469.
Memory consumption went from 0.54 GB to 0.52 GB.
Total: 31.167200 ms (FindLiveObjects: 1.480700 ms CreateObjectMapping: 5.574800 ms MarkObjects: 17.369500 ms  DeleteObjects: 6.740600 ms)

Prepare: number of updated asset objects reloaded= 0
========================================================================
Received Prepare
AcceleratorClientConnectionCallback - disconnected - :0
Begin MonoManager ReloadAssembly
Symbol file LoadedFromMemory is not a mono symbol file
Symbol file LoadedFromMemory is not a mono symbol file
Refreshing native plugins compatible for Editor in 2.21 ms, found 5 plugins.
Native extension for WindowsStandalone target not found
Native extension for WebGL target not found
[Package Manager] Failed to launch server process. Reason: Unity was launched with the -noUpm command-line argument
[Package Manager] Unable to send message (not connected to server process).
[Package Manager] Cannot connect to Unity Package Manager local server
Refreshing native plugins compatible for Editor in 4.43 ms, found 5 plugins.
[Package Manager] Failed to launch server process. Reason: Unity was launched with the -noUpm command-line argument
[Package Manager] Unable to send message (not connected to server process).
[Package Manager] Cannot connect to Unity Package Manager local server
[Licensing::Client] Error: Code 404 while processing request (status: Found 0 entitlement groups and 0 free entitlements matching requested entitlement ids)
ScheduleIndexationOnStartup MainProcess:False IndexOnStartup:True
Mono: successfully reloaded assembly
- Finished resetting the current domain, in  1.973 seconds
Domain Reload Profiling: 3384ms
	BeginReloadAssembly (352ms)
		DisableScriptedObjects (14ms)
		CreateAndSetChildDomain (133ms)
	RebuildCommonClasses (16ms)
	RebuildNativeTypeToScriptingClass (17ms)
	initialDomainReloadingComplete (106ms)
	LoadAllAssembliesAndSetupDomain (920ms)
		LoadAssemblies (420ms)
		AnalyzeDomain (420ms)
			TypeCache.Refresh (14ms)
			BuildScriptInfoCaches (400ms)
			ResolveRequiredComponents (5ms)
	FinalizeReload (1974ms)
		SetupLoadedEditorAssemblies (0ms)
			InitializePlatformSupportModulesInManaged (3ms)
			BeforeProcessingInitializeOnLoad (163ms)
			ProcessInitializeOnLoadAttributes (910ms)
			ProcessInitializeOnLoadMethodAttributes (570ms)
			AfterProcessingInitializeOnLoad (8ms)
		AwakeInstancesAfterBackupRestoration (37ms)
Refreshing native plugins compatible for Editor in 3.44 ms, found 5 plugins.
Unloading 65 Unused Serialized files (Serialized files now loaded: 0)
Unloading 10288 unused Assets / (19.3 MB). Loaded Objects now: 11472.
Memory consumption went from 0.54 GB to 0.52 GB.
Total: 27.729500 ms (FindLiveObjects: 0.967100 ms CreateObjectMapping: 4.281400 ms MarkObjects: 16.232200 ms  DeleteObjects: 6.247600 ms)

Prepare: number of updated asset objects reloaded= 0
========================================================================
Received Prepare
AcceleratorClientConnectionCallback - disconnected - :0
Refreshing native plugins compatible for Editor in 2.86 ms, found 5 plugins.
Unloading 65 Unused Serialized files (Serialized files now loaded: 0)
Unloading 65 unused Assets / (13.7 MB). Loaded Objects now: 11472.
Memory consumption went from 0.54 GB to 0.53 GB.
Total: 17.392000 ms (FindLiveObjects: 0.615900 ms CreateObjectMapping: 1.636800 ms MarkObjects: 13.502100 ms  DeleteObjects: 1.635700 ms)

Prepare: number of updated asset objects reloaded= 0
========================================================================
Received Prepare
AcceleratorClientConnectionCallback - disconnected - :0
Begin MonoManager ReloadAssembly
Symbol file LoadedFromMemory is not a mono symbol file
Symbol file LoadedFromMemory is not a mono symbol file
Refreshing native plugins compatible for Editor in 3.24 ms, found 5 plugins.
Native extension for WindowsStandalone target not found
Native extension for WebGL target not found
[Package Manager] Failed to launch server process. Reason: Unity was launched with the -noUpm command-line argument
[Package Manager] Unable to send message (not connected to server process).
[Package Manager] Cannot connect to Unity Package Manager local server
Refreshing native plugins compatible for Editor in 3.17 ms, found 5 plugins.
[Package Manager] Failed to launch server process. Reason: Unity was launched with the -noUpm command-line argument
[Package Manager] Unable to send message (not connected to server process).
[Package Manager] Cannot connect to Unity Package Manager local server
[Licensing::Client] Error: Code 404 while processing request (status: Found 0 entitlement groups and 0 free entitlements matching requested entitlement ids)
ScheduleIndexationOnStartup MainProcess:False IndexOnStartup:True
Mono: successfully reloaded assembly
- Finished resetting the current domain, in  1.790 seconds
Domain Reload Profiling: 2625ms
	BeginReloadAssembly (285ms)
		DisableScriptedObjects (9ms)
		CreateAndSetChildDomain (109ms)
	RebuildCommonClasses (9ms)
	RebuildNativeTypeToScriptingClass (14ms)
	initialDomainReloadingComplete (85ms)
	LoadAllAssembliesAndSetupDomain (442ms)
		LoadAssemblies (360ms)
		AnalyzeDomain (18ms)
			TypeCache.Refresh (9ms)
			ResolveRequiredComponents (5ms)
	FinalizeReload (1791ms)
		SetupLoadedEditorAssemblies (0ms)
			BeforeProcessingInitializeOnLoad (135ms)
			ProcessInitializeOnLoadAttributes (835ms)
			ProcessInitializeOnLoadMethodAttributes (519ms)
			AfterProcessingInitializeOnLoad (6ms)
		AwakeInstancesAfterBackupRestoration (33ms)
Refreshing native plugins compatible for Editor in 3.46 ms, found 5 plugins.
Unloading 65 Unused Serialized files (Serialized files now loaded: 0)
Unloading 10288 unused Assets / (20.0 MB). Loaded Objects now: 11475.
Memory consumption went from 0.55 GB to 0.53 GB.
Total: 29.739600 ms (FindLiveObjects: 1.278100 ms CreateObjectMapping: 5.721400 ms MarkObjects: 15.700200 ms  DeleteObjects: 7.038300 ms)

Prepare: number of updated asset objects reloaded= 0
========================================================================
Received Prepare
AcceleratorClientConnectionCallback - disconnected - :0
[Licensing::Client] Successfully resolved entitlement details
Begin MonoManager ReloadAssembly
Symbol file LoadedFromMemory is not a mono symbol file
Symbol file LoadedFromMemory is not a mono symbol file
Refreshing native plugins compatible for Editor in 2.48 ms, found 5 plugins.
Native extension for WindowsStandalone target not found
Native extension for WebGL target not found
[Package Manager] Failed to launch server process. Reason: Unity was launched with the -noUpm command-line argument
[Package Manager] Unable to send message (not connected to server process).
[Package Manager] Cannot connect to Unity Package Manager local server
Refreshing native plugins compatible for Editor in 2.54 ms, found 5 plugins.
[Package Manager] Failed to launch server process. Reason: Unity was launched with the -noUpm command-line argument
[Package Manager] Unable to send message (not connected to server process).
[Package Manager] Cannot connect to Unity Package Manager local server
[Licensing::Client] Error: Code 404 while processing request (status: Found 0 entitlement groups and 0 free entitlements matching requested entitlement ids)
ScheduleIndexationOnStartup MainProcess:False IndexOnStartup:True
Mono: successfully reloaded assembly
- Finished resetting the current domain, in  1.869 seconds
Domain Reload Profiling: 2700ms
	BeginReloadAssembly (269ms)
		DisableScriptedObjects (10ms)
		CreateAndSetChildDomain (90ms)
	RebuildCommonClasses (9ms)
	RebuildNativeTypeToScriptingClass (15ms)
	initialDomainReloadingComplete (85ms)
	LoadAllAssembliesAndSetupDomain (452ms)
		LoadAssemblies (367ms)
		AnalyzeDomain (23ms)
			TypeCache.Refresh (11ms)
			ResolveRequiredComponents (7ms)
	FinalizeReload (1870ms)
		SetupLoadedEditorAssemblies (0ms)
			BeforeProcessingInitializeOnLoad (135ms)
			ProcessInitializeOnLoadAttributes (890ms)
			ProcessInitializeOnLoadMethodAttributes (541ms)
			AfterProcessingInitializeOnLoad (7ms)
		AwakeInstancesAfterBackupRestoration (33ms)
Refreshing native plugins compatible for Editor in 3.49 ms, found 5 plugins.
Unloading 65 Unused Serialized files (Serialized files now loaded: 0)
Unloading 10288 unused Assets / (21.3 MB). Loaded Objects now: 11478.
Memory consumption went from 0.55 GB to 0.53 GB.
Total: 30.185600 ms (FindLiveObjects: 1.166100 ms CreateObjectMapping: 5.848600 ms MarkObjects: 15.711200 ms  DeleteObjects: 7.458600 ms)

Prepare: number of updated asset objects reloaded= 0
========================================================================
Received Prepare
AcceleratorClientConnectionCallback - disconnected - :0
Refreshing native plugins compatible for Editor in 2.76 ms, found 5 plugins.
Unloading 65 Unused Serialized files (Serialized files now loaded: 0)
Unloading 10268 unused Assets / (20.3 MB). Loaded Objects now: 11478.
Memory consumption went from 0.55 GB to 0.53 GB.
Total: 25.982500 ms (FindLiveObjects: 0.967700 ms CreateObjectMapping: 4.991100 ms MarkObjects: 14.916100 ms  DeleteObjects: 5.106500 ms)

Prepare: number of updated asset objects reloaded= 0
========================================================================
Received Prepare
AcceleratorClientConnectionCallback - disconnected - :0
[Licensing::Client] Successfully resolved entitlement details
Begin MonoManager ReloadAssembly
Symbol file LoadedFromMemory is not a mono symbol file
Symbol file LoadedFromMemory is not a mono symbol file
Refreshing native plugins compatible for Editor in 2.25 ms, found 5 plugins.
Native extension for WindowsStandalone target not found
Native extension for WebGL target not found
[Package Manager] Failed to launch server process. Reason: Unity was launched with the -noUpm command-line argument
[Package Manager] Unable to send message (not connected to server process).
[Package Manager] Cannot connect to Unity Package Manager local server
Refreshing native plugins compatible for Editor in 3.18 ms, found 5 plugins.
[Package Manager] Failed to launch server process. Reason: Unity was launched with the -noUpm command-line argument
[Package Manager] Unable to send message (not connected to server process).
[Package Manager] Cannot connect to Unity Package Manager local server
[Licensing::Client] Error: Code 404 while processing request (status: Found 0 entitlement groups and 0 free entitlements matching requested entitlement ids)
ScheduleIndexationOnStartup MainProcess:False IndexOnStartup:True
Mono: successfully reloaded assembly
- Finished resetting the current domain, in  1.778 seconds
Domain Reload Profiling: 2981ms
	BeginReloadAssembly (299ms)
		DisableScriptedObjects (9ms)
		CreateAndSetChildDomain (122ms)
	RebuildCommonClasses (13ms)
	RebuildNativeTypeToScriptingClass (17ms)
	initialDomainReloadingComplete (87ms)
	LoadAllAssembliesAndSetupDomain (787ms)
		LoadAssemblies (381ms)
		AnalyzeDomain (340ms)
			TypeCache.Refresh (16ms)
			BuildScriptInfoCaches (318ms)
			ResolveRequiredComponents (4ms)
	FinalizeReload (1779ms)
		SetupLoadedEditorAssemblies (0ms)
			BeforeProcessingInitializeOnLoad (136ms)
			ProcessInitializeOnLoadAttributes (838ms)
			ProcessInitializeOnLoadMethodAttributes (499ms)
			AfterProcessingInitializeOnLoad (6ms)
		AwakeInstancesAfterBackupRestoration (34ms)
Refreshing native plugins compatible for Editor in 2.43 ms, found 5 plugins.
Unloading 65 Unused Serialized files (Serialized files now loaded: 0)
Unloading 10288 unused Assets / (24.2 MB). Loaded Objects now: 11481.
Memory consumption went from 0.56 GB to 0.53 GB.
Total: 34.677200 ms (FindLiveObjects: 0.992000 ms CreateObjectMapping: 5.050800 ms MarkObjects: 19.975900 ms  DeleteObjects: 8.655800 ms)

Prepare: number of updated asset objects reloaded= 0
========================================================================
Received Prepare
AcceleratorClientConnectionCallback - disconnected - :0
Begin MonoManager ReloadAssembly
Symbol file LoadedFromMemory is not a mono symbol file
Symbol file LoadedFromMemory is not a mono symbol file
Refreshing native plugins compatible for Editor in 2.65 ms, found 5 plugins.
Native extension for WindowsStandalone target not found
Native extension for WebGL target not found
[Package Manager] Failed to launch server process. Reason: Unity was launched with the -noUpm command-line argument
[Package Manager] Unable to send message (not connected to server process).
[Package Manager] Cannot connect to Unity Package Manager local server
Refreshing native plugins compatible for Editor in 2.65 ms, found 5 plugins.
[Package Manager] Failed to launch server process. Reason: Unity was launched with the -noUpm command-line argument
[Package Manager] Unable to send message (not connected to server process).
[Package Manager] Cannot connect to Unity Package Manager local server
[Licensing::Client] Error: Code 404 while processing request (status: Found 0 entitlement groups and 0 free entitlements matching requested entitlement ids)
ScheduleIndexationOnStartup MainProcess:False IndexOnStartup:True
Mono: successfully reloaded assembly
- Finished resetting the current domain, in  1.851 seconds
Domain Reload Profiling: 2720ms
	BeginReloadAssembly (276ms)
		DisableScriptedObjects (9ms)
		CreateAndSetChildDomain (99ms)
	RebuildCommonClasses (9ms)
	RebuildNativeTypeToScriptingClass (15ms)
	initialDomainReloadingComplete (86ms)
	LoadAllAssembliesAndSetupDomain (482ms)
		LoadAssemblies (395ms)
		AnalyzeDomain (19ms)
			TypeCache.Refresh (10ms)
			ResolveRequiredComponents (5ms)
	FinalizeReload (1852ms)
		SetupLoadedEditorAssemblies (0ms)
			BeforeProcessingInitializeOnLoad (140ms)
			ProcessInitializeOnLoadAttributes (874ms)
			ProcessInitializeOnLoadMethodAttributes (539ms)
			AfterProcessingInitializeOnLoad (5ms)
		AwakeInstancesAfterBackupRestoration (32ms)
Refreshing native plugins compatible for Editor in 2.85 ms, found 5 plugins.
Unloading 65 Unused Serialized files (Serialized files now loaded: 0)
Unloading 10288 unused Assets / (19.4 MB). Loaded Objects now: 11484.
Memory consumption went from 0.56 GB to 0.54 GB.
Total: 27.881900 ms (FindLiveObjects: 1.051900 ms CreateObjectMapping: 5.601200 ms MarkObjects: 15.091700 ms  DeleteObjects: 6.136200 ms)

Prepare: number of updated asset objects reloaded= 0
========================================================================
Received Prepare
AcceleratorClientConnectionCallback - disconnected - :0
Refreshing native plugins compatible for Editor in 3.19 ms, found 5 plugins.
Unloading 65 Unused Serialized files (Serialized files now loaded: 0)
Unloading 10268 unused Assets / (20.0 MB). Loaded Objects now: 11484.
Memory consumption went from 0.56 GB to 0.54 GB.
Total: 35.156100 ms (FindLiveObjects: 1.275100 ms CreateObjectMapping: 6.819500 ms MarkObjects: 20.408000 ms  DeleteObjects: 6.651700 ms)

Prepare: number of updated asset objects reloaded= 0
========================================================================
Received Prepare
AcceleratorClientConnectionCallback - disconnected - :0
Begin MonoManager ReloadAssembly
Symbol file LoadedFromMemory is not a mono symbol file
Symbol file LoadedFromMemory is not a mono symbol file
Refreshing native plugins compatible for Editor in 2.26 ms, found 5 plugins.
Native extension for WindowsStandalone target not found
Native extension for WebGL target not found
[Package Manager] Failed to launch server process. Reason: Unity was launched with the -noUpm command-line argument
[Package Manager] Unable to send message (not connected to server process).
[Package Manager] Cannot connect to Unity Package Manager local server
Refreshing native plugins compatible for Editor in 2.45 ms, found 5 plugins.
[Package Manager] Failed to launch server process. Reason: Unity was launched with the -noUpm command-line argument
[Package Manager] Unable to send message (not connected to server process).
[Package Manager] Cannot connect to Unity Package Manager local server
[Licensing::Client] Error: Code 404 while processing request (status: Found 0 entitlement groups and 0 free entitlements matching requested entitlement ids)
ScheduleIndexationOnStartup MainProcess:False IndexOnStartup:True
Mono: successfully reloaded assembly
- Finished resetting the current domain, in  1.771 seconds
Domain Reload Profiling: 3213ms
	BeginReloadAssembly (335ms)
		DisableScriptedObjects (11ms)
		CreateAndSetChildDomain (109ms)
	RebuildCommonClasses (14ms)
	RebuildNativeTypeToScriptingClass (20ms)
	initialDomainReloadingComplete (99ms)
	LoadAllAssembliesAndSetupDomain (973ms)
		LoadAssemblies (451ms)
		AnalyzeDomain (436ms)
			TypeCache.Refresh (13ms)
			BuildScriptInfoCaches (413ms)
			ResolveRequiredComponents (7ms)
	FinalizeReload (1772ms)
		SetupLoadedEditorAssemblies (0ms)
			BeforeProcessingInitializeOnLoad (144ms)
			ProcessInitializeOnLoadAttributes (844ms)
			ProcessInitializeOnLoadMethodAttributes (476ms)
			AfterProcessingInitializeOnLoad (5ms)
		AwakeInstancesAfterBackupRestoration (26ms)
Refreshing native plugins compatible for Editor in 2.33 ms, found 5 plugins.
Unloading 65 Unused Serialized files (Serialized files now loaded: 0)
Unloading 10288 unused Assets / (24.2 MB). Loaded Objects now: 11487.
Memory consumption went from 0.56 GB to 0.54 GB.
Total: 28.106600 ms (FindLiveObjects: 0.986200 ms CreateObjectMapping: 4.831000 ms MarkObjects: 13.672800 ms  DeleteObjects: 8.615300 ms)

Prepare: number of updated asset objects reloaded= 0
========================================================================
Received Prepare
AcceleratorClientConnectionCallback - disconnected - :0
Begin MonoManager ReloadAssembly
Symbol file LoadedFromMemory is not a mono symbol file
Symbol file LoadedFromMemory is not a mono symbol file
Refreshing native plugins compatible for Editor in 2.28 ms, found 5 plugins.
Native extension for WindowsStandalone target not found
Native extension for WebGL target not found
[Package Manager] Failed to launch server process. Reason: Unity was launched with the -noUpm command-line argument
[Package Manager] Unable to send message (not connected to server process).
[Package Manager] Cannot connect to Unity Package Manager local server
Refreshing native plugins compatible for Editor in 2.68 ms, found 5 plugins.
[Package Manager] Failed to launch server process. Reason: Unity was launched with the -noUpm command-line argument
[Package Manager] Unable to send message (not connected to server process).
[Package Manager] Cannot connect to Unity Package Manager local server
[Licensing::Client] Error: Code 404 while processing request (status: Found 0 entitlement groups and 0 free entitlements matching requested entitlement ids)
ScheduleIndexationOnStartup MainProcess:False IndexOnStartup:True
Mono: successfully reloaded assembly
- Finished resetting the current domain, in  1.889 seconds
Domain Reload Profiling: 2739ms
	BeginReloadAssembly (278ms)
		DisableScriptedObjects (9ms)
		CreateAndSetChildDomain (96ms)
	RebuildCommonClasses (9ms)
	RebuildNativeTypeToScriptingClass (14ms)
	initialDomainReloadingComplete (88ms)
	LoadAllAssembliesAndSetupDomain (461ms)
		LoadAssemblies (392ms)
		AnalyzeDomain (19ms)
			TypeCache.Refresh (10ms)
			ResolveRequiredComponents (5ms)
	FinalizeReload (1890ms)
		SetupLoadedEditorAssemblies (0ms)
			InitializePlatformSupportModulesInManaged (3ms)
			BeforeProcessingInitializeOnLoad (136ms)
			ProcessInitializeOnLoadAttributes (906ms)
			ProcessInitializeOnLoadMethodAttributes (542ms)
			AfterProcessingInitializeOnLoad (6ms)
		AwakeInstancesAfterBackupRestoration (31ms)
Refreshing native plugins compatible for Editor in 2.99 ms, found 5 plugins.
Unloading 65 Unused Serialized files (Serialized files now loaded: 0)
Unloading 10288 unused Assets / (20.0 MB). Loaded Objects now: 11490.
Memory consumption went from 0.57 GB to 0.55 GB.
Total: 28.770500 ms (FindLiveObjects: 1.218600 ms CreateObjectMapping: 5.097800 ms MarkObjects: 15.523700 ms  DeleteObjects: 6.928300 ms)

Prepare: number of updated asset objects reloaded= 0
========================================================================
Received Prepare
AcceleratorClientConnectionCallback - disconnected - :0
Refreshing native plugins compatible for Editor in 2.91 ms, found 5 plugins.
Unloading 65 Unused Serialized files (Serialized files now loaded: 0)
Unloading 10268 unused Assets / (19.3 MB). Loaded Objects now: 11490.
Memory consumption went from 0.57 GB to 0.55 GB.
Total: 29.111000 ms (FindLiveObjects: 1.259900 ms CreateObjectMapping: 5.736600 ms MarkObjects: 16.254100 ms  DeleteObjects: 5.859000 ms)

Prepare: number of updated asset objects reloaded= 0
========================================================================
Received Prepare
AcceleratorClientConnectionCallback - disconnected - :0
[Licensing::Client] Successfully resolved entitlement details
Begin MonoManager ReloadAssembly
Symbol file LoadedFromMemory is not a mono symbol file
Symbol file LoadedFromMemory is not a mono symbol file
Refreshing native plugins compatible for Editor in 3.09 ms, found 5 plugins.
Native extension for WindowsStandalone target not found
Native extension for WebGL target not found
[Package Manager] Failed to launch server process. Reason: Unity was launched with the -noUpm command-line argument
[Package Manager] Unable to send message (not connected to server process).
[Package Manager] Cannot connect to Unity Package Manager local server
Refreshing native plugins compatible for Editor in 3.63 ms, found 5 plugins.
[Package Manager] Failed to launch server process. Reason: Unity was launched with the -noUpm command-line argument
[Package Manager] Unable to send message (not connected to server process).
[Package Manager] Cannot connect to Unity Package Manager local server
[Licensing::Client] Error: Code 404 while processing request (status: Found 0 entitlement groups and 0 free entitlements matching requested entitlement ids)
ScheduleIndexationOnStartup MainProcess:False IndexOnStartup:True
Mono: successfully reloaded assembly
- Finished resetting the current domain, in  1.970 seconds
Domain Reload Profiling: 3392ms
	BeginReloadAssembly (308ms)
		DisableScriptedObjects (11ms)
		CreateAndSetChildDomain (102ms)
	RebuildCommonClasses (11ms)
	RebuildNativeTypeToScriptingClass (15ms)
	initialDomainReloadingComplete (100ms)
	LoadAllAssembliesAndSetupDomain (987ms)
		LoadAssemblies (446ms)
		AnalyzeDomain (441ms)
			TypeCache.Refresh (14ms)
			BuildScriptInfoCaches (417ms)
			ResolveRequiredComponents (7ms)
	FinalizeReload (1971ms)
		SetupLoadedEditorAssemblies (0ms)
			BeforeProcessingInitializeOnLoad (156ms)
			ProcessInitializeOnLoadAttributes (927ms)
			ProcessInitializeOnLoadMethodAttributes (539ms)
			AfterProcessingInitializeOnLoad (7ms)
		AwakeInstancesAfterBackupRestoration (36ms)
Refreshing native plugins compatible for Editor in 2.37 ms, found 5 plugins.
Unloading 65 Unused Serialized files (Serialized files now loaded: 0)
Unloading 10288 unused Assets / (20.5 MB). Loaded Objects now: 11493.
Memory consumption went from 0.58 GB to 0.55 GB.
Total: 26.358000 ms (FindLiveObjects: 0.991300 ms CreateObjectMapping: 5.050200 ms MarkObjects: 13.922900 ms  DeleteObjects: 6.392600 ms)

Prepare: number of updated asset objects reloaded= 0
========================================================================
Received Prepare
AcceleratorClientConnectionCallback - disconnected - :0
Begin MonoManager ReloadAssembly
Symbol file LoadedFromMemory is not a mono symbol file
Symbol file LoadedFromMemory is not a mono symbol file
Refreshing native plugins compatible for Editor in 2.54 ms, found 5 plugins.
Native extension for WindowsStandalone target not found
Native extension for WebGL target not found
[Package Manager] Failed to launch server process. Reason: Unity was launched with the -noUpm command-line argument
[Package Manager] Unable to send message (not connected to server process).
[Package Manager] Cannot connect to Unity Package Manager local server
Refreshing native plugins compatible for Editor in 2.80 ms, found 5 plugins.
[Package Manager] Failed to launch server process. Reason: Unity was launched with the -noUpm command-line argument
[Package Manager] Unable to send message (not connected to server process).
[Package Manager] Cannot connect to Unity Package Manager local server
[Licensing::Client] Error: Code 404 while processing request (status: Found 0 entitlement groups and 0 free entitlements matching requested entitlement ids)
ScheduleIndexationOnStartup MainProcess:False IndexOnStartup:True
Mono: successfully reloaded assembly
- Finished resetting the current domain, in  1.917 seconds
Domain Reload Profiling: 2740ms
	BeginReloadAssembly (273ms)
		DisableScriptedObjects (9ms)
		CreateAndSetChildDomain (103ms)
	RebuildCommonClasses (9ms)
	RebuildNativeTypeToScriptingClass (14ms)
	initialDomainReloadingComplete (86ms)
	LoadAllAssembliesAndSetupDomain (440ms)
		LoadAssemblies (363ms)
		AnalyzeDomain (19ms)
			TypeCache.Refresh (10ms)
			ResolveRequiredComponents (6ms)
	FinalizeReload (1918ms)
		SetupLoadedEditorAssemblies (0ms)
			BeforeProcessingInitializeOnLoad (135ms)
			ProcessInitializeOnLoadAttributes (920ms)
			ProcessInitializeOnLoadMethodAttributes (553ms)
			AfterProcessingInitializeOnLoad (6ms)
		AwakeInstancesAfterBackupRestoration (34ms)
Refreshing native plugins compatible for Editor in 2.85 ms, found 5 plugins.
Unloading 65 Unused Serialized files (Serialized files now loaded: 0)
Unloading 10288 unused Assets / (20.4 MB). Loaded Objects now: 11496.
Memory consumption went from 0.58 GB to 0.56 GB.
Total: 29.359800 ms (FindLiveObjects: 1.369700 ms CreateObjectMapping: 5.538500 ms MarkObjects: 15.946500 ms  DeleteObjects: 6.504300 ms)

Prepare: number of updated asset objects reloaded= 0
========================================================================
Received Prepare
AcceleratorClientConnectionCallback - disconnected - :0
Refreshing native plugins compatible for Editor in 3.42 ms, found 5 plugins.
Unloading 65 Unused Serialized files (Serialized files now loaded: 0)
Unloading 10268 unused Assets / (19.2 MB). Loaded Objects now: 11496.
Memory consumption went from 0.58 GB to 0.56 GB.
Total: 27.617700 ms (FindLiveObjects: 1.317700 ms CreateObjectMapping: 6.701800 ms MarkObjects: 13.587200 ms  DeleteObjects: 6.009800 ms)

Prepare: number of updated asset objects reloaded= 0
========================================================================
Received Prepare
AcceleratorClientConnectionCallback - disconnected - :0
Begin MonoManager ReloadAssembly
Symbol file LoadedFromMemory is not a mono symbol file
Symbol file LoadedFromMemory is not a mono symbol file
Refreshing native plugins compatible for Editor in 2.41 ms, found 5 plugins.
Native extension for WindowsStandalone target not found
Native extension for WebGL target not found
[Package Manager] Failed to launch server process. Reason: Unity was launched with the -noUpm command-line argument
[Package Manager] Unable to send message (not connected to server process).
[Package Manager] Cannot connect to Unity Package Manager local server
Refreshing native plugins compatible for Editor in 3.00 ms, found 5 plugins.
[Package Manager] Failed to launch server process. Reason: Unity was launched with the -noUpm command-line argument
[Package Manager] Unable to send message (not connected to server process).
[Package Manager] Cannot connect to Unity Package Manager local server
[Licensing::Client] Error: Code 404 while processing request (status: Found 0 entitlement groups and 0 free entitlements matching requested entitlement ids)
ScheduleIndexationOnStartup MainProcess:False IndexOnStartup:True
Mono: successfully reloaded assembly
- Finished resetting the current domain, in  1.784 seconds
Domain Reload Profiling: 3242ms
	BeginReloadAssembly (339ms)
		DisableScriptedObjects (13ms)
		CreateAndSetChildDomain (117ms)
	RebuildCommonClasses (16ms)
	RebuildNativeTypeToScriptingClass (25ms)
	initialDomainReloadingComplete (110ms)
	LoadAllAssembliesAndSetupDomain (968ms)
		LoadAssemblies (435ms)
		AnalyzeDomain (448ms)
			TypeCache.Refresh (17ms)
			BuildScriptInfoCaches (422ms)
			ResolveRequiredComponents (6ms)
	FinalizeReload (1785ms)
		SetupLoadedEditorAssemblies (0ms)
			BeforeProcessingInitializeOnLoad (137ms)
			ProcessInitializeOnLoadAttributes (867ms)
			ProcessInitializeOnLoadMethodAttributes (481ms)
			AfterProcessingInitializeOnLoad (5ms)
		AwakeInstancesAfterBackupRestoration (26ms)
Refreshing native plugins compatible for Editor in 3.19 ms, found 5 plugins.
Unloading 65 Unused Serialized files (Serialized files now loaded: 0)
Unloading 10288 unused Assets / (20.5 MB). Loaded Objects now: 11499.
Memory consumption went from 0.58 GB to 0.56 GB.
Total: 28.166300 ms (FindLiveObjects: 1.060700 ms CreateObjectMapping: 4.630300 ms MarkObjects: 15.464300 ms  DeleteObjects: 7.009400 ms)

Prepare: number of updated asset objects reloaded= 0
========================================================================
Received Prepare
AcceleratorClientConnectionCallback - disconnected - :0
Begin MonoManager ReloadAssembly
Symbol file LoadedFromMemory is not a mono symbol file
Symbol file LoadedFromMemory is not a mono symbol file
Refreshing native plugins compatible for Editor in 2.22 ms, found 5 plugins.
Native extension for WindowsStandalone target not found
Native extension for WebGL target not found
[Package Manager] Failed to launch server process. Reason: Unity was launched with the -noUpm command-line argument
[Package Manager] Unable to send message (not connected to server process).
[Package Manager] Cannot connect to Unity Package Manager local server
Refreshing native plugins compatible for Editor in 3.05 ms, found 5 plugins.
[Package Manager] Failed to launch server process. Reason: Unity was launched with the -noUpm command-line argument
[Package Manager] Unable to send message (not connected to server process).
[Package Manager] Cannot connect to Unity Package Manager local server
[Licensing::Client] Error: Code 404 while processing request (status: Found 0 entitlement groups and 0 free entitlements matching requested entitlement ids)
ScheduleIndexationOnStartup MainProcess:False IndexOnStartup:True
Mono: successfully reloaded assembly
- Finished resetting the current domain, in  1.822 seconds
Domain Reload Profiling: 2660ms
	BeginReloadAssembly (288ms)
		DisableScriptedObjects (28ms)
		CreateAndSetChildDomain (102ms)
	RebuildCommonClasses (8ms)
	RebuildNativeTypeToScriptingClass (15ms)
	initialDomainReloadingComplete (88ms)
	LoadAllAssembliesAndSetupDomain (437ms)
		LoadAssemblies (352ms)
		AnalyzeDomain (18ms)
			TypeCache.Refresh (9ms)
			ResolveRequiredComponents (5ms)
	FinalizeReload (1823ms)
		SetupLoadedEditorAssemblies (0ms)
			BeforeProcessingInitializeOnLoad (136ms)
			ProcessInitializeOnLoadAttributes (834ms)
			ProcessInitializeOnLoadMethodAttributes (533ms)
			AfterProcessingInitializeOnLoad (6ms)
		AwakeInstancesAfterBackupRestoration (43ms)
Refreshing native plugins compatible for Editor in 2.91 ms, found 5 plugins.
Unloading 65 Unused Serialized files (Serialized files now loaded: 0)
Unloading 10288 unused Assets / (22.0 MB). Loaded Objects now: 11502.
Memory consumption went from 0.59 GB to 0.57 GB.
Total: 29.211500 ms (FindLiveObjects: 1.000500 ms CreateObjectMapping: 4.236900 ms MarkObjects: 16.081100 ms  DeleteObjects: 7.892000 ms)

Prepare: number of updated asset objects reloaded= 0
========================================================================
Received Prepare
AcceleratorClientConnectionCallback - disconnected - :0
Refreshing native plugins compatible for Editor in 3.29 ms, found 5 plugins.
Unloading 65 Unused Serialized files (Serialized files now loaded: 0)
Unloading 10268 unused Assets / (19.2 MB). Loaded Objects now: 11502.
Memory consumption went from 0.59 GB to 0.57 GB.
Total: 28.118600 ms (FindLiveObjects: 1.175700 ms CreateObjectMapping: 5.254700 ms MarkObjects: 15.021200 ms  DeleteObjects: 6.665100 ms)

Prepare: number of updated asset objects reloaded= 0
========================================================================
Received Prepare
AcceleratorClientConnectionCallback - disconnected - :0
[Licensing::Client] Successfully resolved entitlement details
Begin MonoManager ReloadAssembly
Symbol file LoadedFromMemory is not a mono symbol file
Symbol file LoadedFromMemory is not a mono symbol file
Refreshing native plugins compatible for Editor in 2.27 ms, found 5 plugins.
Native extension for WindowsStandalone target not found
Native extension for WebGL target not found
[Package Manager] Failed to launch server process. Reason: Unity was launched with the -noUpm command-line argument
[Package Manager] Unable to send message (not connected to server process).
[Package Manager] Cannot connect to Unity Package Manager local server
Refreshing native plugins compatible for Editor in 2.83 ms, found 5 plugins.
[Package Manager] Failed to launch server process. Reason: Unity was launched with the -noUpm command-line argument
[Package Manager] Unable to send message (not connected to server process).
[Package Manager] Cannot connect to Unity Package Manager local server
[Licensing::Client] Error: Code 404 while processing request (status: Found 0 entitlement groups and 0 free entitlements matching requested entitlement ids)
ScheduleIndexationOnStartup MainProcess:False IndexOnStartup:True
Mono: successfully reloaded assembly
- Finished resetting the current domain, in  1.832 seconds
Domain Reload Profiling: 3271ms
	BeginReloadAssembly (323ms)
		DisableScriptedObjects (14ms)
		CreateAndSetChildDomain (98ms)
	RebuildCommonClasses (11ms)
	RebuildNativeTypeToScriptingClass (24ms)
	initialDomainReloadingComplete (98ms)
	LoadAllAssembliesAndSetupDomain (982ms)
		LoadAssemblies (445ms)
		AnalyzeDomain (457ms)
			TypeCache.Refresh (14ms)
			BuildScriptInfoCaches (433ms)
			ResolveRequiredComponents (7ms)
	FinalizeReload (1833ms)
		SetupLoadedEditorAssemblies (0ms)
			BeforeProcessingInitializeOnLoad (138ms)
			ProcessInitializeOnLoadAttributes (884ms)
			ProcessInitializeOnLoadMethodAttributes (495ms)
			AfterProcessingInitializeOnLoad (6ms)
		AwakeInstancesAfterBackupRestoration (31ms)
Refreshing native plugins compatible for Editor in 2.31 ms, found 5 plugins.
Unloading 65 Unused Serialized files (Serialized files now loaded: 0)
Unloading 10288 unused Assets / (19.8 MB). Loaded Objects now: 11505.
Memory consumption went from 0.59 GB to 0.58 GB.
Total: 25.270900 ms (FindLiveObjects: 1.074600 ms CreateObjectMapping: 4.871700 ms MarkObjects: 14.168200 ms  DeleteObjects: 5.155200 ms)

Prepare: number of updated asset objects reloaded= 0
========================================================================
Received Prepare
AcceleratorClientConnectionCallback - disconnected - :0
Begin MonoManager ReloadAssembly
Symbol file LoadedFromMemory is not a mono symbol file
Symbol file LoadedFromMemory is not a mono symbol file
Refreshing native plugins compatible for Editor in 2.75 ms, found 5 plugins.
Native extension for WindowsStandalone target not found
Native extension for WebGL target not found
[Package Manager] Failed to launch server process. Reason: Unity was launched with the -noUpm command-line argument
[Package Manager] Unable to send message (not connected to server process).
[Package Manager] Cannot connect to Unity Package Manager local server
Refreshing native plugins compatible for Editor in 2.47 ms, found 5 plugins.
[Package Manager] Failed to launch server process. Reason: Unity was launched with the -noUpm command-line argument
[Package Manager] Unable to send message (not connected to server process).
[Package Manager] Cannot connect to Unity Package Manager local server
[Licensing::Client] Error: Code 404 while processing request (status: Found 0 entitlement groups and 0 free entitlements matching requested entitlement ids)
ScheduleIndexationOnStartup MainProcess:False IndexOnStartup:True
Mono: successfully reloaded assembly
- Finished resetting the current domain, in  1.945 seconds
Domain Reload Profiling: 2823ms
	BeginReloadAssembly (315ms)
		DisableScriptedObjects (30ms)
		CreateAndSetChildDomain (109ms)
	RebuildCommonClasses (9ms)
	RebuildNativeTypeToScriptingClass (15ms)
	initialDomainReloadingComplete (86ms)
	LoadAllAssembliesAndSetupDomain (452ms)
		LoadAssemblies (376ms)
		AnalyzeDomain (18ms)
			TypeCache.Refresh (9ms)
			ResolveRequiredComponents (5ms)
	FinalizeReload (1947ms)
		SetupLoadedEditorAssemblies (0ms)
			BeforeProcessingInitializeOnLoad (144ms)
			ProcessInitializeOnLoadAttributes (938ms)
			ProcessInitializeOnLoadMethodAttributes (567ms)
			AfterProcessingInitializeOnLoad (6ms)
		AwakeInstancesAfterBackupRestoration (32ms)
Refreshing native plugins compatible for Editor in 2.63 ms, found 5 plugins.
Unloading 65 Unused Serialized files (Serialized files now loaded: 0)
Unloading 10288 unused Assets / (20.4 MB). Loaded Objects now: 11508.
Memory consumption went from 0.60 GB to 0.58 GB.
Total: 29.165200 ms (FindLiveObjects: 1.124500 ms CreateObjectMapping: 5.600000 ms MarkObjects: 16.233600 ms  DeleteObjects: 6.204600 ms)

Prepare: number of updated asset objects reloaded= 0
========================================================================
Received Prepare
AcceleratorClientConnectionCallback - disconnected - :0
Refreshing native plugins compatible for Editor in 2.74 ms, found 5 plugins.
Unloading 65 Unused Serialized files (Serialized files now loaded: 0)
Unloading 10268 unused Assets / (19.8 MB). Loaded Objects now: 11508.
Memory consumption went from 0.60 GB to 0.58 GB.
Total: 25.010300 ms (FindLiveObjects: 1.051000 ms CreateObjectMapping: 5.019800 ms MarkObjects: 13.903400 ms  DeleteObjects: 5.034900 ms)

Prepare: number of updated asset objects reloaded= 0
========================================================================
Received Prepare
AcceleratorClientConnectionCallback - disconnected - :0
Begin MonoManager ReloadAssembly
Symbol file LoadedFromMemory is not a mono symbol file
Symbol file LoadedFromMemory is not a mono symbol file
Refreshing native plugins compatible for Editor in 2.56 ms, found 5 plugins.
Native extension for WindowsStandalone target not found
Native extension for WebGL target not found
[Package Manager] Failed to launch server process. Reason: Unity was launched with the -noUpm command-line argument
[Package Manager] Unable to send message (not connected to server process).
[Package Manager] Cannot connect to Unity Package Manager local server
Refreshing native plugins compatible for Editor in 2.85 ms, found 5 plugins.
[Package Manager] Failed to launch server process. Reason: Unity was launched with the -noUpm command-line argument
[Package Manager] Unable to send message (not connected to server process).
[Package Manager] Cannot connect to Unity Package Manager local server
[Licensing::Client] Error: Code 404 while processing request (status: Found 0 entitlement groups and 0 free entitlements matching requested entitlement ids)
ScheduleIndexationOnStartup MainProcess:False IndexOnStartup:True
Mono: successfully reloaded assembly
- Finished resetting the current domain, in  1.792 seconds
Domain Reload Profiling: 2996ms
	BeginReloadAssembly (309ms)
		DisableScriptedObjects (10ms)
		CreateAndSetChildDomain (130ms)
	RebuildCommonClasses (10ms)
	RebuildNativeTypeToScriptingClass (16ms)
	initialDomainReloadingComplete (88ms)
	LoadAllAssembliesAndSetupDomain (780ms)
		LoadAssemblies (379ms)
		AnalyzeDomain (343ms)
			TypeCache.Refresh (14ms)
			BuildScriptInfoCaches (323ms)
			ResolveRequiredComponents (5ms)
	FinalizeReload (1793ms)
		SetupLoadedEditorAssemblies (0ms)
			BeforeProcessingInitializeOnLoad (151ms)
			ProcessInitializeOnLoadAttributes (835ms)
			ProcessInitializeOnLoadMethodAttributes (499ms)
			AfterProcessingInitializeOnLoad (6ms)
		AwakeInstancesAfterBackupRestoration (29ms)
Refreshing native plugins compatible for Editor in 3.04 ms, found 5 plugins.
Unloading 65 Unused Serialized files (Serialized files now loaded: 0)
Unloading 10288 unused Assets / (24.1 MB). Loaded Objects now: 11511.
Memory consumption went from 0.60 GB to 0.58 GB.
Total: 28.640700 ms (FindLiveObjects: 0.991400 ms CreateObjectMapping: 4.552700 ms MarkObjects: 14.223100 ms  DeleteObjects: 8.872200 ms)

Prepare: number of updated asset objects reloaded= 0
========================================================================
Received Prepare
AcceleratorClientConnectionCallback - disconnected - :0
Begin MonoManager ReloadAssembly
Symbol file LoadedFromMemory is not a mono symbol file
Symbol file LoadedFromMemory is not a mono symbol file
Refreshing native plugins compatible for Editor in 2.23 ms, found 5 plugins.
Native extension for WindowsStandalone target not found
Native extension for WebGL target not found
[Package Manager] Failed to launch server process. Reason: Unity was launched with the -noUpm command-line argument
[Package Manager] Unable to send message (not connected to server process).
[Package Manager] Cannot connect to Unity Package Manager local server
Refreshing native plugins compatible for Editor in 3.12 ms, found 5 plugins.
[Package Manager] Failed to launch server process. Reason: Unity was launched with the -noUpm command-line argument
[Package Manager] Unable to send message (not connected to server process).
[Package Manager] Cannot connect to Unity Package Manager local server
[Licensing::Client] Error: Code 404 while processing request (status: Found 0 entitlement groups and 0 free entitlements matching requested entitlement ids)
ScheduleIndexationOnStartup MainProcess:False IndexOnStartup:True
Mono: successfully reloaded assembly
- Finished resetting the current domain, in  1.990 seconds
Domain Reload Profiling: 2816ms
	BeginReloadAssembly (265ms)
		DisableScriptedObjects (9ms)
		CreateAndSetChildDomain (97ms)
	RebuildCommonClasses (9ms)
	RebuildNativeTypeToScriptingClass (15ms)
	initialDomainReloadingComplete (85ms)
	LoadAllAssembliesAndSetupDomain (450ms)
		LoadAssemblies (367ms)
		AnalyzeDomain (19ms)
			TypeCache.Refresh (10ms)
			ResolveRequiredComponents (5ms)
	FinalizeReload (1992ms)
		SetupLoadedEditorAssemblies (0ms)
			BeforeProcessingInitializeOnLoad (143ms)
			ProcessInitializeOnLoadAttributes (968ms)
			ProcessInitializeOnLoadMethodAttributes (545ms)
			AfterProcessingInitializeOnLoad (6ms)
		AwakeInstancesAfterBackupRestoration (35ms)
Refreshing native plugins compatible for Editor in 3.20 ms, found 5 plugins.
Unloading 65 Unused Serialized files (Serialized files now loaded: 0)
Unloading 10288 unused Assets / (20.5 MB). Loaded Objects now: 11514.
Memory consumption went from 0.61 GB to 0.59 GB.
Total: 30.475500 ms (FindLiveObjects: 1.172700 ms CreateObjectMapping: 5.943800 ms MarkObjects: 17.707200 ms  DeleteObjects: 5.650600 ms)

Prepare: number of updated asset objects reloaded= 0
========================================================================
Received Prepare
AcceleratorClientConnectionCallback - disconnected - :0
Refreshing native plugins compatible for Editor in 2.96 ms, found 5 plugins.
Unloading 65 Unused Serialized files (Serialized files now loaded: 0)
Unloading 10268 unused Assets / (20.4 MB). Loaded Objects now: 11514.
Memory consumption went from 0.61 GB to 0.59 GB.
Total: 29.097800 ms (FindLiveObjects: 0.932500 ms CreateObjectMapping: 4.349500 ms MarkObjects: 15.849200 ms  DeleteObjects: 7.965600 ms)

Prepare: number of updated asset objects reloaded= 0
========================================================================
Received Prepare
AcceleratorClientConnectionCallback - disconnected - :0
[Licensing::Client] Successfully resolved entitlement details
Begin MonoManager ReloadAssembly
Symbol file LoadedFromMemory is not a mono symbol file
Symbol file LoadedFromMemory is not a mono symbol file
Refreshing native plugins compatible for Editor in 3.16 ms, found 5 plugins.
Native extension for WindowsStandalone target not found
Native extension for WebGL target not found
[Package Manager] Failed to launch server process. Reason: Unity was launched with the -noUpm command-line argument
[Package Manager] Unable to send message (not connected to server process).
[Package Manager] Cannot connect to Unity Package Manager local server
Refreshing native plugins compatible for Editor in 2.53 ms, found 5 plugins.
[Package Manager] Failed to launch server process. Reason: Unity was launched with the -noUpm command-line argument
[Package Manager] Unable to send message (not connected to server process).
[Package Manager] Cannot connect to Unity Package Manager local server
[Licensing::Client] Error: Code 404 while processing request (status: Found 0 entitlement groups and 0 free entitlements matching requested entitlement ids)
ScheduleIndexationOnStartup MainProcess:False IndexOnStartup:True
Mono: successfully reloaded assembly
- Finished resetting the current domain, in  1.910 seconds
Domain Reload Profiling: 3324ms
	BeginReloadAssembly (339ms)
		DisableScriptedObjects (12ms)
		CreateAndSetChildDomain (129ms)
	RebuildCommonClasses (15ms)
	RebuildNativeTypeToScriptingClass (16ms)
	initialDomainReloadingComplete (102ms)
	LoadAllAssembliesAndSetupDomain (941ms)
		LoadAssemblies (434ms)
		AnalyzeDomain (422ms)
			TypeCache.Refresh (16ms)
			BuildScriptInfoCaches (399ms)
			ResolveRequiredComponents (5ms)
	FinalizeReload (1911ms)
		SetupLoadedEditorAssemblies (0ms)
			InitializePlatformSupportModulesInManaged (3ms)
			BeforeProcessingInitializeOnLoad (156ms)
			ProcessInitializeOnLoadAttributes (895ms)
			ProcessInitializeOnLoadMethodAttributes (505ms)
			AfterProcessingInitializeOnLoad (7ms)
		AwakeInstancesAfterBackupRestoration (31ms)
Refreshing native plugins compatible for Editor in 2.38 ms, found 5 plugins.
Unloading 65 Unused Serialized files (Serialized files now loaded: 0)
Unloading 10288 unused Assets / (20.2 MB). Loaded Objects now: 11517.
Memory consumption went from 0.61 GB to 0.59 GB.
Total: 23.566900 ms (FindLiveObjects: 1.006700 ms CreateObjectMapping: 4.361400 ms MarkObjects: 13.031000 ms  DeleteObjects: 5.166500 ms)

Prepare: number of updated asset objects reloaded= 0
========================================================================
Received Prepare
AcceleratorClientConnectionCallback - disconnected - :0
Begin MonoManager ReloadAssembly
Symbol file LoadedFromMemory is not a mono symbol file
Symbol file LoadedFromMemory is not a mono symbol file
Refreshing native plugins compatible for Editor in 2.27 ms, found 5 plugins.
Native extension for WindowsStandalone target not found
Native extension for WebGL target not found
[Package Manager] Failed to launch server process. Reason: Unity was launched with the -noUpm command-line argument
[Package Manager] Unable to send message (not connected to server process).
[Package Manager] Cannot connect to Unity Package Manager local server
Refreshing native plugins compatible for Editor in 2.43 ms, found 5 plugins.
[Package Manager] Failed to launch server process. Reason: Unity was launched with the -noUpm command-line argument
[Package Manager] Unable to send message (not connected to server process).
[Package Manager] Cannot connect to Unity Package Manager local server
[Licensing::Client] Error: Code 404 while processing request (status: Found 0 entitlement groups and 0 free entitlements matching requested entitlement ids)
ScheduleIndexationOnStartup MainProcess:False IndexOnStartup:True
Mono: successfully reloaded assembly
- Finished resetting the current domain, in  1.858 seconds
Domain Reload Profiling: 2682ms
	BeginReloadAssembly (265ms)
		DisableScriptedObjects (9ms)
		CreateAndSetChildDomain (95ms)
	RebuildCommonClasses (9ms)
	RebuildNativeTypeToScriptingClass (16ms)
	initialDomainReloadingComplete (84ms)
	LoadAllAssembliesAndSetupDomain (450ms)
		LoadAssemblies (371ms)
		AnalyzeDomain (18ms)
			TypeCache.Refresh (9ms)
			ResolveRequiredComponents (5ms)
	FinalizeReload (1859ms)
		SetupLoadedEditorAssemblies (0ms)
			BeforeProcessingInitializeOnLoad (147ms)
			ProcessInitializeOnLoadAttributes (882ms)
			ProcessInitializeOnLoadMethodAttributes (528ms)
			AfterProcessingInitializeOnLoad (7ms)
		AwakeInstancesAfterBackupRestoration (33ms)
Refreshing native plugins compatible for Editor in 2.77 ms, found 5 plugins.
Unloading 65 Unused Serialized files (Serialized files now loaded: 0)
Unloading 10288 unused Assets / (20.5 MB). Loaded Objects now: 11520.
Memory consumption went from 0.62 GB to 0.60 GB.
Total: 28.484400 ms (FindLiveObjects: 1.011100 ms CreateObjectMapping: 5.314500 ms MarkObjects: 14.969300 ms  DeleteObjects: 7.188200 ms)

Prepare: number of updated asset objects reloaded= 0
========================================================================
Received Prepare
AcceleratorClientConnectionCallback - disconnected - :0
Refreshing native plugins compatible for Editor in 3.97 ms, found 5 plugins.
Unloading 65 Unused Serialized files (Serialized files now loaded: 0)
Unloading 10268 unused Assets / (20.3 MB). Loaded Objects now: 11520.
Memory consumption went from 0.62 GB to 0.60 GB.
Total: 30.221400 ms (FindLiveObjects: 1.145700 ms CreateObjectMapping: 4.379000 ms MarkObjects: 17.328600 ms  DeleteObjects: 7.367000 ms)

Prepare: number of updated asset objects reloaded= 0
========================================================================
Received Prepare
AcceleratorClientConnectionCallback - disconnected - :0
Begin MonoManager ReloadAssembly
Symbol file LoadedFromMemory is not a mono symbol file
Symbol file LoadedFromMemory is not a mono symbol file
Refreshing native plugins compatible for Editor in 3.15 ms, found 5 plugins.
Native extension for WindowsStandalone target not found
Native extension for WebGL target not found
[Package Manager] Failed to launch server process. Reason: Unity was launched with the -noUpm command-line argument
[Package Manager] Unable to send message (not connected to server process).
[Package Manager] Cannot connect to Unity Package Manager local server
Refreshing native plugins compatible for Editor in 3.81 ms, found 5 plugins.
[Package Manager] Failed to launch server process. Reason: Unity was launched with the -noUpm command-line argument
[Package Manager] Unable to send message (not connected to server process).
[Package Manager] Cannot connect to Unity Package Manager local server
[Licensing::Client] Error: Code 404 while processing request (status: Found 0 entitlement groups and 0 free entitlements matching requested entitlement ids)
ScheduleIndexationOnStartup MainProcess:False IndexOnStartup:True
Mono: successfully reloaded assembly
- Finished resetting the current domain, in  2.113 seconds
Domain Reload Profiling: 3626ms
	BeginReloadAssembly (386ms)
		DisableScriptedObjects (10ms)
		CreateAndSetChildDomain (130ms)
	RebuildCommonClasses (12ms)
	RebuildNativeTypeToScriptingClass (22ms)
	initialDomainReloadingComplete (103ms)
	LoadAllAssembliesAndSetupDomain (988ms)
		LoadAssemblies (485ms)
		AnalyzeDomain (428ms)
			TypeCache.Refresh (19ms)
			BuildScriptInfoCaches (399ms)
			ResolveRequiredComponents (7ms)
	FinalizeReload (2114ms)
		SetupLoadedEditorAssemblies (0ms)
			BeforeProcessingInitializeOnLoad (173ms)
			ProcessInitializeOnLoadAttributes (995ms)
			ProcessInitializeOnLoadMethodAttributes (586ms)
			AfterProcessingInitializeOnLoad (5ms)
		AwakeInstancesAfterBackupRestoration (25ms)
Refreshing native plugins compatible for Editor in 3.43 ms, found 5 plugins.
Unloading 65 Unused Serialized files (Serialized files now loaded: 0)
Unloading 10288 unused Assets / (19.5 MB). Loaded Objects now: 11523.
Memory consumption went from 0.62 GB to 0.61 GB.
Total: 30.646200 ms (FindLiveObjects: 1.238800 ms CreateObjectMapping: 5.144000 ms MarkObjects: 17.606900 ms  DeleteObjects: 6.655000 ms)

Prepare: number of updated asset objects reloaded= 0
========================================================================
Received Prepare
AcceleratorClientConnectionCallback - disconnected - :0
Refreshing native plugins compatible for Editor in 2.53 ms, found 5 plugins.
Unloading 65 Unused Serialized files (Serialized files now loaded: 0)
Unloading 10268 unused Assets / (20.0 MB). Loaded Objects now: 11523.
Memory consumption went from 0.63 GB to 0.61 GB.
Total: 34.235000 ms (FindLiveObjects: 1.040200 ms CreateObjectMapping: 4.740900 ms MarkObjects: 21.224500 ms  DeleteObjects: 7.228100 ms)

Prepare: number of updated asset objects reloaded= 0
========================================================================
Received Prepare
AcceleratorClientConnectionCallback - disconnected - :0
[Licensing::Client] Successfully resolved entitlement details
Begin MonoManager ReloadAssembly
Could not open file C:/Users/Len/Lenomation_V3/ProjectSettings/ProjectAuditorSettings.asset for read
UnityEngine.Debug:ExtractStackTraceNoAlloc (byte*,int,string)
UnityEngine.StackTraceUtility:ExtractStackTrace ()
UnityEditorInternal.InternalEditorUtility:SaveToSerializedFileAndForgetInternal (string,UnityEngine.Object[],bool)
UnityEditorInternal.InternalEditorUtility:SaveToSerializedFileAndForget (UnityEngine.Object[],string,bool)
UnityEditor.ScriptableSingleton`1<Unity.ProjectAuditor.Editor.ProjectAuditorSettings>:Save (bool)
Unity.ProjectAuditor.Editor.ProjectAuditorSettings:Save ()
Unity.ProjectAuditor.Editor.ProjectAuditorSettings:OnDisable ()

[C:\build\output\unity\unity\Runtime\File\OpenFileCache.cpp line 61]

Assertion failed on expression: 'res'
UnityEngine.Debug:ExtractStackTraceNoAlloc (byte*,int,string)
UnityEngine.StackTraceUtility:ExtractStackTrace ()
UnityEditorInternal.InternalEditorUtility:SaveToSerializedFileAndForgetInternal (string,UnityEngine.Object[],bool)
UnityEditorInternal.InternalEditorUtility:SaveToSerializedFileAndForget (UnityEngine.Object[],string,bool)
UnityEditor.ScriptableSingleton`1<Unity.ProjectAuditor.Editor.ProjectAuditorSettings>:Save (bool)
Unity.ProjectAuditor.Editor.ProjectAuditorSettings:Save ()
Unity.ProjectAuditor.Editor.ProjectAuditorSettings:OnDisable ()

[C:\build\output\unity\unity\Runtime\Serialize\SerializationCaching\FileCacherRead.cpp line 170]

Serialized files [version 0] before 2019.1 are deprecated. Open and re-save the file: "Library/Unused/ed608c415e769384fa241087778feba3"
UnityEngine.Debug:ExtractStackTraceNoAlloc (byte*,int,string)
UnityEngine.StackTraceUtility:ExtractStackTrace ()
UnityEditorInternal.InternalEditorUtility:SaveToSerializedFileAndForgetInternal (string,UnityEngine.Object[],bool)
UnityEditorInternal.InternalEditorUtility:SaveToSerializedFileAndForget (UnityEngine.Object[],string,bool)
UnityEditor.ScriptableSingleton`1<Unity.ProjectAuditor.Editor.ProjectAuditorSettings>:Save (bool)
Unity.ProjectAuditor.Editor.ProjectAuditorSettings:Save ()
Unity.ProjectAuditor.Editor.ProjectAuditorSettings:OnDisable ()

[C:\build\output\unity\unity\Runtime\Serialize\SerializedFile.cpp line 835]

Unknown error occurred while loading 'ProjectSettings/ProjectAuditorSettings.asset'.
UnityEngine.Debug:ExtractStackTraceNoAlloc (byte*,int,string)
UnityEngine.StackTraceUtility:ExtractStackTrace ()
UnityEditorInternal.InternalEditorUtility:SaveToSerializedFileAndForgetInternal (string,UnityEngine.Object[],bool)
UnityEditorInternal.InternalEditorUtility:SaveToSerializedFileAndForget (UnityEngine.Object[],string,bool)
UnityEditor.ScriptableSingleton`1<Unity.ProjectAuditor.Editor.ProjectAuditorSettings>:Save (bool)
Unity.ProjectAuditor.Editor.ProjectAuditorSettings:Save ()
Unity.ProjectAuditor.Editor.ProjectAuditorSettings:OnDisable ()

[ line 0]

Symbol file LoadedFromMemory is not a mono symbol file
Symbol file LoadedFromMemory is not a mono symbol file
Refreshing native plugins compatible for Editor in 3.30 ms, found 5 plugins.
Native extension for WindowsStandalone target not found
Native extension for WebGL target not found
[Package Manager] Failed to launch server process. Reason: Unity was launched with the -noUpm command-line argument
[Package Manager] Unable to send message (not connected to server process).
[Package Manager] Cannot connect to Unity Package Manager local server
Refreshing native plugins compatible for Editor in 3.56 ms, found 5 plugins.
[Package Manager] Failed to launch server process. Reason: Unity was launched with the -noUpm command-line argument
[Package Manager] Unable to send message (not connected to server process).
[Package Manager] Cannot connect to Unity Package Manager local server
[Licensing::Client] Error: Code 404 while processing request (status: Found 0 entitlement groups and 0 free entitlements matching requested entitlement ids)
ScheduleIndexationOnStartup MainProcess:False IndexOnStartup:True
Mono: successfully reloaded assembly
- Finished resetting the current domain, in  2.025 seconds
Domain Reload Profiling: 3493ms
	BeginReloadAssembly (357ms)
		DisableScriptedObjects (11ms)
		CreateAndSetChildDomain (126ms)
	RebuildCommonClasses (13ms)
	RebuildNativeTypeToScriptingClass (20ms)
	initialDomainReloadingComplete (92ms)
	LoadAllAssembliesAndSetupDomain (986ms)
		LoadAssemblies (465ms)
		AnalyzeDomain (449ms)
			TypeCache.Refresh (16ms)
			BuildScriptInfoCaches (423ms)
			ResolveRequiredComponents (7ms)
	FinalizeReload (2026ms)
		SetupLoadedEditorAssemblies (0ms)
			BeforeProcessingInitializeOnLoad (168ms)
			ProcessInitializeOnLoadAttributes (1015ms)
			ProcessInitializeOnLoadMethodAttributes (523ms)
			AfterProcessingInitializeOnLoad (8ms)
		AwakeInstancesAfterBackupRestoration (30ms)
Refreshing native plugins compatible for Editor in 2.58 ms, found 5 plugins.
Unloading 65 Unused Serialized files (Serialized files now loaded: 0)
Unloading 10288 unused Assets / (18.8 MB). Loaded Objects now: 11526.
Memory consumption went from 0.63 GB to 0.61 GB.
Total: 24.148000 ms (FindLiveObjects: 1.045200 ms CreateObjectMapping: 4.932000 ms MarkObjects: 13.081500 ms  DeleteObjects: 5.088500 ms)

Prepare: number of updated asset objects reloaded= 0
========================================================================
Received Prepare
AcceleratorClientConnectionCallback - disconnected - :0
Begin MonoManager ReloadAssembly
Symbol file LoadedFromMemory is not a mono symbol file
Symbol file LoadedFromMemory is not a mono symbol file
Refreshing native plugins compatible for Editor in 2.21 ms, found 5 plugins.
Native extension for WindowsStandalone target not found
Native extension for WebGL target not found
[Package Manager] Failed to launch server process. Reason: Unity was launched with the -noUpm command-line argument
[Package Manager] Unable to send message (not connected to server process).
[Package Manager] Cannot connect to Unity Package Manager local server
Refreshing native plugins compatible for Editor in 2.54 ms, found 5 plugins.
[Package Manager] Failed to launch server process. Reason: Unity was launched with the -noUpm command-line argument
[Package Manager] Unable to send message (not connected to server process).
[Package Manager] Cannot connect to Unity Package Manager local server
[Licensing::Client] Error: Code 404 while processing request (status: Found 0 entitlement groups and 0 free entitlements matching requested entitlement ids)
ScheduleIndexationOnStartup MainProcess:False IndexOnStartup:True
Mono: successfully reloaded assembly
- Finished resetting the current domain, in  1.952 seconds
Domain Reload Profiling: 2821ms
	BeginReloadAssembly (305ms)
		DisableScriptedObjects (33ms)
		CreateAndSetChildDomain (100ms)
	RebuildCommonClasses (9ms)
	RebuildNativeTypeToScriptingClass (14ms)
	initialDomainReloadingComplete (85ms)
	LoadAllAssembliesAndSetupDomain (454ms)
		LoadAssemblies (369ms)
		AnalyzeDomain (19ms)
			TypeCache.Refresh (9ms)
			ResolveRequiredComponents (5ms)
	FinalizeReload (1953ms)
		SetupLoadedEditorAssemblies (0ms)
			BeforeProcessingInitializeOnLoad (137ms)
			ProcessInitializeOnLoadAttributes (940ms)
			ProcessInitializeOnLoadMethodAttributes (560ms)
			AfterProcessingInitializeOnLoad (6ms)
		AwakeInstancesAfterBackupRestoration (34ms)
Refreshing native plugins compatible for Editor in 2.98 ms, found 5 plugins.
Unloading 65 Unused Serialized files (Serialized files now loaded: 0)
Unloading 10288 unused Assets / (20.6 MB). Loaded Objects now: 11529.
Memory consumption went from 0.63 GB to 0.61 GB.
Total: 27.697300 ms (FindLiveObjects: 1.091200 ms CreateObjectMapping: 5.291700 ms MarkObjects: 15.085200 ms  DeleteObjects: 6.228200 ms)

Prepare: number of updated asset objects reloaded= 0
========================================================================
Received Prepare
AcceleratorClientConnectionCallback - disconnected - :0
Refreshing native plugins compatible for Editor in 2.45 ms, found 5 plugins.
Unloading 65 Unused Serialized files (Serialized files now loaded: 0)
Unloading 10268 unused Assets / (19.6 MB). Loaded Objects now: 11529.
Memory consumption went from 0.64 GB to 0.62 GB.
Total: 28.997800 ms (FindLiveObjects: 1.267000 ms CreateObjectMapping: 5.873600 ms MarkObjects: 15.016100 ms  DeleteObjects: 6.839600 ms)

Prepare: number of updated asset objects reloaded= 0
========================================================================
Received Prepare
AcceleratorClientConnectionCallback - disconnected - :0
[Licensing::Client] Successfully resolved entitlement details
Begin MonoManager ReloadAssembly
Symbol file LoadedFromMemory is not a mono symbol file
Symbol file LoadedFromMemory is not a mono symbol file
Refreshing native plugins compatible for Editor in 2.49 ms, found 5 plugins.
Native extension for WindowsStandalone target not found
Native extension for WebGL target not found
[Package Manager] Failed to launch server process. Reason: Unity was launched with the -noUpm command-line argument
[Package Manager] Unable to send message (not connected to server process).
[Package Manager] Cannot connect to Unity Package Manager local server
Refreshing native plugins compatible for Editor in 2.58 ms, found 5 plugins.
[Package Manager] Failed to launch server process. Reason: Unity was launched with the -noUpm command-line argument
[Package Manager] Unable to send message (not connected to server process).
[Package Manager] Cannot connect to Unity Package Manager local server
[Licensing::Client] Error: Code 404 while processing request (status: Found 0 entitlement groups and 0 free entitlements matching requested entitlement ids)
ScheduleIndexationOnStartup MainProcess:False IndexOnStartup:True
Mono: successfully reloaded assembly
- Finished resetting the current domain, in  1.713 seconds
Domain Reload Profiling: 3086ms
	BeginReloadAssembly (334ms)
		DisableScriptedObjects (12ms)
		CreateAndSetChildDomain (121ms)
	RebuildCommonClasses (11ms)
	RebuildNativeTypeToScriptingClass (24ms)
	initialDomainReloadingComplete (113ms)
	LoadAllAssembliesAndSetupDomain (891ms)
		LoadAssemblies (441ms)
		AnalyzeDomain (375ms)
			TypeCache.Refresh (17ms)
			BuildScriptInfoCaches (350ms)
			ResolveRequiredComponents (6ms)
	FinalizeReload (1714ms)
		SetupLoadedEditorAssemblies (0ms)
			BeforeProcessingInitializeOnLoad (132ms)
			ProcessInitializeOnLoadAttributes (785ms)
			ProcessInitializeOnLoadMethodAttributes (486ms)
			AfterProcessingInitializeOnLoad (9ms)
		AwakeInstancesAfterBackupRestoration (34ms)
Refreshing native plugins compatible for Editor in 2.63 ms, found 5 plugins.
Unloading 65 Unused Serialized files (Serialized files now loaded: 0)
Unloading 10288 unused Assets / (20.6 MB). Loaded Objects now: 11532.
Memory consumption went from 0.64 GB to 0.62 GB.
Total: 25.330800 ms (FindLiveObjects: 1.016100 ms CreateObjectMapping: 4.940100 ms MarkObjects: 14.044000 ms  DeleteObjects: 5.329700 ms)

Prepare: number of updated asset objects reloaded= 0
========================================================================
Received Prepare
AcceleratorClientConnectionCallback - disconnected - :0
Refreshing native plugins compatible for Editor in 3.17 ms, found 5 plugins.
Unloading 65 Unused Serialized files (Serialized files now loaded: 0)
Unloading 65 unused Assets / (13.7 MB). Loaded Objects now: 11532.
Memory consumption went from 0.64 GB to 0.62 GB.
Total: 18.048400 ms (FindLiveObjects: 0.775000 ms CreateObjectMapping: 1.659700 ms MarkObjects: 14.115400 ms  DeleteObjects: 1.497200 ms)

Prepare: number of updated asset objects reloaded= 0
========================================================================
Received Prepare
AcceleratorClientConnectionCallback - disconnected - :0
Begin MonoManager ReloadAssembly
Symbol file LoadedFromMemory is not a mono symbol file
Symbol file LoadedFromMemory is not a mono symbol file
Refreshing native plugins compatible for Editor in 2.22 ms, found 5 plugins.
Native extension for WindowsStandalone target not found
Native extension for WebGL target not found
[Package Manager] Failed to launch server process. Reason: Unity was launched with the -noUpm command-line argument
[Package Manager] Unable to send message (not connected to server process).
[Package Manager] Cannot connect to Unity Package Manager local server
Refreshing native plugins compatible for Editor in 2.97 ms, found 5 plugins.
[Package Manager] Failed to launch server process. Reason: Unity was launched with the -noUpm command-line argument
[Package Manager] Unable to send message (not connected to server process).
[Package Manager] Cannot connect to Unity Package Manager local server
[Licensing::Client] Error: Code 404 while processing request (status: Found 0 entitlement groups and 0 free entitlements matching requested entitlement ids)
ScheduleIndexationOnStartup MainProcess:False IndexOnStartup:True
Mono: successfully reloaded assembly
- Finished resetting the current domain, in  1.859 seconds
Domain Reload Profiling: 2718ms
	BeginReloadAssembly (284ms)
		DisableScriptedObjects (34ms)
		CreateAndSetChildDomain (88ms)
	RebuildCommonClasses (10ms)
	RebuildNativeTypeToScriptingClass (15ms)
	initialDomainReloadingComplete (90ms)
	LoadAllAssembliesAndSetupDomain (459ms)
		LoadAssemblies (371ms)
		AnalyzeDomain (19ms)
			TypeCache.Refresh (9ms)
			ResolveRequiredComponents (5ms)
	FinalizeReload (1861ms)
		SetupLoadedEditorAssemblies (0ms)
			BeforeProcessingInitializeOnLoad (149ms)
			ProcessInitializeOnLoadAttributes (862ms)
			ProcessInitializeOnLoadMethodAttributes (535ms)
			AfterProcessingInitializeOnLoad (8ms)
		AwakeInstancesAfterBackupRestoration (37ms)
Refreshing native plugins compatible for Editor in 2.91 ms, found 5 plugins.
Unloading 65 Unused Serialized files (Serialized files now loaded: 0)
Unloading 10288 unused Assets / (19.7 MB). Loaded Objects now: 11535.
Memory consumption went from 0.65 GB to 0.63 GB.
Total: 29.506600 ms (FindLiveObjects: 1.268700 ms CreateObjectMapping: 5.502900 ms MarkObjects: 15.641600 ms  DeleteObjects: 7.092300 ms)

Prepare: number of updated asset objects reloaded= 0
========================================================================
Received Prepare
AcceleratorClientConnectionCallback - disconnected - :0
Refreshing native plugins compatible for Editor in 2.67 ms, found 5 plugins.
Unloading 65 Unused Serialized files (Serialized files now loaded: 0)
Unloading 10268 unused Assets / (20.5 MB). Loaded Objects now: 11535.
Memory consumption went from 0.65 GB to 0.63 GB.
Total: 26.979600 ms (FindLiveObjects: 1.137100 ms CreateObjectMapping: 5.308200 ms MarkObjects: 14.198700 ms  DeleteObjects: 6.334200 ms)

Prepare: number of updated asset objects reloaded= 0
========================================================================
Received Prepare
AcceleratorClientConnectionCallback - disconnected - :0
[Licensing::Client] Successfully resolved entitlement details
Begin MonoManager ReloadAssembly
Symbol file LoadedFromMemory is not a mono symbol file
Symbol file LoadedFromMemory is not a mono symbol file
Refreshing native plugins compatible for Editor in 2.11 ms, found 5 plugins.
Native extension for WindowsStandalone target not found
Native extension for WebGL target not found
[Package Manager] Failed to launch server process. Reason: Unity was launched with the -noUpm command-line argument
[Package Manager] Unable to send message (not connected to server process).
[Package Manager] Cannot connect to Unity Package Manager local server
Refreshing native plugins compatible for Editor in 2.66 ms, found 5 plugins.
[Package Manager] Failed to launch server process. Reason: Unity was launched with the -noUpm command-line argument
[Package Manager] Unable to send message (not connected to server process).
[Package Manager] Cannot connect to Unity Package Manager local server
[Licensing::Client] Error: Code 404 while processing request (status: Found 0 entitlement groups and 0 free entitlements matching requested entitlement ids)
ScheduleIndexationOnStartup MainProcess:False IndexOnStartup:True
Mono: successfully reloaded assembly
- Finished resetting the current domain, in  1.908 seconds
Domain Reload Profiling: 3135ms
	BeginReloadAssembly (318ms)
		DisableScriptedObjects (9ms)
		CreateAndSetChildDomain (134ms)
	RebuildCommonClasses (10ms)
	RebuildNativeTypeToScriptingClass (17ms)
	initialDomainReloadingComplete (89ms)
	LoadAllAssembliesAndSetupDomain (792ms)
		LoadAssemblies (381ms)
		AnalyzeDomain (353ms)
			TypeCache.Refresh (13ms)
			BuildScriptInfoCaches (333ms)
			ResolveRequiredComponents (5ms)
	FinalizeReload (1909ms)
		SetupLoadedEditorAssemblies (0ms)
			BeforeProcessingInitializeOnLoad (156ms)
			ProcessInitializeOnLoadAttributes (872ms)
			ProcessInitializeOnLoadMethodAttributes (536ms)
			AfterProcessingInitializeOnLoad (6ms)
		AwakeInstancesAfterBackupRestoration (37ms)
Refreshing native plugins compatible for Editor in 2.67 ms, found 5 plugins.
Unloading 65 Unused Serialized files (Serialized files now loaded: 0)
Unloading 10288 unused Assets / (20.0 MB). Loaded Objects now: 11538.
Memory consumption went from 0.66 GB to 0.64 GB.
Total: 25.246300 ms (FindLiveObjects: 1.050500 ms CreateObjectMapping: 4.546100 ms MarkObjects: 14.430900 ms  DeleteObjects: 5.217600 ms)

Prepare: number of updated asset objects reloaded= 0
========================================================================
Received Prepare
AcceleratorClientConnectionCallback - disconnected - :0
Begin MonoManager ReloadAssembly
Symbol file LoadedFromMemory is not a mono symbol file
Symbol file LoadedFromMemory is not a mono symbol file
Refreshing native plugins compatible for Editor in 2.19 ms, found 5 plugins.
Native extension for WindowsStandalone target not found
Native extension for WebGL target not found
[Package Manager] Failed to launch server process. Reason: Unity was launched with the -noUpm command-line argument
[Package Manager] Unable to send message (not connected to server process).
[Package Manager] Cannot connect to Unity Package Manager local server
Refreshing native plugins compatible for Editor in 2.84 ms, found 5 plugins.
[Package Manager] Failed to launch server process. Reason: Unity was launched with the -noUpm command-line argument
[Package Manager] Unable to send message (not connected to server process).
[Package Manager] Cannot connect to Unity Package Manager local server
[Licensing::Client] Error: Code 404 while processing request (status: Found 0 entitlement groups and 0 free entitlements matching requested entitlement ids)
ScheduleIndexationOnStartup MainProcess:False IndexOnStartup:True
Mono: successfully reloaded assembly
- Finished resetting the current domain, in  1.977 seconds
Domain Reload Profiling: 2885ms
	BeginReloadAssembly (281ms)
		DisableScriptedObjects (9ms)
		CreateAndSetChildDomain (104ms)
	RebuildCommonClasses (9ms)
	RebuildNativeTypeToScriptingClass (16ms)
	initialDomainReloadingComplete (88ms)
	LoadAllAssembliesAndSetupDomain (512ms)
		LoadAssemblies (427ms)
		AnalyzeDomain (19ms)
			TypeCache.Refresh (10ms)
			ResolveRequiredComponents (5ms)
	FinalizeReload (1978ms)
		SetupLoadedEditorAssemblies (0ms)
			BeforeProcessingInitializeOnLoad (145ms)
			ProcessInitializeOnLoadAttributes (947ms)
			ProcessInitializeOnLoadMethodAttributes (567ms)
			AfterProcessingInitializeOnLoad (7ms)
		AwakeInstancesAfterBackupRestoration (36ms)
Refreshing native plugins compatible for Editor in 2.79 ms, found 5 plugins.
Unloading 65 Unused Serialized files (Serialized files now loaded: 0)
Unloading 10288 unused Assets / (19.9 MB). Loaded Objects now: 11541.
Memory consumption went from 0.66 GB to 0.64 GB.
Total: 28.805300 ms (FindLiveObjects: 1.227400 ms CreateObjectMapping: 5.645600 ms MarkObjects: 15.798100 ms  DeleteObjects: 6.132800 ms)

Prepare: number of updated asset objects reloaded= 0
========================================================================
Received Prepare
AcceleratorClientConnectionCallback - disconnected - :0
Refreshing native plugins compatible for Editor in 3.39 ms, found 5 plugins.
Unloading 65 Unused Serialized files (Serialized files now loaded: 0)
Unloading 10268 unused Assets / (24.2 MB). Loaded Objects now: 11541.
Memory consumption went from 0.66 GB to 0.64 GB.
Total: 33.118500 ms (FindLiveObjects: 1.240600 ms CreateObjectMapping: 5.319900 ms MarkObjects: 18.815300 ms  DeleteObjects: 7.741200 ms)

Prepare: number of updated asset objects reloaded= 0
========================================================================
Received Prepare
AcceleratorClientConnectionCallback - disconnected - :0
[Licensing::Client] Successfully resolved entitlement details
Begin MonoManager ReloadAssembly
Symbol file LoadedFromMemory is not a mono symbol file
Symbol file LoadedFromMemory is not a mono symbol file
Refreshing native plugins compatible for Editor in 3.27 ms, found 5 plugins.
Native extension for WindowsStandalone target not found
Native extension for WebGL target not found
[Package Manager] Failed to launch server process. Reason: Unity was launched with the -noUpm command-line argument
[Package Manager] Unable to send message (not connected to server process).
[Package Manager] Cannot connect to Unity Package Manager local server
Refreshing native plugins compatible for Editor in 3.73 ms, found 5 plugins.
[Package Manager] Failed to launch server process. Reason: Unity was launched with the -noUpm command-line argument
[Package Manager] Unable to send message (not connected to server process).
[Package Manager] Cannot connect to Unity Package Manager local server
[Licensing::Client] Error: Code 404 while processing request (status: Found 0 entitlement groups and 0 free entitlements matching requested entitlement ids)
ScheduleIndexationOnStartup MainProcess:False IndexOnStartup:True
Mono: successfully reloaded assembly
- Finished resetting the current domain, in  2.062 seconds
Domain Reload Profiling: 3525ms
	BeginReloadAssembly (362ms)
		DisableScriptedObjects (12ms)
		CreateAndSetChildDomain (131ms)
	RebuildCommonClasses (9ms)
	RebuildNativeTypeToScriptingClass (15ms)
	initialDomainReloadingComplete (90ms)
	LoadAllAssembliesAndSetupDomain (986ms)
		LoadAssemblies (464ms)
		AnalyzeDomain (437ms)
			TypeCache.Refresh (20ms)
			BuildScriptInfoCaches (406ms)
			ResolveRequiredComponents (8ms)
	FinalizeReload (2063ms)
		SetupLoadedEditorAssemblies (0ms)
			BeforeProcessingInitializeOnLoad (184ms)
			ProcessInitializeOnLoadAttributes (999ms)
			ProcessInitializeOnLoadMethodAttributes (548ms)
			AfterProcessingInitializeOnLoad (7ms)
		AwakeInstancesAfterBackupRestoration (32ms)
Refreshing native plugins compatible for Editor in 2.69 ms, found 5 plugins.
Unloading 65 Unused Serialized files (Serialized files now loaded: 0)
Unloading 10288 unused Assets / (21.9 MB). Loaded Objects now: 11544.
Memory consumption went from 0.67 GB to 0.64 GB.
Total: 26.741100 ms (FindLiveObjects: 1.130100 ms CreateObjectMapping: 5.227600 ms MarkObjects: 13.309200 ms  DeleteObjects: 7.072700 ms)

Prepare: number of updated asset objects reloaded= 0
========================================================================
Received Prepare
AcceleratorClientConnectionCallback - disconnected - :0
Begin MonoManager ReloadAssembly
Symbol file LoadedFromMemory is not a mono symbol file
Symbol file LoadedFromMemory is not a mono symbol file
Refreshing native plugins compatible for Editor in 2.49 ms, found 5 plugins.
Native extension for WindowsStandalone target not found
Native extension for WebGL target not found
[Package Manager] Failed to launch server process. Reason: Unity was launched with the -noUpm command-line argument
[Package Manager] Unable to send message (not connected to server process).
[Package Manager] Cannot connect to Unity Package Manager local server
Refreshing native plugins compatible for Editor in 2.61 ms, found 5 plugins.
[Package Manager] Failed to launch server process. Reason: Unity was launched with the -noUpm command-line argument
[Package Manager] Unable to send message (not connected to server process).
[Package Manager] Cannot connect to Unity Package Manager local server
[Licensing::Client] Error: Code 404 while processing request (status: Found 0 entitlement groups and 0 free entitlements matching requested entitlement ids)
ScheduleIndexationOnStartup MainProcess:False IndexOnStartup:True
Mono: successfully reloaded assembly
- Finished resetting the current domain, in  2.020 seconds
Domain Reload Profiling: 2886ms
	BeginReloadAssembly (281ms)
		DisableScriptedObjects (9ms)
		CreateAndSetChildDomain (113ms)
	RebuildCommonClasses (9ms)
	RebuildNativeTypeToScriptingClass (15ms)
	initialDomainReloadingComplete (86ms)
	LoadAllAssembliesAndSetupDomain (474ms)
		LoadAssemblies (385ms)
		AnalyzeDomain (19ms)
			TypeCache.Refresh (9ms)
			ResolveRequiredComponents (5ms)
	FinalizeReload (2021ms)
		SetupLoadedEditorAssemblies (0ms)
			InitializePlatformSupportModulesInManaged (3ms)
			BeforeProcessingInitializeOnLoad (157ms)
			ProcessInitializeOnLoadAttributes (964ms)
			ProcessInitializeOnLoadMethodAttributes (570ms)
			AfterProcessingInitializeOnLoad (6ms)
		AwakeInstancesAfterBackupRestoration (39ms)
Refreshing native plugins compatible for Editor in 2.94 ms, found 5 plugins.
Unloading 65 Unused Serialized files (Serialized files now loaded: 0)
Unloading 10288 unused Assets / (20.5 MB). Loaded Objects now: 11547.
Memory consumption went from 0.67 GB to 0.65 GB.
Total: 27.618400 ms (FindLiveObjects: 1.289100 ms CreateObjectMapping: 5.515000 ms MarkObjects: 14.710700 ms  DeleteObjects: 6.102600 ms)

Prepare: number of updated asset objects reloaded= 0
========================================================================
Received Prepare
AcceleratorClientConnectionCallback - disconnected - :0
Refreshing native plugins compatible for Editor in 3.08 ms, found 5 plugins.
Unloading 65 Unused Serialized files (Serialized files now loaded: 0)
Unloading 10268 unused Assets / (19.9 MB). Loaded Objects now: 11547.
Memory consumption went from 0.67 GB to 0.65 GB.
Total: 24.796000 ms (FindLiveObjects: 1.012700 ms CreateObjectMapping: 4.514700 ms MarkObjects: 14.229300 ms  DeleteObjects: 5.038200 ms)

Prepare: number of updated asset objects reloaded= 0
========================================================================
Received Prepare
AcceleratorClientConnectionCallback - disconnected - :0
[Licensing::Client] Successfully resolved entitlement details
Begin MonoManager ReloadAssembly
Symbol file LoadedFromMemory is not a mono symbol file
Symbol file LoadedFromMemory is not a mono symbol file
Refreshing native plugins compatible for Editor in 2.79 ms, found 5 plugins.
Native extension for WindowsStandalone target not found
Native extension for WebGL target not found
[Package Manager] Failed to launch server process. Reason: Unity was launched with the -noUpm command-line argument
[Package Manager] Unable to send message (not connected to server process).
[Package Manager] Cannot connect to Unity Package Manager local server
Refreshing native plugins compatible for Editor in 2.42 ms, found 5 plugins.
[Package Manager] Failed to launch server process. Reason: Unity was launched with the -noUpm command-line argument
[Package Manager] Unable to send message (not connected to server process).
[Package Manager] Cannot connect to Unity Package Manager local server
[Licensing::Client] Error: Code 404 while processing request (status: Found 0 entitlement groups and 0 free entitlements matching requested entitlement ids)
ScheduleIndexationOnStartup MainProcess:False IndexOnStartup:True
Mono: successfully reloaded assembly
- Finished resetting the current domain, in  1.824 seconds
Domain Reload Profiling: 3047ms
	BeginReloadAssembly (308ms)
		DisableScriptedObjects (10ms)
		CreateAndSetChildDomain (128ms)
	RebuildCommonClasses (10ms)
	RebuildNativeTypeToScriptingClass (16ms)
	initialDomainReloadingComplete (92ms)
	LoadAllAssembliesAndSetupDomain (795ms)
		LoadAssemblies (381ms)
		AnalyzeDomain (355ms)
			TypeCache.Refresh (15ms)
			BuildScriptInfoCaches (333ms)
			ResolveRequiredComponents (5ms)
	FinalizeReload (1825ms)
		SetupLoadedEditorAssemblies (0ms)
			BeforeProcessingInitializeOnLoad (148ms)
			ProcessInitializeOnLoadAttributes (851ms)
			ProcessInitializeOnLoadMethodAttributes (481ms)
			AfterProcessingInitializeOnLoad (6ms)
		AwakeInstancesAfterBackupRestoration (31ms)
Refreshing native plugins compatible for Editor in 2.29 ms, found 5 plugins.
Unloading 65 Unused Serialized files (Serialized files now loaded: 0)
Unloading 10288 unused Assets / (20.4 MB). Loaded Objects now: 11550.
Memory consumption went from 0.67 GB to 0.66 GB.
Total: 23.939300 ms (FindLiveObjects: 1.033400 ms CreateObjectMapping: 4.546300 ms MarkObjects: 13.301000 ms  DeleteObjects: 5.057500 ms)

Prepare: number of updated asset objects reloaded= 0
========================================================================
Received Prepare
AcceleratorClientConnectionCallback - disconnected - :0
Begin MonoManager ReloadAssembly
Symbol file LoadedFromMemory is not a mono symbol file
Symbol file LoadedFromMemory is not a mono symbol file
Refreshing native plugins compatible for Editor in 2.16 ms, found 5 plugins.
Native extension for WindowsStandalone target not found
Native extension for WebGL target not found
[Package Manager] Failed to launch server process. Reason: Unity was launched with the -noUpm command-line argument
[Package Manager] Unable to send message (not connected to server process).
[Package Manager] Cannot connect to Unity Package Manager local server
Refreshing native plugins compatible for Editor in 2.97 ms, found 5 plugins.
[Package Manager] Failed to launch server process. Reason: Unity was launched with the -noUpm command-line argument
[Package Manager] Unable to send message (not connected to server process).
[Package Manager] Cannot connect to Unity Package Manager local server
[Licensing::Client] Error: Code 404 while processing request (status: Found 0 entitlement groups and 0 free entitlements matching requested entitlement ids)
ScheduleIndexationOnStartup MainProcess:False IndexOnStartup:True
Mono: successfully reloaded assembly
- Finished resetting the current domain, in  1.968 seconds
Domain Reload Profiling: 2832ms
	BeginReloadAssembly (286ms)
		DisableScriptedObjects (9ms)
		CreateAndSetChildDomain (106ms)
	RebuildCommonClasses (10ms)
	RebuildNativeTypeToScriptingClass (16ms)
	initialDomainReloadingComplete (93ms)
	LoadAllAssembliesAndSetupDomain (458ms)
		LoadAssemblies (375ms)
		AnalyzeDomain (21ms)
			TypeCache.Refresh (11ms)
			ResolveRequiredComponents (5ms)
	FinalizeReload (1969ms)
		SetupLoadedEditorAssemblies (0ms)
			BeforeProcessingInitializeOnLoad (149ms)
			ProcessInitializeOnLoadAttributes (926ms)
			ProcessInitializeOnLoadMethodAttributes (578ms)
			AfterProcessingInitializeOnLoad (7ms)
		AwakeInstancesAfterBackupRestoration (36ms)
Refreshing native plugins compatible for Editor in 3.28 ms, found 5 plugins.
Unloading 65 Unused Serialized files (Serialized files now loaded: 0)
Unloading 10288 unused Assets / (20.6 MB). Loaded Objects now: 11553.
Memory consumption went from 0.68 GB to 0.66 GB.
Total: 30.176700 ms (FindLiveObjects: 1.240500 ms CreateObjectMapping: 5.630400 ms MarkObjects: 16.048800 ms  DeleteObjects: 7.255900 ms)

Prepare: number of updated asset objects reloaded= 0
========================================================================
Received Prepare
AcceleratorClientConnectionCallback - disconnected - :0
Refreshing native plugins compatible for Editor in 4.14 ms, found 5 plugins.
Unloading 65 Unused Serialized files (Serialized files now loaded: 0)
Unloading 10268 unused Assets / (20.8 MB). Loaded Objects now: 11553.
Memory consumption went from 0.68 GB to 0.66 GB.
Total: 30.839400 ms (FindLiveObjects: 1.043700 ms CreateObjectMapping: 4.585100 ms MarkObjects: 16.970000 ms  DeleteObjects: 8.239400 ms)

Prepare: number of updated asset objects reloaded= 0
========================================================================
Received Prepare
AcceleratorClientConnectionCallback - disconnected - :0
Begin MonoManager ReloadAssembly
Symbol file LoadedFromMemory is not a mono symbol file
Symbol file LoadedFromMemory is not a mono symbol file
Refreshing native plugins compatible for Editor in 2.29 ms, found 5 plugins.
Native extension for WindowsStandalone target not found
Native extension for WebGL target not found
[Package Manager] Failed to launch server process. Reason: Unity was launched with the -noUpm command-line argument
[Package Manager] Unable to send message (not connected to server process).
[Package Manager] Cannot connect to Unity Package Manager local server
Refreshing native plugins compatible for Editor in 2.51 ms, found 5 plugins.
[Package Manager] Failed to launch server process. Reason: Unity was launched with the -noUpm command-line argument
[Package Manager] Unable to send message (not connected to server process).
[Package Manager] Cannot connect to Unity Package Manager local server
[Licensing::Client] Error: Code 404 while processing request (status: Found 0 entitlement groups and 0 free entitlements matching requested entitlement ids)
ScheduleIndexationOnStartup MainProcess:False IndexOnStartup:True
Mono: successfully reloaded assembly
- Finished resetting the current domain, in  1.931 seconds
Domain Reload Profiling: 3449ms
	BeginReloadAssembly (350ms)
		DisableScriptedObjects (12ms)
		CreateAndSetChildDomain (122ms)
	RebuildCommonClasses (17ms)
	RebuildNativeTypeToScriptingClass (20ms)
	initialDomainReloadingComplete (105ms)
	LoadAllAssembliesAndSetupDomain (1025ms)
		LoadAssemblies (466ms)
		AnalyzeDomain (464ms)
			TypeCache.Refresh (16ms)
			BuildScriptInfoCaches (437ms)
			ResolveRequiredComponents (8ms)
	FinalizeReload (1932ms)
		SetupLoadedEditorAssemblies (0ms)
			BeforeProcessingInitializeOnLoad (156ms)
			ProcessInitializeOnLoadAttributes (905ms)
			ProcessInitializeOnLoadMethodAttributes (534ms)
			AfterProcessingInitializeOnLoad (6ms)
		AwakeInstancesAfterBackupRestoration (34ms)
Refreshing native plugins compatible for Editor in 2.37 ms, found 5 plugins.
Unloading 65 Unused Serialized files (Serialized files now loaded: 0)
Unloading 10288 unused Assets / (21.5 MB). Loaded Objects now: 11556.
Memory consumption went from 0.69 GB to 0.66 GB.
Total: 25.242100 ms (FindLiveObjects: 1.247200 ms CreateObjectMapping: 4.724900 ms MarkObjects: 13.085100 ms  DeleteObjects: 6.184100 ms)

Prepare: number of updated asset objects reloaded= 0
========================================================================
Received Prepare
AcceleratorClientConnectionCallback - disconnected - :0
Begin MonoManager ReloadAssembly
Symbol file LoadedFromMemory is not a mono symbol file
Symbol file LoadedFromMemory is not a mono symbol file
Refreshing native plugins compatible for Editor in 2.25 ms, found 5 plugins.
Native extension for WindowsStandalone target not found
Native extension for WebGL target not found
[Package Manager] Failed to launch server process. Reason: Unity was launched with the -noUpm command-line argument
[Package Manager] Unable to send message (not connected to server process).
[Package Manager] Cannot connect to Unity Package Manager local server
Refreshing native plugins compatible for Editor in 5.43 ms, found 5 plugins.
[Package Manager] Failed to launch server process. Reason: Unity was launched with the -noUpm command-line argument
[Package Manager] Unable to send message (not connected to server process).
[Package Manager] Cannot connect to Unity Package Manager local server
[Licensing::Client] Error: Code 404 while processing request (status: Found 0 entitlement groups and 0 free entitlements matching requested entitlement ids)
ScheduleIndexationOnStartup MainProcess:False IndexOnStartup:True
Mono: successfully reloaded assembly
- Finished resetting the current domain, in  1.984 seconds
Domain Reload Profiling: 2840ms
	BeginReloadAssembly (274ms)
		DisableScriptedObjects (9ms)
		CreateAndSetChildDomain (95ms)
	RebuildCommonClasses (9ms)
	RebuildNativeTypeToScriptingClass (15ms)
	initialDomainReloadingComplete (89ms)
	LoadAllAssembliesAndSetupDomain (468ms)
		LoadAssemblies (378ms)
		AnalyzeDomain (20ms)
			TypeCache.Refresh (10ms)
			ResolveRequiredComponents (5ms)
	FinalizeReload (1985ms)
		SetupLoadedEditorAssemblies (0ms)
			InitializePlatformSupportModulesInManaged (3ms)
			BeforeProcessingInitializeOnLoad (145ms)
			ProcessInitializeOnLoadAttributes (954ms)
			ProcessInitializeOnLoadMethodAttributes (571ms)
			AfterProcessingInitializeOnLoad (6ms)
		AwakeInstancesAfterBackupRestoration (37ms)
Refreshing native plugins compatible for Editor in 2.83 ms, found 5 plugins.
Unloading 65 Unused Serialized files (Serialized files now loaded: 0)
Unloading 10288 unused Assets / (21.3 MB). Loaded Objects now: 11559.
Memory consumption went from 0.69 GB to 0.67 GB.
Total: 29.740700 ms (FindLiveObjects: 1.274400 ms CreateObjectMapping: 5.369100 ms MarkObjects: 16.665600 ms  DeleteObjects: 6.430800 ms)

Prepare: number of updated asset objects reloaded= 0
========================================================================
Received Prepare
AcceleratorClientConnectionCallback - disconnected - :0
Refreshing native plugins compatible for Editor in 3.84 ms, found 5 plugins.
Unloading 65 Unused Serialized files (Serialized files now loaded: 0)
Unloading 10268 unused Assets / (19.2 MB). Loaded Objects now: 11559.
Memory consumption went from 0.69 GB to 0.67 GB.
Total: 28.580100 ms (FindLiveObjects: 1.376900 ms CreateObjectMapping: 5.554600 ms MarkObjects: 15.134900 ms  DeleteObjects: 6.512200 ms)

Prepare: number of updated asset objects reloaded= 0
========================================================================
Received Prepare
AcceleratorClientConnectionCallback - disconnected - :0
[Licensing::Client] Successfully resolved entitlement details
Begin MonoManager ReloadAssembly
Symbol file LoadedFromMemory is not a mono symbol file
Symbol file LoadedFromMemory is not a mono symbol file
Refreshing native plugins compatible for Editor in 3.91 ms, found 5 plugins.
Native extension for WindowsStandalone target not found
Native extension for WebGL target not found
[Package Manager] Failed to launch server process. Reason: Unity was launched with the -noUpm command-line argument
[Package Manager] Unable to send message (not connected to server process).
[Package Manager] Cannot connect to Unity Package Manager local server
Refreshing native plugins compatible for Editor in 3.91 ms, found 5 plugins.
[Package Manager] Failed to launch server process. Reason: Unity was launched with the -noUpm command-line argument
[Package Manager] Unable to send message (not connected to server process).
[Package Manager] Cannot connect to Unity Package Manager local server
[Licensing::Client] Error: Code 404 while processing request (status: Found 0 entitlement groups and 0 free entitlements matching requested entitlement ids)
ScheduleIndexationOnStartup MainProcess:False IndexOnStartup:True
Mono: successfully reloaded assembly
- Finished resetting the current domain, in  2.338 seconds
Domain Reload Profiling: 3862ms
	BeginReloadAssembly (354ms)
		DisableScriptedObjects (13ms)
		CreateAndSetChildDomain (118ms)
	RebuildCommonClasses (11ms)
	RebuildNativeTypeToScriptingClass (18ms)
	initialDomainReloadingComplete (116ms)
	LoadAllAssembliesAndSetupDomain (1023ms)
		LoadAssemblies (481ms)
		AnalyzeDomain (449ms)
			TypeCache.Refresh (20ms)
			BuildScriptInfoCaches (421ms)
			ResolveRequiredComponents (5ms)
	FinalizeReload (2340ms)
		SetupLoadedEditorAssemblies (0ms)
			BeforeProcessingInitializeOnLoad (203ms)
			ProcessInitializeOnLoadAttributes (1121ms)
			ProcessInitializeOnLoadMethodAttributes (610ms)
			AfterProcessingInitializeOnLoad (9ms)
		AwakeInstancesAfterBackupRestoration (44ms)
Refreshing native plugins compatible for Editor in 3.46 ms, found 5 plugins.
Unloading 65 Unused Serialized files (Serialized files now loaded: 0)
Unloading 10288 unused Assets / (21.2 MB). Loaded Objects now: 11562.
Memory consumption went from 0.70 GB to 0.68 GB.
Total: 33.012700 ms (FindLiveObjects: 1.330600 ms CreateObjectMapping: 6.114900 ms MarkObjects: 16.908100 ms  DeleteObjects: 8.656900 ms)

Prepare: number of updated asset objects reloaded= 0
========================================================================
Received Prepare
AcceleratorClientConnectionCallback - disconnected - :0
Refreshing native plugins compatible for Editor in 3.81 ms, found 5 plugins.
Unloading 65 Unused Serialized files (Serialized files now loaded: 0)
Unloading 10268 unused Assets / (19.5 MB). Loaded Objects now: 11562.
Memory consumption went from 0.70 GB to 0.68 GB.
Total: 25.253100 ms (FindLiveObjects: 0.972400 ms CreateObjectMapping: 4.525800 ms MarkObjects: 13.626000 ms  DeleteObjects: 6.127400 ms)

Prepare: number of updated asset objects reloaded= 0
========================================================================
Received Prepare
AcceleratorClientConnectionCallback - disconnected - :0
Begin MonoManager ReloadAssembly
Symbol file LoadedFromMemory is not a mono symbol file
Symbol file LoadedFromMemory is not a mono symbol file
Refreshing native plugins compatible for Editor in 2.34 ms, found 5 plugins.
Native extension for WindowsStandalone target not found
Native extension for WebGL target not found
[Package Manager] Failed to launch server process. Reason: Unity was launched with the -noUpm command-line argument
[Package Manager] Unable to send message (not connected to server process).
[Package Manager] Cannot connect to Unity Package Manager local server
Refreshing native plugins compatible for Editor in 2.60 ms, found 5 plugins.
[Package Manager] Failed to launch server process. Reason: Unity was launched with the -noUpm command-line argument
[Package Manager] Unable to send message (not connected to server process).
[Package Manager] Cannot connect to Unity Package Manager local server
[Licensing::Client] Error: Code 404 while processing request (status: Found 0 entitlement groups and 0 free entitlements matching requested entitlement ids)
ScheduleIndexationOnStartup MainProcess:False IndexOnStartup:True
Mono: successfully reloaded assembly
- Finished resetting the current domain, in  2.206 seconds
Domain Reload Profiling: 3651ms
	BeginReloadAssembly (348ms)
		DisableScriptedObjects (13ms)
		CreateAndSetChildDomain (133ms)
	RebuildCommonClasses (18ms)
	RebuildNativeTypeToScriptingClass (21ms)
	initialDomainReloadingComplete (93ms)
	LoadAllAssembliesAndSetupDomain (963ms)
		LoadAssemblies (458ms)
		AnalyzeDomain (419ms)
			TypeCache.Refresh (19ms)
			BuildScriptInfoCaches (393ms)
			ResolveRequiredComponents (5ms)
	FinalizeReload (2207ms)
		SetupLoadedEditorAssemblies (0ms)
			InitializePlatformSupportModulesInManaged (3ms)
			BeforeProcessingInitializeOnLoad (187ms)
			ProcessInitializeOnLoadAttributes (1050ms)
			ProcessInitializeOnLoadMethodAttributes (607ms)
			AfterProcessingInitializeOnLoad (8ms)
		AwakeInstancesAfterBackupRestoration (38ms)
Refreshing native plugins compatible for Editor in 2.95 ms, found 5 plugins.
Unloading 65 Unused Serialized files (Serialized files now loaded: 0)
Unloading 10288 unused Assets / (18.7 MB). Loaded Objects now: 11565.
Memory consumption went from 0.70 GB to 0.68 GB.
Total: 27.728500 ms (FindLiveObjects: 1.004900 ms CreateObjectMapping: 5.127100 ms MarkObjects: 16.568300 ms  DeleteObjects: 5.027200 ms)

Prepare: number of updated asset objects reloaded= 0
========================================================================
Received Prepare
AcceleratorClientConnectionCallback - disconnected - :0
Refreshing native plugins compatible for Editor in 3.91 ms, found 5 plugins.
Unloading 65 Unused Serialized files (Serialized files now loaded: 0)
Unloading 10268 unused Assets / (20.6 MB). Loaded Objects now: 11565.
Memory consumption went from 0.70 GB to 0.68 GB.
Total: 35.712600 ms (FindLiveObjects: 1.220700 ms CreateObjectMapping: 5.186700 ms MarkObjects: 20.694200 ms  DeleteObjects: 8.609800 ms)

Prepare: number of updated asset objects reloaded= 0
========================================================================
Received Prepare
AcceleratorClientConnectionCallback - disconnected - :0
Begin MonoManager ReloadAssembly
Symbol file LoadedFromMemory is not a mono symbol file
Symbol file LoadedFromMemory is not a mono symbol file
Refreshing native plugins compatible for Editor in 2.96 ms, found 5 plugins.
Native extension for WindowsStandalone target not found
Native extension for WebGL target not found
[Package Manager] Failed to launch server process. Reason: Unity was launched with the -noUpm command-line argument
[Package Manager] Unable to send message (not connected to server process).
[Package Manager] Cannot connect to Unity Package Manager local server
Refreshing native plugins compatible for Editor in 4.52 ms, found 5 plugins.
[Package Manager] Failed to launch server process. Reason: Unity was launched with the -noUpm command-line argument
[Package Manager] Unable to send message (not connected to server process).
[Package Manager] Cannot connect to Unity Package Manager local server
[Licensing::Client] Error: Code 404 while processing request (status: Found 0 entitlement groups and 0 free entitlements matching requested entitlement ids)
ScheduleIndexationOnStartup MainProcess:False IndexOnStartup:True
Mono: successfully reloaded assembly
- Finished resetting the current domain, in  2.192 seconds
Domain Reload Profiling: 3679ms
	BeginReloadAssembly (349ms)
		DisableScriptedObjects (9ms)
		CreateAndSetChildDomain (139ms)
	RebuildCommonClasses (13ms)
	RebuildNativeTypeToScriptingClass (21ms)
	initialDomainReloadingComplete (94ms)
	LoadAllAssembliesAndSetupDomain (1009ms)
		LoadAssemblies (503ms)
		AnalyzeDomain (424ms)
			TypeCache.Refresh (16ms)
			BuildScriptInfoCaches (397ms)
			ResolveRequiredComponents (7ms)
	FinalizeReload (2194ms)
		SetupLoadedEditorAssemblies (0ms)
			BeforeProcessingInitializeOnLoad (188ms)
			ProcessInitializeOnLoadAttributes (1052ms)
			ProcessInitializeOnLoadMethodAttributes (560ms)
			AfterProcessingInitializeOnLoad (8ms)
		AwakeInstancesAfterBackupRestoration (41ms)
Refreshing native plugins compatible for Editor in 3.27 ms, found 5 plugins.
Unloading 65 Unused Serialized files (Serialized files now loaded: 0)
Unloading 10288 unused Assets / (19.8 MB). Loaded Objects now: 11568.
Memory consumption went from 0.71 GB to 0.69 GB.
Total: 27.039600 ms (FindLiveObjects: 0.989400 ms CreateObjectMapping: 4.321700 ms MarkObjects: 15.817600 ms  DeleteObjects: 5.909700 ms)

Prepare: number of updated asset objects reloaded= 0
========================================================================
Received Prepare
AcceleratorClientConnectionCallback - disconnected - :0
Refreshing native plugins compatible for Editor in 4.43 ms, found 5 plugins.
Unloading 65 Unused Serialized files (Serialized files now loaded: 0)
Unloading 10268 unused Assets / (19.2 MB). Loaded Objects now: 11568.
Memory consumption went from 0.71 GB to 0.69 GB.
Total: 27.741500 ms (FindLiveObjects: 1.592600 ms CreateObjectMapping: 5.221300 ms MarkObjects: 14.623400 ms  DeleteObjects: 6.302800 ms)

Prepare: number of updated asset objects reloaded= 0
========================================================================
Received Prepare
AcceleratorClientConnectionCallback - disconnected - :0
[Licensing::Client] Successfully resolved entitlement details
Begin MonoManager ReloadAssembly
Symbol file LoadedFromMemory is not a mono symbol file
Symbol file LoadedFromMemory is not a mono symbol file
Refreshing native plugins compatible for Editor in 2.51 ms, found 5 plugins.
Native extension for WindowsStandalone target not found
Native extension for WebGL target not found
[Package Manager] Failed to launch server process. Reason: Unity was launched with the -noUpm command-line argument
[Package Manager] Unable to send message (not connected to server process).
[Package Manager] Cannot connect to Unity Package Manager local server
Refreshing native plugins compatible for Editor in 3.08 ms, found 5 plugins.
[Package Manager] Failed to launch server process. Reason: Unity was launched with the -noUpm command-line argument
[Package Manager] Unable to send message (not connected to server process).
[Package Manager] Cannot connect to Unity Package Manager local server
[Licensing::Client] Error: Code 404 while processing request (status: Found 0 entitlement groups and 0 free entitlements matching requested entitlement ids)
ScheduleIndexationOnStartup MainProcess:False IndexOnStartup:True
Mono: successfully reloaded assembly
- Finished resetting the current domain, in  2.271 seconds
Domain Reload Profiling: 3853ms
	BeginReloadAssembly (362ms)
		DisableScriptedObjects (12ms)
		CreateAndSetChildDomain (141ms)
	RebuildCommonClasses (16ms)
	RebuildNativeTypeToScriptingClass (20ms)
	initialDomainReloadingComplete (113ms)
	LoadAllAssembliesAndSetupDomain (1072ms)
		LoadAssemblies (471ms)
		AnalyzeDomain (510ms)
			TypeCache.Refresh (24ms)
			BuildScriptInfoCaches (477ms)
			ResolveRequiredComponents (6ms)
	FinalizeReload (2272ms)
		SetupLoadedEditorAssemblies (0ms)
			BeforeProcessingInitializeOnLoad (219ms)
			ProcessInitializeOnLoadAttributes (1045ms)
			ProcessInitializeOnLoadMethodAttributes (596ms)
			AfterProcessingInitializeOnLoad (8ms)
		AwakeInstancesAfterBackupRestoration (41ms)
Refreshing native plugins compatible for Editor in 4.00 ms, found 5 plugins.
Unloading 65 Unused Serialized files (Serialized files now loaded: 0)
Unloading 10288 unused Assets / (20.5 MB). Loaded Objects now: 11571.
Memory consumption went from 0.72 GB to 0.70 GB.
Total: 34.591700 ms (FindLiveObjects: 1.576800 ms CreateObjectMapping: 6.115800 ms MarkObjects: 19.112800 ms  DeleteObjects: 7.784400 ms)

Prepare: number of updated asset objects reloaded= 0
========================================================================
Received Prepare
AcceleratorClientConnectionCallback - disconnected - :0
Refreshing native plugins compatible for Editor in 3.13 ms, found 5 plugins.
Unloading 65 Unused Serialized files (Serialized files now loaded: 0)
Unloading 10268 unused Assets / (20.0 MB). Loaded Objects now: 11571.
Memory consumption went from 0.72 GB to 0.70 GB.
Total: 35.271700 ms (FindLiveObjects: 1.384500 ms CreateObjectMapping: 5.894200 ms MarkObjects: 19.960100 ms  DeleteObjects: 8.030500 ms)

Prepare: number of updated asset objects reloaded= 0
========================================================================
Received Prepare
AcceleratorClientConnectionCallback - disconnected - :0
Begin MonoManager ReloadAssembly
Symbol file LoadedFromMemory is not a mono symbol file
Symbol file LoadedFromMemory is not a mono symbol file
Refreshing native plugins compatible for Editor in 3.64 ms, found 5 plugins.
Native extension for WindowsStandalone target not found
Native extension for WebGL target not found
[Package Manager] Failed to launch server process. Reason: Unity was launched with the -noUpm command-line argument
[Package Manager] Unable to send message (not connected to server process).
[Package Manager] Cannot connect to Unity Package Manager local server
Refreshing native plugins compatible for Editor in 4.04 ms, found 5 plugins.
[Package Manager] Failed to launch server process. Reason: Unity was launched with the -noUpm command-line argument
[Package Manager] Unable to send message (not connected to server process).
[Package Manager] Cannot connect to Unity Package Manager local server
[Licensing::Client] Error: Code 404 while processing request (status: Found 0 entitlement groups and 0 free entitlements matching requested entitlement ids)
ScheduleIndexationOnStartup MainProcess:False IndexOnStartup:True
Mono: successfully reloaded assembly
- Finished resetting the current domain, in  2.181 seconds
Domain Reload Profiling: 3643ms
	BeginReloadAssembly (353ms)
		DisableScriptedObjects (11ms)
		CreateAndSetChildDomain (136ms)
	RebuildCommonClasses (10ms)
	RebuildNativeTypeToScriptingClass (23ms)
	initialDomainReloadingComplete (87ms)
	LoadAllAssembliesAndSetupDomain (988ms)
		LoadAssemblies (458ms)
		AnalyzeDomain (419ms)
			TypeCache.Refresh (19ms)
			BuildScriptInfoCaches (389ms)
			ResolveRequiredComponents (8ms)
	FinalizeReload (2182ms)
		SetupLoadedEditorAssemblies (0ms)
			InitializePlatformSupportModulesInManaged (3ms)
			BeforeProcessingInitializeOnLoad (202ms)
			ProcessInitializeOnLoadAttributes (1043ms)
			ProcessInitializeOnLoadMethodAttributes (583ms)
			AfterProcessingInitializeOnLoad (8ms)
		AwakeInstancesAfterBackupRestoration (40ms)
Refreshing native plugins compatible for Editor in 3.54 ms, found 5 plugins.
Unloading 65 Unused Serialized files (Serialized files now loaded: 0)
Unloading 10288 unused Assets / (23.7 MB). Loaded Objects now: 11574.
Memory consumption went from 0.72 GB to 0.70 GB.
Total: 30.117500 ms (FindLiveObjects: 1.039600 ms CreateObjectMapping: 4.504500 ms MarkObjects: 15.670400 ms  DeleteObjects: 8.901800 ms)

Prepare: number of updated asset objects reloaded= 0
========================================================================
Received Prepare
AcceleratorClientConnectionCallback - disconnected - :0
Refreshing native plugins compatible for Editor in 2.65 ms, found 5 plugins.
Unloading 65 Unused Serialized files (Serialized files now loaded: 0)
Unloading 10268 unused Assets / (19.9 MB). Loaded Objects now: 11574.
Memory consumption went from 0.72 GB to 0.70 GB.
Total: 30.727500 ms (FindLiveObjects: 1.267300 ms CreateObjectMapping: 4.965500 ms MarkObjects: 18.284300 ms  DeleteObjects: 6.209300 ms)

Prepare: number of updated asset objects reloaded= 0
========================================================================
Received Prepare
AcceleratorClientConnectionCallback - disconnected - :0
[Licensing::Client] Successfully resolved entitlement details
Begin MonoManager ReloadAssembly
Symbol file LoadedFromMemory is not a mono symbol file
Symbol file LoadedFromMemory is not a mono symbol file
Refreshing native plugins compatible for Editor in 2.57 ms, found 5 plugins.
Native extension for WindowsStandalone target not found
Native extension for WebGL target not found
[Package Manager] Failed to launch server process. Reason: Unity was launched with the -noUpm command-line argument
[Package Manager] Unable to send message (not connected to server process).
[Package Manager] Cannot connect to Unity Package Manager local server
Refreshing native plugins compatible for Editor in 4.51 ms, found 5 plugins.
[Package Manager] Failed to launch server process. Reason: Unity was launched with the -noUpm command-line argument
[Package Manager] Unable to send message (not connected to server process).
[Package Manager] Cannot connect to Unity Package Manager local server
[Licensing::Client] Error: Code 404 while processing request (status: Found 0 entitlement groups and 0 free entitlements matching requested entitlement ids)
ScheduleIndexationOnStartup MainProcess:False IndexOnStartup:True
Mono: successfully reloaded assembly
- Finished resetting the current domain, in  2.256 seconds
Domain Reload Profiling: 3754ms
	BeginReloadAssembly (382ms)
		DisableScriptedObjects (32ms)
		CreateAndSetChildDomain (137ms)
	RebuildCommonClasses (10ms)
	RebuildNativeTypeToScriptingClass (23ms)
	initialDomainReloadingComplete (112ms)
	LoadAllAssembliesAndSetupDomain (970ms)
		LoadAssemblies (481ms)
		AnalyzeDomain (405ms)
			TypeCache.Refresh (15ms)
			BuildScriptInfoCaches (381ms)
			ResolveRequiredComponents (7ms)
	FinalizeReload (2257ms)
		SetupLoadedEditorAssemblies (0ms)
			InitializePlatformSupportModulesInManaged (3ms)
			BeforeProcessingInitializeOnLoad (179ms)
			ProcessInitializeOnLoadAttributes (1056ms)
			ProcessInitializeOnLoadMethodAttributes (600ms)
			AfterProcessingInitializeOnLoad (10ms)
		AwakeInstancesAfterBackupRestoration (45ms)
Refreshing native plugins compatible for Editor in 3.15 ms, found 5 plugins.
Unloading 65 Unused Serialized files (Serialized files now loaded: 0)
Unloading 10288 unused Assets / (23.9 MB). Loaded Objects now: 11577.
Memory consumption went from 0.73 GB to 0.71 GB.
Total: 31.856800 ms (FindLiveObjects: 1.122200 ms CreateObjectMapping: 5.721800 ms MarkObjects: 16.910400 ms  DeleteObjects: 8.100600 ms)

Prepare: number of updated asset objects reloaded= 0
========================================================================
Received Prepare
AcceleratorClientConnectionCallback - disconnected - :0
Refreshing native plugins compatible for Editor in 2.70 ms, found 5 plugins.
Unloading 65 Unused Serialized files (Serialized files now loaded: 0)
Unloading 65 unused Assets / (13.7 MB). Loaded Objects now: 11577.
Memory consumption went from 0.72 GB to 0.71 GB.
Total: 17.271400 ms (FindLiveObjects: 0.530900 ms CreateObjectMapping: 1.564800 ms MarkObjects: 13.621300 ms  DeleteObjects: 1.552800 ms)

Prepare: number of updated asset objects reloaded= 0
========================================================================
Received Prepare
AcceleratorClientConnectionCallback - disconnected - :0
[Licensing::Client] Successfully resolved entitlement details
Begin MonoManager ReloadAssembly
Symbol file LoadedFromMemory is not a mono symbol file
Symbol file LoadedFromMemory is not a mono symbol file
Refreshing native plugins compatible for Editor in 2.99 ms, found 5 plugins.
Native extension for WindowsStandalone target not found
Native extension for WebGL target not found
[Package Manager] Failed to launch server process. Reason: Unity was launched with the -noUpm command-line argument
[Package Manager] Unable to send message (not connected to server process).
[Package Manager] Cannot connect to Unity Package Manager local server
Refreshing native plugins compatible for Editor in 3.96 ms, found 5 plugins.
[Package Manager] Failed to launch server process. Reason: Unity was launched with the -noUpm command-line argument
[Package Manager] Unable to send message (not connected to server process).
[Package Manager] Cannot connect to Unity Package Manager local server
[Licensing::Client] Error: Code 404 while processing request (status: Found 0 entitlement groups and 0 free entitlements matching requested entitlement ids)
ScheduleIndexationOnStartup MainProcess:False IndexOnStartup:True
Mono: successfully reloaded assembly
- Finished resetting the current domain, in  2.233 seconds
Domain Reload Profiling: 3233ms
	BeginReloadAssembly (330ms)
		DisableScriptedObjects (10ms)
		CreateAndSetChildDomain (113ms)
	RebuildCommonClasses (8ms)
	RebuildNativeTypeToScriptingClass (21ms)
	initialDomainReloadingComplete (92ms)
	LoadAllAssembliesAndSetupDomain (548ms)
		LoadAssemblies (460ms)
		AnalyzeDomain (25ms)
			TypeCache.Refresh (11ms)
			ResolveRequiredComponents (8ms)
	FinalizeReload (2234ms)
		SetupLoadedEditorAssemblies (0ms)
			InitializePlatformSupportModulesInManaged (3ms)
			BeforeProcessingInitializeOnLoad (181ms)
			ProcessInitializeOnLoadAttributes (1050ms)
			ProcessInitializeOnLoadMethodAttributes (638ms)
			AfterProcessingInitializeOnLoad (5ms)
		AwakeInstancesAfterBackupRestoration (41ms)
Refreshing native plugins compatible for Editor in 2.82 ms, found 5 plugins.
Unloading 65 Unused Serialized files (Serialized files now loaded: 0)
Unloading 10288 unused Assets / (21.0 MB). Loaded Objects now: 11580.
Memory consumption went from 0.73 GB to 0.71 GB.
Total: 28.661000 ms (FindLiveObjects: 1.602400 ms CreateObjectMapping: 5.876000 ms MarkObjects: 14.635200 ms  DeleteObjects: 6.545900 ms)

Prepare: number of updated asset objects reloaded= 0
========================================================================
Received Prepare
AcceleratorClientConnectionCallback - disconnected - :0
Refreshing native plugins compatible for Editor in 3.43 ms, found 5 plugins.
Unloading 65 Unused Serialized files (Serialized files now loaded: 0)
Unloading 10268 unused Assets / (22.0 MB). Loaded Objects now: 11580.
Memory consumption went from 0.74 GB to 0.71 GB.
Total: 35.693200 ms (FindLiveObjects: 1.220900 ms CreateObjectMapping: 6.510600 ms MarkObjects: 18.076300 ms  DeleteObjects: 9.884100 ms)

Prepare: number of updated asset objects reloaded= 0
========================================================================
Received Prepare
AcceleratorClientConnectionCallback - disconnected - :0
[Licensing::Client] Successfully resolved entitlement details
Begin MonoManager ReloadAssembly
Symbol file LoadedFromMemory is not a mono symbol file
Symbol file LoadedFromMemory is not a mono symbol file
Refreshing native plugins compatible for Editor in 2.58 ms, found 5 plugins.
Native extension for WindowsStandalone target not found
Native extension for WebGL target not found
[Package Manager] Failed to launch server process. Reason: Unity was launched with the -noUpm command-line argument
[Package Manager] Unable to send message (not connected to server process).
[Package Manager] Cannot connect to Unity Package Manager local server
Refreshing native plugins compatible for Editor in 4.33 ms, found 5 plugins.
[Package Manager] Failed to launch server process. Reason: Unity was launched with the -noUpm command-line argument
[Package Manager] Unable to send message (not connected to server process).
[Package Manager] Cannot connect to Unity Package Manager local server
[Licensing::Client] Error: Code 404 while processing request (status: Found 0 entitlement groups and 0 free entitlements matching requested entitlement ids)
ScheduleIndexationOnStartup MainProcess:False IndexOnStartup:True
Mono: successfully reloaded assembly
- Finished resetting the current domain, in  2.245 seconds
Domain Reload Profiling: 3772ms
	BeginReloadAssembly (361ms)
		DisableScriptedObjects (12ms)
		CreateAndSetChildDomain (126ms)
	RebuildCommonClasses (18ms)
	RebuildNativeTypeToScriptingClass (28ms)
	initialDomainReloadingComplete (120ms)
	LoadAllAssembliesAndSetupDomain (997ms)
		LoadAssemblies (485ms)
		AnalyzeDomain (449ms)
			TypeCache.Refresh (13ms)
			BuildScriptInfoCaches (426ms)
			ResolveRequiredComponents (7ms)
	FinalizeReload (2247ms)
		SetupLoadedEditorAssemblies (0ms)
			BeforeProcessingInitializeOnLoad (182ms)
			ProcessInitializeOnLoadAttributes (1009ms)
			ProcessInitializeOnLoadMethodAttributes (644ms)
			AfterProcessingInitializeOnLoad (9ms)
		AwakeInstancesAfterBackupRestoration (47ms)
Refreshing native plugins compatible for Editor in 2.79 ms, found 5 plugins.
Unloading 65 Unused Serialized files (Serialized files now loaded: 0)
Unloading 10288 unused Assets / (20.5 MB). Loaded Objects now: 11583.
Memory consumption went from 0.74 GB to 0.72 GB.
Total: 33.006500 ms (FindLiveObjects: 1.410700 ms CreateObjectMapping: 5.640400 ms MarkObjects: 17.984500 ms  DeleteObjects: 7.969700 ms)

Prepare: number of updated asset objects reloaded= 0
========================================================================
Received Prepare
AcceleratorClientConnectionCallback - disconnected - :0
Refreshing native plugins compatible for Editor in 3.86 ms, found 5 plugins.
Unloading 65 Unused Serialized files (Serialized files now loaded: 0)
Unloading 10268 unused Assets / (20.5 MB). Loaded Objects now: 11583.
Memory consumption went from 0.74 GB to 0.72 GB.
Total: 31.880600 ms (FindLiveObjects: 1.350200 ms CreateObjectMapping: 5.255100 ms MarkObjects: 18.349300 ms  DeleteObjects: 6.924700 ms)

Prepare: number of updated asset objects reloaded= 0
========================================================================
Received Prepare
AcceleratorClientConnectionCallback - disconnected - :0
Begin MonoManager ReloadAssembly
Symbol file LoadedFromMemory is not a mono symbol file
Symbol file LoadedFromMemory is not a mono symbol file
Refreshing native plugins compatible for Editor in 2.17 ms, found 5 plugins.
Native extension for WindowsStandalone target not found
Native extension for WebGL target not found
[Package Manager] Failed to launch server process. Reason: Unity was launched with the -noUpm command-line argument
[Package Manager] Unable to send message (not connected to server process).
[Package Manager] Cannot connect to Unity Package Manager local server
Refreshing native plugins compatible for Editor in 3.88 ms, found 5 plugins.
[Package Manager] Failed to launch server process. Reason: Unity was launched with the -noUpm command-line argument
[Package Manager] Unable to send message (not connected to server process).
[Package Manager] Cannot connect to Unity Package Manager local server
[Licensing::Client] Error: Code 404 while processing request (status: Found 0 entitlement groups and 0 free entitlements matching requested entitlement ids)
ScheduleIndexationOnStartup MainProcess:False IndexOnStartup:True
Mono: successfully reloaded assembly
- Finished resetting the current domain, in  2.219 seconds
Domain Reload Profiling: 3669ms
	BeginReloadAssembly (332ms)
		DisableScriptedObjects (11ms)
		CreateAndSetChildDomain (124ms)
	RebuildCommonClasses (10ms)
	RebuildNativeTypeToScriptingClass (15ms)
	initialDomainReloadingComplete (97ms)
	LoadAllAssembliesAndSetupDomain (994ms)
		LoadAssemblies (459ms)
		AnalyzeDomain (439ms)
			TypeCache.Refresh (13ms)
			BuildScriptInfoCaches (416ms)
			ResolveRequiredComponents (7ms)
	FinalizeReload (2220ms)
		SetupLoadedEditorAssemblies (0ms)
			BeforeProcessingInitializeOnLoad (178ms)
			ProcessInitializeOnLoadAttributes (1019ms)
			ProcessInitializeOnLoadMethodAttributes (608ms)
			AfterProcessingInitializeOnLoad (9ms)
		AwakeInstancesAfterBackupRestoration (37ms)
Refreshing native plugins compatible for Editor in 2.89 ms, found 5 plugins.
Unloading 65 Unused Serialized files (Serialized files now loaded: 0)
Unloading 10288 unused Assets / (23.8 MB). Loaded Objects now: 11586.
Memory consumption went from 0.75 GB to 0.72 GB.
Total: 32.004500 ms (FindLiveObjects: 1.094600 ms CreateObjectMapping: 5.209200 ms MarkObjects: 17.561000 ms  DeleteObjects: 8.138200 ms)

Prepare: number of updated asset objects reloaded= 0
========================================================================
Received Prepare
AcceleratorClientConnectionCallback - disconnected - :0
Begin MonoManager ReloadAssembly
Symbol file LoadedFromMemory is not a mono symbol file
Symbol file LoadedFromMemory is not a mono symbol file
Refreshing native plugins compatible for Editor in 2.47 ms, found 5 plugins.
Native extension for WindowsStandalone target not found
Native extension for WebGL target not found
[Package Manager] Failed to launch server process. Reason: Unity was launched with the -noUpm command-line argument
[Package Manager] Unable to send message (not connected to server process).
[Package Manager] Cannot connect to Unity Package Manager local server
Refreshing native plugins compatible for Editor in 2.77 ms, found 5 plugins.
[Package Manager] Failed to launch server process. Reason: Unity was launched with the -noUpm command-line argument
[Package Manager] Unable to send message (not connected to server process).
[Package Manager] Cannot connect to Unity Package Manager local server
[Licensing::Client] Error: Code 404 while processing request (status: Found 0 entitlement groups and 0 free entitlements matching requested entitlement ids)
ScheduleIndexationOnStartup MainProcess:False IndexOnStartup:True
Mono: successfully reloaded assembly
- Finished resetting the current domain, in  2.065 seconds
Domain Reload Profiling: 2945ms
	BeginReloadAssembly (296ms)
		DisableScriptedObjects (9ms)
		CreateAndSetChildDomain (108ms)
	RebuildCommonClasses (9ms)
	RebuildNativeTypeToScriptingClass (15ms)
	initialDomainReloadingComplete (84ms)
	LoadAllAssembliesAndSetupDomain (474ms)
		LoadAssemblies (386ms)
		AnalyzeDomain (19ms)
			TypeCache.Refresh (10ms)
			ResolveRequiredComponents (5ms)
	FinalizeReload (2067ms)
		SetupLoadedEditorAssemblies (0ms)
			BeforeProcessingInitializeOnLoad (153ms)
			ProcessInitializeOnLoadAttributes (992ms)
			ProcessInitializeOnLoadMethodAttributes (582ms)
			AfterProcessingInitializeOnLoad (6ms)
		AwakeInstancesAfterBackupRestoration (39ms)
Refreshing native plugins compatible for Editor in 2.65 ms, found 5 plugins.
Unloading 65 Unused Serialized files (Serialized files now loaded: 0)
Unloading 10288 unused Assets / (21.4 MB). Loaded Objects now: 11589.
Memory consumption went from 0.75 GB to 0.73 GB.
Total: 29.765700 ms (FindLiveObjects: 1.295200 ms CreateObjectMapping: 5.635100 ms MarkObjects: 15.961600 ms  DeleteObjects: 6.872800 ms)

Prepare: number of updated asset objects reloaded= 0
========================================================================
Received Prepare
AcceleratorClientConnectionCallback - disconnected - :0
Refreshing native plugins compatible for Editor in 2.61 ms, found 5 plugins.
Unloading 65 Unused Serialized files (Serialized files now loaded: 0)
Unloading 10268 unused Assets / (20.2 MB). Loaded Objects now: 11589.
Memory consumption went from 0.75 GB to 0.73 GB.
Total: 27.226700 ms (FindLiveObjects: 1.079100 ms CreateObjectMapping: 4.498900 ms MarkObjects: 14.677500 ms  DeleteObjects: 6.970100 ms)

Prepare: number of updated asset objects reloaded= 0
========================================================================
Received Prepare
AcceleratorClientConnectionCallback - disconnected - :0
Refreshing native plugins compatible for Editor in 9.67 ms, found 5 plugins.
Unloading 65 Unused Serialized files (Serialized files now loaded: 0)
Unloading 10268 unused Assets / (20.0 MB). Loaded Objects now: 11589.
Memory consumption went from 0.75 GB to 0.74 GB.
Total: 35.167400 ms (FindLiveObjects: 1.278100 ms CreateObjectMapping: 5.858400 ms MarkObjects: 20.296500 ms  DeleteObjects: 7.732800 ms)

Prepare: number of updated asset objects reloaded= 0
========================================================================
Received Prepare
AcceleratorClientConnectionCallback - disconnected - :0
[Licensing::Client] Successfully resolved entitlement details
Begin MonoManager ReloadAssembly
Symbol file LoadedFromMemory is not a mono symbol file
Symbol file LoadedFromMemory is not a mono symbol file
Refreshing native plugins compatible for Editor in 2.66 ms, found 5 plugins.
Native extension for WindowsStandalone target not found
Native extension for WebGL target not found
[Package Manager] Failed to launch server process. Reason: Unity was launched with the -noUpm command-line argument
[Package Manager] Unable to send message (not connected to server process).
[Package Manager] Cannot connect to Unity Package Manager local server
Refreshing native plugins compatible for Editor in 2.46 ms, found 5 plugins.
[Package Manager] Failed to launch server process. Reason: Unity was launched with the -noUpm command-line argument
[Package Manager] Unable to send message (not connected to server process).
[Package Manager] Cannot connect to Unity Package Manager local server
[Licensing::Client] Error: Code 404 while processing request (status: Found 0 entitlement groups and 0 free entitlements matching requested entitlement ids)
ScheduleIndexationOnStartup MainProcess:False IndexOnStartup:True
Mono: successfully reloaded assembly
- Finished resetting the current domain, in  2.044 seconds
Domain Reload Profiling: 3482ms
	BeginReloadAssembly (340ms)
		DisableScriptedObjects (12ms)
		CreateAndSetChildDomain (125ms)
	RebuildCommonClasses (12ms)
	RebuildNativeTypeToScriptingClass (25ms)
	initialDomainReloadingComplete (96ms)
	LoadAllAssembliesAndSetupDomain (964ms)
		LoadAssemblies (463ms)
		AnalyzeDomain (407ms)
			TypeCache.Refresh (14ms)
			BuildScriptInfoCaches (384ms)
			ResolveRequiredComponents (7ms)
	FinalizeReload (2045ms)
		SetupLoadedEditorAssemblies (0ms)
			BeforeProcessingInitializeOnLoad (173ms)
			ProcessInitializeOnLoadAttributes (992ms)
			ProcessInitializeOnLoadMethodAttributes (529ms)
			AfterProcessingInitializeOnLoad (5ms)
		AwakeInstancesAfterBackupRestoration (32ms)
Refreshing native plugins compatible for Editor in 2.66 ms, found 5 plugins.
Unloading 65 Unused Serialized files (Serialized files now loaded: 0)
Unloading 10288 unused Assets / (20.9 MB). Loaded Objects now: 11592.
Memory consumption went from 0.76 GB to 0.74 GB.
Total: 23.903300 ms (FindLiveObjects: 1.255400 ms CreateObjectMapping: 4.544000 ms MarkObjects: 12.791000 ms  DeleteObjects: 5.311300 ms)

Prepare: number of updated asset objects reloaded= 0
========================================================================
Received Prepare
AcceleratorClientConnectionCallback - disconnected - :0
Begin MonoManager ReloadAssembly
Symbol file LoadedFromMemory is not a mono symbol file
Symbol file LoadedFromMemory is not a mono symbol file
Refreshing native plugins compatible for Editor in 2.34 ms, found 5 plugins.
Native extension for WindowsStandalone target not found
Native extension for WebGL target not found
[Package Manager] Failed to launch server process. Reason: Unity was launched with the -noUpm command-line argument
[Package Manager] Unable to send message (not connected to server process).
[Package Manager] Cannot connect to Unity Package Manager local server
Refreshing native plugins compatible for Editor in 2.88 ms, found 5 plugins.
[Package Manager] Failed to launch server process. Reason: Unity was launched with the -noUpm command-line argument
[Package Manager] Unable to send message (not connected to server process).
[Package Manager] Cannot connect to Unity Package Manager local server
[Licensing::Client] Error: Code 404 while processing request (status: Found 0 entitlement groups and 0 free entitlements matching requested entitlement ids)
ScheduleIndexationOnStartup MainProcess:False IndexOnStartup:True
Mono: successfully reloaded assembly
- Finished resetting the current domain, in  2.060 seconds
Domain Reload Profiling: 2945ms
	BeginReloadAssembly (291ms)
		DisableScriptedObjects (9ms)
		CreateAndSetChildDomain (106ms)
	RebuildCommonClasses (10ms)
	RebuildNativeTypeToScriptingClass (16ms)
	initialDomainReloadingComplete (90ms)
	LoadAllAssembliesAndSetupDomain (478ms)
		LoadAssemblies (388ms)
		AnalyzeDomain (24ms)
			TypeCache.Refresh (12ms)
			ResolveRequiredComponents (6ms)
	FinalizeReload (2061ms)
		SetupLoadedEditorAssemblies (0ms)
			BeforeProcessingInitializeOnLoad (173ms)
			ProcessInitializeOnLoadAttributes (936ms)
			ProcessInitializeOnLoadMethodAttributes (589ms)
			AfterProcessingInitializeOnLoad (6ms)
		AwakeInstancesAfterBackupRestoration (43ms)
Refreshing native plugins compatible for Editor in 3.29 ms, found 5 plugins.
Unloading 65 Unused Serialized files (Serialized files now loaded: 0)
Unloading 10288 unused Assets / (21.1 MB). Loaded Objects now: 11595.
Memory consumption went from 0.76 GB to 0.74 GB.
Total: 28.141100 ms (FindLiveObjects: 1.185100 ms CreateObjectMapping: 5.497900 ms MarkObjects: 14.800800 ms  DeleteObjects: 6.655500 ms)

Prepare: number of updated asset objects reloaded= 0
========================================================================
Received Prepare
AcceleratorClientConnectionCallback - disconnected - :0
Refreshing native plugins compatible for Editor in 2.69 ms, found 5 plugins.
Unloading 65 Unused Serialized files (Serialized files now loaded: 0)
Unloading 10268 unused Assets / (21.3 MB). Loaded Objects now: 11595.
Memory consumption went from 0.76 GB to 0.74 GB.
Total: 25.633500 ms (FindLiveObjects: 1.023100 ms CreateObjectMapping: 4.575400 ms MarkObjects: 14.063200 ms  DeleteObjects: 5.970900 ms)

Prepare: number of updated asset objects reloaded= 0
========================================================================
Received Prepare
AcceleratorClientConnectionCallback - disconnected - :0
Begin MonoManager ReloadAssembly
Symbol file LoadedFromMemory is not a mono symbol file
Symbol file LoadedFromMemory is not a mono symbol file
Refreshing native plugins compatible for Editor in 2.27 ms, found 5 plugins.
Native extension for WindowsStandalone target not found
Native extension for WebGL target not found
[Package Manager] Failed to launch server process. Reason: Unity was launched with the -noUpm command-line argument
[Package Manager] Unable to send message (not connected to server process).
[Package Manager] Cannot connect to Unity Package Manager local server
Refreshing native plugins compatible for Editor in 2.40 ms, found 5 plugins.
[Package Manager] Failed to launch server process. Reason: Unity was launched with the -noUpm command-line argument
[Package Manager] Unable to send message (not connected to server process).
[Package Manager] Cannot connect to Unity Package Manager local server
[Licensing::Client] Error: Code 404 while processing request (status: Found 0 entitlement groups and 0 free entitlements matching requested entitlement ids)
ScheduleIndexationOnStartup MainProcess:False IndexOnStartup:True
Mono: successfully reloaded assembly
- Finished resetting the current domain, in  2.000 seconds
Domain Reload Profiling: 3222ms
	BeginReloadAssembly (282ms)
		DisableScriptedObjects (9ms)
		CreateAndSetChildDomain (102ms)
	RebuildCommonClasses (10ms)
	RebuildNativeTypeToScriptingClass (22ms)
	initialDomainReloadingComplete (90ms)
	LoadAllAssembliesAndSetupDomain (817ms)
		LoadAssemblies (390ms)
		AnalyzeDomain (352ms)
			TypeCache.Refresh (14ms)
			BuildScriptInfoCaches (330ms)
			ResolveRequiredComponents (5ms)
	FinalizeReload (2001ms)
		SetupLoadedEditorAssemblies (0ms)
			BeforeProcessingInitializeOnLoad (154ms)
			ProcessInitializeOnLoadAttributes (949ms)
			ProcessInitializeOnLoadMethodAttributes (524ms)
			AfterProcessingInitializeOnLoad (7ms)
		AwakeInstancesAfterBackupRestoration (36ms)
Refreshing native plugins compatible for Editor in 2.32 ms, found 5 plugins.
Unloading 65 Unused Serialized files (Serialized files now loaded: 0)
Unloading 10288 unused Assets / (21.0 MB). Loaded Objects now: 11598.
Memory consumption went from 0.77 GB to 0.75 GB.
Total: 25.200400 ms (FindLiveObjects: 1.129800 ms CreateObjectMapping: 4.919800 ms MarkObjects: 13.749100 ms  DeleteObjects: 5.399500 ms)

Prepare: number of updated asset objects reloaded= 0
========================================================================
Received Prepare
AcceleratorClientConnectionCallback - disconnected - :0
Begin MonoManager ReloadAssembly
Symbol file LoadedFromMemory is not a mono symbol file
Symbol file LoadedFromMemory is not a mono symbol file
Refreshing native plugins compatible for Editor in 2.17 ms, found 5 plugins.
Native extension for WindowsStandalone target not found
Native extension for WebGL target not found
[Package Manager] Failed to launch server process. Reason: Unity was launched with the -noUpm command-line argument
[Package Manager] Unable to send message (not connected to server process).
[Package Manager] Cannot connect to Unity Package Manager local server
Refreshing native plugins compatible for Editor in 2.68 ms, found 5 plugins.
[Package Manager] Failed to launch server process. Reason: Unity was launched with the -noUpm command-line argument
[Package Manager] Unable to send message (not connected to server process).
[Package Manager] Cannot connect to Unity Package Manager local server
[Licensing::Client] Error: Code 404 while processing request (status: Found 0 entitlement groups and 0 free entitlements matching requested entitlement ids)
ScheduleIndexationOnStartup MainProcess:False IndexOnStartup:True
Mono: successfully reloaded assembly
- Finished resetting the current domain, in  2.127 seconds
Domain Reload Profiling: 3032ms
	BeginReloadAssembly (300ms)
		DisableScriptedObjects (9ms)
		CreateAndSetChildDomain (107ms)
	RebuildCommonClasses (14ms)
	RebuildNativeTypeToScriptingClass (16ms)
	initialDomainReloadingComplete (90ms)
	LoadAllAssembliesAndSetupDomain (483ms)
		LoadAssemblies (407ms)
		AnalyzeDomain (19ms)
			TypeCache.Refresh (10ms)
			ResolveRequiredComponents (5ms)
	FinalizeReload (2128ms)
		SetupLoadedEditorAssemblies (0ms)
			BeforeProcessingInitializeOnLoad (164ms)
			ProcessInitializeOnLoadAttributes (1020ms)
			ProcessInitializeOnLoadMethodAttributes (588ms)
			AfterProcessingInitializeOnLoad (7ms)
		AwakeInstancesAfterBackupRestoration (40ms)
Refreshing native plugins compatible for Editor in 2.63 ms, found 5 plugins.
Unloading 65 Unused Serialized files (Serialized files now loaded: 0)
Unloading 10288 unused Assets / (21.8 MB). Loaded Objects now: 11601.
Memory consumption went from 0.77 GB to 0.75 GB.
Total: 27.697400 ms (FindLiveObjects: 1.103400 ms CreateObjectMapping: 5.283000 ms MarkObjects: 14.197900 ms  DeleteObjects: 7.111700 ms)

Prepare: number of updated asset objects reloaded= 0
========================================================================
Received Prepare
AcceleratorClientConnectionCallback - disconnected - :0
Refreshing native plugins compatible for Editor in 3.44 ms, found 5 plugins.
Unloading 65 Unused Serialized files (Serialized files now loaded: 0)
Unloading 10268 unused Assets / (19.9 MB). Loaded Objects now: 11601.
Memory consumption went from 0.77 GB to 0.75 GB.
Total: 33.300900 ms (FindLiveObjects: 1.634900 ms CreateObjectMapping: 6.219100 ms MarkObjects: 18.044900 ms  DeleteObjects: 7.400600 ms)

Prepare: number of updated asset objects reloaded= 0
========================================================================
Received Prepare
AcceleratorClientConnectionCallback - disconnected - :0
[Licensing::Client] Successfully resolved entitlement details
Begin MonoManager ReloadAssembly
Symbol file LoadedFromMemory is not a mono symbol file
Symbol file LoadedFromMemory is not a mono symbol file
Refreshing native plugins compatible for Editor in 3.47 ms, found 5 plugins.
Native extension for WindowsStandalone target not found
Native extension for WebGL target not found
[Package Manager] Failed to launch server process. Reason: Unity was launched with the -noUpm command-line argument
[Package Manager] Unable to send message (not connected to server process).
[Package Manager] Cannot connect to Unity Package Manager local server
Refreshing native plugins compatible for Editor in 2.88 ms, found 5 plugins.
[Package Manager] Failed to launch server process. Reason: Unity was launched with the -noUpm command-line argument
[Package Manager] Unable to send message (not connected to server process).
[Package Manager] Cannot connect to Unity Package Manager local server
[Licensing::Client] Error: Code 404 while processing request (status: Found 0 entitlement groups and 0 free entitlements matching requested entitlement ids)
ScheduleIndexationOnStartup MainProcess:False IndexOnStartup:True
Mono: successfully reloaded assembly
- Finished resetting the current domain, in  2.205 seconds
Domain Reload Profiling: 3629ms
	BeginReloadAssembly (365ms)
		DisableScriptedObjects (14ms)
		CreateAndSetChildDomain (133ms)
	RebuildCommonClasses (10ms)
	RebuildNativeTypeToScriptingClass (19ms)
	initialDomainReloadingComplete (105ms)
	LoadAllAssembliesAndSetupDomain (924ms)
		LoadAssemblies (470ms)
		AnalyzeDomain (393ms)
			TypeCache.Refresh (15ms)
			BuildScriptInfoCaches (367ms)
			ResolveRequiredComponents (7ms)
	FinalizeReload (2206ms)
		SetupLoadedEditorAssemblies (0ms)
			InitializePlatformSupportModulesInManaged (3ms)
			BeforeProcessingInitializeOnLoad (190ms)
			ProcessInitializeOnLoadAttributes (1014ms)
			ProcessInitializeOnLoadMethodAttributes (561ms)
			AfterProcessingInitializeOnLoad (6ms)
		AwakeInstancesAfterBackupRestoration (41ms)
Refreshing native plugins compatible for Editor in 3.03 ms, found 5 plugins.
Unloading 65 Unused Serialized files (Serialized files now loaded: 0)
Unloading 10288 unused Assets / (21.9 MB). Loaded Objects now: 11604.
Memory consumption went from 0.78 GB to 0.76 GB.
Total: 26.974800 ms (FindLiveObjects: 1.389800 ms CreateObjectMapping: 4.869400 ms MarkObjects: 12.962300 ms  DeleteObjects: 7.752000 ms)

Prepare: number of updated asset objects reloaded= 0
========================================================================
Received Prepare
AcceleratorClientConnectionCallback - disconnected - :0
Begin MonoManager ReloadAssembly
Symbol file LoadedFromMemory is not a mono symbol file
Symbol file LoadedFromMemory is not a mono symbol file
Refreshing native plugins compatible for Editor in 2.71 ms, found 5 plugins.
Native extension for WindowsStandalone target not found
Native extension for WebGL target not found
[Package Manager] Failed to launch server process. Reason: Unity was launched with the -noUpm command-line argument
[Package Manager] Unable to send message (not connected to server process).
[Package Manager] Cannot connect to Unity Package Manager local server
Refreshing native plugins compatible for Editor in 3.33 ms, found 5 plugins.
[Package Manager] Failed to launch server process. Reason: Unity was launched with the -noUpm command-line argument
[Package Manager] Unable to send message (not connected to server process).
[Package Manager] Cannot connect to Unity Package Manager local server
[Licensing::Client] Error: Code 404 while processing request (status: Found 0 entitlement groups and 0 free entitlements matching requested entitlement ids)
ScheduleIndexationOnStartup MainProcess:False IndexOnStartup:True
Mono: successfully reloaded assembly
- Finished resetting the current domain, in  2.092 seconds
Domain Reload Profiling: 2965ms
	BeginReloadAssembly (280ms)
		DisableScriptedObjects (9ms)
		CreateAndSetChildDomain (98ms)
	RebuildCommonClasses (10ms)
	RebuildNativeTypeToScriptingClass (17ms)
	initialDomainReloadingComplete (85ms)
	LoadAllAssembliesAndSetupDomain (480ms)
		LoadAssemblies (392ms)
		AnalyzeDomain (19ms)
			TypeCache.Refresh (10ms)
			ResolveRequiredComponents (5ms)
	FinalizeReload (2094ms)
		SetupLoadedEditorAssemblies (0ms)
			BeforeProcessingInitializeOnLoad (175ms)
			ProcessInitializeOnLoadAttributes (972ms)
			ProcessInitializeOnLoadMethodAttributes (599ms)
			AfterProcessingInitializeOnLoad (6ms)
		AwakeInstancesAfterBackupRestoration (42ms)
Refreshing native plugins compatible for Editor in 2.54 ms, found 5 plugins.
Unloading 65 Unused Serialized files (Serialized files now loaded: 0)
Unloading 10288 unused Assets / (22.3 MB). Loaded Objects now: 11607.
Memory consumption went from 0.78 GB to 0.76 GB.
Total: 29.543300 ms (FindLiveObjects: 1.273400 ms CreateObjectMapping: 5.521100 ms MarkObjects: 13.992500 ms  DeleteObjects: 8.755500 ms)

Prepare: number of updated asset objects reloaded= 0
========================================================================
Received Prepare
AcceleratorClientConnectionCallback - disconnected - :0
Refreshing native plugins compatible for Editor in 2.59 ms, found 5 plugins.
Unloading 65 Unused Serialized files (Serialized files now loaded: 0)
Unloading 10268 unused Assets / (20.0 MB). Loaded Objects now: 11607.
Memory consumption went from 0.79 GB to 0.77 GB.
Total: 28.057500 ms (FindLiveObjects: 1.421400 ms CreateObjectMapping: 5.785100 ms MarkObjects: 15.387400 ms  DeleteObjects: 5.462000 ms)

Prepare: number of updated asset objects reloaded= 0
========================================================================
Received Prepare
AcceleratorClientConnectionCallback - disconnected - :0
[Licensing::Client] Successfully resolved entitlement details
Begin MonoManager ReloadAssembly
Symbol file LoadedFromMemory is not a mono symbol file
Symbol file LoadedFromMemory is not a mono symbol file
Refreshing native plugins compatible for Editor in 2.94 ms, found 5 plugins.
Native extension for WindowsStandalone target not found
Native extension for WebGL target not found
[Package Manager] Failed to launch server process. Reason: Unity was launched with the -noUpm command-line argument
[Package Manager] Unable to send message (not connected to server process).
[Package Manager] Cannot connect to Unity Package Manager local server
Refreshing native plugins compatible for Editor in 3.67 ms, found 5 plugins.
[Package Manager] Failed to launch server process. Reason: Unity was launched with the -noUpm command-line argument
[Package Manager] Unable to send message (not connected to server process).
[Package Manager] Cannot connect to Unity Package Manager local server
[Licensing::Client] Error: Code 404 while processing request (status: Found 0 entitlement groups and 0 free entitlements matching requested entitlement ids)
ScheduleIndexationOnStartup MainProcess:False IndexOnStartup:True
Mono: successfully reloaded assembly
- Finished resetting the current domain, in  2.342 seconds
Domain Reload Profiling: 3811ms
	BeginReloadAssembly (364ms)
		DisableScriptedObjects (10ms)
		CreateAndSetChildDomain (134ms)
	RebuildCommonClasses (9ms)
	RebuildNativeTypeToScriptingClass (22ms)
	initialDomainReloadingComplete (102ms)
	LoadAllAssembliesAndSetupDomain (969ms)
		LoadAssemblies (461ms)
		AnalyzeDomain (429ms)
			TypeCache.Refresh (15ms)
			BuildScriptInfoCaches (404ms)
			ResolveRequiredComponents (8ms)
	FinalizeReload (2344ms)
		SetupLoadedEditorAssemblies (0ms)
			BeforeProcessingInitializeOnLoad (173ms)
			ProcessInitializeOnLoadAttributes (1101ms)
			ProcessInitializeOnLoadMethodAttributes (633ms)
			AfterProcessingInitializeOnLoad (8ms)
		AwakeInstancesAfterBackupRestoration (43ms)
Refreshing native plugins compatible for Editor in 2.33 ms, found 5 plugins.
Unloading 65 Unused Serialized files (Serialized files now loaded: 0)
Unloading 10288 unused Assets / (20.6 MB). Loaded Objects now: 11610.
Memory consumption went from 0.79 GB to 0.77 GB.
Total: 33.132900 ms (FindLiveObjects: 1.294100 ms CreateObjectMapping: 5.921800 ms MarkObjects: 17.051700 ms  DeleteObjects: 8.863800 ms)

Prepare: number of updated asset objects reloaded= 0
========================================================================
Received Prepare
AcceleratorClientConnectionCallback - disconnected - :0
Begin MonoManager ReloadAssembly
Symbol file LoadedFromMemory is not a mono symbol file
Symbol file LoadedFromMemory is not a mono symbol file
Refreshing native plugins compatible for Editor in 2.67 ms, found 5 plugins.
Native extension for WindowsStandalone target not found
Native extension for WebGL target not found
[Package Manager] Failed to launch server process. Reason: Unity was launched with the -noUpm command-line argument
[Package Manager] Unable to send message (not connected to server process).
[Package Manager] Cannot connect to Unity Package Manager local server
Refreshing native plugins compatible for Editor in 2.84 ms, found 5 plugins.
[Package Manager] Failed to launch server process. Reason: Unity was launched with the -noUpm command-line argument
[Package Manager] Unable to send message (not connected to server process).
[Package Manager] Cannot connect to Unity Package Manager local server
[Licensing::Client] Error: Code 404 while processing request (status: Found 0 entitlement groups and 0 free entitlements matching requested entitlement ids)
ScheduleIndexationOnStartup MainProcess:False IndexOnStartup:True
Mono: successfully reloaded assembly
- Finished resetting the current domain, in  2.179 seconds
Domain Reload Profiling: 3052ms
	BeginReloadAssembly (281ms)
		DisableScriptedObjects (9ms)
		CreateAndSetChildDomain (100ms)
	RebuildCommonClasses (11ms)
	RebuildNativeTypeToScriptingClass (16ms)
	initialDomainReloadingComplete (86ms)
	LoadAllAssembliesAndSetupDomain (478ms)
		LoadAssemblies (382ms)
		AnalyzeDomain (19ms)
			TypeCache.Refresh (9ms)
			ResolveRequiredComponents (5ms)
	FinalizeReload (2181ms)
		SetupLoadedEditorAssemblies (0ms)
			BeforeProcessingInitializeOnLoad (175ms)
			ProcessInitializeOnLoadAttributes (997ms)
			ProcessInitializeOnLoadMethodAttributes (626ms)
			AfterProcessingInitializeOnLoad (6ms)
		AwakeInstancesAfterBackupRestoration (62ms)
Refreshing native plugins compatible for Editor in 2.56 ms, found 5 plugins.
Unloading 65 Unused Serialized files (Serialized files now loaded: 0)
Unloading 10288 unused Assets / (21.0 MB). Loaded Objects now: 11613.
Memory consumption went from 0.79 GB to 0.77 GB.
Total: 29.135300 ms (FindLiveObjects: 1.337800 ms CreateObjectMapping: 5.460900 ms MarkObjects: 15.277200 ms  DeleteObjects: 7.058500 ms)

Prepare: number of updated asset objects reloaded= 0
========================================================================
Received Import Request.
  Time of request: 2026-08-29T05:45:48.3960384Z
  Time since last request: 2925.88215979999995 seconds.
  importAddress: GUID: 7cc55c01dd2b6764ea1a70963567ba8a - Path: Assets/Prefabs/Logistics/Conveyors/EndCaps/EndCapConveyor.prefab - Importer: PreviewImporter
Importing 'GUID: 7cc55c01dd2b6764ea1a70963567ba8a - Path: Assets/Prefabs/Logistics/Conveyors/EndCaps/EndCapConveyor.prefab - Importer: PreviewImporter' with importer (PreviewImporter)
Imported 'GUID: 7cc55c01dd2b6764ea1a70963567ba8a' -> (Import Result ID: 'f12512fae2c573151e67931fc277c60a') in 0.562 seconds [static and dynamic dependencies]. Details - ImportResultOutputID=4240811f8c2b373421aa634ad0fadd45 DependenciesID=02d38a0c79bbedb39b8f866b1ef1ba22 StaticDependenciesID=c1ba9679e2e704fae13c11c4ee3c80f3 
Number of updated asset objects reloaded before import = 0
Number of asset objects unloaded after import = 25
========================================================================
Received Prepare
AcceleratorClientConnectionCallback - disconnected - :0
Refreshing native plugins compatible for Editor in 3.05 ms, found 5 plugins.
Unloading 65 Unused Serialized files (Serialized files now loaded: 0)
Unloading 10268 unused Assets / (19.1 MB). Loaded Objects now: 11724.
Memory consumption went from 0.61 GB to 0.59 GB.
Total: 33.978500 ms (FindLiveObjects: 0.981500 ms CreateObjectMapping: 4.585900 ms MarkObjects: 22.387500 ms  DeleteObjects: 6.022000 ms)

Prepare: number of updated asset objects reloaded= 0
========================================================================
Received Prepare
AcceleratorClientConnectionCallback - disconnected - :0
[Licensing::Client] Successfully resolved entitlement details
Begin MonoManager ReloadAssembly
Symbol file LoadedFromMemory is not a mono symbol file
Symbol file LoadedFromMemory is not a mono symbol file
Refreshing native plugins compatible for Editor in 2.25 ms, found 5 plugins.
Native extension for WindowsStandalone target not found
Native extension for WebGL target not found
[Package Manager] Failed to launch server process. Reason: Unity was launched with the -noUpm command-line argument
[Package Manager] Unable to send message (not connected to server process).
[Package Manager] Cannot connect to Unity Package Manager local server
Refreshing native plugins compatible for Editor in 3.99 ms, found 5 plugins.
[Package Manager] Failed to launch server process. Reason: Unity was launched with the -noUpm command-line argument
[Package Manager] Unable to send message (not connected to server process).
[Package Manager] Cannot connect to Unity Package Manager local server
[Licensing::Client] Error: Code 404 while processing request (status: Found 0 entitlement groups and 0 free entitlements matching requested entitlement ids)
ScheduleIndexationOnStartup MainProcess:False IndexOnStartup:True
Mono: successfully reloaded assembly
- Finished resetting the current domain, in  2.269 seconds
Domain Reload Profiling: 3805ms
	BeginReloadAssembly (439ms)
		DisableScriptedObjects (25ms)
		CreateAndSetChildDomain (174ms)
	RebuildCommonClasses (10ms)
	RebuildNativeTypeToScriptingClass (19ms)
	initialDomainReloadingComplete (112ms)
	LoadAllAssembliesAndSetupDomain (955ms)
		LoadAssemblies (454ms)
		AnalyzeDomain (425ms)
			TypeCache.Refresh (16ms)
			BuildScriptInfoCaches (400ms)
			ResolveRequiredComponents (7ms)
	FinalizeReload (2270ms)
		SetupLoadedEditorAssemblies (0ms)
			BeforeProcessingInitializeOnLoad (193ms)
			ProcessInitializeOnLoadAttributes (1112ms)
			ProcessInitializeOnLoadMethodAttributes (580ms)
			AfterProcessingInitializeOnLoad (7ms)
		AwakeInstancesAfterBackupRestoration (50ms)
Refreshing native plugins compatible for Editor in 2.92 ms, found 5 plugins.
Unloading 65 Unused Serialized files (Serialized files now loaded: 0)
Unloading 10288 unused Assets / (21.6 MB). Loaded Objects now: 11636.
Memory consumption went from 0.61 GB to 0.58 GB.
Total: 29.055800 ms (FindLiveObjects: 1.137500 ms CreateObjectMapping: 6.276200 ms MarkObjects: 14.242100 ms  DeleteObjects: 7.398200 ms)

Prepare: number of updated asset objects reloaded= 0
========================================================================
Received Prepare
AcceleratorClientConnectionCallback - disconnected - :0
Refreshing native plugins compatible for Editor in 2.75 ms, found 5 plugins.
Unloading 65 Unused Serialized files (Serialized files now loaded: 0)
Unloading 65 unused Assets / (13.7 MB). Loaded Objects now: 11636.
Memory consumption went from 0.60 GB to 0.59 GB.
Total: 16.838300 ms (FindLiveObjects: 0.508600 ms CreateObjectMapping: 1.525700 ms MarkObjects: 13.182100 ms  DeleteObjects: 1.621200 ms)

Prepare: number of updated asset objects reloaded= 0
========================================================================
Received Prepare
AcceleratorClientConnectionCallback - disconnected - :0
Begin MonoManager ReloadAssembly
Symbol file LoadedFromMemory is not a mono symbol file
Symbol file LoadedFromMemory is not a mono symbol file
Refreshing native plugins compatible for Editor in 2.24 ms, found 5 plugins.
Native extension for WindowsStandalone target not found
Native extension for WebGL target not found
[Package Manager] Failed to launch server process. Reason: Unity was launched with the -noUpm command-line argument
[Package Manager] Unable to send message (not connected to server process).
[Package Manager] Cannot connect to Unity Package Manager local server
Refreshing native plugins compatible for Editor in 2.71 ms, found 5 plugins.
[Package Manager] Failed to launch server process. Reason: Unity was launched with the -noUpm command-line argument
[Package Manager] Unable to send message (not connected to server process).
[Package Manager] Cannot connect to Unity Package Manager local server
[Licensing::Client] Error: Code 404 while processing request (status: Found 0 entitlement groups and 0 free entitlements matching requested entitlement ids)
ScheduleIndexationOnStartup MainProcess:False IndexOnStartup:True
Mono: successfully reloaded assembly
- Finished resetting the current domain, in  2.176 seconds
Domain Reload Profiling: 3139ms
	BeginReloadAssembly (299ms)
		DisableScriptedObjects (10ms)
		CreateAndSetChildDomain (102ms)
	RebuildCommonClasses (10ms)
	RebuildNativeTypeToScriptingClass (16ms)
	initialDomainReloadingComplete (89ms)
	LoadAllAssembliesAndSetupDomain (547ms)
		LoadAssemblies (429ms)
		AnalyzeDomain (23ms)
			TypeCache.Refresh (12ms)
			ResolveRequiredComponents (5ms)
	FinalizeReload (2178ms)
		SetupLoadedEditorAssemblies (0ms)
			BeforeProcessingInitializeOnLoad (168ms)
			ProcessInitializeOnLoadAttributes (1001ms)
			ProcessInitializeOnLoadMethodAttributes (635ms)
			AfterProcessingInitializeOnLoad (6ms)
		AwakeInstancesAfterBackupRestoration (44ms)
Refreshing native plugins compatible for Editor in 2.92 ms, found 5 plugins.
Unloading 65 Unused Serialized files (Serialized files now loaded: 0)
Unloading 10288 unused Assets / (21.0 MB). Loaded Objects now: 11639.
Memory consumption went from 0.61 GB to 0.59 GB.
Total: 30.082100 ms (FindLiveObjects: 1.038600 ms CreateObjectMapping: 5.898500 ms MarkObjects: 15.589700 ms  DeleteObjects: 7.554400 ms)

Prepare: number of updated asset objects reloaded= 0
========================================================================
Received Prepare
AcceleratorClientConnectionCallback - disconnected - :0
Refreshing native plugins compatible for Editor in 2.86 ms, found 5 plugins.
Unloading 65 Unused Serialized files (Serialized files now loaded: 0)
Unloading 10268 unused Assets / (22.4 MB). Loaded Objects now: 11639.
Memory consumption went from 0.61 GB to 0.59 GB.
Total: 32.174100 ms (FindLiveObjects: 1.396900 ms CreateObjectMapping: 6.925000 ms MarkObjects: 14.825100 ms  DeleteObjects: 9.025700 ms)

Prepare: number of updated asset objects reloaded= 0
========================================================================
Received Prepare
AcceleratorClientConnectionCallback - disconnected - :0
Begin MonoManager ReloadAssembly
Symbol file LoadedFromMemory is not a mono symbol file
Symbol file LoadedFromMemory is not a mono symbol file
Refreshing native plugins compatible for Editor in 2.46 ms, found 5 plugins.
Native extension for WindowsStandalone target not found
Native extension for WebGL target not found
[Package Manager] Failed to launch server process. Reason: Unity was launched with the -noUpm command-line argument
[Package Manager] Unable to send message (not connected to server process).
[Package Manager] Cannot connect to Unity Package Manager local server
Refreshing native plugins compatible for Editor in 3.06 ms, found 5 plugins.
[Package Manager] Failed to launch server process. Reason: Unity was launched with the -noUpm command-line argument
[Package Manager] Unable to send message (not connected to server process).
[Package Manager] Cannot connect to Unity Package Manager local server
[Licensing::Client] Error: Code 404 while processing request (status: Found 0 entitlement groups and 0 free entitlements matching requested entitlement ids)
ScheduleIndexationOnStartup MainProcess:False IndexOnStartup:True
Mono: successfully reloaded assembly
- Finished resetting the current domain, in  2.120 seconds
Domain Reload Profiling: 3572ms
	BeginReloadAssembly (367ms)
		DisableScriptedObjects (14ms)
		CreateAndSetChildDomain (143ms)
	RebuildCommonClasses (13ms)
	RebuildNativeTypeToScriptingClass (18ms)
	initialDomainReloadingComplete (95ms)
	LoadAllAssembliesAndSetupDomain (957ms)
		LoadAssemblies (469ms)
		AnalyzeDomain (436ms)
			TypeCache.Refresh (16ms)
			BuildScriptInfoCaches (408ms)
			ResolveRequiredComponents (9ms)
	FinalizeReload (2122ms)
		SetupLoadedEditorAssemblies (0ms)
			BeforeProcessingInitializeOnLoad (173ms)
			ProcessInitializeOnLoadAttributes (1029ms)
			ProcessInitializeOnLoadMethodAttributes (563ms)
			AfterProcessingInitializeOnLoad (5ms)
		AwakeInstancesAfterBackupRestoration (39ms)
Refreshing native plugins compatible for Editor in 2.86 ms, found 5 plugins.
Unloading 65 Unused Serialized files (Serialized files now loaded: 0)
Unloading 10288 unused Assets / (21.3 MB). Loaded Objects now: 11642.
Memory consumption went from 0.62 GB to 0.60 GB.
Total: 30.076800 ms (FindLiveObjects: 1.528900 ms CreateObjectMapping: 5.078300 ms MarkObjects: 16.593500 ms  DeleteObjects: 6.875100 ms)

Prepare: number of updated asset objects reloaded= 0
========================================================================
Received Prepare
AcceleratorClientConnectionCallback - disconnected - :0
Refreshing native plugins compatible for Editor in 2.41 ms, found 5 plugins.
Unloading 65 Unused Serialized files (Serialized files now loaded: 0)
Unloading 65 unused Assets / (13.7 MB). Loaded Objects now: 11642.
Memory consumption went from 0.61 GB to 0.60 GB.
Total: 17.317300 ms (FindLiveObjects: 0.546700 ms CreateObjectMapping: 1.613900 ms MarkObjects: 13.542600 ms  DeleteObjects: 1.612900 ms)

Prepare: number of updated asset objects reloaded= 0
========================================================================
Received Prepare
AcceleratorClientConnectionCallback - disconnected - :0
[Licensing::Client] Successfully resolved entitlement details
Begin MonoManager ReloadAssembly
Symbol file LoadedFromMemory is not a mono symbol file
Symbol file LoadedFromMemory is not a mono symbol file
Refreshing native plugins compatible for Editor in 2.33 ms, found 5 plugins.
Native extension for WindowsStandalone target not found
Native extension for WebGL target not found
[Package Manager] Failed to launch server process. Reason: Unity was launched with the -noUpm command-line argument
[Package Manager] Unable to send message (not connected to server process).
[Package Manager] Cannot connect to Unity Package Manager local server
Refreshing native plugins compatible for Editor in 2.68 ms, found 5 plugins.
[Package Manager] Failed to launch server process. Reason: Unity was launched with the -noUpm command-line argument
[Package Manager] Unable to send message (not connected to server process).
[Package Manager] Cannot connect to Unity Package Manager local server
[Licensing::Client] Error: Code 404 while processing request (status: Found 0 entitlement groups and 0 free entitlements matching requested entitlement ids)
ScheduleIndexationOnStartup MainProcess:False IndexOnStartup:True
Mono: successfully reloaded assembly
- Finished resetting the current domain, in  2.261 seconds
Domain Reload Profiling: 3168ms
	BeginReloadAssembly (299ms)
		DisableScriptedObjects (20ms)
		CreateAndSetChildDomain (112ms)
	RebuildCommonClasses (12ms)
	RebuildNativeTypeToScriptingClass (19ms)
	initialDomainReloadingComplete (93ms)
	LoadAllAssembliesAndSetupDomain (482ms)
		LoadAssemblies (383ms)
		AnalyzeDomain (20ms)
			TypeCache.Refresh (10ms)
			ResolveRequiredComponents (5ms)
	FinalizeReload (2262ms)
		SetupLoadedEditorAssemblies (0ms)
			BeforeProcessingInitializeOnLoad (162ms)
			ProcessInitializeOnLoadAttributes (1094ms)
			ProcessInitializeOnLoadMethodAttributes (612ms)
			AfterProcessingInitializeOnLoad (7ms)
		AwakeInstancesAfterBackupRestoration (47ms)
Refreshing native plugins compatible for Editor in 2.58 ms, found 5 plugins.
Unloading 65 Unused Serialized files (Serialized files now loaded: 0)
Unloading 10288 unused Assets / (21.2 MB). Loaded Objects now: 11645.
Memory consumption went from 0.62 GB to 0.60 GB.
Total: 30.713600 ms (FindLiveObjects: 1.279100 ms CreateObjectMapping: 5.389900 ms MarkObjects: 16.622600 ms  DeleteObjects: 7.420400 ms)

Prepare: number of updated asset objects reloaded= 0
========================================================================
Received Prepare
AcceleratorClientConnectionCallback - disconnected - :0
Refreshing native plugins compatible for Editor in 2.53 ms, found 5 plugins.
Unloading 65 Unused Serialized files (Serialized files now loaded: 0)
Unloading 65 unused Assets / (13.7 MB). Loaded Objects now: 11645.
Memory consumption went from 0.62 GB to 0.60 GB.
Total: 17.513100 ms (FindLiveObjects: 0.615600 ms CreateObjectMapping: 1.713100 ms MarkObjects: 13.367200 ms  DeleteObjects: 1.816000 ms)

Prepare: number of updated asset objects reloaded= 0
========================================================================
Received Import Request.
  Time of request: 2026-08-29T05:48:33.5391143Z
  Time since last request: 164.56745079999999 seconds.
  importAddress: GUID: 7cc55c01dd2b6764ea1a70963567ba8a - Path: Assets/Prefabs/Logistics/Conveyors/EndCaps/EndCapConveyor.prefab - Importer: PreviewImporter
Importing 'GUID: 7cc55c01dd2b6764ea1a70963567ba8a - Path: Assets/Prefabs/Logistics/Conveyors/EndCaps/EndCapConveyor.prefab - Importer: PreviewImporter' with importer (PreviewImporter)
Imported 'GUID: 7cc55c01dd2b6764ea1a70963567ba8a' -> (Import Result ID: 'c6a0c3bb25073cba6a3c601622e80c1e') in 0.445 seconds [static and dynamic dependencies]. Details - ImportResultOutputID=0b38c6b60d570e2d79b79979c60b9afc DependenciesID=e146246800fe198a3347ff6a81917cba StaticDependenciesID=a8eb5141c8a9dea06a328a350720eab6 
Number of updated asset objects reloaded before import = 0
Number of asset objects unloaded after import = 25
========================================================================
Received Prepare
AcceleratorClientConnectionCallback - disconnected - :0
Begin MonoManager ReloadAssembly
Symbol file LoadedFromMemory is not a mono symbol file
Symbol file LoadedFromMemory is not a mono symbol file
Refreshing native plugins compatible for Editor in 2.25 ms, found 5 plugins.
Native extension for WindowsStandalone target not found
Native extension for WebGL target not found
[Package Manager] Failed to launch server process. Reason: Unity was launched with the -noUpm command-line argument
[Package Manager] Unable to send message (not connected to server process).
[Package Manager] Cannot connect to Unity Package Manager local server
Refreshing native plugins compatible for Editor in 3.46 ms, found 5 plugins.
[Package Manager] Failed to launch server process. Reason: Unity was launched with the -noUpm command-line argument
[Package Manager] Unable to send message (not connected to server process).
[Package Manager] Cannot connect to Unity Package Manager local server
[Licensing::Client] Error: Code 404 while processing request (status: Found 0 entitlement groups and 0 free entitlements matching requested entitlement ids)
ScheduleIndexationOnStartup MainProcess:False IndexOnStartup:True
Mono: successfully reloaded assembly
- Finished resetting the current domain, in  2.226 seconds
Domain Reload Profiling: 3123ms
	BeginReloadAssembly (313ms)
		DisableScriptedObjects (24ms)
		CreateAndSetChildDomain (100ms)
	RebuildCommonClasses (11ms)
	RebuildNativeTypeToScriptingClass (16ms)
	initialDomainReloadingComplete (86ms)
	LoadAllAssembliesAndSetupDomain (469ms)
		LoadAssemblies (385ms)
		AnalyzeDomain (19ms)
			TypeCache.Refresh (10ms)
			ResolveRequiredComponents (5ms)
	FinalizeReload (2228ms)
		SetupLoadedEditorAssemblies (0ms)
			BeforeProcessingInitializeOnLoad (173ms)
			ProcessInitializeOnLoadAttributes (1056ms)
			ProcessInitializeOnLoadMethodAttributes (637ms)
			AfterProcessingInitializeOnLoad (6ms)
		AwakeInstancesAfterBackupRestoration (49ms)
Refreshing native plugins compatible for Editor in 2.78 ms, found 5 plugins.
Unloading 65 Unused Serialized files (Serialized files now loaded: 0)
Unloading 10288 unused Assets / (21.3 MB). Loaded Objects now: 11668.
Memory consumption went from 0.61 GB to 0.59 GB.
Total: 30.629800 ms (FindLiveObjects: 0.956100 ms CreateObjectMapping: 4.860200 ms MarkObjects: 17.261500 ms  DeleteObjects: 7.550800 ms)

Prepare: number of updated asset objects reloaded= 0
========================================================================
Received Prepare
AcceleratorClientConnectionCallback - disconnected - :0
Refreshing native plugins compatible for Editor in 2.93 ms, found 5 plugins.
Unloading 65 Unused Serialized files (Serialized files now loaded: 0)
Unloading 10268 unused Assets / (20.5 MB). Loaded Objects now: 11668.
Memory consumption went from 0.61 GB to 0.59 GB.
Total: 29.632300 ms (FindLiveObjects: 1.572900 ms CreateObjectMapping: 5.810600 ms MarkObjects: 16.600600 ms  DeleteObjects: 5.646700 ms)

Prepare: number of updated asset objects reloaded= 0
========================================================================
Received Prepare
AcceleratorClientConnectionCallback - disconnected - :0
[Licensing::Client] Successfully resolved entitlement details
Begin MonoManager ReloadAssembly
Symbol file LoadedFromMemory is not a mono symbol file
Symbol file LoadedFromMemory is not a mono symbol file
Refreshing native plugins compatible for Editor in 3.00 ms, found 5 plugins.
Native extension for WindowsStandalone target not found
Native extension for WebGL target not found
[Package Manager] Failed to launch server process. Reason: Unity was launched with the -noUpm command-line argument
[Package Manager] Unable to send message (not connected to server process).
[Package Manager] Cannot connect to Unity Package Manager local server
Refreshing native plugins compatible for Editor in 3.94 ms, found 5 plugins.
[Package Manager] Failed to launch server process. Reason: Unity was launched with the -noUpm command-line argument
[Package Manager] Unable to send message (not connected to server process).
[Package Manager] Cannot connect to Unity Package Manager local server
[Licensing::Client] Error: Code 404 while processing request (status: Found 0 entitlement groups and 0 free entitlements matching requested entitlement ids)
ScheduleIndexationOnStartup MainProcess:False IndexOnStartup:True
Mono: successfully reloaded assembly
- Finished resetting the current domain, in  2.502 seconds
Domain Reload Profiling: 4034ms
	BeginReloadAssembly (373ms)
		DisableScriptedObjects (16ms)
		CreateAndSetChildDomain (139ms)
	RebuildCommonClasses (16ms)
	RebuildNativeTypeToScriptingClass (24ms)
	initialDomainReloadingComplete (114ms)
	LoadAllAssembliesAndSetupDomain (1004ms)
		LoadAssemblies (470ms)
		AnalyzeDomain (452ms)
			TypeCache.Refresh (16ms)
			BuildScriptInfoCaches (425ms)
			ResolveRequiredComponents (8ms)
	FinalizeReload (2503ms)
		SetupLoadedEditorAssemblies (0ms)
			BeforeProcessingInitializeOnLoad (192ms)
			ProcessInitializeOnLoadAttributes (1228ms)
			ProcessInitializeOnLoadMethodAttributes (633ms)
			AfterProcessingInitializeOnLoad (7ms)
		AwakeInstancesAfterBackupRestoration (48ms)
Refreshing native plugins compatible for Editor in 3.60 ms, found 5 plugins.
Unloading 65 Unused Serialized files (Serialized files now loaded: 0)
Unloading 10288 unused Assets / (22.7 MB). Loaded Objects now: 11671.
Memory consumption went from 0.62 GB to 0.59 GB.
Total: 31.072100 ms (FindLiveObjects: 1.251100 ms CreateObjectMapping: 5.417800 ms MarkObjects: 16.601200 ms  DeleteObjects: 7.800100 ms)

Prepare: number of updated asset objects reloaded= 0
========================================================================
Received Prepare
AcceleratorClientConnectionCallback - disconnected - :0
Refreshing native plugins compatible for Editor in 3.33 ms, found 5 plugins.
Unloading 65 Unused Serialized files (Serialized files now loaded: 0)
Unloading 10268 unused Assets / (20.0 MB). Loaded Objects now: 11671.
Memory consumption went from 0.62 GB to 0.60 GB.
Total: 28.105100 ms (FindLiveObjects: 1.012400 ms CreateObjectMapping: 4.620000 ms MarkObjects: 15.460100 ms  DeleteObjects: 7.011300 ms)

Prepare: number of updated asset objects reloaded= 0
========================================================================
Received Prepare
AcceleratorClientConnectionCallback - disconnected - :0
Begin MonoManager ReloadAssembly
Symbol file LoadedFromMemory is not a mono symbol file
Symbol file LoadedFromMemory is not a mono symbol file
Refreshing native plugins compatible for Editor in 4.37 ms, found 5 plugins.
Native extension for WindowsStandalone target not found
Native extension for WebGL target not found
[Package Manager] Failed to launch server process. Reason: Unity was launched with the -noUpm command-line argument
[Package Manager] Unable to send message (not connected to server process).
[Package Manager] Cannot connect to Unity Package Manager local server
Refreshing native plugins compatible for Editor in 4.89 ms, found 5 plugins.
[Package Manager] Failed to launch server process. Reason: Unity was launched with the -noUpm command-line argument
[Package Manager] Unable to send message (not connected to server process).
[Package Manager] Cannot connect to Unity Package Manager local server
[Licensing::Client] Error: Code 404 while processing request (status: Found 0 entitlement groups and 0 free entitlements matching requested entitlement ids)
ScheduleIndexationOnStartup MainProcess:False IndexOnStartup:True
Mono: successfully reloaded assembly
- Finished resetting the current domain, in  2.409 seconds
Domain Reload Profiling: 3934ms
	BeginReloadAssembly (388ms)
		DisableScriptedObjects (12ms)
		CreateAndSetChildDomain (142ms)
	RebuildCommonClasses (17ms)
	RebuildNativeTypeToScriptingClass (23ms)
	initialDomainReloadingComplete (105ms)
	LoadAllAssembliesAndSetupDomain (991ms)
		LoadAssemblies (472ms)
		AnalyzeDomain (424ms)
			TypeCache.Refresh (16ms)
			BuildScriptInfoCaches (400ms)
			ResolveRequiredComponents (6ms)
	FinalizeReload (2410ms)
		SetupLoadedEditorAssemblies (0ms)
			BeforeProcessingInitializeOnLoad (221ms)
			ProcessInitializeOnLoadAttributes (1177ms)
			ProcessInitializeOnLoadMethodAttributes (595ms)
			AfterProcessingInitializeOnLoad (7ms)
		AwakeInstancesAfterBackupRestoration (43ms)
Refreshing native plugins compatible for Editor in 3.03 ms, found 5 plugins.
Unloading 65 Unused Serialized files (Serialized files now loaded: 0)
Unloading 10288 unused Assets / (21.0 MB). Loaded Objects now: 11674.
Memory consumption went from 0.62 GB to 0.60 GB.
Total: 37.464600 ms (FindLiveObjects: 1.460800 ms CreateObjectMapping: 5.263500 ms MarkObjects: 21.350400 ms  DeleteObjects: 9.388100 ms)

Prepare: number of updated asset objects reloaded= 0
========================================================================
Received Prepare
AcceleratorClientConnectionCallback - disconnected - :0
Refreshing native plugins compatible for Editor in 4.17 ms, found 5 plugins.
Unloading 65 Unused Serialized files (Serialized files now loaded: 0)
Unloading 10268 unused Assets / (20.1 MB). Loaded Objects now: 11674.
Memory consumption went from 0.63 GB to 0.61 GB.
Total: 31.871400 ms (FindLiveObjects: 1.963300 ms CreateObjectMapping: 5.448500 ms MarkObjects: 17.572900 ms  DeleteObjects: 6.885300 ms)

Prepare: number of updated asset objects reloaded= 0
========================================================================
Received Prepare
AcceleratorClientConnectionCallback - disconnected - :0
Refreshing native plugins compatible for Editor in 3.97 ms, found 5 plugins.
Unloading 65 Unused Serialized files (Serialized files now loaded: 0)
Unloading 10268 unused Assets / (20.5 MB). Loaded Objects now: 11674.
Memory consumption went from 0.63 GB to 0.61 GB.
Total: 34.455600 ms (FindLiveObjects: 1.295200 ms CreateObjectMapping: 6.131900 ms MarkObjects: 19.098300 ms  DeleteObjects: 7.928700 ms)

Prepare: number of updated asset objects reloaded= 0
========================================================================
Received Prepare
AcceleratorClientConnectionCallback - disconnected - :0
[Licensing::Client] Successfully resolved entitlement details
Begin MonoManager ReloadAssembly
Symbol file LoadedFromMemory is not a mono symbol file
Symbol file LoadedFromMemory is not a mono symbol file
Refreshing native plugins compatible for Editor in 3.31 ms, found 5 plugins.
Native extension for WindowsStandalone target not found
Native extension for WebGL target not found
[Package Manager] Failed to launch server process. Reason: Unity was launched with the -noUpm command-line argument
[Package Manager] Unable to send message (not connected to server process).
[Package Manager] Cannot connect to Unity Package Manager local server
Refreshing native plugins compatible for Editor in 2.93 ms, found 5 plugins.
[Package Manager] Failed to launch server process. Reason: Unity was launched with the -noUpm command-line argument
[Package Manager] Unable to send message (not connected to server process).
[Package Manager] Cannot connect to Unity Package Manager local server
[Licensing::Client] Error: Code 404 while processing request (status: Found 0 entitlement groups and 0 free entitlements matching requested entitlement ids)
ScheduleIndexationOnStartup MainProcess:False IndexOnStartup:True
Mono: successfully reloaded assembly
- Finished resetting the current domain, in  2.414 seconds
Domain Reload Profiling: 3828ms
	BeginReloadAssembly (363ms)
		DisableScriptedObjects (10ms)
		CreateAndSetChildDomain (146ms)
	RebuildCommonClasses (15ms)
	RebuildNativeTypeToScriptingClass (18ms)
	initialDomainReloadingComplete (94ms)
	LoadAllAssembliesAndSetupDomain (922ms)
		LoadAssemblies (457ms)
		AnalyzeDomain (379ms)
			TypeCache.Refresh (19ms)
			BuildScriptInfoCaches (354ms)
			ResolveRequiredComponents (5ms)
	FinalizeReload (2415ms)
		SetupLoadedEditorAssemblies (0ms)
			BeforeProcessingInitializeOnLoad (226ms)
			ProcessInitializeOnLoadAttributes (1152ms)
			ProcessInitializeOnLoadMethodAttributes (574ms)
			AfterProcessingInitializeOnLoad (6ms)
		AwakeInstancesAfterBackupRestoration (42ms)
Refreshing native plugins compatible for Editor in 2.62 ms, found 5 plugins.
Unloading 65 Unused Serialized files (Serialized files now loaded: 0)
Unloading 10288 unused Assets / (20.6 MB). Loaded Objects now: 11677.
Memory consumption went from 0.63 GB to 0.61 GB.
Total: 24.422400 ms (FindLiveObjects: 0.998600 ms CreateObjectMapping: 4.650400 ms MarkObjects: 13.259100 ms  DeleteObjects: 5.513100 ms)

Prepare: number of updated asset objects reloaded= 0
========================================================================
Received Prepare
AcceleratorClientConnectionCallback - disconnected - :0
Begin MonoManager ReloadAssembly
Symbol file LoadedFromMemory is not a mono symbol file
Symbol file LoadedFromMemory is not a mono symbol file
Refreshing native plugins compatible for Editor in 2.49 ms, found 5 plugins.
Native extension for WindowsStandalone target not found
Native extension for WebGL target not found
[Package Manager] Failed to launch server process. Reason: Unity was launched with the -noUpm command-line argument
[Package Manager] Unable to send message (not connected to server process).
[Package Manager] Cannot connect to Unity Package Manager local server
Refreshing native plugins compatible for Editor in 2.97 ms, found 5 plugins.
[Package Manager] Failed to launch server process. Reason: Unity was launched with the -noUpm command-line argument
[Package Manager] Unable to send message (not connected to server process).
[Package Manager] Cannot connect to Unity Package Manager local server
[Licensing::Client] Error: Code 404 while processing request (status: Found 0 entitlement groups and 0 free entitlements matching requested entitlement ids)
ScheduleIndexationOnStartup MainProcess:False IndexOnStartup:True
Mono: successfully reloaded assembly
- Finished resetting the current domain, in  2.241 seconds
Domain Reload Profiling: 3138ms
	BeginReloadAssembly (305ms)
		DisableScriptedObjects (29ms)
		CreateAndSetChildDomain (96ms)
	RebuildCommonClasses (9ms)
	RebuildNativeTypeToScriptingClass (22ms)
	initialDomainReloadingComplete (84ms)
	LoadAllAssembliesAndSetupDomain (475ms)
		LoadAssemblies (386ms)
		AnalyzeDomain (19ms)
			TypeCache.Refresh (10ms)
			ResolveRequiredComponents (5ms)
	FinalizeReload (2243ms)
		SetupLoadedEditorAssemblies (0ms)
			BeforeProcessingInitializeOnLoad (173ms)
			ProcessInitializeOnLoadAttributes (1037ms)
			ProcessInitializeOnLoadMethodAttributes (644ms)
			AfterProcessingInitializeOnLoad (7ms)
		AwakeInstancesAfterBackupRestoration (49ms)
Refreshing native plugins compatible for Editor in 2.59 ms, found 5 plugins.
Unloading 65 Unused Serialized files (Serialized files now loaded: 0)
Unloading 10288 unused Assets / (20.6 MB). Loaded Objects now: 11680.
Memory consumption went from 0.63 GB to 0.61 GB.
Total: 27.467400 ms (FindLiveObjects: 0.998800 ms CreateObjectMapping: 4.712100 ms MarkObjects: 15.629000 ms  DeleteObjects: 6.126300 ms)

Prepare: number of updated asset objects reloaded= 0
========================================================================
Received Prepare
AcceleratorClientConnectionCallback - disconnected - :0
Refreshing native plugins compatible for Editor in 3.86 ms, found 5 plugins.
Unloading 65 Unused Serialized files (Serialized files now loaded: 0)
Unloading 10268 unused Assets / (20.0 MB). Loaded Objects now: 11680.
Memory consumption went from 0.64 GB to 0.62 GB.
Total: 29.737100 ms (FindLiveObjects: 1.425600 ms CreateObjectMapping: 5.493400 ms MarkObjects: 16.516500 ms  DeleteObjects: 6.299900 ms)

Prepare: number of updated asset objects reloaded= 0
========================================================================
Received Prepare
AcceleratorClientConnectionCallback - disconnected - :0
[Licensing::Client] Successfully resolved entitlement details
Begin MonoManager ReloadAssembly
Symbol file LoadedFromMemory is not a mono symbol file
Symbol file LoadedFromMemory is not a mono symbol file
Refreshing native plugins compatible for Editor in 2.92 ms, found 5 plugins.
Native extension for WindowsStandalone target not found
Native extension for WebGL target not found
[Package Manager] Failed to launch server process. Reason: Unity was launched with the -noUpm command-line argument
[Package Manager] Unable to send message (not connected to server process).
[Package Manager] Cannot connect to Unity Package Manager local server
Refreshing native plugins compatible for Editor in 2.78 ms, found 5 plugins.
[Package Manager] Failed to launch server process. Reason: Unity was launched with the -noUpm command-line argument
[Package Manager] Unable to send message (not connected to server process).
[Package Manager] Cannot connect to Unity Package Manager local server
[Licensing::Client] Error: Code 404 while processing request (status: Found 0 entitlement groups and 0 free entitlements matching requested entitlement ids)
ScheduleIndexationOnStartup MainProcess:False IndexOnStartup:True
Mono: successfully reloaded assembly
- Finished resetting the current domain, in  2.381 seconds
Domain Reload Profiling: 3897ms
	BeginReloadAssembly (366ms)
		DisableScriptedObjects (13ms)
		CreateAndSetChildDomain (112ms)
	RebuildCommonClasses (15ms)
	RebuildNativeTypeToScriptingClass (19ms)
	initialDomainReloadingComplete (129ms)
	LoadAllAssembliesAndSetupDomain (986ms)
		LoadAssemblies (518ms)
		AnalyzeDomain (409ms)
			TypeCache.Refresh (14ms)
			BuildScriptInfoCaches (387ms)
			ResolveRequiredComponents (6ms)
	FinalizeReload (2382ms)
		SetupLoadedEditorAssemblies (0ms)
			BeforeProcessingInitializeOnLoad (183ms)
			ProcessInitializeOnLoadAttributes (1136ms)
			ProcessInitializeOnLoadMethodAttributes (581ms)
			AfterProcessingInitializeOnLoad (6ms)
		AwakeInstancesAfterBackupRestoration (52ms)
Refreshing native plugins compatible for Editor in 2.67 ms, found 5 plugins.
Unloading 65 Unused Serialized files (Serialized files now loaded: 0)
Unloading 10288 unused Assets / (20.8 MB). Loaded Objects now: 11683.
Memory consumption went from 0.64 GB to 0.62 GB.
Total: 26.151900 ms (FindLiveObjects: 1.023200 ms CreateObjectMapping: 4.708800 ms MarkObjects: 14.079800 ms  DeleteObjects: 6.339100 ms)

Prepare: number of updated asset objects reloaded= 0
========================================================================
Received Prepare
AcceleratorClientConnectionCallback - disconnected - :0
Begin MonoManager ReloadAssembly
Symbol file LoadedFromMemory is not a mono symbol file
Symbol file LoadedFromMemory is not a mono symbol file
Refreshing native plugins compatible for Editor in 2.39 ms, found 5 plugins.
Native extension for WindowsStandalone target not found
Native extension for WebGL target not found
[Package Manager] Failed to launch server process. Reason: Unity was launched with the -noUpm command-line argument
[Package Manager] Unable to send message (not connected to server process).
[Package Manager] Cannot connect to Unity Package Manager local server
Refreshing native plugins compatible for Editor in 3.18 ms, found 5 plugins.
[Package Manager] Failed to launch server process. Reason: Unity was launched with the -noUpm command-line argument
[Package Manager] Unable to send message (not connected to server process).
[Package Manager] Cannot connect to Unity Package Manager local server
[Licensing::Client] Error: Code 404 while processing request (status: Found 0 entitlement groups and 0 free entitlements matching requested entitlement ids)
ScheduleIndexationOnStartup MainProcess:False IndexOnStartup:True
Mono: successfully reloaded assembly
- Finished resetting the current domain, in  2.261 seconds
Domain Reload Profiling: 3174ms
	BeginReloadAssembly (284ms)
		DisableScriptedObjects (9ms)
		CreateAndSetChildDomain (102ms)
	RebuildCommonClasses (15ms)
	RebuildNativeTypeToScriptingClass (22ms)
	initialDomainReloadingComplete (88ms)
	LoadAllAssembliesAndSetupDomain (504ms)
		LoadAssemblies (396ms)
		AnalyzeDomain (19ms)
			TypeCache.Refresh (10ms)
			ResolveRequiredComponents (5ms)
	FinalizeReload (2262ms)
		SetupLoadedEditorAssemblies (0ms)
			BeforeProcessingInitializeOnLoad (179ms)
			ProcessInitializeOnLoadAttributes (1049ms)
			ProcessInitializeOnLoadMethodAttributes (646ms)
			AfterProcessingInitializeOnLoad (7ms)
		AwakeInstancesAfterBackupRestoration (62ms)
Refreshing native plugins compatible for Editor in 3.06 ms, found 5 plugins.
Unloading 65 Unused Serialized files (Serialized files now loaded: 0)
Unloading 10288 unused Assets / (21.8 MB). Loaded Objects now: 11686.
Memory consumption went from 0.64 GB to 0.62 GB.
Total: 30.712600 ms (FindLiveObjects: 1.404500 ms CreateObjectMapping: 5.469600 ms MarkObjects: 15.927800 ms  DeleteObjects: 7.909500 ms)

Prepare: number of updated asset objects reloaded= 0
========================================================================
Received Prepare
AcceleratorClientConnectionCallback - disconnected - :0
Refreshing native plugins compatible for Editor in 3.25 ms, found 5 plugins.
Unloading 65 Unused Serialized files (Serialized files now loaded: 0)
Unloading 65 unused Assets / (13.7 MB). Loaded Objects now: 11686.
Memory consumption went from 0.64 GB to 0.63 GB.
Total: 19.962300 ms (FindLiveObjects: 0.868400 ms CreateObjectMapping: 2.035400 ms MarkObjects: 15.318100 ms  DeleteObjects: 1.738000 ms)

Prepare: number of updated asset objects reloaded= 0
Editor requested this worker to shutdown with reason: Editor is closing down
AcceleratorClientConnectionCallback - disconnected - :0
AssetImportWorker is now disconnected from the server
Process exiting
Exiting without the bug reporter. Application will terminate with return code 0