[Licensing::Module] Trying to connect to existing licensing client channel...
Built from '6000.5/staging' branch; Version is '6000.5.8f1 (5cb7df797b7d) revision 6076383'; Using compiler version '194234433'; Build Type 'Release'
OS: 'Windows 11  (10.0.26200) Core' Language: 'en' Physical Memory: 32632 MB
[Licensing::IpcConnector] Successfully connected to: "LicenseClient-Len" at "2026-08-26T09:23:30.1508662Z"
BatchMode: 1, IsHumanControllingUs: 0, StartBugReporterOnCrash: 0, Is64bit: 1
System  architecture: x64
Process architecture: x64
Date: 2026-08-26T09:23:30Z

COMMAND LINE ARGUMENTS:
C:\Program Files\Unity\Hub\Editor\6000.5.8f1\Editor\Unity.exe
-adb2
-batchMode
-noUpm
-name
AssetImportWorkerHW1
-projectPath
C:/Users/Len/Lenomation_V3
-logFile
Logs/AssetImportWorkerHW1.log
-srvPort
57725
-parentPid
5948
-analyticsCloudUserId
6500056
-analyticsCloudProjectId
0956883a-88ea-49b2-bde1-fe810ba60755
-analyticsLocalProjectId
a56d578cae808794b840954f198d8c38
-editorAnalyticsEnabled
1
-cbmEditorLicense
a6b17b70c364649abcf2a12ba2e16345950779f9
-cbmMachineId
YsBmvqtNExQjYkfo7ZFy7ZTOaSw=
-licensingIpc
LicenseClient-Len
-noDiagnosticSwitchPersistentStore
-job-worker-count
7
-background-job-worker-count
8
-asset-garbage-collectors
1
-force-d3d12
-name
AssetImport
Successfully changed project path to: C:/Users/Len/Lenomation_V3
C:/Users/Len/Lenomation_V3
[UnityMemory] Configuration Parameters - Can be set up in boot.config
    "memorysetup-temp-allocator-size-gi-baking-worker=262144"
    "memorysetup-temp-allocator-size-gi-baking-worker=262144"
    "memorysetup-temp-allocator-size-gi-baking-worker=262144"
    "memorysetup-temp-allocator-size-gi-baking-worker=262144"
    "memorysetup-temp-allocator-size-gi-baking-worker=262144"
    "memorysetup-temp-allocator-size-nav-mesh-worker=65536"
    "memorysetup-temp-allocator-size-audio-worker=65536"
    "memorysetup-temp-allocator-size-cloud-worker=32768"
    "memorysetup-temp-allocator-size-gfx=262144"
    "memorysetup-temp-allocator-size-preload-manager=33554432"
    "memorysetup-allocator-temp-initial-block-size-main=262144"
    "memorysetup-allocator-temp-initial-block-size-worker=262144"
    "memorysetup-temp-allocator-size-job-worker=262144"
    "memorysetup-temp-allocator-size-background-worker=32768"
    "memorysetup-bucket-allocator-granularity=16"
    "memorysetup-bucket-allocator-bucket-count=8"
    "memorysetup-bucket-allocator-block-size=33554432"
    "memorysetup-bucket-allocator-block-count=8"
    "memorysetup-main-allocator-block-size=16777216"
    "memorysetup-thread-allocator-block-size=16777216"
    "memorysetup-main-allocator-mimalloc-enabled=0"
    "memorysetup-gfx-main-allocator-block-size=16777216"
    "memorysetup-gfx-thread-allocator-block-size=16777216"
    "memorysetup-cache-allocator-block-size=4194304"
    "memorysetup-typetree-allocator-block-size=2097152"
    "memorysetup-profiler-bucket-allocator-granularity=16"
    "memorysetup-profiler-bucket-allocator-bucket-count=8"
    "memorysetup-profiler-bucket-allocator-block-size=33554432"
    "memorysetup-profiler-bucket-allocator-block-count=8"
    "memorysetup-profiler-allocator-block-size=16777216"
    "memorysetup-profiler-editor-allocator-block-size=1048576"
    "memorysetup-temp-allocator-size-main=16777216"
    "memorysetup-job-temp-allocator-block-size=2097152"
    "memorysetup-job-temp-allocator-block-size-background=1048576"
    "memorysetup-job-temp-allocator-reduction-small-platforms=262144"
Player connection [13980]  Target information:

Player connection [13980]  * "[IP] 192.168.1.149 [Port] 0 [Flags] 2 [Guid] 3023297688 [EditorId] 3023297688 [Version] 1048832 [Id] WindowsEditor(7,LenPC) [Debug] 1 [PackageName] WindowsEditor [ProjectName] Editor" 

Player connection [13980] Host joined multi-casting on [225.0.0.222:54997]...
Player connection [13980] Host joined alternative multi-casting on [225.0.0.222:34997]...
JobSystem: Creating JobQueue using job-worker-count value 7
Input System module state changed to: Initialized.
[Physics::Module] Initialized fallback backend.
[Physics::Module] Id: 0xdecafbad
Library Redirect Path: Library/
[Physics::Module] Selected backend.
[Physics::Module] Name: PhysX
[Physics::Module] Id: 0xf2b8ea05
[Physics::Module] SDK Version: 4.1.2
[Physics::Module] Integration Version: 1.0.0
[Physics::Module] Threading Mode: Multi-Threaded
Refreshing native plugins compatible for Editor in 5.27 ms, found 5 plugins.
Initialize engine version: 6000.5.8f1 (5cb7df797b7d)
[Subsystems] Discovering subsystems at path C:/Program Files/Unity/Hub/Editor/6000.5.8f1/Editor/Data/Resources/UnitySubsystems
[Subsystems] Discovering subsystems at path C:/Users/Len/Lenomation_V3/Assets
Forcing GfxDevice: Direct3D 12
GfxDevice: creating device client; kGfxThreadingModeNonThreaded
d3d12: failed to query info queue interface (0x80004002).
Direct3D:
    Version:         Direct3D 12 [level 12.2]
    Renderer:        NVIDIA GeForce RTX 3080 Ti (ID=0x2208)
    Vendor:          NVIDIA
    VRAM:            12086 MB
    App VRAM Budget: 11318 MB
    Driver:          32.0.16.1088
Initialize mono
Mono path[0] = 'C:/Program Files/Unity/Hub/Editor/6000.5.8f1/Editor/Data/Managed'
Mono path[1] = 'C:/Program Files/Unity/Hub/Editor/6000.5.8f1/Editor/Data/BCLExtensions/runtime/netstandard2.1'
Mono path[2] = 'C:/Program Files/Unity/Hub/Editor/6000.5.8f1/Editor/Data/MonoBleedingEdge/lib/mono/unityjit-win32'
Mono config path = 'C:/Program Files/Unity/Hub/Editor/6000.5.8f1/Editor/Data/MonoBleedingEdge/etc'
Using monoOptions --debugger-agent=transport=dt_socket,embedding=1,server=y,suspend=n,address=127.0.0.1:56116
CodeReloadManager initialized
Begin MonoManager ReloadAssembly
Registering precompiled unity dll's ...
Register platform support module: C:/Program Files/Unity/Hub/Editor/6000.5.8f1/Editor/Data/PlaybackEngines/WebGLSupport/UnityEditor.WebGL.Extensions.dll
Register platform support module: C:/Program Files/Unity/Hub/Editor/6000.5.8f1/Editor/Data/PlaybackEngines/WindowsStandaloneSupport/UnityEditor.WindowsStandalone.Extensions.dll
Registered in 0.002041 seconds.
[Licensing::Client] Error: HandshakeResponse reported an error:
	ResponseCode: 505
	ResponseStatus: Unsupported protocol version '1.18.1'.
[Licensing::Module] Error: Failed to handshake to channel: "LicenseClient-Len"
[Licensing::IpcConnector] LicenseClient-Len channel disconnected successfully.
[Licensing::IpcConnector] Successfully connected to: "LicenseClient-Len-6000.5.8" at "2026-08-26T09:23:31.1325821Z"
[Licensing::Client] Code 10 while verifying Licensing Client signature (process Id: 36624, path: "C:/Program Files/Unity/Hub/Editor/6000.5.8f1/Editor/Data/Resources/Licensing/Client/Unity.Licensing.Client.exe")
[Licensing::Module] LicensingClient has failed validation; ignoring
[Licensing::Client] Handshaking with LicensingClient:
  Version:                 1.18.1+9fbee8e
  Session Id:              3e2cddbb6a3d4761954d964f058e5fef
  Correlation Id:          8b94135a871d789b712cbc0400bc34be
  External correlation Id: 1915706530958782522
  Machine Id:              YsBmvqtNExQjYkfo7ZFy7ZTOaSw=
[Licensing::Module] Successfully connected to LicensingClient on channel: "LicenseClient-Len-6000.5.8" (connect: 0.00s, validation: 0.00s, handshake: 0.01s)
[Licensing::IpcConnector] Successfully connected to: "LicenseClient-Len-6000.5.8-notifications" at "2026-08-26T09:23:31.1388721Z"
[Licensing::Module] Licensing Background thread has ended after 0.99s
Native extension for WindowsStandalone target not found
Native extension for WebGL target not found
Package Manager log level set to [2]
[Package Manager] Failed to launch server process. Reason: Unity was launched with the -noUpm command-line argument
[Package Manager] Unable to send message (not connected to server process).
[Package Manager] Cannot connect to Unity Package Manager local server
ScheduleIndexationOnStartup MainProcess:False IndexOnStartup:True
Mono: successfully reloaded assembly
- Finished resetting the current domain, in  0.456 seconds
Domain Reload Profiling: 959ms
	BeginReloadAssembly (113ms)
	RebuildCommonClasses (4ms)
	RebuildNativeTypeToScriptingClass (16ms)
	initialDomainReloadingComplete (68ms)
	LoadAllAssembliesAndSetupDomain (302ms)
		LoadAssemblies (110ms)
		AnalyzeDomain (228ms)
			TypeCache.Refresh (227ms)
				TypeCache.ScanAssembly (214ms)
	FinalizeReload (457ms)
		SetupLoadedEditorAssemblies (0ms)
			BeforeProcessingInitializeOnLoad (86ms)
			ProcessInitializeOnLoadAttributes (86ms)
			ProcessInitializeOnLoadMethodAttributes (195ms)
Initializing Unity extensions:
[Licensing::Client] Successfully resolved entitlement details
[Licensing::Module] License group:
  Id: 6500056-UnityPersXXXX
  Product: Unity Personal
  Type: Assigned
  Expiration: Unlimited
Curl error 3: URL rejected: Malformed input to a URL function
========================================================================
Worker process is ready to serve import requests
Import Worker Mode flag is 0x00
Begin MonoManager ReloadAssembly
Symbol file LoadedFromMemory is not a mono symbol file
Symbol file LoadedFromMemory is not a mono symbol file
Refreshing native plugins compatible for Editor in 2.35 ms, found 5 plugins.
Native extension for WindowsStandalone target not found
Native extension for WebGL target not found
[Package Manager] Failed to launch server process. Reason: Unity was launched with the -noUpm command-line argument
[Package Manager] Unable to send message (not connected to server process).
[Package Manager] Cannot connect to Unity Package Manager local server
Refreshing native plugins compatible for Editor in 2.98 ms, found 5 plugins.
Refreshing native plugins compatible for Editor in 2.59 ms, found 5 plugins.
[Package Manager] Failed to launch server process. Reason: Unity was launched with the -noUpm command-line argument
[Package Manager] Unable to send message (not connected to server process).
[Package Manager] Cannot connect to Unity Package Manager local server
[Licensing::Client] Error: Code 404 while processing request (status: Found 0 entitlement groups and 0 free entitlements matching requested entitlement ids)
ScheduleIndexationOnStartup MainProcess:False IndexOnStartup:True
Mono: successfully reloaded assembly
- Finished resetting the current domain, in  1.680 seconds
Domain Reload Profiling: 2839ms
	BeginReloadAssembly (170ms)
		DisableScriptedObjects (9ms)
		CreateAndSetChildDomain (25ms)
	RebuildCommonClasses (7ms)
	RebuildNativeTypeToScriptingClass (14ms)
	initialDomainReloadingComplete (86ms)
	LoadAllAssembliesAndSetupDomain (880ms)
		LoadAssemblies (366ms)
		AnalyzeDomain (460ms)
			TypeCache.Refresh (373ms)
				TypeCache.ScanAssembly (350ms)
			BuildScriptInfoCaches (81ms)
			ResolveRequiredComponents (5ms)
	FinalizeReload (1681ms)
		SetupLoadedEditorAssemblies (0ms)
			BeforeProcessingInitializeOnLoad (122ms)
			ProcessInitializeOnLoadAttributes (922ms)
			ProcessInitializeOnLoadMethodAttributes (396ms)
			AfterProcessingInitializeOnLoad (5ms)
		AwakeInstancesAfterBackupRestoration (7ms)
AcceleratorClientConnectionCallback - disconnected - :0
Launched and connected shader compiler UnityShaderCompiler.exe after 0.01 seconds
Refreshing native plugins compatible for Editor in 2.35 ms, found 5 plugins.
Unloading 65 Unused Serialized files (Serialized files now loaded: 0)
Curl error 3: URL rejected: Malformed input to a URL function
Unloading 10277 unused Assets / (20.5 MB). Loaded Objects now: 11258.
Memory consumption went from 483.2 MB to 462.7 MB.
Total: 22.744400 ms (FindLiveObjects: 1.046500 ms CreateObjectMapping: 4.732600 ms MarkObjects: 12.540500 ms  DeleteObjects: 4.422100 ms)

========================================================================
Received Prepare
AcceleratorClientConnectionCallback - disconnected - :0
[Licensing::Client] Successfully resolved entitlement details
Begin MonoManager ReloadAssembly
Symbol file LoadedFromMemory is not a mono symbol file
Symbol file LoadedFromMemory is not a mono symbol file
Refreshing native plugins compatible for Editor in 2.45 ms, found 5 plugins.
Native extension for WindowsStandalone target not found
Native extension for WebGL target not found
[Package Manager] Failed to launch server process. Reason: Unity was launched with the -noUpm command-line argument
[Package Manager] Unable to send message (not connected to server process).
[Package Manager] Cannot connect to Unity Package Manager local server
Refreshing native plugins compatible for Editor in 2.91 ms, found 5 plugins.
[Package Manager] Failed to launch server process. Reason: Unity was launched with the -noUpm command-line argument
[Package Manager] Unable to send message (not connected to server process).
[Package Manager] Cannot connect to Unity Package Manager local server
[Licensing::Client] Error: Code 404 while processing request (status: Found 0 entitlement groups and 0 free entitlements matching requested entitlement ids)
ScheduleIndexationOnStartup MainProcess:False IndexOnStartup:True
Mono: successfully reloaded assembly
- Finished resetting the current domain, in  1.718 seconds
Domain Reload Profiling: 2541ms
	BeginReloadAssembly (261ms)
		DisableScriptedObjects (9ms)
		CreateAndSetChildDomain (87ms)
	RebuildCommonClasses (9ms)
	RebuildNativeTypeToScriptingClass (16ms)
	initialDomainReloadingComplete (91ms)
	LoadAllAssembliesAndSetupDomain (446ms)
		LoadAssemblies (377ms)
		AnalyzeDomain (18ms)
			TypeCache.Refresh (9ms)
			ResolveRequiredComponents (5ms)
	FinalizeReload (1718ms)
		SetupLoadedEditorAssemblies (0ms)
			BeforeProcessingInitializeOnLoad (127ms)
			ProcessInitializeOnLoadAttributes (751ms)
			ProcessInitializeOnLoadMethodAttributes (463ms)
			AfterProcessingInitializeOnLoad (6ms)
		AwakeInstancesAfterBackupRestoration (23ms)
Refreshing native plugins compatible for Editor in 2.85 ms, found 5 plugins.
Unloading 65 Unused Serialized files (Serialized files now loaded: 0)
Unloading 10273 unused Assets / (20.4 MB). Loaded Objects now: 11302.
Memory consumption went from 467.5 MB to 447.0 MB.
Total: 23.893600 ms (FindLiveObjects: 0.920300 ms CreateObjectMapping: 4.568800 ms MarkObjects: 13.649500 ms  DeleteObjects: 4.753700 ms)

Prepare: number of updated asset objects reloaded= 0
========================================================================
Received Prepare
AcceleratorClientConnectionCallback - disconnected - :0
Refreshing native plugins compatible for Editor in 2.81 ms, found 5 plugins.
Unloading 65 Unused Serialized files (Serialized files now loaded: 0)
Unloading 10253 unused Assets / (23.8 MB). Loaded Objects now: 11302.
Memory consumption went from 469.9 MB to 446.0 MB.
Total: 58.090900 ms (FindLiveObjects: 1.171100 ms CreateObjectMapping: 5.730000 ms MarkObjects: 17.841900 ms  DeleteObjects: 33.346300 ms)

Prepare: number of updated asset objects reloaded= 0
========================================================================
Received Prepare
AcceleratorClientConnectionCallback - disconnected - :0
Begin MonoManager ReloadAssembly
Symbol file LoadedFromMemory is not a mono symbol file
Symbol file LoadedFromMemory is not a mono symbol file
Refreshing native plugins compatible for Editor in 2.25 ms, found 5 plugins.
Native extension for WindowsStandalone target not found
Native extension for WebGL target not found
[Package Manager] Failed to launch server process. Reason: Unity was launched with the -noUpm command-line argument
[Package Manager] Unable to send message (not connected to server process).
[Package Manager] Cannot connect to Unity Package Manager local server
Refreshing native plugins compatible for Editor in 2.70 ms, found 5 plugins.
[Package Manager] Failed to launch server process. Reason: Unity was launched with the -noUpm command-line argument
[Package Manager] Unable to send message (not connected to server process).
[Package Manager] Cannot connect to Unity Package Manager local server
[Licensing::Client] Error: Code 404 while processing request (status: Found 0 entitlement groups and 0 free entitlements matching requested entitlement ids)
ScheduleIndexationOnStartup MainProcess:False IndexOnStartup:True
Mono: successfully reloaded assembly
- Finished resetting the current domain, in  1.613 seconds
Domain Reload Profiling: 2759ms
	BeginReloadAssembly (271ms)
		DisableScriptedObjects (9ms)
		CreateAndSetChildDomain (101ms)
	RebuildCommonClasses (9ms)
	RebuildNativeTypeToScriptingClass (15ms)
	initialDomainReloadingComplete (90ms)
	LoadAllAssembliesAndSetupDomain (761ms)
		LoadAssemblies (390ms)
		AnalyzeDomain (308ms)
			TypeCache.Refresh (13ms)
			BuildScriptInfoCaches (288ms)
			ResolveRequiredComponents (5ms)
	FinalizeReload (1614ms)
		SetupLoadedEditorAssemblies (0ms)
			BeforeProcessingInitializeOnLoad (127ms)
			ProcessInitializeOnLoadAttributes (781ms)
			ProcessInitializeOnLoadMethodAttributes (450ms)
			AfterProcessingInitializeOnLoad (5ms)
		AwakeInstancesAfterBackupRestoration (23ms)
Refreshing native plugins compatible for Editor in 2.98 ms, found 5 plugins.
Unloading 65 Unused Serialized files (Serialized files now loaded: 0)
Unloading 10273 unused Assets / (20.4 MB). Loaded Objects now: 11305.
Memory consumption went from 486.5 MB to 466.1 MB.
Total: 23.197900 ms (FindLiveObjects: 0.913000 ms CreateObjectMapping: 4.211600 ms MarkObjects: 12.684600 ms  DeleteObjects: 5.387700 ms)

Prepare: number of updated asset objects reloaded= 0
========================================================================
Received Prepare
AcceleratorClientConnectionCallback - disconnected - :0
[Licensing::Client] Successfully resolved entitlement details
Begin MonoManager ReloadAssembly
Symbol file LoadedFromMemory is not a mono symbol file
Symbol file LoadedFromMemory is not a mono symbol file
Refreshing native plugins compatible for Editor in 2.28 ms, found 5 plugins.
Native extension for WindowsStandalone target not found
Native extension for WebGL target not found
[Package Manager] Failed to launch server process. Reason: Unity was launched with the -noUpm command-line argument
[Package Manager] Unable to send message (not connected to server process).
[Package Manager] Cannot connect to Unity Package Manager local server
Refreshing native plugins compatible for Editor in 3.48 ms, found 5 plugins.
[Package Manager] Failed to launch server process. Reason: Unity was launched with the -noUpm command-line argument
[Package Manager] Unable to send message (not connected to server process).
[Package Manager] Cannot connect to Unity Package Manager local server
[Licensing::Client] Error: Code 404 while processing request (status: Found 0 entitlement groups and 0 free entitlements matching requested entitlement ids)
ScheduleIndexationOnStartup MainProcess:False IndexOnStartup:True
Mono: successfully reloaded assembly
- Finished resetting the current domain, in  1.795 seconds
Domain Reload Profiling: 2634ms
	BeginReloadAssembly (264ms)
		DisableScriptedObjects (8ms)
		CreateAndSetChildDomain (99ms)
	RebuildCommonClasses (8ms)
	RebuildNativeTypeToScriptingClass (14ms)
	initialDomainReloadingComplete (87ms)
	LoadAllAssembliesAndSetupDomain (465ms)
		LoadAssemblies (377ms)
		AnalyzeDomain (19ms)
			TypeCache.Refresh (10ms)
			ResolveRequiredComponents (5ms)
	FinalizeReload (1796ms)
		SetupLoadedEditorAssemblies (0ms)
			BeforeProcessingInitializeOnLoad (125ms)
			ProcessInitializeOnLoadAttributes (885ms)
			ProcessInitializeOnLoadMethodAttributes (524ms)
			AfterProcessingInitializeOnLoad (6ms)
		AwakeInstancesAfterBackupRestoration (29ms)
Refreshing native plugins compatible for Editor in 3.31 ms, found 5 plugins.
Unloading 65 Unused Serialized files (Serialized files now loaded: 0)
Unloading 10273 unused Assets / (22.5 MB). Loaded Objects now: 11308.
Memory consumption went from 486.2 MB to 463.7 MB.
Total: 28.400500 ms (FindLiveObjects: 1.184100 ms CreateObjectMapping: 5.676500 ms MarkObjects: 14.551900 ms  DeleteObjects: 6.986800 ms)

Prepare: number of updated asset objects reloaded= 0
========================================================================
Received Prepare
AcceleratorClientConnectionCallback - disconnected - :0
Refreshing native plugins compatible for Editor in 4.07 ms, found 5 plugins.
Unloading 65 Unused Serialized files (Serialized files now loaded: 0)
Unloading 10253 unused Assets / (20.4 MB). Loaded Objects now: 11308.
Memory consumption went from 488.5 MB to 468.1 MB.
Total: 40.756800 ms (FindLiveObjects: 1.507400 ms CreateObjectMapping: 7.383900 ms MarkObjects: 21.700500 ms  DeleteObjects: 10.162800 ms)

Prepare: number of updated asset objects reloaded= 0
========================================================================
Received Prepare
AcceleratorClientConnectionCallback - disconnected - :0
Refreshing native plugins compatible for Editor in 4.31 ms, found 5 plugins.
Unloading 65 Unused Serialized files (Serialized files now loaded: 0)
Unloading 10253 unused Assets / (19.4 MB). Loaded Objects now: 11308.
Memory consumption went from 490.9 MB to 471.5 MB.
Total: 73.766100 ms (FindLiveObjects: 4.090200 ms CreateObjectMapping: 18.717200 ms MarkObjects: 43.944700 ms  DeleteObjects: 7.012400 ms)

Prepare: number of updated asset objects reloaded= 0
========================================================================
Received Prepare
AcceleratorClientConnectionCallback - disconnected - :0
[Licensing::Client] Successfully resolved entitlement details
Begin MonoManager ReloadAssembly
Symbol file LoadedFromMemory is not a mono symbol file
Symbol file LoadedFromMemory is not a mono symbol file
Refreshing native plugins compatible for Editor in 3.21 ms, found 5 plugins.
Native extension for WindowsStandalone target not found
Native extension for WebGL target not found
[Package Manager] Failed to launch server process. Reason: Unity was launched with the -noUpm command-line argument
[Package Manager] Unable to send message (not connected to server process).
[Package Manager] Cannot connect to Unity Package Manager local server
Refreshing native plugins compatible for Editor in 4.36 ms, found 5 plugins.
[Package Manager] Failed to launch server process. Reason: Unity was launched with the -noUpm command-line argument
[Package Manager] Unable to send message (not connected to server process).
[Package Manager] Cannot connect to Unity Package Manager local server
[Licensing::Client] Error: Code 404 while processing request (status: Found 0 entitlement groups and 0 free entitlements matching requested entitlement ids)
ScheduleIndexationOnStartup MainProcess:False IndexOnStartup:True
Mono: successfully reloaded assembly
- Finished resetting the current domain, in 378.893 seconds
Domain Reload Profiling: 380576ms
	BeginReloadAssembly (378ms)
		DisableScriptedObjects (14ms)
		CreateAndSetChildDomain (121ms)
	RebuildCommonClasses (11ms)
	RebuildNativeTypeToScriptingClass (19ms)
	initialDomainReloadingComplete (115ms)
	LoadAllAssembliesAndSetupDomain (1158ms)
		LoadAssemblies (655ms)
		AnalyzeDomain (462ms)
			TypeCache.Refresh (18ms)
			BuildScriptInfoCaches (432ms)
			ResolveRequiredComponents (8ms)
	FinalizeReload (378896ms)
		SetupLoadedEditorAssemblies (0ms)
			InitializePlatformSupportModulesInManaged (3ms)
			BeforeProcessingInitializeOnLoad (173ms)
			ProcessInitializeOnLoadAttributes (1061ms)
			ProcessInitializeOnLoadMethodAttributes (483ms)
			AfterProcessingInitializeOnLoad (6ms)
		AwakeInstancesAfterBackupRestoration (376821ms)
Refreshing native plugins compatible for Editor in 2.94 ms, found 5 plugins.
Unloading 65 Unused Serialized files (Serialized files now loaded: 0)
Unloading 10273 unused Assets / (19.0 MB). Loaded Objects now: 11311.
Memory consumption went from 501.0 MB to 481.9 MB.
Total: 26.806500 ms (FindLiveObjects: 1.168100 ms CreateObjectMapping: 5.439200 ms MarkObjects: 15.091200 ms  DeleteObjects: 5.105100 ms)

Prepare: number of updated asset objects reloaded= 0
========================================================================
Received Prepare
AcceleratorClientConnectionCallback - disconnected - :0
Refreshing native plugins compatible for Editor in 3.40 ms, found 5 plugins.
Unloading 65 Unused Serialized files (Serialized files now loaded: 0)
Unloading 10253 unused Assets / (19.9 MB). Loaded Objects now: 11311.
Memory consumption went from 503.3 MB to 483.5 MB.
Total: 34.275300 ms (FindLiveObjects: 1.090200 ms CreateObjectMapping: 5.038400 ms MarkObjects: 21.386200 ms  DeleteObjects: 6.758100 ms)

Prepare: number of updated asset objects reloaded= 0
========================================================================
Received Prepare
AcceleratorClientConnectionCallback - disconnected - :0
Refreshing native plugins compatible for Editor in 3.65 ms, found 5 plugins.
Unloading 65 Unused Serialized files (Serialized files now loaded: 0)
Unloading 10253 unused Assets / (22.2 MB). Loaded Objects now: 11311.
Memory consumption went from 505.6 MB to 483.4 MB.
Total: 35.425900 ms (FindLiveObjects: 1.468800 ms CreateObjectMapping: 5.154900 ms MarkObjects: 20.689800 ms  DeleteObjects: 8.111200 ms)

Prepare: number of updated asset objects reloaded= 0
========================================================================
Received Prepare
AcceleratorClientConnectionCallback - disconnected - :0
Refreshing native plugins compatible for Editor in 3.16 ms, found 5 plugins.
Unloading 65 Unused Serialized files (Serialized files now loaded: 0)
Unloading 10253 unused Assets / (18.5 MB). Loaded Objects now: 11311.
Memory consumption went from 508.0 MB to 489.4 MB.
Total: 68.700100 ms (FindLiveObjects: 1.105500 ms CreateObjectMapping: 4.837500 ms MarkObjects: 56.638400 ms  DeleteObjects: 6.117600 ms)

Prepare: number of updated asset objects reloaded= 0
========================================================================
Received Prepare
AcceleratorClientConnectionCallback - disconnected - :0
Refreshing native plugins compatible for Editor in 6.46 ms, found 5 plugins.
Unloading 65 Unused Serialized files (Serialized files now loaded: 0)
Unloading 10253 unused Assets / (19.8 MB). Loaded Objects now: 11311.
Memory consumption went from 510.3 MB to 490.4 MB.
Total: 60.305900 ms (FindLiveObjects: 4.517100 ms CreateObjectMapping: 14.971700 ms MarkObjects: 33.009500 ms  DeleteObjects: 7.805600 ms)

Prepare: number of updated asset objects reloaded= 0
========================================================================
Received Prepare
AcceleratorClientConnectionCallback - disconnected - :0
[Licensing::Client] Successfully resolved entitlement details
Begin MonoManager ReloadAssembly
Symbol file LoadedFromMemory is not a mono symbol file
Symbol file LoadedFromMemory is not a mono symbol file
Refreshing native plugins compatible for Editor in 3.63 ms, found 5 plugins.
Native extension for WindowsStandalone target not found
Native extension for WebGL target not found
[Package Manager] Failed to launch server process. Reason: Unity was launched with the -noUpm command-line argument
[Package Manager] Unable to send message (not connected to server process).
[Package Manager] Cannot connect to Unity Package Manager local server
Refreshing native plugins compatible for Editor in 3.67 ms, found 5 plugins.
[Package Manager] Failed to launch server process. Reason: Unity was launched with the -noUpm command-line argument
[Package Manager] Unable to send message (not connected to server process).
[Package Manager] Cannot connect to Unity Package Manager local server
[Licensing::Client] Error: Code 404 while processing request (status: Found 0 entitlement groups and 0 free entitlements matching requested entitlement ids)
ScheduleIndexationOnStartup MainProcess:False IndexOnStartup:True
Mono: successfully reloaded assembly
- Finished resetting the current domain, in  2.074 seconds
Domain Reload Profiling: 3508ms
	BeginReloadAssembly (340ms)
		DisableScriptedObjects (9ms)
		CreateAndSetChildDomain (123ms)
	RebuildCommonClasses (9ms)
	RebuildNativeTypeToScriptingClass (17ms)
	initialDomainReloadingComplete (109ms)
	LoadAllAssembliesAndSetupDomain (958ms)
		LoadAssemblies (462ms)
		AnalyzeDomain (412ms)
			TypeCache.Refresh (18ms)
			BuildScriptInfoCaches (384ms)
			ResolveRequiredComponents (7ms)
	FinalizeReload (2075ms)
		SetupLoadedEditorAssemblies (0ms)
			BeforeProcessingInitializeOnLoad (145ms)
			ProcessInitializeOnLoadAttributes (982ms)
			ProcessInitializeOnLoadMethodAttributes (561ms)
			AfterProcessingInitializeOnLoad (7ms)
		AwakeInstancesAfterBackupRestoration (52ms)
Refreshing native plugins compatible for Editor in 3.35 ms, found 5 plugins.
Unloading 65 Unused Serialized files (Serialized files now loaded: 0)
Unloading 10273 unused Assets / (21.0 MB). Loaded Objects now: 11314.
Memory consumption went from 0.50 GB to 496.2 MB.
Total: 28.285800 ms (FindLiveObjects: 1.154100 ms CreateObjectMapping: 5.098700 ms MarkObjects: 15.238700 ms  DeleteObjects: 6.791900 ms)

Prepare: number of updated asset objects reloaded= 0
========================================================================
Received Prepare
AcceleratorClientConnectionCallback - disconnected - :0
Refreshing native plugins compatible for Editor in 3.75 ms, found 5 plugins.
Unloading 65 Unused Serialized files (Serialized files now loaded: 0)
Unloading 10253 unused Assets / (20.3 MB). Loaded Objects now: 11314.
Memory consumption went from 0.51 GB to 499.3 MB.
Total: 35.953900 ms (FindLiveObjects: 1.176500 ms CreateObjectMapping: 5.915100 ms MarkObjects: 20.589200 ms  DeleteObjects: 8.271400 ms)

Prepare: number of updated asset objects reloaded= 0
========================================================================
Received Prepare
AcceleratorClientConnectionCallback - disconnected - :0
[Licensing::Client] Successfully resolved entitlement details
Begin MonoManager ReloadAssembly
Symbol file LoadedFromMemory is not a mono symbol file
Symbol file LoadedFromMemory is not a mono symbol file
Refreshing native plugins compatible for Editor in 2.68 ms, found 5 plugins.
Native extension for WindowsStandalone target not found
Native extension for WebGL target not found
[Package Manager] Failed to launch server process. Reason: Unity was launched with the -noUpm command-line argument
[Package Manager] Unable to send message (not connected to server process).
[Package Manager] Cannot connect to Unity Package Manager local server
Refreshing native plugins compatible for Editor in 3.24 ms, found 5 plugins.
[Package Manager] Failed to launch server process. Reason: Unity was launched with the -noUpm command-line argument
[Package Manager] Unable to send message (not connected to server process).
[Package Manager] Cannot connect to Unity Package Manager local server
[Licensing::Client] Error: Code 404 while processing request (status: Found 0 entitlement groups and 0 free entitlements matching requested entitlement ids)
ScheduleIndexationOnStartup MainProcess:False IndexOnStartup:True
Mono: successfully reloaded assembly
- Finished resetting the current domain, in  1.889 seconds
Domain Reload Profiling: 3282ms
	BeginReloadAssembly (343ms)
		DisableScriptedObjects (11ms)
		CreateAndSetChildDomain (133ms)
	RebuildCommonClasses (13ms)
	RebuildNativeTypeToScriptingClass (18ms)
	initialDomainReloadingComplete (118ms)
	LoadAllAssembliesAndSetupDomain (899ms)
		LoadAssemblies (449ms)
		AnalyzeDomain (390ms)
			TypeCache.Refresh (14ms)
			BuildScriptInfoCaches (369ms)
			ResolveRequiredComponents (5ms)
	FinalizeReload (1891ms)
		SetupLoadedEditorAssemblies (0ms)
			InitializePlatformSupportModulesInManaged (3ms)
			BeforeProcessingInitializeOnLoad (159ms)
			ProcessInitializeOnLoadAttributes (899ms)
			ProcessInitializeOnLoadMethodAttributes (509ms)
			AfterProcessingInitializeOnLoad (9ms)
		AwakeInstancesAfterBackupRestoration (33ms)
Refreshing native plugins compatible for Editor in 3.51 ms, found 5 plugins.
Unloading 65 Unused Serialized files (Serialized files now loaded: 0)
Unloading 10273 unused Assets / (22.9 MB). Loaded Objects now: 11317.
Memory consumption went from 0.51 GB to 501.4 MB.
Total: 31.168200 ms (FindLiveObjects: 1.147500 ms CreateObjectMapping: 5.102000 ms MarkObjects: 17.741700 ms  DeleteObjects: 7.175600 ms)

Prepare: number of updated asset objects reloaded= 0
========================================================================
Received Prepare
AcceleratorClientConnectionCallback - disconnected - :0
Refreshing native plugins compatible for Editor in 2.78 ms, found 5 plugins.
Unloading 65 Unused Serialized files (Serialized files now loaded: 0)
Unloading 10253 unused Assets / (18.8 MB). Loaded Objects now: 11317.
Memory consumption went from 0.51 GB to 507.9 MB.
Total: 31.181600 ms (FindLiveObjects: 1.430800 ms CreateObjectMapping: 6.185800 ms MarkObjects: 16.938900 ms  DeleteObjects: 6.624600 ms)

Prepare: number of updated asset objects reloaded= 0
========================================================================
Received Prepare
AcceleratorClientConnectionCallback - disconnected - :0
Refreshing native plugins compatible for Editor in 3.36 ms, found 5 plugins.
Unloading 65 Unused Serialized files (Serialized files now loaded: 0)
Unloading 10253 unused Assets / (19.4 MB). Loaded Objects now: 11317.
Memory consumption went from 0.52 GB to 509.7 MB.
Total: 30.644200 ms (FindLiveObjects: 1.037700 ms CreateObjectMapping: 4.717100 ms MarkObjects: 18.573900 ms  DeleteObjects: 6.314200 ms)

Prepare: number of updated asset objects reloaded= 0
========================================================================
Received Prepare
AcceleratorClientConnectionCallback - disconnected - :0
Refreshing native plugins compatible for Editor in 4.05 ms, found 5 plugins.
Unloading 65 Unused Serialized files (Serialized files now loaded: 0)
Unloading 10253 unused Assets / (19.4 MB). Loaded Objects now: 11317.
Memory consumption went from 0.52 GB to 512.0 MB.
Total: 62.067900 ms (FindLiveObjects: 1.185900 ms CreateObjectMapping: 4.878800 ms MarkObjects: 47.805700 ms  DeleteObjects: 8.194900 ms)

Prepare: number of updated asset objects reloaded= 0
========================================================================
Received Prepare
AcceleratorClientConnectionCallback - disconnected - :0
Refreshing native plugins compatible for Editor in 2.88 ms, found 5 plugins.
Unloading 65 Unused Serialized files (Serialized files now loaded: 0)
Unloading 10253 unused Assets / (20.9 MB). Loaded Objects now: 11317.
Memory consumption went from 0.52 GB to 0.50 GB.
Total: 33.560600 ms (FindLiveObjects: 0.956300 ms CreateObjectMapping: 4.921300 ms MarkObjects: 19.112000 ms  DeleteObjects: 8.569600 ms)

Prepare: number of updated asset objects reloaded= 0
========================================================================
Received Prepare
AcceleratorClientConnectionCallback - disconnected - :0
Refreshing native plugins compatible for Editor in 3.49 ms, found 5 plugins.
Unloading 65 Unused Serialized files (Serialized files now loaded: 0)
Unloading 10253 unused Assets / (19.8 MB). Loaded Objects now: 11317.
Memory consumption went from 0.52 GB to 0.50 GB.
Total: 58.667100 ms (FindLiveObjects: 1.003900 ms CreateObjectMapping: 11.662200 ms MarkObjects: 38.116000 ms  DeleteObjects: 7.883700 ms)

Prepare: number of updated asset objects reloaded= 0
========================================================================
Received Prepare
AcceleratorClientConnectionCallback - disconnected - :0
Refreshing native plugins compatible for Editor in 3.04 ms, found 5 plugins.
Unloading 65 Unused Serialized files (Serialized files now loaded: 0)
Unloading 10253 unused Assets / (19.3 MB). Loaded Objects now: 11317.
Memory consumption went from 0.53 GB to 0.51 GB.
Total: 28.344700 ms (FindLiveObjects: 1.066300 ms CreateObjectMapping: 4.857900 ms MarkObjects: 16.289300 ms  DeleteObjects: 6.129700 ms)

Prepare: number of updated asset objects reloaded= 0
========================================================================
Received Prepare
AcceleratorClientConnectionCallback - disconnected - :0
[Licensing::Client] Successfully resolved entitlement details
Begin MonoManager ReloadAssembly
Symbol file LoadedFromMemory is not a mono symbol file
Symbol file LoadedFromMemory is not a mono symbol file
Refreshing native plugins compatible for Editor in 3.35 ms, found 5 plugins.
Native extension for WindowsStandalone target not found
Native extension for WebGL target not found
[Package Manager] Failed to launch server process. Reason: Unity was launched with the -noUpm command-line argument
[Package Manager] Unable to send message (not connected to server process).
[Package Manager] Cannot connect to Unity Package Manager local server
Refreshing native plugins compatible for Editor in 4.09 ms, found 5 plugins.
[Package Manager] Failed to launch server process. Reason: Unity was launched with the -noUpm command-line argument
[Package Manager] Unable to send message (not connected to server process).
[Package Manager] Cannot connect to Unity Package Manager local server
[Licensing::Client] Error: Code 404 while processing request (status: Found 0 entitlement groups and 0 free entitlements matching requested entitlement ids)
ScheduleIndexationOnStartup MainProcess:False IndexOnStartup:True
Mono: successfully reloaded assembly
- Finished resetting the current domain, in  2.116 seconds
Domain Reload Profiling: 3601ms
	BeginReloadAssembly (349ms)
		DisableScriptedObjects (14ms)
		CreateAndSetChildDomain (116ms)
	RebuildCommonClasses (16ms)
	RebuildNativeTypeToScriptingClass (20ms)
	initialDomainReloadingComplete (115ms)
	LoadAllAssembliesAndSetupDomain (985ms)
		LoadAssemblies (473ms)
		AnalyzeDomain (437ms)
			TypeCache.Refresh (15ms)
			BuildScriptInfoCaches (412ms)
			ResolveRequiredComponents (8ms)
	FinalizeReload (2117ms)
		SetupLoadedEditorAssemblies (0ms)
			BeforeProcessingInitializeOnLoad (179ms)
			ProcessInitializeOnLoadAttributes (1042ms)
			ProcessInitializeOnLoadMethodAttributes (565ms)
			AfterProcessingInitializeOnLoad (6ms)
		AwakeInstancesAfterBackupRestoration (42ms)
Refreshing native plugins compatible for Editor in 3.60 ms, found 5 plugins.
Unloading 65 Unused Serialized files (Serialized files now loaded: 0)
Unloading 10273 unused Assets / (19.8 MB). Loaded Objects now: 11320.
Memory consumption went from 0.53 GB to 0.51 GB.
Total: 32.112000 ms (FindLiveObjects: 1.314500 ms CreateObjectMapping: 5.615400 ms MarkObjects: 18.381300 ms  DeleteObjects: 6.799700 ms)

Prepare: number of updated asset objects reloaded= 0
========================================================================
Received Prepare
AcceleratorClientConnectionCallback - disconnected - :0
Refreshing native plugins compatible for Editor in 3.49 ms, found 5 plugins.
Unloading 65 Unused Serialized files (Serialized files now loaded: 0)
Unloading 10254 unused Assets / (20.3 MB). Loaded Objects now: 11321.
Memory consumption went from 0.53 GB to 0.51 GB.
Total: 31.107900 ms (FindLiveObjects: 1.193600 ms CreateObjectMapping: 5.255900 ms MarkObjects: 17.214000 ms  DeleteObjects: 7.442500 ms)

Prepare: number of updated asset objects reloaded= 0
========================================================================
Received Prepare
AcceleratorClientConnectionCallback - disconnected - :0
[Licensing::Client] Successfully resolved entitlement details
Begin MonoManager ReloadAssembly
Symbol file LoadedFromMemory is not a mono symbol file
Symbol file LoadedFromMemory is not a mono symbol file
Refreshing native plugins compatible for Editor in 3.41 ms, found 5 plugins.
Native extension for WindowsStandalone target not found
Native extension for WebGL target not found
[Package Manager] Failed to launch server process. Reason: Unity was launched with the -noUpm command-line argument
[Package Manager] Unable to send message (not connected to server process).
[Package Manager] Cannot connect to Unity Package Manager local server
Refreshing native plugins compatible for Editor in 2.93 ms, found 5 plugins.
[Package Manager] Failed to launch server process. Reason: Unity was launched with the -noUpm command-line argument
[Package Manager] Unable to send message (not connected to server process).
[Package Manager] Cannot connect to Unity Package Manager local server
[Licensing::Client] Error: Code 404 while processing request (status: Found 0 entitlement groups and 0 free entitlements matching requested entitlement ids)
ScheduleIndexationOnStartup MainProcess:False IndexOnStartup:True
Mono: successfully reloaded assembly
- Finished resetting the current domain, in  2.088 seconds
Domain Reload Profiling: 3640ms
	BeginReloadAssembly (366ms)
		DisableScriptedObjects (15ms)
		CreateAndSetChildDomain (135ms)
	RebuildCommonClasses (15ms)
	RebuildNativeTypeToScriptingClass (24ms)
	initialDomainReloadingComplete (126ms)
	LoadAllAssembliesAndSetupDomain (1019ms)
		LoadAssemblies (508ms)
		AnalyzeDomain (427ms)
			TypeCache.Refresh (18ms)
			BuildScriptInfoCaches (398ms)
			ResolveRequiredComponents (8ms)
	FinalizeReload (2089ms)
		SetupLoadedEditorAssemblies (0ms)
			BeforeProcessingInitializeOnLoad (192ms)
			ProcessInitializeOnLoadAttributes (978ms)
			ProcessInitializeOnLoadMethodAttributes (549ms)
			AfterProcessingInitializeOnLoad (6ms)
		AwakeInstancesAfterBackupRestoration (29ms)
Refreshing native plugins compatible for Editor in 4.00 ms, found 5 plugins.
Unloading 65 Unused Serialized files (Serialized files now loaded: 0)
Unloading 10274 unused Assets / (22.2 MB). Loaded Objects now: 11324.
Memory consumption went from 0.54 GB to 0.51 GB.
Total: 31.065100 ms (FindLiveObjects: 1.180200 ms CreateObjectMapping: 4.935400 ms MarkObjects: 17.850800 ms  DeleteObjects: 7.097800 ms)

Prepare: number of updated asset objects reloaded= 0
========================================================================
Received Prepare
AcceleratorClientConnectionCallback - disconnected - :0
Refreshing native plugins compatible for Editor in 3.90 ms, found 5 plugins.
Unloading 65 Unused Serialized files (Serialized files now loaded: 0)
Unloading 10254 unused Assets / (19.9 MB). Loaded Objects now: 11324.
Memory consumption went from 0.54 GB to 0.52 GB.
Total: 63.623500 ms (FindLiveObjects: 1.175700 ms CreateObjectMapping: 5.190000 ms MarkObjects: 32.278700 ms  DeleteObjects: 24.977500 ms)

Prepare: number of updated asset objects reloaded= 0
========================================================================
Received Prepare
AcceleratorClientConnectionCallback - disconnected - :0
Begin MonoManager ReloadAssembly
Symbol file LoadedFromMemory is not a mono symbol file
Symbol file LoadedFromMemory is not a mono symbol file
Refreshing native plugins compatible for Editor in 3.65 ms, found 5 plugins.
Native extension for WindowsStandalone target not found
Native extension for WebGL target not found
[Package Manager] Failed to launch server process. Reason: Unity was launched with the -noUpm command-line argument
[Package Manager] Unable to send message (not connected to server process).
[Package Manager] Cannot connect to Unity Package Manager local server
Refreshing native plugins compatible for Editor in 4.40 ms, found 5 plugins.
[Package Manager] Failed to launch server process. Reason: Unity was launched with the -noUpm command-line argument
[Package Manager] Unable to send message (not connected to server process).
[Package Manager] Cannot connect to Unity Package Manager local server
[Licensing::Client] Error: Code 404 while processing request (status: Found 0 entitlement groups and 0 free entitlements matching requested entitlement ids)
ScheduleIndexationOnStartup MainProcess:False IndexOnStartup:True
Mono: successfully reloaded assembly
- Finished resetting the current domain, in  1.931 seconds
Domain Reload Profiling: 3531ms
	BeginReloadAssembly (334ms)
		DisableScriptedObjects (10ms)
		CreateAndSetChildDomain (120ms)
	RebuildCommonClasses (11ms)
	RebuildNativeTypeToScriptingClass (21ms)
	initialDomainReloadingComplete (118ms)
	LoadAllAssembliesAndSetupDomain (1114ms)
		LoadAssemblies (510ms)
		AnalyzeDomain (498ms)
			TypeCache.Refresh (19ms)
			BuildScriptInfoCaches (470ms)
			ResolveRequiredComponents (7ms)
	FinalizeReload (1932ms)
		SetupLoadedEditorAssemblies (0ms)
			BeforeProcessingInitializeOnLoad (182ms)
			ProcessInitializeOnLoadAttributes (872ms)
			ProcessInitializeOnLoadMethodAttributes (553ms)
			AfterProcessingInitializeOnLoad (8ms)
		AwakeInstancesAfterBackupRestoration (22ms)
Refreshing native plugins compatible for Editor in 3.46 ms, found 5 plugins.
Unloading 65 Unused Serialized files (Serialized files now loaded: 0)
Unloading 10274 unused Assets / (21.5 MB). Loaded Objects now: 11327.
Memory consumption went from 0.54 GB to 0.52 GB.
Total: 26.963500 ms (FindLiveObjects: 1.271100 ms CreateObjectMapping: 5.466100 ms MarkObjects: 13.603000 ms  DeleteObjects: 6.622300 ms)

Prepare: number of updated asset objects reloaded= 0
========================================================================
Received Prepare
AcceleratorClientConnectionCallback - disconnected - :0
[Licensing::Client] Successfully resolved entitlement details
Begin MonoManager ReloadAssembly
Symbol file LoadedFromMemory is not a mono symbol file
Symbol file LoadedFromMemory is not a mono symbol file
Refreshing native plugins compatible for Editor in 3.49 ms, found 5 plugins.
Native extension for WindowsStandalone target not found
Native extension for WebGL target not found
[Package Manager] Failed to launch server process. Reason: Unity was launched with the -noUpm command-line argument
[Package Manager] Unable to send message (not connected to server process).
[Package Manager] Cannot connect to Unity Package Manager local server
Refreshing native plugins compatible for Editor in 2.63 ms, found 5 plugins.
[Package Manager] Failed to launch server process. Reason: Unity was launched with the -noUpm command-line argument
[Package Manager] Unable to send message (not connected to server process).
[Package Manager] Cannot connect to Unity Package Manager local server
[Licensing::Client] Error: Code 404 while processing request (status: Found 0 entitlement groups and 0 free entitlements matching requested entitlement ids)
ScheduleIndexationOnStartup MainProcess:False IndexOnStartup:True
Mono: successfully reloaded assembly
- Finished resetting the current domain, in  1.724 seconds
Domain Reload Profiling: 2552ms
	BeginReloadAssembly (251ms)
		DisableScriptedObjects (9ms)
		CreateAndSetChildDomain (86ms)
	RebuildCommonClasses (8ms)
	RebuildNativeTypeToScriptingClass (15ms)
	initialDomainReloadingComplete (94ms)
	LoadAllAssembliesAndSetupDomain (458ms)
		LoadAssemblies (380ms)
		AnalyzeDomain (19ms)
			TypeCache.Refresh (9ms)
			ResolveRequiredComponents (6ms)
	FinalizeReload (1726ms)
		SetupLoadedEditorAssemblies (0ms)
			BeforeProcessingInitializeOnLoad (134ms)
			ProcessInitializeOnLoadAttributes (809ms)
			ProcessInitializeOnLoadMethodAttributes (509ms)
			AfterProcessingInitializeOnLoad (5ms)
		AwakeInstancesAfterBackupRestoration (25ms)
Refreshing native plugins compatible for Editor in 2.56 ms, found 5 plugins.
Unloading 65 Unused Serialized files (Serialized files now loaded: 0)
Unloading 10274 unused Assets / (19.8 MB). Loaded Objects now: 11330.
Memory consumption went from 0.54 GB to 0.53 GB.
Total: 24.423000 ms (FindLiveObjects: 0.933400 ms CreateObjectMapping: 4.532900 ms MarkObjects: 13.910500 ms  DeleteObjects: 5.043900 ms)

Prepare: number of updated asset objects reloaded= 0
========================================================================
Received Prepare
AcceleratorClientConnectionCallback - disconnected - :0
Refreshing native plugins compatible for Editor in 2.53 ms, found 5 plugins.
Unloading 65 Unused Serialized files (Serialized files now loaded: 0)
Unloading 65 unused Assets / (13.7 MB). Loaded Objects now: 11330.
Memory consumption went from 0.54 GB to 0.53 GB.
Total: 16.977300 ms (FindLiveObjects: 0.501000 ms CreateObjectMapping: 1.650000 ms MarkObjects: 13.148200 ms  DeleteObjects: 1.677200 ms)

Prepare: number of updated asset objects reloaded= 0
========================================================================
Received Prepare
AcceleratorClientConnectionCallback - disconnected - :0
Refreshing native plugins compatible for Editor in 3.66 ms, found 5 plugins.
Unloading 65 Unused Serialized files (Serialized files now loaded: 0)
Unloading 10254 unused Assets / (19.2 MB). Loaded Objects now: 11330.
Memory consumption went from 0.55 GB to 0.53 GB.
Total: 30.454900 ms (FindLiveObjects: 1.249700 ms CreateObjectMapping: 5.720200 ms MarkObjects: 17.848100 ms  DeleteObjects: 5.636100 ms)

Prepare: number of updated asset objects reloaded= 0
========================================================================
Received Prepare
AcceleratorClientConnectionCallback - disconnected - :0
[Licensing::Client] Successfully resolved entitlement details
Begin MonoManager ReloadAssembly
Symbol file LoadedFromMemory is not a mono symbol file
Symbol file LoadedFromMemory is not a mono symbol file
Refreshing native plugins compatible for Editor in 2.61 ms, found 5 plugins.
Native extension for WindowsStandalone target not found
Native extension for WebGL target not found
[Package Manager] Failed to launch server process. Reason: Unity was launched with the -noUpm command-line argument
[Package Manager] Unable to send message (not connected to server process).
[Package Manager] Cannot connect to Unity Package Manager local server
Refreshing native plugins compatible for Editor in 4.23 ms, found 5 plugins.
[Package Manager] Failed to launch server process. Reason: Unity was launched with the -noUpm command-line argument
[Package Manager] Unable to send message (not connected to server process).
[Package Manager] Cannot connect to Unity Package Manager local server
[Licensing::Client] Error: Code 404 while processing request (status: Found 0 entitlement groups and 0 free entitlements matching requested entitlement ids)
ScheduleIndexationOnStartup MainProcess:False IndexOnStartup:True
Mono: successfully reloaded assembly
- Finished resetting the current domain, in  1.997 seconds
Domain Reload Profiling: 3377ms
	BeginReloadAssembly (327ms)
		DisableScriptedObjects (11ms)
		CreateAndSetChildDomain (115ms)
	RebuildCommonClasses (14ms)
	RebuildNativeTypeToScriptingClass (17ms)
	initialDomainReloadingComplete (91ms)
	LoadAllAssembliesAndSetupDomain (929ms)
		LoadAssemblies (460ms)
		AnalyzeDomain (379ms)
			TypeCache.Refresh (13ms)
			BuildScriptInfoCaches (358ms)
			ResolveRequiredComponents (6ms)
	FinalizeReload (1999ms)
		SetupLoadedEditorAssemblies (0ms)
			BeforeProcessingInitializeOnLoad (173ms)
			ProcessInitializeOnLoadAttributes (966ms)
			ProcessInitializeOnLoadMethodAttributes (541ms)
			AfterProcessingInitializeOnLoad (9ms)
		AwakeInstancesAfterBackupRestoration (24ms)
Refreshing native plugins compatible for Editor in 3.60 ms, found 5 plugins.
Unloading 65 Unused Serialized files (Serialized files now loaded: 0)
Unloading 10274 unused Assets / (23.0 MB). Loaded Objects now: 11333.
Memory consumption went from 0.55 GB to 0.53 GB.
Total: 32.277800 ms (FindLiveObjects: 0.965600 ms CreateObjectMapping: 4.280200 ms MarkObjects: 19.289000 ms  DeleteObjects: 7.742100 ms)

Prepare: number of updated asset objects reloaded= 0
========================================================================
Received Prepare
AcceleratorClientConnectionCallback - disconnected - :0
Refreshing native plugins compatible for Editor in 2.63 ms, found 5 plugins.
Unloading 65 Unused Serialized files (Serialized files now loaded: 0)
Unloading 65 unused Assets / (13.7 MB). Loaded Objects now: 11333.
Memory consumption went from 0.55 GB to 0.54 GB.
Total: 17.948400 ms (FindLiveObjects: 0.460000 ms CreateObjectMapping: 1.596200 ms MarkObjects: 14.472200 ms  DeleteObjects: 1.418800 ms)

Prepare: number of updated asset objects reloaded= 0
========================================================================
Received Prepare
AcceleratorClientConnectionCallback - disconnected - :0
Refreshing native plugins compatible for Editor in 3.60 ms, found 5 plugins.
Unloading 65 Unused Serialized files (Serialized files now loaded: 0)
Unloading 10254 unused Assets / (19.8 MB). Loaded Objects now: 11333.
Memory consumption went from 0.56 GB to 0.54 GB.
Total: 40.361200 ms (FindLiveObjects: 1.171600 ms CreateObjectMapping: 5.360900 ms MarkObjects: 19.083700 ms  DeleteObjects: 14.743100 ms)

Prepare: number of updated asset objects reloaded= 0
========================================================================
Received Import Request.
  Time of request: 2026-08-26T11:59:45.7468095Z
  Time since last request: 73916.87314900000638 seconds.
  importAddress: GUID: 0de2ae62c19a4d747965661c81811961 - Path: Assets/Scripts/Utlity/VertexDebug.cs - Importer: PreviewImporter
Importing 'GUID: 0de2ae62c19a4d747965661c81811961 - Path: Assets/Scripts/Utlity/VertexDebug.cs - Importer: PreviewImporter' with importer (PreviewImporter)
Imported 'GUID: 0de2ae62c19a4d747965661c81811961' -> (Import Result ID: 'd5fd2fba0c2cf7438ad4be63ddd37b8b') in 0.058 seconds [static and dynamic dependencies]. Details - ImportResultOutputID=b55bf0200fe66f257bbf4756e61bd6b0 DependenciesID=b55a5e24776b28a49597fd6d7629b025 StaticDependenciesID=6c385a892047450342ee468f34cbe1dc 
Number of updated asset objects reloaded before import = 0
Number of asset objects unloaded after import = 0
========================================================================
Received Prepare
AcceleratorClientConnectionCallback - disconnected - :0
[Licensing::Client] Successfully resolved entitlement details
Begin MonoManager ReloadAssembly
Symbol file LoadedFromMemory is not a mono symbol file
Symbol file LoadedFromMemory is not a mono symbol file
Refreshing native plugins compatible for Editor in 4.36 ms, found 5 plugins.
Native extension for WindowsStandalone target not found
Native extension for WebGL target not found
[Package Manager] Failed to launch server process. Reason: Unity was launched with the -noUpm command-line argument
[Package Manager] Unable to send message (not connected to server process).
[Package Manager] Cannot connect to Unity Package Manager local server
Refreshing native plugins compatible for Editor in 2.70 ms, found 5 plugins.
[Package Manager] Failed to launch server process. Reason: Unity was launched with the -noUpm command-line argument
[Package Manager] Unable to send message (not connected to server process).
[Package Manager] Cannot connect to Unity Package Manager local server
[Licensing::Client] Error: Code 404 while processing request (status: Found 0 entitlement groups and 0 free entitlements matching requested entitlement ids)
ScheduleIndexationOnStartup MainProcess:False IndexOnStartup:True
Mono: successfully reloaded assembly
- Finished resetting the current domain, in  1.728 seconds
Domain Reload Profiling: 3025ms
	BeginReloadAssembly (312ms)
		DisableScriptedObjects (13ms)
		CreateAndSetChildDomain (103ms)
	RebuildCommonClasses (11ms)
	RebuildNativeTypeToScriptingClass (15ms)
	initialDomainReloadingComplete (111ms)
	LoadAllAssembliesAndSetupDomain (846ms)
		LoadAssemblies (465ms)
		AnalyzeDomain (342ms)
			TypeCache.Refresh (15ms)
			BuildScriptInfoCaches (320ms)
			ResolveRequiredComponents (5ms)
	FinalizeReload (1729ms)
		SetupLoadedEditorAssemblies (0ms)
			InitializePlatformSupportModulesInManaged (3ms)
			BeforeProcessingInitializeOnLoad (138ms)
			ProcessInitializeOnLoadAttributes (815ms)
			ProcessInitializeOnLoadMethodAttributes (448ms)
			AfterProcessingInitializeOnLoad (6ms)
		AwakeInstancesAfterBackupRestoration (27ms)
Refreshing native plugins compatible for Editor in 2.56 ms, found 5 plugins.
Unloading 65 Unused Serialized files (Serialized files now loaded: 0)
Unloading 10274 unused Assets / (21.9 MB). Loaded Objects now: 11338.
Memory consumption went from 0.56 GB to 0.54 GB.
Total: 25.245800 ms (FindLiveObjects: 1.077000 ms CreateObjectMapping: 4.316200 ms MarkObjects: 13.163400 ms  DeleteObjects: 6.673900 ms)

Prepare: number of updated asset objects reloaded= 0
========================================================================
Received Prepare
AcceleratorClientConnectionCallback - disconnected - :0
Refreshing native plugins compatible for Editor in 3.19 ms, found 5 plugins.
Unloading 65 Unused Serialized files (Serialized files now loaded: 0)
Unloading 65 unused Assets / (13.7 MB). Loaded Objects now: 11338.
Memory consumption went from 0.56 GB to 0.55 GB.
Total: 16.524700 ms (FindLiveObjects: 0.507900 ms CreateObjectMapping: 1.515800 ms MarkObjects: 13.051300 ms  DeleteObjects: 1.448800 ms)

Prepare: number of updated asset objects reloaded= 0
========================================================================
Received Prepare
AcceleratorClientConnectionCallback - disconnected - :0
Refreshing native plugins compatible for Editor in 2.44 ms, found 5 plugins.
Unloading 65 Unused Serialized files (Serialized files now loaded: 0)
Unloading 10254 unused Assets / (19.3 MB). Loaded Objects now: 11338.
Memory consumption went from 0.57 GB to 0.55 GB.
Total: 27.463700 ms (FindLiveObjects: 0.998800 ms CreateObjectMapping: 4.642700 ms MarkObjects: 15.590600 ms  DeleteObjects: 6.230600 ms)

Prepare: number of updated asset objects reloaded= 0
========================================================================
Received Prepare
AcceleratorClientConnectionCallback - disconnected - :0
[Licensing::Client] Successfully resolved entitlement details
Begin MonoManager ReloadAssembly
Symbol file LoadedFromMemory is not a mono symbol file
Symbol file LoadedFromMemory is not a mono symbol file
Refreshing native plugins compatible for Editor in 3.16 ms, found 5 plugins.
Native extension for WindowsStandalone target not found
Native extension for WebGL target not found
[Package Manager] Failed to launch server process. Reason: Unity was launched with the -noUpm command-line argument
[Package Manager] Unable to send message (not connected to server process).
[Package Manager] Cannot connect to Unity Package Manager local server
Refreshing native plugins compatible for Editor in 4.32 ms, found 5 plugins.
[Package Manager] Failed to launch server process. Reason: Unity was launched with the -noUpm command-line argument
[Package Manager] Unable to send message (not connected to server process).
[Package Manager] Cannot connect to Unity Package Manager local server
[Licensing::Client] Error: Code 404 while processing request (status: Found 0 entitlement groups and 0 free entitlements matching requested entitlement ids)
ScheduleIndexationOnStartup MainProcess:False IndexOnStartup:True
Mono: successfully reloaded assembly
- Finished resetting the current domain, in  1.969 seconds
Domain Reload Profiling: 3517ms
	BeginReloadAssembly (353ms)
		DisableScriptedObjects (11ms)
		CreateAndSetChildDomain (124ms)
	RebuildCommonClasses (16ms)
	RebuildNativeTypeToScriptingClass (21ms)
	initialDomainReloadingComplete (129ms)
	LoadAllAssembliesAndSetupDomain (1028ms)
		LoadAssemblies (516ms)
		AnalyzeDomain (442ms)
			TypeCache.Refresh (16ms)
			BuildScriptInfoCaches (416ms)
			ResolveRequiredComponents (7ms)
	FinalizeReload (1970ms)
		SetupLoadedEditorAssemblies (0ms)
			InitializePlatformSupportModulesInManaged (3ms)
			BeforeProcessingInitializeOnLoad (159ms)
			ProcessInitializeOnLoadAttributes (947ms)
			ProcessInitializeOnLoadMethodAttributes (534ms)
			AfterProcessingInitializeOnLoad (6ms)
		AwakeInstancesAfterBackupRestoration (33ms)
Refreshing native plugins compatible for Editor in 2.38 ms, found 5 plugins.
Unloading 65 Unused Serialized files (Serialized files now loaded: 0)
Unloading 10274 unused Assets / (17.7 MB). Loaded Objects now: 11341.
Memory consumption went from 0.57 GB to 0.56 GB.
Total: 25.287400 ms (FindLiveObjects: 1.215300 ms CreateObjectMapping: 4.736300 ms MarkObjects: 14.922300 ms  DeleteObjects: 4.412100 ms)

Prepare: number of updated asset objects reloaded= 0
========================================================================
Received Prepare
AcceleratorClientConnectionCallback - disconnected - :0
Refreshing native plugins compatible for Editor in 2.63 ms, found 5 plugins.
Unloading 65 Unused Serialized files (Serialized files now loaded: 0)
Unloading 10254 unused Assets / (21.5 MB). Loaded Objects now: 11341.
Memory consumption went from 0.58 GB to 0.55 GB.
Total: 32.980900 ms (FindLiveObjects: 1.004700 ms CreateObjectMapping: 5.095700 ms MarkObjects: 19.108900 ms  DeleteObjects: 7.770200 ms)

Prepare: number of updated asset objects reloaded= 0
========================================================================
Received Prepare
AcceleratorClientConnectionCallback - disconnected - :0
[Licensing::Client] Successfully resolved entitlement details
Begin MonoManager ReloadAssembly
Symbol file LoadedFromMemory is not a mono symbol file
Symbol file LoadedFromMemory is not a mono symbol file
Refreshing native plugins compatible for Editor in 3.54 ms, found 5 plugins.
Native extension for WindowsStandalone target not found
Native extension for WebGL target not found
[Package Manager] Failed to launch server process. Reason: Unity was launched with the -noUpm command-line argument
[Package Manager] Unable to send message (not connected to server process).
[Package Manager] Cannot connect to Unity Package Manager local server
Refreshing native plugins compatible for Editor in 3.91 ms, found 5 plugins.
[Package Manager] Failed to launch server process. Reason: Unity was launched with the -noUpm command-line argument
[Package Manager] Unable to send message (not connected to server process).
[Package Manager] Cannot connect to Unity Package Manager local server
[Licensing::Client] Error: Code 404 while processing request (status: Found 0 entitlement groups and 0 free entitlements matching requested entitlement ids)
ScheduleIndexationOnStartup MainProcess:False IndexOnStartup:True
Mono: successfully reloaded assembly
- Finished resetting the current domain, in  1.914 seconds
Domain Reload Profiling: 3291ms
	BeginReloadAssembly (321ms)
		DisableScriptedObjects (13ms)
		CreateAndSetChildDomain (98ms)
	RebuildCommonClasses (10ms)
	RebuildNativeTypeToScriptingClass (17ms)
	initialDomainReloadingComplete (101ms)
	LoadAllAssembliesAndSetupDomain (926ms)
		LoadAssemblies (463ms)
		AnalyzeDomain (405ms)
			TypeCache.Refresh (15ms)
			BuildScriptInfoCaches (382ms)
			ResolveRequiredComponents (6ms)
	FinalizeReload (1916ms)
		SetupLoadedEditorAssemblies (0ms)
			BeforeProcessingInitializeOnLoad (149ms)
			ProcessInitializeOnLoadAttributes (893ms)
			ProcessInitializeOnLoadMethodAttributes (545ms)
			AfterProcessingInitializeOnLoad (5ms)
		AwakeInstancesAfterBackupRestoration (31ms)
Refreshing native plugins compatible for Editor in 3.06 ms, found 5 plugins.
Unloading 65 Unused Serialized files (Serialized files now loaded: 0)
Unloading 10274 unused Assets / (17.7 MB). Loaded Objects now: 11344.
Memory consumption went from 0.58 GB to 0.56 GB.
Total: 28.057600 ms (FindLiveObjects: 1.176100 ms CreateObjectMapping: 5.378000 ms MarkObjects: 17.298000 ms  DeleteObjects: 4.204400 ms)

Prepare: number of updated asset objects reloaded= 0
========================================================================
Received Prepare
AcceleratorClientConnectionCallback - disconnected - :0
Refreshing native plugins compatible for Editor in 2.69 ms, found 5 plugins.
Unloading 65 Unused Serialized files (Serialized files now loaded: 0)
Unloading 65 unused Assets / (13.7 MB). Loaded Objects now: 11344.
Memory consumption went from 0.57 GB to 0.56 GB.
Total: 16.803700 ms (FindLiveObjects: 0.478700 ms CreateObjectMapping: 1.532600 ms MarkObjects: 13.238700 ms  DeleteObjects: 1.552600 ms)

Prepare: number of updated asset objects reloaded= 0
========================================================================
Received Prepare
AcceleratorClientConnectionCallback - disconnected - :0
Refreshing native plugins compatible for Editor in 3.18 ms, found 5 plugins.
Unloading 65 Unused Serialized files (Serialized files now loaded: 0)
Unloading 10254 unused Assets / (22.7 MB). Loaded Objects now: 11344.
Memory consumption went from 0.58 GB to 0.56 GB.
Total: 33.733700 ms (FindLiveObjects: 1.068200 ms CreateObjectMapping: 4.929300 ms MarkObjects: 20.067400 ms  DeleteObjects: 7.666400 ms)

Prepare: number of updated asset objects reloaded= 0
========================================================================
Received Prepare
AcceleratorClientConnectionCallback - disconnected - :0
[Licensing::Client] Successfully resolved entitlement details
Begin MonoManager ReloadAssembly
Symbol file LoadedFromMemory is not a mono symbol file
Symbol file LoadedFromMemory is not a mono symbol file
Refreshing native plugins compatible for Editor in 2.18 ms, found 5 plugins.
Native extension for WindowsStandalone target not found
Native extension for WebGL target not found
[Package Manager] Failed to launch server process. Reason: Unity was launched with the -noUpm command-line argument
[Package Manager] Unable to send message (not connected to server process).
[Package Manager] Cannot connect to Unity Package Manager local server
Refreshing native plugins compatible for Editor in 4.01 ms, found 5 plugins.
[Package Manager] Failed to launch server process. Reason: Unity was launched with the -noUpm command-line argument
[Package Manager] Unable to send message (not connected to server process).
[Package Manager] Cannot connect to Unity Package Manager local server
[Licensing::Client] Error: Code 404 while processing request (status: Found 0 entitlement groups and 0 free entitlements matching requested entitlement ids)
ScheduleIndexationOnStartup MainProcess:False IndexOnStartup:True
Mono: successfully reloaded assembly
- Finished resetting the current domain, in  1.942 seconds
Domain Reload Profiling: 3405ms
	BeginReloadAssembly (333ms)
		DisableScriptedObjects (11ms)
		CreateAndSetChildDomain (102ms)
	RebuildCommonClasses (8ms)
	RebuildNativeTypeToScriptingClass (19ms)
	initialDomainReloadingComplete (111ms)
	LoadAllAssembliesAndSetupDomain (991ms)
		LoadAssemblies (498ms)
		AnalyzeDomain (414ms)
			TypeCache.Refresh (14ms)
			BuildScriptInfoCaches (391ms)
			ResolveRequiredComponents (7ms)
	FinalizeReload (1944ms)
		SetupLoadedEditorAssemblies (0ms)
			BeforeProcessingInitializeOnLoad (175ms)
			ProcessInitializeOnLoadAttributes (915ms)
			ProcessInitializeOnLoadMethodAttributes (542ms)
			AfterProcessingInitializeOnLoad (5ms)
		AwakeInstancesAfterBackupRestoration (27ms)
Refreshing native plugins compatible for Editor in 2.26 ms, found 5 plugins.
Unloading 65 Unused Serialized files (Serialized files now loaded: 0)
Unloading 10274 unused Assets / (17.7 MB). Loaded Objects now: 11347.
Memory consumption went from 0.59 GB to 0.57 GB.
Total: 25.498900 ms (FindLiveObjects: 1.046100 ms CreateObjectMapping: 4.278200 ms MarkObjects: 16.077700 ms  DeleteObjects: 4.095800 ms)

Prepare: number of updated asset objects reloaded= 0
========================================================================
Received Prepare
AcceleratorClientConnectionCallback - disconnected - :0
Refreshing native plugins compatible for Editor in 2.56 ms, found 5 plugins.
Unloading 65 Unused Serialized files (Serialized files now loaded: 0)
Unloading 65 unused Assets / (13.7 MB). Loaded Objects now: 11347.
Memory consumption went from 0.58 GB to 0.57 GB.
Total: 18.587700 ms (FindLiveObjects: 0.533100 ms CreateObjectMapping: 1.595500 ms MarkObjects: 14.990400 ms  DeleteObjects: 1.467300 ms)

Prepare: number of updated asset objects reloaded= 0
========================================================================
Received Prepare
AcceleratorClientConnectionCallback - disconnected - :0
Refreshing native plugins compatible for Editor in 3.48 ms, found 5 plugins.
Unloading 65 Unused Serialized files (Serialized files now loaded: 0)
Unloading 10254 unused Assets / (18.4 MB). Loaded Objects now: 11347.
Memory consumption went from 0.59 GB to 0.58 GB.
Total: 25.046100 ms (FindLiveObjects: 1.153100 ms CreateObjectMapping: 4.975900 ms MarkObjects: 13.920700 ms  DeleteObjects: 4.994900 ms)

Prepare: number of updated asset objects reloaded= 0
========================================================================
Received Prepare
AcceleratorClientConnectionCallback - disconnected - :0
[Licensing::Client] Successfully resolved entitlement details
Begin MonoManager ReloadAssembly
Symbol file LoadedFromMemory is not a mono symbol file
Symbol file LoadedFromMemory is not a mono symbol file
Refreshing native plugins compatible for Editor in 3.33 ms, found 5 plugins.
Native extension for WindowsStandalone target not found
Native extension for WebGL target not found
[Package Manager] Failed to launch server process. Reason: Unity was launched with the -noUpm command-line argument
[Package Manager] Unable to send message (not connected to server process).
[Package Manager] Cannot connect to Unity Package Manager local server
Refreshing native plugins compatible for Editor in 3.33 ms, found 5 plugins.
[Package Manager] Failed to launch server process. Reason: Unity was launched with the -noUpm command-line argument
[Package Manager] Unable to send message (not connected to server process).
[Package Manager] Cannot connect to Unity Package Manager local server
[Licensing::Client] Error: Code 404 while processing request (status: Found 0 entitlement groups and 0 free entitlements matching requested entitlement ids)
ScheduleIndexationOnStartup MainProcess:False IndexOnStartup:True
Mono: successfully reloaded assembly
- Finished resetting the current domain, in  2.140 seconds
Domain Reload Profiling: 3720ms
	BeginReloadAssembly (430ms)
		DisableScriptedObjects (11ms)
		CreateAndSetChildDomain (157ms)
	RebuildCommonClasses (10ms)
	RebuildNativeTypeToScriptingClass (20ms)
	initialDomainReloadingComplete (125ms)
	LoadAllAssembliesAndSetupDomain (994ms)
		LoadAssemblies (534ms)
		AnalyzeDomain (405ms)
			TypeCache.Refresh (14ms)
			BuildScriptInfoCaches (382ms)
			ResolveRequiredComponents (7ms)
	FinalizeReload (2141ms)
		SetupLoadedEditorAssemblies (0ms)
			InitializePlatformSupportModulesInManaged (4ms)
			BeforeProcessingInitializeOnLoad (192ms)
			ProcessInitializeOnLoadAttributes (983ms)
			ProcessInitializeOnLoadMethodAttributes (626ms)
			AfterProcessingInitializeOnLoad (9ms)
		AwakeInstancesAfterBackupRestoration (48ms)
Refreshing native plugins compatible for Editor in 4.03 ms, found 5 plugins.
Unloading 65 Unused Serialized files (Serialized files now loaded: 0)
Unloading 10274 unused Assets / (22.6 MB). Loaded Objects now: 11350.
Memory consumption went from 0.60 GB to 0.58 GB.
Total: 34.013500 ms (FindLiveObjects: 1.283900 ms CreateObjectMapping: 5.008800 ms MarkObjects: 18.961600 ms  DeleteObjects: 8.757800 ms)

Prepare: number of updated asset objects reloaded= 0
========================================================================
Received Prepare
AcceleratorClientConnectionCallback - disconnected - :0
Begin MonoManager ReloadAssembly
Symbol file LoadedFromMemory is not a mono symbol file
Symbol file LoadedFromMemory is not a mono symbol file
Refreshing native plugins compatible for Editor in 3.46 ms, found 5 plugins.
Native extension for WindowsStandalone target not found
Native extension for WebGL target not found
[Package Manager] Failed to launch server process. Reason: Unity was launched with the -noUpm command-line argument
[Package Manager] Unable to send message (not connected to server process).
[Package Manager] Cannot connect to Unity Package Manager local server
Refreshing native plugins compatible for Editor in 2.57 ms, found 5 plugins.
[Package Manager] Failed to launch server process. Reason: Unity was launched with the -noUpm command-line argument
[Package Manager] Unable to send message (not connected to server process).
[Package Manager] Cannot connect to Unity Package Manager local server
[Licensing::Client] Error: Code 404 while processing request (status: Found 0 entitlement groups and 0 free entitlements matching requested entitlement ids)
ScheduleIndexationOnStartup MainProcess:False IndexOnStartup:True
Mono: successfully reloaded assembly
- Finished resetting the current domain, in  1.725 seconds
Domain Reload Profiling: 3092ms
	BeginReloadAssembly (324ms)
		DisableScriptedObjects (11ms)
		CreateAndSetChildDomain (104ms)
	RebuildCommonClasses (12ms)
	RebuildNativeTypeToScriptingClass (20ms)
	initialDomainReloadingComplete (106ms)
	LoadAllAssembliesAndSetupDomain (904ms)
		LoadAssemblies (452ms)
		AnalyzeDomain (408ms)
			TypeCache.Refresh (13ms)
			BuildScriptInfoCaches (388ms)
			ResolveRequiredComponents (5ms)
	FinalizeReload (1726ms)
		SetupLoadedEditorAssemblies (0ms)
			BeforeProcessingInitializeOnLoad (137ms)
			ProcessInitializeOnLoadAttributes (810ms)
			ProcessInitializeOnLoadMethodAttributes (463ms)
			AfterProcessingInitializeOnLoad (5ms)
		AwakeInstancesAfterBackupRestoration (31ms)
Refreshing native plugins compatible for Editor in 3.32 ms, found 5 plugins.
Unloading 65 Unused Serialized files (Serialized files now loaded: 0)
Unloading 10274 unused Assets / (19.9 MB). Loaded Objects now: 11353.
Memory consumption went from 0.60 GB to 0.58 GB.
Total: 23.438200 ms (FindLiveObjects: 1.050400 ms CreateObjectMapping: 4.659200 ms MarkObjects: 12.805300 ms  DeleteObjects: 4.922100 ms)

Prepare: number of updated asset objects reloaded= 0
========================================================================
Received Prepare
AcceleratorClientConnectionCallback - disconnected - :0
Begin MonoManager ReloadAssembly
Symbol file LoadedFromMemory is not a mono symbol file
Symbol file LoadedFromMemory is not a mono symbol file
Refreshing native plugins compatible for Editor in 2.50 ms, found 5 plugins.
Native extension for WindowsStandalone target not found
Native extension for WebGL target not found
[Package Manager] Failed to launch server process. Reason: Unity was launched with the -noUpm command-line argument
[Package Manager] Unable to send message (not connected to server process).
[Package Manager] Cannot connect to Unity Package Manager local server
Refreshing native plugins compatible for Editor in 2.79 ms, found 5 plugins.
[Package Manager] Failed to launch server process. Reason: Unity was launched with the -noUpm command-line argument
[Package Manager] Unable to send message (not connected to server process).
[Package Manager] Cannot connect to Unity Package Manager local server
[Licensing::Client] Error: Code 404 while processing request (status: Found 0 entitlement groups and 0 free entitlements matching requested entitlement ids)
ScheduleIndexationOnStartup MainProcess:False IndexOnStartup:True
Mono: successfully reloaded assembly
- Finished resetting the current domain, in  1.754 seconds
Domain Reload Profiling: 2597ms
	BeginReloadAssembly (281ms)
		DisableScriptedObjects (30ms)
		CreateAndSetChildDomain (95ms)
	RebuildCommonClasses (9ms)
	RebuildNativeTypeToScriptingClass (14ms)
	initialDomainReloadingComplete (87ms)
	LoadAllAssembliesAndSetupDomain (451ms)
		LoadAssemblies (370ms)
		AnalyzeDomain (18ms)
			TypeCache.Refresh (9ms)
			ResolveRequiredComponents (5ms)
	FinalizeReload (1755ms)
		SetupLoadedEditorAssemblies (0ms)
			BeforeProcessingInitializeOnLoad (141ms)
			ProcessInitializeOnLoadAttributes (819ms)
			ProcessInitializeOnLoadMethodAttributes (512ms)
			AfterProcessingInitializeOnLoad (5ms)
		AwakeInstancesAfterBackupRestoration (31ms)
Refreshing native plugins compatible for Editor in 2.82 ms, found 5 plugins.
Unloading 65 Unused Serialized files (Serialized files now loaded: 0)
Unloading 10274 unused Assets / (20.1 MB). Loaded Objects now: 11356.
Memory consumption went from 0.60 GB to 0.58 GB.
Total: 27.698600 ms (FindLiveObjects: 1.042700 ms CreateObjectMapping: 5.241700 ms MarkObjects: 14.975000 ms  DeleteObjects: 6.438100 ms)

Prepare: number of updated asset objects reloaded= 0
========================================================================
Received Prepare
AcceleratorClientConnectionCallback - disconnected - :0
Refreshing native plugins compatible for Editor in 2.49 ms, found 5 plugins.
Unloading 65 Unused Serialized files (Serialized files now loaded: 0)
Unloading 10254 unused Assets / (20.2 MB). Loaded Objects now: 11356.
Memory consumption went from 0.61 GB to 0.59 GB.
Total: 25.507300 ms (FindLiveObjects: 0.944300 ms CreateObjectMapping: 4.896200 ms MarkObjects: 14.558700 ms  DeleteObjects: 5.107000 ms)

Prepare: number of updated asset objects reloaded= 0
========================================================================
Received Prepare
AcceleratorClientConnectionCallback - disconnected - :0
Begin MonoManager ReloadAssembly
Symbol file LoadedFromMemory is not a mono symbol file
Symbol file LoadedFromMemory is not a mono symbol file
Refreshing native plugins compatible for Editor in 2.35 ms, found 5 plugins.
Native extension for WindowsStandalone target not found
Native extension for WebGL target not found
[Package Manager] Failed to launch server process. Reason: Unity was launched with the -noUpm command-line argument
[Package Manager] Unable to send message (not connected to server process).
[Package Manager] Cannot connect to Unity Package Manager local server
Refreshing native plugins compatible for Editor in 2.80 ms, found 5 plugins.
[Package Manager] Failed to launch server process. Reason: Unity was launched with the -noUpm command-line argument
[Package Manager] Unable to send message (not connected to server process).
[Package Manager] Cannot connect to Unity Package Manager local server
[Licensing::Client] Error: Code 404 while processing request (status: Found 0 entitlement groups and 0 free entitlements matching requested entitlement ids)
ScheduleIndexationOnStartup MainProcess:False IndexOnStartup:True
Mono: successfully reloaded assembly
- Finished resetting the current domain, in  1.734 seconds
Domain Reload Profiling: 2916ms
	BeginReloadAssembly (285ms)
		DisableScriptedObjects (10ms)
		CreateAndSetChildDomain (107ms)
	RebuildCommonClasses (10ms)
	RebuildNativeTypeToScriptingClass (16ms)
	initialDomainReloadingComplete (95ms)
	LoadAllAssembliesAndSetupDomain (774ms)
		LoadAssemblies (397ms)
		AnalyzeDomain (331ms)
			TypeCache.Refresh (14ms)
			BuildScriptInfoCaches (311ms)
			ResolveRequiredComponents (5ms)
	FinalizeReload (1735ms)
		SetupLoadedEditorAssemblies (0ms)
			BeforeProcessingInitializeOnLoad (131ms)
			ProcessInitializeOnLoadAttributes (828ms)
			ProcessInitializeOnLoadMethodAttributes (503ms)
			AfterProcessingInitializeOnLoad (5ms)
		AwakeInstancesAfterBackupRestoration (26ms)
Refreshing native plugins compatible for Editor in 2.36 ms, found 5 plugins.
Unloading 65 Unused Serialized files (Serialized files now loaded: 0)
Unloading 10274 unused Assets / (19.8 MB). Loaded Objects now: 11359.
Memory consumption went from 0.61 GB to 0.59 GB.
Total: 24.035600 ms (FindLiveObjects: 1.076500 ms CreateObjectMapping: 4.414900 ms MarkObjects: 13.703800 ms  DeleteObjects: 4.838800 ms)

Prepare: number of updated asset objects reloaded= 0
========================================================================
Received Prepare
AcceleratorClientConnectionCallback - disconnected - :0
[Licensing::Client] Successfully resolved entitlement details
Begin MonoManager ReloadAssembly
Symbol file LoadedFromMemory is not a mono symbol file
Symbol file LoadedFromMemory is not a mono symbol file
Refreshing native plugins compatible for Editor in 2.33 ms, found 5 plugins.
Native extension for WindowsStandalone target not found
Native extension for WebGL target not found
[Package Manager] Failed to launch server process. Reason: Unity was launched with the -noUpm command-line argument
[Package Manager] Unable to send message (not connected to server process).
[Package Manager] Cannot connect to Unity Package Manager local server
Refreshing native plugins compatible for Editor in 3.82 ms, found 5 plugins.
[Package Manager] Failed to launch server process. Reason: Unity was launched with the -noUpm command-line argument
[Package Manager] Unable to send message (not connected to server process).
[Package Manager] Cannot connect to Unity Package Manager local server
[Licensing::Client] Error: Code 404 while processing request (status: Found 0 entitlement groups and 0 free entitlements matching requested entitlement ids)
ScheduleIndexationOnStartup MainProcess:False IndexOnStartup:True
Mono: successfully reloaded assembly
- Finished resetting the current domain, in  1.822 seconds
Domain Reload Profiling: 2665ms
	BeginReloadAssembly (268ms)
		DisableScriptedObjects (9ms)
		CreateAndSetChildDomain (90ms)
	RebuildCommonClasses (10ms)
	RebuildNativeTypeToScriptingClass (16ms)
	initialDomainReloadingComplete (95ms)
	LoadAllAssembliesAndSetupDomain (453ms)
		LoadAssemblies (390ms)
		AnalyzeDomain (19ms)
			TypeCache.Refresh (10ms)
			ResolveRequiredComponents (5ms)
	FinalizeReload (1823ms)
		SetupLoadedEditorAssemblies (0ms)
			BeforeProcessingInitializeOnLoad (132ms)
			ProcessInitializeOnLoadAttributes (883ms)
			ProcessInitializeOnLoadMethodAttributes (528ms)
			AfterProcessingInitializeOnLoad (6ms)
		AwakeInstancesAfterBackupRestoration (30ms)
Refreshing native plugins compatible for Editor in 2.71 ms, found 5 plugins.
Unloading 65 Unused Serialized files (Serialized files now loaded: 0)
Unloading 10274 unused Assets / (20.1 MB). Loaded Objects now: 11362.
Memory consumption went from 0.61 GB to 0.59 GB.
Total: 26.218100 ms (FindLiveObjects: 1.180000 ms CreateObjectMapping: 5.309200 ms MarkObjects: 14.077600 ms  DeleteObjects: 5.650000 ms)

Prepare: number of updated asset objects reloaded= 0
========================================================================
Received Prepare
AcceleratorClientConnectionCallback - disconnected - :0
Refreshing native plugins compatible for Editor in 2.80 ms, found 5 plugins.
Unloading 65 Unused Serialized files (Serialized files now loaded: 0)
Unloading 65 unused Assets / (13.7 MB). Loaded Objects now: 11362.
Memory consumption went from 0.61 GB to 0.60 GB.
Total: 17.361500 ms (FindLiveObjects: 0.513100 ms CreateObjectMapping: 1.627900 ms MarkObjects: 13.535700 ms  DeleteObjects: 1.683300 ms)

Prepare: number of updated asset objects reloaded= 0
========================================================================
Received Prepare
AcceleratorClientConnectionCallback - disconnected - :0
Refreshing native plugins compatible for Editor in 2.98 ms, found 5 plugins.
Unloading 65 Unused Serialized files (Serialized files now loaded: 0)
Unloading 10254 unused Assets / (19.2 MB). Loaded Objects now: 11362.
Memory consumption went from 0.62 GB to 0.60 GB.
Total: 33.689400 ms (FindLiveObjects: 1.047700 ms CreateObjectMapping: 4.984800 ms MarkObjects: 20.476300 ms  DeleteObjects: 7.179300 ms)

Prepare: number of updated asset objects reloaded= 0
========================================================================
Received Prepare
AcceleratorClientConnectionCallback - disconnected - :0
Begin MonoManager ReloadAssembly
Symbol file LoadedFromMemory is not a mono symbol file
Symbol file LoadedFromMemory is not a mono symbol file
Refreshing native plugins compatible for Editor in 2.45 ms, found 5 plugins.
Native extension for WindowsStandalone target not found
Native extension for WebGL target not found
[Package Manager] Failed to launch server process. Reason: Unity was launched with the -noUpm command-line argument
[Package Manager] Unable to send message (not connected to server process).
[Package Manager] Cannot connect to Unity Package Manager local server
Refreshing native plugins compatible for Editor in 3.13 ms, found 5 plugins.
[Package Manager] Failed to launch server process. Reason: Unity was launched with the -noUpm command-line argument
[Package Manager] Unable to send message (not connected to server process).
[Package Manager] Cannot connect to Unity Package Manager local server
[Licensing::Client] Error: Code 404 while processing request (status: Found 0 entitlement groups and 0 free entitlements matching requested entitlement ids)
ScheduleIndexationOnStartup MainProcess:False IndexOnStartup:True
Mono: successfully reloaded assembly
- Finished resetting the current domain, in  1.910 seconds
Domain Reload Profiling: 3277ms
	BeginReloadAssembly (315ms)
		DisableScriptedObjects (12ms)
		CreateAndSetChildDomain (100ms)
	RebuildCommonClasses (9ms)
	RebuildNativeTypeToScriptingClass (16ms)
	initialDomainReloadingComplete (100ms)
	LoadAllAssembliesAndSetupDomain (926ms)
		LoadAssemblies (448ms)
		AnalyzeDomain (408ms)
			TypeCache.Refresh (15ms)
			BuildScriptInfoCaches (383ms)
			ResolveRequiredComponents (7ms)
	FinalizeReload (1912ms)
		SetupLoadedEditorAssemblies (0ms)
			InitializePlatformSupportModulesInManaged (3ms)
			BeforeProcessingInitializeOnLoad (142ms)
			ProcessInitializeOnLoadAttributes (932ms)
			ProcessInitializeOnLoadMethodAttributes (532ms)
			AfterProcessingInitializeOnLoad (9ms)
		AwakeInstancesAfterBackupRestoration (26ms)
Refreshing native plugins compatible for Editor in 2.40 ms, found 5 plugins.
Unloading 65 Unused Serialized files (Serialized files now loaded: 0)
Unloading 10274 unused Assets / (19.2 MB). Loaded Objects now: 11365.
Memory consumption went from 0.62 GB to 0.60 GB.
Total: 28.979100 ms (FindLiveObjects: 1.154900 ms CreateObjectMapping: 5.187900 ms MarkObjects: 16.433300 ms  DeleteObjects: 6.187200 ms)

Prepare: number of updated asset objects reloaded= 0
========================================================================
Received Prepare
AcceleratorClientConnectionCallback - disconnected - :0
Refreshing native plugins compatible for Editor in 2.98 ms, found 5 plugins.
Unloading 65 Unused Serialized files (Serialized files now loaded: 0)
Unloading 65 unused Assets / (13.7 MB). Loaded Objects now: 11365.
Memory consumption went from 0.62 GB to 0.60 GB.
Total: 18.313300 ms (FindLiveObjects: 0.530800 ms CreateObjectMapping: 1.686200 ms MarkObjects: 14.456900 ms  DeleteObjects: 1.638300 ms)

Prepare: number of updated asset objects reloaded= 0
========================================================================
Received Prepare
AcceleratorClientConnectionCallback - disconnected - :0
Refreshing native plugins compatible for Editor in 4.21 ms, found 5 plugins.
Unloading 65 Unused Serialized files (Serialized files now loaded: 0)
Unloading 10254 unused Assets / (20.0 MB). Loaded Objects now: 11365.
Memory consumption went from 0.63 GB to 0.61 GB.
Total: 65.065900 ms (FindLiveObjects: 4.929300 ms CreateObjectMapping: 13.257700 ms MarkObjects: 39.770300 ms  DeleteObjects: 7.107300 ms)

Prepare: number of updated asset objects reloaded= 0
========================================================================
Received Prepare
AcceleratorClientConnectionCallback - disconnected - :0
[Licensing::Client] Successfully resolved entitlement details
Begin MonoManager ReloadAssembly
Symbol file LoadedFromMemory is not a mono symbol file
Symbol file LoadedFromMemory is not a mono symbol file
Refreshing native plugins compatible for Editor in 2.78 ms, found 5 plugins.
Native extension for WindowsStandalone target not found
Native extension for WebGL target not found
[Package Manager] Failed to launch server process. Reason: Unity was launched with the -noUpm command-line argument
[Package Manager] Unable to send message (not connected to server process).
[Package Manager] Cannot connect to Unity Package Manager local server
Refreshing native plugins compatible for Editor in 2.58 ms, found 5 plugins.
[Package Manager] Failed to launch server process. Reason: Unity was launched with the -noUpm command-line argument
[Package Manager] Unable to send message (not connected to server process).
[Package Manager] Cannot connect to Unity Package Manager local server
[Licensing::Client] Error: Code 404 while processing request (status: Found 0 entitlement groups and 0 free entitlements matching requested entitlement ids)
ScheduleIndexationOnStartup MainProcess:False IndexOnStartup:True
Mono: successfully reloaded assembly
- Finished resetting the current domain, in  2.018 seconds
Domain Reload Profiling: 3389ms
	BeginReloadAssembly (310ms)
		DisableScriptedObjects (11ms)
		CreateAndSetChildDomain (119ms)
	RebuildCommonClasses (12ms)
	RebuildNativeTypeToScriptingClass (17ms)
	initialDomainReloadingComplete (109ms)
	LoadAllAssembliesAndSetupDomain (922ms)
		LoadAssemblies (442ms)
		AnalyzeDomain (384ms)
			TypeCache.Refresh (13ms)
			BuildScriptInfoCaches (364ms)
			ResolveRequiredComponents (5ms)
	FinalizeReload (2018ms)
		SetupLoadedEditorAssemblies (0ms)
			InitializePlatformSupportModulesInManaged (3ms)
			BeforeProcessingInitializeOnLoad (288ms)
			ProcessInitializeOnLoadAttributes (875ms)
			ProcessInitializeOnLoadMethodAttributes (471ms)
			AfterProcessingInitializeOnLoad (5ms)
		AwakeInstancesAfterBackupRestoration (27ms)
Refreshing native plugins compatible for Editor in 2.73 ms, found 5 plugins.
Unloading 65 Unused Serialized files (Serialized files now loaded: 0)
Unloading 10274 unused Assets / (19.9 MB). Loaded Objects now: 11368.
Memory consumption went from 0.63 GB to 0.61 GB.
Total: 23.725000 ms (FindLiveObjects: 0.974400 ms CreateObjectMapping: 4.468700 ms MarkObjects: 13.081000 ms  DeleteObjects: 5.198800 ms)

Prepare: number of updated asset objects reloaded= 0
========================================================================
Received Prepare
AcceleratorClientConnectionCallback - disconnected - :0
Begin MonoManager ReloadAssembly
Symbol file LoadedFromMemory is not a mono symbol file
Symbol file LoadedFromMemory is not a mono symbol file
Refreshing native plugins compatible for Editor in 2.93 ms, found 5 plugins.
Native extension for WindowsStandalone target not found
Native extension for WebGL target not found
[Package Manager] Failed to launch server process. Reason: Unity was launched with the -noUpm command-line argument
[Package Manager] Unable to send message (not connected to server process).
[Package Manager] Cannot connect to Unity Package Manager local server
Refreshing native plugins compatible for Editor in 2.52 ms, found 5 plugins.
[Package Manager] Failed to launch server process. Reason: Unity was launched with the -noUpm command-line argument
[Package Manager] Unable to send message (not connected to server process).
[Package Manager] Cannot connect to Unity Package Manager local server
[Licensing::Client] Error: Code 404 while processing request (status: Found 0 entitlement groups and 0 free entitlements matching requested entitlement ids)
ScheduleIndexationOnStartup MainProcess:False IndexOnStartup:True
Mono: successfully reloaded assembly
- Finished resetting the current domain, in  1.688 seconds
Domain Reload Profiling: 2969ms
	BeginReloadAssembly (300ms)
		DisableScriptedObjects (27ms)
		CreateAndSetChildDomain (105ms)
	RebuildCommonClasses (22ms)
	RebuildNativeTypeToScriptingClass (26ms)
	initialDomainReloadingComplete (91ms)
	LoadAllAssembliesAndSetupDomain (841ms)
		LoadAssemblies (393ms)
		AnalyzeDomain (397ms)
			TypeCache.Refresh (13ms)
			BuildScriptInfoCaches (378ms)
			ResolveRequiredComponents (5ms)
	FinalizeReload (1689ms)
		SetupLoadedEditorAssemblies (0ms)
			BeforeProcessingInitializeOnLoad (135ms)
			ProcessInitializeOnLoadAttributes (799ms)
			ProcessInitializeOnLoadMethodAttributes (445ms)
			AfterProcessingInitializeOnLoad (8ms)
		AwakeInstancesAfterBackupRestoration (25ms)
Refreshing native plugins compatible for Editor in 2.43 ms, found 5 plugins.
Unloading 65 Unused Serialized files (Serialized files now loaded: 0)
Unloading 10274 unused Assets / (20.1 MB). Loaded Objects now: 11371.
Memory consumption went from 0.64 GB to 0.62 GB.
Total: 25.935400 ms (FindLiveObjects: 1.136200 ms CreateObjectMapping: 5.264400 ms MarkObjects: 13.613900 ms  DeleteObjects: 5.919800 ms)

Prepare: number of updated asset objects reloaded= 0
========================================================================
Received Prepare
AcceleratorClientConnectionCallback - disconnected - :0
Refreshing native plugins compatible for Editor in 3.11 ms, found 5 plugins.
Unloading 65 Unused Serialized files (Serialized files now loaded: 0)
Unloading 65 unused Assets / (13.7 MB). Loaded Objects now: 11371.
Memory consumption went from 0.63 GB to 0.62 GB.
Total: 23.702200 ms (FindLiveObjects: 0.471200 ms CreateObjectMapping: 1.554100 ms MarkObjects: 19.728100 ms  DeleteObjects: 1.947400 ms)

Prepare: number of updated asset objects reloaded= 0
========================================================================
Received Import Request.
  Time of request: 2026-08-26T13:47:21.0169651Z
  Time since last request: 6455.27907940000023 seconds.
  importAddress: GUID: 8c9b70bc082a9214bb004c05718d4957 - Path: Assets/Prefabs/Logistics/Conveyors/EndCaps/EndCapConveyor_L1.prefab - Importer: PreviewImporter
Importing 'GUID: 8c9b70bc082a9214bb004c05718d4957 - Path: Assets/Prefabs/Logistics/Conveyors/EndCaps/EndCapConveyor_L1.prefab - Importer: PreviewImporter' with importer (PreviewImporter)
Imported 'GUID: 8c9b70bc082a9214bb004c05718d4957' -> (Import Result ID: '58310d6f43b5e6c75b5f18b3399ffbb2') in 0.632 seconds [static and dynamic dependencies]. Details - ImportResultOutputID=da7828b5e9f13fdbca59254ca54d9837 DependenciesID=138ba1b21593d3be941209dc8d42d7a9 StaticDependenciesID=69118c3081ebffa2eba04a0f67050155 
Number of updated asset objects reloaded before import = 0
Number of asset objects unloaded after import = 14
========================================================================
Received Prepare
AcceleratorClientConnectionCallback - disconnected - :0
Refreshing native plugins compatible for Editor in 3.28 ms, found 5 plugins.
Unloading 65 Unused Serialized files (Serialized files now loaded: 0)
Unloading 10254 unused Assets / (18.9 MB). Loaded Objects now: 11492.
Memory consumption went from 0.54 GB to 0.52 GB.
Total: 41.728700 ms (FindLiveObjects: 1.069600 ms CreateObjectMapping: 4.599500 ms MarkObjects: 17.605200 ms  DeleteObjects: 18.453000 ms)

Prepare: number of updated asset objects reloaded= 0
========================================================================
Received Prepare
AcceleratorClientConnectionCallback - disconnected - :0
Begin MonoManager ReloadAssembly
Symbol file LoadedFromMemory is not a mono symbol file
Symbol file LoadedFromMemory is not a mono symbol file
Refreshing native plugins compatible for Editor in 3.37 ms, found 5 plugins.
Native extension for WindowsStandalone target not found
Native extension for WebGL target not found
[Package Manager] Failed to launch server process. Reason: Unity was launched with the -noUpm command-line argument
[Package Manager] Unable to send message (not connected to server process).
[Package Manager] Cannot connect to Unity Package Manager local server
Refreshing native plugins compatible for Editor in 3.08 ms, found 5 plugins.
[Package Manager] Failed to launch server process. Reason: Unity was launched with the -noUpm command-line argument
[Package Manager] Unable to send message (not connected to server process).
[Package Manager] Cannot connect to Unity Package Manager local server
[Licensing::Client] Error: Code 404 while processing request (status: Found 0 entitlement groups and 0 free entitlements matching requested entitlement ids)
ScheduleIndexationOnStartup MainProcess:False IndexOnStartup:True
Mono: successfully reloaded assembly
- Finished resetting the current domain, in  1.728 seconds
Domain Reload Profiling: 3142ms
	BeginReloadAssembly (344ms)
		DisableScriptedObjects (29ms)
		CreateAndSetChildDomain (119ms)
	RebuildCommonClasses (8ms)
	RebuildNativeTypeToScriptingClass (21ms)
	initialDomainReloadingComplete (111ms)
	LoadAllAssembliesAndSetupDomain (930ms)
		LoadAssemblies (431ms)
		AnalyzeDomain (418ms)
			TypeCache.Refresh (13ms)
			BuildScriptInfoCaches (398ms)
			ResolveRequiredComponents (5ms)
	FinalizeReload (1728ms)
		SetupLoadedEditorAssemblies (0ms)
			BeforeProcessingInitializeOnLoad (158ms)
			ProcessInitializeOnLoadAttributes (817ms)
			ProcessInitializeOnLoadMethodAttributes (456ms)
			AfterProcessingInitializeOnLoad (5ms)
		AwakeInstancesAfterBackupRestoration (24ms)
Refreshing native plugins compatible for Editor in 2.88 ms, found 5 plugins.
Unloading 65 Unused Serialized files (Serialized files now loaded: 0)
Unloading 10274 unused Assets / (20.1 MB). Loaded Objects now: 11404.
Memory consumption went from 0.54 GB to 0.52 GB.
Total: 24.209900 ms (FindLiveObjects: 1.054100 ms CreateObjectMapping: 4.427300 ms MarkObjects: 14.062300 ms  DeleteObjects: 4.665000 ms)

Prepare: number of updated asset objects reloaded= 0
========================================================================
Received Prepare
AcceleratorClientConnectionCallback - disconnected - :0
Refreshing native plugins compatible for Editor in 2.46 ms, found 5 plugins.
Unloading 65 Unused Serialized files (Serialized files now loaded: 0)
Unloading 65 unused Assets / (13.7 MB). Loaded Objects now: 11404.
Memory consumption went from 0.53 GB to 0.52 GB.
Total: 16.384700 ms (FindLiveObjects: 0.459800 ms CreateObjectMapping: 1.581800 ms MarkObjects: 12.526700 ms  DeleteObjects: 1.815100 ms)

Prepare: number of updated asset objects reloaded= 0
========================================================================
Received Prepare
AcceleratorClientConnectionCallback - disconnected - :0
Refreshing native plugins compatible for Editor in 9.56 ms, found 5 plugins.
Unloading 65 Unused Serialized files (Serialized files now loaded: 0)
Unloading 10254 unused Assets / (19.6 MB). Loaded Objects now: 11404.
Memory consumption went from 0.54 GB to 0.52 GB.
Total: 51.197200 ms (FindLiveObjects: 2.409800 ms CreateObjectMapping: 12.158200 ms MarkObjects: 29.289600 ms  DeleteObjects: 7.336900 ms)

Prepare: number of updated asset objects reloaded= 0
========================================================================
Received Prepare
AcceleratorClientConnectionCallback - disconnected - :0
[Licensing::Client] Successfully resolved entitlement details
Begin MonoManager ReloadAssembly
Failed to create domain‐reload token.
UnityEngine.Debug:ExtractStackTraceNoAlloc (byte*,int,string)
UnityEngine.StackTraceUtility:ExtractStackTrace ()
UnityEngine.DebugLogHandler:Internal_Log (UnityEngine.LogType,UnityEngine.LogOption,string,UnityEngine.Object)
UnityEngine.DebugLogHandler:LogFormat (UnityEngine.LogType,UnityEngine.Object,string,object[])
UnityEngine.Logger:Log (UnityEngine.LogType,object)
UnityEngine.Debug:LogError (object)
Unity.AI.Generators.UI.Utilities.DomainReloadUtilities:CreateToken () (at ./Library/PackageCache/com.unity.ai.assistant@c0127625258e/Modules/Unity.AI.Generators.UI/Utilities/DomainReloadUtilities.cs:50)
UnityEditor.AssemblyReloadEvents:OnBeforeAssemblyReload ()

(Filename: ./Library/PackageCache/com.unity.ai.assistant@c0127625258e/Modules/Unity.AI.Generators.UI/Utilities/DomainReloadUtilities.cs Line: 50)

Symbol file LoadedFromMemory is not a mono symbol file
Symbol file LoadedFromMemory is not a mono symbol file
Refreshing native plugins compatible for Editor in 3.72 ms, found 5 plugins.
Native extension for WindowsStandalone target not found
Native extension for WebGL target not found
[Package Manager] Failed to launch server process. Reason: Unity was launched with the -noUpm command-line argument
[Package Manager] Unable to send message (not connected to server process).
[Package Manager] Cannot connect to Unity Package Manager local server
Refreshing native plugins compatible for Editor in 4.80 ms, found 5 plugins.
[Package Manager] Failed to launch server process. Reason: Unity was launched with the -noUpm command-line argument
[Package Manager] Unable to send message (not connected to server process).
[Package Manager] Cannot connect to Unity Package Manager local server
[Licensing::Client] Error: Code 404 while processing request (status: Found 0 entitlement groups and 0 free entitlements matching requested entitlement ids)
ScheduleIndexationOnStartup MainProcess:False IndexOnStartup:True
Mono: successfully reloaded assembly
- Finished resetting the current domain, in  1.978 seconds
Domain Reload Profiling: 3428ms
	BeginReloadAssembly (339ms)
		DisableScriptedObjects (11ms)
		CreateAndSetChildDomain (121ms)
	RebuildCommonClasses (9ms)
	RebuildNativeTypeToScriptingClass (14ms)
	initialDomainReloadingComplete (109ms)
	LoadAllAssembliesAndSetupDomain (978ms)
		LoadAssemblies (474ms)
		AnalyzeDomain (416ms)
			TypeCache.Refresh (13ms)
			BuildScriptInfoCaches (396ms)
			ResolveRequiredComponents (5ms)
	FinalizeReload (1979ms)
		SetupLoadedEditorAssemblies (0ms)
			InitializePlatformSupportModulesInManaged (3ms)
			BeforeProcessingInitializeOnLoad (177ms)
			ProcessInitializeOnLoadAttributes (925ms)
			ProcessInitializeOnLoadMethodAttributes (533ms)
			AfterProcessingInitializeOnLoad (5ms)
		AwakeInstancesAfterBackupRestoration (29ms)
Refreshing native plugins compatible for Editor in 3.16 ms, found 5 plugins.
Unloading 65 Unused Serialized files (Serialized files now loaded: 0)
Unloading 10274 unused Assets / (19.0 MB). Loaded Objects now: 11407.
Memory consumption went from 0.54 GB to 0.52 GB.
Total: 26.230300 ms (FindLiveObjects: 0.953400 ms CreateObjectMapping: 4.076200 ms MarkObjects: 15.714000 ms  DeleteObjects: 5.485500 ms)

Prepare: number of updated asset objects reloaded= 0
========================================================================
Received Prepare
AcceleratorClientConnectionCallback - disconnected - :0
Refreshing native plugins compatible for Editor in 3.78 ms, found 5 plugins.
Unloading 65 Unused Serialized files (Serialized files now loaded: 0)
Unloading 10254 unused Assets / (19.9 MB). Loaded Objects now: 11407.
Memory consumption went from 0.54 GB to 0.52 GB.
Total: 30.449200 ms (FindLiveObjects: 0.943600 ms CreateObjectMapping: 5.965600 ms MarkObjects: 15.728600 ms  DeleteObjects: 7.809600 ms)

Prepare: number of updated asset objects reloaded= 0
========================================================================
Received Prepare
AcceleratorClientConnectionCallback - disconnected - :0
Begin MonoManager ReloadAssembly
Symbol file LoadedFromMemory is not a mono symbol file
Symbol file LoadedFromMemory is not a mono symbol file
Refreshing native plugins compatible for Editor in 2.29 ms, found 5 plugins.
Native extension for WindowsStandalone target not found
Native extension for WebGL target not found
[Package Manager] Failed to launch server process. Reason: Unity was launched with the -noUpm command-line argument
[Package Manager] Unable to send message (not connected to server process).
[Package Manager] Cannot connect to Unity Package Manager local server
Refreshing native plugins compatible for Editor in 4.87 ms, found 5 plugins.
[Package Manager] Failed to launch server process. Reason: Unity was launched with the -noUpm command-line argument
[Package Manager] Unable to send message (not connected to server process).
[Package Manager] Cannot connect to Unity Package Manager local server
[Licensing::Client] Error: Code 404 while processing request (status: Found 0 entitlement groups and 0 free entitlements matching requested entitlement ids)
ScheduleIndexationOnStartup MainProcess:False IndexOnStartup:True
Mono: successfully reloaded assembly
- Finished resetting the current domain, in  1.993 seconds
Domain Reload Profiling: 3391ms
	BeginReloadAssembly (324ms)
		DisableScriptedObjects (9ms)
		CreateAndSetChildDomain (105ms)
	RebuildCommonClasses (10ms)
	RebuildNativeTypeToScriptingClass (19ms)
	initialDomainReloadingComplete (99ms)
	LoadAllAssembliesAndSetupDomain (944ms)
		LoadAssemblies (467ms)
		AnalyzeDomain (385ms)
			TypeCache.Refresh (17ms)
			BuildScriptInfoCaches (358ms)
			ResolveRequiredComponents (7ms)
	FinalizeReload (1995ms)
		SetupLoadedEditorAssemblies (0ms)
			BeforeProcessingInitializeOnLoad (169ms)
			ProcessInitializeOnLoadAttributes (928ms)
			ProcessInitializeOnLoadMethodAttributes (552ms)
			AfterProcessingInitializeOnLoad (7ms)
		AwakeInstancesAfterBackupRestoration (32ms)
Refreshing native plugins compatible for Editor in 2.46 ms, found 5 plugins.
Unloading 65 Unused Serialized files (Serialized files now loaded: 0)
Unloading 10274 unused Assets / (18.7 MB). Loaded Objects now: 11410.
Memory consumption went from 0.55 GB to 0.53 GB.
Total: 25.784000 ms (FindLiveObjects: 1.255900 ms CreateObjectMapping: 5.034900 ms MarkObjects: 12.988800 ms  DeleteObjects: 6.503300 ms)

Prepare: number of updated asset objects reloaded= 0
========================================================================
Received Prepare
AcceleratorClientConnectionCallback - disconnected - :0
Refreshing native plugins compatible for Editor in 3.21 ms, found 5 plugins.
Unloading 65 Unused Serialized files (Serialized files now loaded: 0)
Unloading 10254 unused Assets / (19.6 MB). Loaded Objects now: 11410.
Memory consumption went from 0.55 GB to 0.53 GB.
Total: 30.017300 ms (FindLiveObjects: 1.063500 ms CreateObjectMapping: 5.366200 ms MarkObjects: 17.342000 ms  DeleteObjects: 6.244400 ms)

Prepare: number of updated asset objects reloaded= 0
========================================================================
Received Prepare
AcceleratorClientConnectionCallback - disconnected - :0
[Licensing::Client] Successfully resolved entitlement details
Begin MonoManager ReloadAssembly
Symbol file LoadedFromMemory is not a mono symbol file
Symbol file LoadedFromMemory is not a mono symbol file
Refreshing native plugins compatible for Editor in 4.17 ms, found 5 plugins.
Native extension for WindowsStandalone target not found
Native extension for WebGL target not found
[Package Manager] Failed to launch server process. Reason: Unity was launched with the -noUpm command-line argument
[Package Manager] Unable to send message (not connected to server process).
[Package Manager] Cannot connect to Unity Package Manager local server
Refreshing native plugins compatible for Editor in 4.02 ms, found 5 plugins.
[Package Manager] Failed to launch server process. Reason: Unity was launched with the -noUpm command-line argument
[Package Manager] Unable to send message (not connected to server process).
[Package Manager] Cannot connect to Unity Package Manager local server
[Licensing::Client] Error: Code 404 while processing request (status: Found 0 entitlement groups and 0 free entitlements matching requested entitlement ids)
ScheduleIndexationOnStartup MainProcess:False IndexOnStartup:True
Mono: successfully reloaded assembly
- Finished resetting the current domain, in  1.994 seconds
Domain Reload Profiling: 3369ms
	BeginReloadAssembly (335ms)
		DisableScriptedObjects (32ms)
		CreateAndSetChildDomain (106ms)
	RebuildCommonClasses (15ms)
	RebuildNativeTypeToScriptingClass (21ms)
	initialDomainReloadingComplete (105ms)
	LoadAllAssembliesAndSetupDomain (899ms)
		LoadAssemblies (427ms)
		AnalyzeDomain (393ms)
			TypeCache.Refresh (16ms)
			BuildScriptInfoCaches (368ms)
			ResolveRequiredComponents (7ms)
	FinalizeReload (1995ms)
		SetupLoadedEditorAssemblies (0ms)
			InitializePlatformSupportModulesInManaged (3ms)
			BeforeProcessingInitializeOnLoad (157ms)
			ProcessInitializeOnLoadAttributes (929ms)
			ProcessInitializeOnLoadMethodAttributes (560ms)
			AfterProcessingInitializeOnLoad (5ms)
		AwakeInstancesAfterBackupRestoration (27ms)
Refreshing native plugins compatible for Editor in 3.37 ms, found 5 plugins.
Unloading 65 Unused Serialized files (Serialized files now loaded: 0)
Unloading 10274 unused Assets / (21.1 MB). Loaded Objects now: 11413.
Memory consumption went from 0.55 GB to 0.53 GB.
Total: 29.779000 ms (FindLiveObjects: 1.163300 ms CreateObjectMapping: 4.828700 ms MarkObjects: 16.877700 ms  DeleteObjects: 6.907900 ms)

Prepare: number of updated asset objects reloaded= 0
========================================================================
Received Prepare
AcceleratorClientConnectionCallback - disconnected - :0
Refreshing native plugins compatible for Editor in 3.34 ms, found 5 plugins.
Unloading 65 Unused Serialized files (Serialized files now loaded: 0)
Unloading 10254 unused Assets / (19.2 MB). Loaded Objects now: 11413.
Memory consumption went from 0.55 GB to 0.53 GB.
Total: 31.834000 ms (FindLiveObjects: 1.209800 ms CreateObjectMapping: 4.961200 ms MarkObjects: 18.604100 ms  DeleteObjects: 7.057800 ms)

Prepare: number of updated asset objects reloaded= 0
========================================================================
Received Prepare
AcceleratorClientConnectionCallback - disconnected - :0
Begin MonoManager ReloadAssembly
Symbol file LoadedFromMemory is not a mono symbol file
Symbol file LoadedFromMemory is not a mono symbol file
Refreshing native plugins compatible for Editor in 2.38 ms, found 5 plugins.
Native extension for WindowsStandalone target not found
Native extension for WebGL target not found
[Package Manager] Failed to launch server process. Reason: Unity was launched with the -noUpm command-line argument
[Package Manager] Unable to send message (not connected to server process).
[Package Manager] Cannot connect to Unity Package Manager local server
Refreshing native plugins compatible for Editor in 4.69 ms, found 5 plugins.
[Package Manager] Failed to launch server process. Reason: Unity was launched with the -noUpm command-line argument
[Package Manager] Unable to send message (not connected to server process).
[Package Manager] Cannot connect to Unity Package Manager local server
[Licensing::Client] Error: Code 404 while processing request (status: Found 0 entitlement groups and 0 free entitlements matching requested entitlement ids)
ScheduleIndexationOnStartup MainProcess:False IndexOnStartup:True
Mono: successfully reloaded assembly
- Finished resetting the current domain, in  2.033 seconds
Domain Reload Profiling: 3495ms
	BeginReloadAssembly (325ms)
		DisableScriptedObjects (10ms)
		CreateAndSetChildDomain (112ms)
	RebuildCommonClasses (16ms)
	RebuildNativeTypeToScriptingClass (24ms)
	initialDomainReloadingComplete (105ms)
	LoadAllAssembliesAndSetupDomain (992ms)
		LoadAssemblies (473ms)
		AnalyzeDomain (435ms)
			TypeCache.Refresh (17ms)
			BuildScriptInfoCaches (411ms)
			ResolveRequiredComponents (4ms)
	FinalizeReload (2034ms)
		SetupLoadedEditorAssemblies (0ms)
			BeforeProcessingInitializeOnLoad (163ms)
			ProcessInitializeOnLoadAttributes (978ms)
			ProcessInitializeOnLoadMethodAttributes (574ms)
			AfterProcessingInitializeOnLoad (5ms)
		AwakeInstancesAfterBackupRestoration (33ms)
Refreshing native plugins compatible for Editor in 3.18 ms, found 5 plugins.
Unloading 65 Unused Serialized files (Serialized files now loaded: 0)
Unloading 10274 unused Assets / (18.7 MB). Loaded Objects now: 11416.
Memory consumption went from 0.56 GB to 0.54 GB.
Total: 27.865700 ms (FindLiveObjects: 1.088600 ms CreateObjectMapping: 5.053400 ms MarkObjects: 16.413600 ms  DeleteObjects: 5.308600 ms)

Prepare: number of updated asset objects reloaded= 0
========================================================================
Received Prepare
AcceleratorClientConnectionCallback - disconnected - :0
Refreshing native plugins compatible for Editor in 3.31 ms, found 5 plugins.
Unloading 65 Unused Serialized files (Serialized files now loaded: 0)
Unloading 65 unused Assets / (13.7 MB). Loaded Objects now: 11416.
Memory consumption went from 0.55 GB to 0.54 GB.
Total: 17.415800 ms (FindLiveObjects: 0.497200 ms CreateObjectMapping: 1.975300 ms MarkObjects: 13.438900 ms  DeleteObjects: 1.502400 ms)

Prepare: number of updated asset objects reloaded= 0
========================================================================
Received Prepare
AcceleratorClientConnectionCallback - disconnected - :0
Refreshing native plugins compatible for Editor in 3.65 ms, found 5 plugins.
Unloading 65 Unused Serialized files (Serialized files now loaded: 0)
Unloading 10254 unused Assets / (19.4 MB). Loaded Objects now: 11416.
Memory consumption went from 0.56 GB to 0.54 GB.
Total: 59.735300 ms (FindLiveObjects: 1.245800 ms CreateObjectMapping: 5.113600 ms MarkObjects: 43.213100 ms  DeleteObjects: 10.160800 ms)

Prepare: number of updated asset objects reloaded= 0
========================================================================
Received Prepare
AcceleratorClientConnectionCallback - disconnected - :0
[Licensing::Client] Successfully resolved entitlement details
Begin MonoManager ReloadAssembly
Symbol file LoadedFromMemory is not a mono symbol file
Symbol file LoadedFromMemory is not a mono symbol file
Refreshing native plugins compatible for Editor in 3.37 ms, found 5 plugins.
Native extension for WindowsStandalone target not found
Native extension for WebGL target not found
[Package Manager] Failed to launch server process. Reason: Unity was launched with the -noUpm command-line argument
[Package Manager] Unable to send message (not connected to server process).
[Package Manager] Cannot connect to Unity Package Manager local server
Refreshing native plugins compatible for Editor in 4.67 ms, found 5 plugins.
[Package Manager] Failed to launch server process. Reason: Unity was launched with the -noUpm command-line argument
[Package Manager] Unable to send message (not connected to server process).
[Package Manager] Cannot connect to Unity Package Manager local server
[Licensing::Client] Error: Code 404 while processing request (status: Found 0 entitlement groups and 0 free entitlements matching requested entitlement ids)
ScheduleIndexationOnStartup MainProcess:False IndexOnStartup:True
Mono: successfully reloaded assembly
- Finished resetting the current domain, in  1.980 seconds
Domain Reload Profiling: 3473ms
	BeginReloadAssembly (345ms)
		DisableScriptedObjects (10ms)
		CreateAndSetChildDomain (138ms)
	RebuildCommonClasses (13ms)
	RebuildNativeTypeToScriptingClass (21ms)
	initialDomainReloadingComplete (106ms)
	LoadAllAssembliesAndSetupDomain (1007ms)
		LoadAssemblies (464ms)
		AnalyzeDomain (448ms)
			TypeCache.Refresh (18ms)
			BuildScriptInfoCaches (424ms)
			ResolveRequiredComponents (5ms)
	FinalizeReload (1981ms)
		SetupLoadedEditorAssemblies (0ms)
			BeforeProcessingInitializeOnLoad (173ms)
			ProcessInitializeOnLoadAttributes (932ms)
			ProcessInitializeOnLoadMethodAttributes (547ms)
			AfterProcessingInitializeOnLoad (5ms)
		AwakeInstancesAfterBackupRestoration (30ms)
Refreshing native plugins compatible for Editor in 3.56 ms, found 5 plugins.
Unloading 65 Unused Serialized files (Serialized files now loaded: 0)
Unloading 10274 unused Assets / (23.2 MB). Loaded Objects now: 11419.
Memory consumption went from 0.56 GB to 0.54 GB.
Total: 34.971800 ms (FindLiveObjects: 1.245100 ms CreateObjectMapping: 5.324600 ms MarkObjects: 20.769400 ms  DeleteObjects: 7.631700 ms)

Prepare: number of updated asset objects reloaded= 0
========================================================================
Received Prepare
AcceleratorClientConnectionCallback - disconnected - :0
Refreshing native plugins compatible for Editor in 4.44 ms, found 5 plugins.
Unloading 65 Unused Serialized files (Serialized files now loaded: 0)
Unloading 10254 unused Assets / (17.6 MB). Loaded Objects now: 11419.
Memory consumption went from 0.56 GB to 0.55 GB.
Total: 27.558400 ms (FindLiveObjects: 0.978400 ms CreateObjectMapping: 4.883300 ms MarkObjects: 17.326300 ms  DeleteObjects: 4.369400 ms)

Prepare: number of updated asset objects reloaded= 0
========================================================================
Received Prepare
AcceleratorClientConnectionCallback - disconnected - :0
Begin MonoManager ReloadAssembly
Symbol file LoadedFromMemory is not a mono symbol file
Symbol file LoadedFromMemory is not a mono symbol file
Refreshing native plugins compatible for Editor in 2.82 ms, found 5 plugins.
Native extension for WindowsStandalone target not found
Native extension for WebGL target not found
[Package Manager] Failed to launch server process. Reason: Unity was launched with the -noUpm command-line argument
[Package Manager] Unable to send message (not connected to server process).
[Package Manager] Cannot connect to Unity Package Manager local server
Refreshing native plugins compatible for Editor in 2.62 ms, found 5 plugins.
[Package Manager] Failed to launch server process. Reason: Unity was launched with the -noUpm command-line argument
[Package Manager] Unable to send message (not connected to server process).
[Package Manager] Cannot connect to Unity Package Manager local server
[Licensing::Client] Error: Code 404 while processing request (status: Found 0 entitlement groups and 0 free entitlements matching requested entitlement ids)
ScheduleIndexationOnStartup MainProcess:False IndexOnStartup:True
Mono: successfully reloaded assembly
- Finished resetting the current domain, in  1.768 seconds
Domain Reload Profiling: 3233ms
	BeginReloadAssembly (336ms)
		DisableScriptedObjects (12ms)
		CreateAndSetChildDomain (144ms)
	RebuildCommonClasses (14ms)
	RebuildNativeTypeToScriptingClass (23ms)
	initialDomainReloadingComplete (112ms)
	LoadAllAssembliesAndSetupDomain (980ms)
		LoadAssemblies (434ms)
		AnalyzeDomain (428ms)
			TypeCache.Refresh (16ms)
			BuildScriptInfoCaches (402ms)
			ResolveRequiredComponents (7ms)
	FinalizeReload (1769ms)
		SetupLoadedEditorAssemblies (0ms)
			BeforeProcessingInitializeOnLoad (143ms)
			ProcessInitializeOnLoadAttributes (848ms)
			ProcessInitializeOnLoadMethodAttributes (471ms)
			AfterProcessingInitializeOnLoad (6ms)
		AwakeInstancesAfterBackupRestoration (25ms)
Refreshing native plugins compatible for Editor in 2.99 ms, found 5 plugins.
Unloading 65 Unused Serialized files (Serialized files now loaded: 0)
Unloading 10274 unused Assets / (20.1 MB). Loaded Objects now: 11422.
Memory consumption went from 0.57 GB to 0.55 GB.
Total: 26.788200 ms (FindLiveObjects: 1.009300 ms CreateObjectMapping: 5.649100 ms MarkObjects: 14.603100 ms  DeleteObjects: 5.525600 ms)

Prepare: number of updated asset objects reloaded= 0
========================================================================
Received Prepare
AcceleratorClientConnectionCallback - disconnected - :0
Refreshing native plugins compatible for Editor in 3.76 ms, found 5 plugins.
Unloading 65 Unused Serialized files (Serialized files now loaded: 0)
Unloading 65 unused Assets / (13.7 MB). Loaded Objects now: 11422.
Memory consumption went from 0.56 GB to 0.55 GB.
Total: 16.927700 ms (FindLiveObjects: 0.484400 ms CreateObjectMapping: 1.605700 ms MarkObjects: 13.277500 ms  DeleteObjects: 1.558600 ms)

Prepare: number of updated asset objects reloaded= 0
========================================================================
Received Prepare
AcceleratorClientConnectionCallback - disconnected - :0
Refreshing native plugins compatible for Editor in 3.80 ms, found 5 plugins.
Unloading 65 Unused Serialized files (Serialized files now loaded: 0)
Unloading 10254 unused Assets / (19.5 MB). Loaded Objects now: 11422.
Memory consumption went from 0.57 GB to 0.55 GB.
Total: 61.153300 ms (FindLiveObjects: 1.189900 ms CreateObjectMapping: 4.559600 ms MarkObjects: 47.635300 ms  DeleteObjects: 7.767500 ms)

Prepare: number of updated asset objects reloaded= 0
========================================================================
Received Prepare
AcceleratorClientConnectionCallback - disconnected - :0
[Licensing::Client] Successfully resolved entitlement details
Begin MonoManager ReloadAssembly
Symbol file LoadedFromMemory is not a mono symbol file
Symbol file LoadedFromMemory is not a mono symbol file
Refreshing native plugins compatible for Editor in 2.80 ms, found 5 plugins.
Native extension for WindowsStandalone target not found
Native extension for WebGL target not found
[Package Manager] Failed to launch server process. Reason: Unity was launched with the -noUpm command-line argument
[Package Manager] Unable to send message (not connected to server process).
[Package Manager] Cannot connect to Unity Package Manager local server
Refreshing native plugins compatible for Editor in 4.29 ms, found 5 plugins.
[Package Manager] Failed to launch server process. Reason: Unity was launched with the -noUpm command-line argument
[Package Manager] Unable to send message (not connected to server process).
[Package Manager] Cannot connect to Unity Package Manager local server
[Licensing::Client] Error: Code 404 while processing request (status: Found 0 entitlement groups and 0 free entitlements matching requested entitlement ids)
ScheduleIndexationOnStartup MainProcess:False IndexOnStartup:True
Mono: successfully reloaded assembly
- Finished resetting the current domain, in  2.112 seconds
Domain Reload Profiling: 3528ms
	BeginReloadAssembly (321ms)
		DisableScriptedObjects (9ms)
		CreateAndSetChildDomain (108ms)
	RebuildCommonClasses (10ms)
	RebuildNativeTypeToScriptingClass (19ms)
	initialDomainReloadingComplete (105ms)
	LoadAllAssembliesAndSetupDomain (959ms)
		LoadAssemblies (474ms)
		AnalyzeDomain (391ms)
			TypeCache.Refresh (17ms)
			BuildScriptInfoCaches (367ms)
			ResolveRequiredComponents (5ms)
	FinalizeReload (2113ms)
		SetupLoadedEditorAssemblies (0ms)
			BeforeProcessingInitializeOnLoad (174ms)
			ProcessInitializeOnLoadAttributes (1010ms)
			ProcessInitializeOnLoadMethodAttributes (586ms)
			AfterProcessingInitializeOnLoad (8ms)
		AwakeInstancesAfterBackupRestoration (35ms)
Refreshing native plugins compatible for Editor in 4.18 ms, found 5 plugins.
Unloading 65 Unused Serialized files (Serialized files now loaded: 0)
Unloading 10274 unused Assets / (19.0 MB). Loaded Objects now: 11425.
Memory consumption went from 0.58 GB to 0.56 GB.
Total: 28.712900 ms (FindLiveObjects: 1.021900 ms CreateObjectMapping: 5.288400 ms MarkObjects: 16.756800 ms  DeleteObjects: 5.644000 ms)

Prepare: number of updated asset objects reloaded= 0
========================================================================
Received Prepare
AcceleratorClientConnectionCallback - disconnected - :0
Refreshing native plugins compatible for Editor in 3.83 ms, found 5 plugins.
Unloading 65 Unused Serialized files (Serialized files now loaded: 0)
Unloading 65 unused Assets / (13.7 MB). Loaded Objects now: 11425.
Memory consumption went from 0.57 GB to 0.56 GB.
Total: 20.812600 ms (FindLiveObjects: 0.615700 ms CreateObjectMapping: 2.014600 ms MarkObjects: 16.475200 ms  DeleteObjects: 1.705700 ms)

Prepare: number of updated asset objects reloaded= 0
========================================================================
Received Prepare
AcceleratorClientConnectionCallback - disconnected - :0
Refreshing native plugins compatible for Editor in 3.85 ms, found 5 plugins.
Unloading 65 Unused Serialized files (Serialized files now loaded: 0)
Unloading 10254 unused Assets / (18.6 MB). Loaded Objects now: 11425.
Memory consumption went from 0.58 GB to 0.56 GB.
Total: 56.140100 ms (FindLiveObjects: 1.186800 ms CreateObjectMapping: 5.405200 ms MarkObjects: 40.976400 ms  DeleteObjects: 8.570400 ms)

Prepare: number of updated asset objects reloaded= 0
========================================================================
Received Prepare
AcceleratorClientConnectionCallback - disconnected - :0
[Licensing::Client] Successfully resolved entitlement details
Begin MonoManager ReloadAssembly
Failed to create domain‐reload token.
UnityEngine.Debug:ExtractStackTraceNoAlloc (byte*,int,string)
UnityEngine.StackTraceUtility:ExtractStackTrace ()
UnityEngine.DebugLogHandler:Internal_Log (UnityEngine.LogType,UnityEngine.LogOption,string,UnityEngine.Object)
UnityEngine.DebugLogHandler:LogFormat (UnityEngine.LogType,UnityEngine.Object,string,object[])
UnityEngine.Logger:Log (UnityEngine.LogType,object)
UnityEngine.Debug:LogError (object)
Unity.AI.Generators.UI.Utilities.DomainReloadUtilities:CreateToken () (at ./Library/PackageCache/com.unity.ai.assistant@c0127625258e/Modules/Unity.AI.Generators.UI/Utilities/DomainReloadUtilities.cs:50)
UnityEditor.AssemblyReloadEvents:OnBeforeAssemblyReload ()

(Filename: ./Library/PackageCache/com.unity.ai.assistant@c0127625258e/Modules/Unity.AI.Generators.UI/Utilities/DomainReloadUtilities.cs Line: 50)

Symbol file LoadedFromMemory is not a mono symbol file
Symbol file LoadedFromMemory is not a mono symbol file
Refreshing native plugins compatible for Editor in 2.46 ms, found 5 plugins.
Native extension for WindowsStandalone target not found
Native extension for WebGL target not found
[Package Manager] Failed to launch server process. Reason: Unity was launched with the -noUpm command-line argument
[Package Manager] Unable to send message (not connected to server process).
[Package Manager] Cannot connect to Unity Package Manager local server
Refreshing native plugins compatible for Editor in 2.64 ms, found 5 plugins.
[Package Manager] Failed to launch server process. Reason: Unity was launched with the -noUpm command-line argument
[Package Manager] Unable to send message (not connected to server process).
[Package Manager] Cannot connect to Unity Package Manager local server
[Licensing::Client] Error: Code 404 while processing request (status: Found 0 entitlement groups and 0 free entitlements matching requested entitlement ids)
ScheduleIndexationOnStartup MainProcess:False IndexOnStartup:True
Mono: successfully reloaded assembly
- Finished resetting the current domain, in  1.786 seconds
Domain Reload Profiling: 3235ms
	BeginReloadAssembly (342ms)
		DisableScriptedObjects (10ms)
		CreateAndSetChildDomain (127ms)
	RebuildCommonClasses (12ms)
	RebuildNativeTypeToScriptingClass (15ms)
	initialDomainReloadingComplete (109ms)
	LoadAllAssembliesAndSetupDomain (969ms)
		LoadAssemblies (464ms)
		AnalyzeDomain (415ms)
			TypeCache.Refresh (15ms)
			BuildScriptInfoCaches (393ms)
			ResolveRequiredComponents (5ms)
	FinalizeReload (1787ms)
		SetupLoadedEditorAssemblies (0ms)
			BeforeProcessingInitializeOnLoad (150ms)
			ProcessInitializeOnLoadAttributes (839ms)
			ProcessInitializeOnLoadMethodAttributes (474ms)
			AfterProcessingInitializeOnLoad (6ms)
		AwakeInstancesAfterBackupRestoration (26ms)
Refreshing native plugins compatible for Editor in 2.81 ms, found 5 plugins.
Unloading 65 Unused Serialized files (Serialized files now loaded: 0)
Unloading 10274 unused Assets / (20.2 MB). Loaded Objects now: 11428.
Memory consumption went from 0.58 GB to 0.57 GB.
Total: 23.976300 ms (FindLiveObjects: 0.920000 ms CreateObjectMapping: 4.132800 ms MarkObjects: 13.515800 ms  DeleteObjects: 5.406300 ms)

Prepare: number of updated asset objects reloaded= 0
========================================================================
Received Prepare
AcceleratorClientConnectionCallback - disconnected - :0
Refreshing native plugins compatible for Editor in 2.98 ms, found 5 plugins.
Unloading 65 Unused Serialized files (Serialized files now loaded: 0)
Unloading 65 unused Assets / (13.7 MB). Loaded Objects now: 11428.
Memory consumption went from 0.58 GB to 0.57 GB.
Total: 18.070200 ms (FindLiveObjects: 0.544000 ms CreateObjectMapping: 1.618000 ms MarkObjects: 14.135300 ms  DeleteObjects: 1.770800 ms)

Prepare: number of updated asset objects reloaded= 0
========================================================================
Received Prepare
AcceleratorClientConnectionCallback - disconnected - :0
Refreshing native plugins compatible for Editor in 2.87 ms, found 5 plugins.
Unloading 65 Unused Serialized files (Serialized files now loaded: 0)
Unloading 10254 unused Assets / (22.3 MB). Loaded Objects now: 11428.
Memory consumption went from 0.59 GB to 0.57 GB.
Total: 34.596300 ms (FindLiveObjects: 1.002600 ms CreateObjectMapping: 5.243900 ms MarkObjects: 20.617800 ms  DeleteObjects: 7.731000 ms)

Prepare: number of updated asset objects reloaded= 0
========================================================================
Received Prepare
AcceleratorClientConnectionCallback - disconnected - :0
Begin MonoManager ReloadAssembly
Symbol file LoadedFromMemory is not a mono symbol file
Symbol file LoadedFromMemory is not a mono symbol file
Refreshing native plugins compatible for Editor in 3.07 ms, found 5 plugins.
Native extension for WindowsStandalone target not found
Native extension for WebGL target not found
[Package Manager] Failed to launch server process. Reason: Unity was launched with the -noUpm command-line argument
[Package Manager] Unable to send message (not connected to server process).
[Package Manager] Cannot connect to Unity Package Manager local server
Refreshing native plugins compatible for Editor in 2.97 ms, found 5 plugins.
[Package Manager] Failed to launch server process. Reason: Unity was launched with the -noUpm command-line argument
[Package Manager] Unable to send message (not connected to server process).
[Package Manager] Cannot connect to Unity Package Manager local server
[Licensing::Client] Error: Code 404 while processing request (status: Found 0 entitlement groups and 0 free entitlements matching requested entitlement ids)
ScheduleIndexationOnStartup MainProcess:False IndexOnStartup:True
Mono: successfully reloaded assembly
- Finished resetting the current domain, in  1.815 seconds
Domain Reload Profiling: 3163ms
	BeginReloadAssembly (321ms)
		DisableScriptedObjects (9ms)
		CreateAndSetChildDomain (120ms)
	RebuildCommonClasses (8ms)
	RebuildNativeTypeToScriptingClass (15ms)
	initialDomainReloadingComplete (115ms)
	LoadAllAssembliesAndSetupDomain (887ms)
		LoadAssemblies (455ms)
		AnalyzeDomain (367ms)
			TypeCache.Refresh (13ms)
			BuildScriptInfoCaches (345ms)
			ResolveRequiredComponents (6ms)
	FinalizeReload (1816ms)
		SetupLoadedEditorAssemblies (0ms)
			BeforeProcessingInitializeOnLoad (167ms)
			ProcessInitializeOnLoadAttributes (843ms)
			ProcessInitializeOnLoadMethodAttributes (461ms)
			AfterProcessingInitializeOnLoad (6ms)
		AwakeInstancesAfterBackupRestoration (28ms)
Refreshing native plugins compatible for Editor in 2.63 ms, found 5 plugins.
Unloading 65 Unused Serialized files (Serialized files now loaded: 0)
Unloading 10274 unused Assets / (20.4 MB). Loaded Objects now: 11431.
Memory consumption went from 0.59 GB to 0.57 GB.
Total: 26.164700 ms (FindLiveObjects: 1.018400 ms CreateObjectMapping: 5.037800 ms MarkObjects: 13.793600 ms  DeleteObjects: 6.313000 ms)

Prepare: number of updated asset objects reloaded= 0
========================================================================
Received Prepare
AcceleratorClientConnectionCallback - disconnected - :0
Refreshing native plugins compatible for Editor in 3.07 ms, found 5 plugins.
Unloading 65 Unused Serialized files (Serialized files now loaded: 0)
Unloading 65 unused Assets / (13.7 MB). Loaded Objects now: 11431.
Memory consumption went from 0.59 GB to 0.57 GB.
Total: 16.814700 ms (FindLiveObjects: 0.470200 ms CreateObjectMapping: 1.621900 ms MarkObjects: 13.211700 ms  DeleteObjects: 1.509900 ms)

Prepare: number of updated asset objects reloaded= 0
========================================================================
Received Prepare
AcceleratorClientConnectionCallback - disconnected - :0
Refreshing native plugins compatible for Editor in 3.60 ms, found 5 plugins.
Unloading 65 Unused Serialized files (Serialized files now loaded: 0)
Unloading 10254 unused Assets / (17.9 MB). Loaded Objects now: 11431.
Memory consumption went from 0.60 GB to 0.58 GB.
Total: 68.473800 ms (FindLiveObjects: 1.296300 ms CreateObjectMapping: 5.618600 ms MarkObjects: 39.172200 ms  DeleteObjects: 22.384500 ms)

Prepare: number of updated asset objects reloaded= 0
========================================================================
Received Prepare
AcceleratorClientConnectionCallback - disconnected - :0
[Licensing::Client] Successfully resolved entitlement details
Begin MonoManager ReloadAssembly
Symbol file LoadedFromMemory is not a mono symbol file
Symbol file LoadedFromMemory is not a mono symbol file
Refreshing native plugins compatible for Editor in 3.16 ms, found 5 plugins.
Native extension for WindowsStandalone target not found
Native extension for WebGL target not found
[Package Manager] Failed to launch server process. Reason: Unity was launched with the -noUpm command-line argument
[Package Manager] Unable to send message (not connected to server process).
[Package Manager] Cannot connect to Unity Package Manager local server
Refreshing native plugins compatible for Editor in 4.62 ms, found 5 plugins.
[Package Manager] Failed to launch server process. Reason: Unity was launched with the -noUpm command-line argument
[Package Manager] Unable to send message (not connected to server process).
[Package Manager] Cannot connect to Unity Package Manager local server
[Licensing::Client] Error: Code 404 while processing request (status: Found 0 entitlement groups and 0 free entitlements matching requested entitlement ids)
ScheduleIndexationOnStartup MainProcess:False IndexOnStartup:True
Mono: successfully reloaded assembly
- Finished resetting the current domain, in  2.018 seconds
Domain Reload Profiling: 3405ms
	BeginReloadAssembly (328ms)
		DisableScriptedObjects (10ms)
		CreateAndSetChildDomain (122ms)
	RebuildCommonClasses (14ms)
	RebuildNativeTypeToScriptingClass (24ms)
	initialDomainReloadingComplete (103ms)
	LoadAllAssembliesAndSetupDomain (917ms)
		LoadAssemblies (454ms)
		AnalyzeDomain (392ms)
			TypeCache.Refresh (13ms)
			BuildScriptInfoCaches (373ms)
			ResolveRequiredComponents (5ms)
	FinalizeReload (2020ms)
		SetupLoadedEditorAssemblies (0ms)
			BeforeProcessingInitializeOnLoad (151ms)
			ProcessInitializeOnLoadAttributes (955ms)
			ProcessInitializeOnLoadMethodAttributes (567ms)
			AfterProcessingInitializeOnLoad (9ms)
		AwakeInstancesAfterBackupRestoration (36ms)
Refreshing native plugins compatible for Editor in 3.99 ms, found 5 plugins.
Unloading 65 Unused Serialized files (Serialized files now loaded: 0)
Unloading 10274 unused Assets / (19.0 MB). Loaded Objects now: 11434.
Memory consumption went from 0.60 GB to 0.58 GB.
Total: 25.326200 ms (FindLiveObjects: 1.127200 ms CreateObjectMapping: 4.389300 ms MarkObjects: 13.532900 ms  DeleteObjects: 6.275000 ms)

Prepare: number of updated asset objects reloaded= 0
========================================================================
Received Prepare
AcceleratorClientConnectionCallback - disconnected - :0
Refreshing native plugins compatible for Editor in 2.92 ms, found 5 plugins.
Unloading 65 Unused Serialized files (Serialized files now loaded: 0)
Unloading 65 unused Assets / (13.7 MB). Loaded Objects now: 11434.
Memory consumption went from 0.60 GB to 0.58 GB.
Total: 18.839100 ms (FindLiveObjects: 0.527500 ms CreateObjectMapping: 2.031800 ms MarkObjects: 14.491600 ms  DeleteObjects: 1.786800 ms)

Prepare: number of updated asset objects reloaded= 0
========================================================================
Received Prepare
AcceleratorClientConnectionCallback - disconnected - :0
Begin MonoManager ReloadAssembly
Symbol file LoadedFromMemory is not a mono symbol file
Symbol file LoadedFromMemory is not a mono symbol file
Refreshing native plugins compatible for Editor in 2.56 ms, found 5 plugins.
Native extension for WindowsStandalone target not found
Native extension for WebGL target not found
[Package Manager] Failed to launch server process. Reason: Unity was launched with the -noUpm command-line argument
[Package Manager] Unable to send message (not connected to server process).
[Package Manager] Cannot connect to Unity Package Manager local server
Refreshing native plugins compatible for Editor in 2.77 ms, found 5 plugins.
[Package Manager] Failed to launch server process. Reason: Unity was launched with the -noUpm command-line argument
[Package Manager] Unable to send message (not connected to server process).
[Package Manager] Cannot connect to Unity Package Manager local server
[Licensing::Client] Error: Code 404 while processing request (status: Found 0 entitlement groups and 0 free entitlements matching requested entitlement ids)
ScheduleIndexationOnStartup MainProcess:False IndexOnStartup:True
Mono: successfully reloaded assembly
- Finished resetting the current domain, in  1.812 seconds
Domain Reload Profiling: 2663ms
	BeginReloadAssembly (279ms)
		DisableScriptedObjects (9ms)
		CreateAndSetChildDomain (109ms)
	RebuildCommonClasses (12ms)
	RebuildNativeTypeToScriptingClass (16ms)
	initialDomainReloadingComplete (86ms)
	LoadAllAssembliesAndSetupDomain (458ms)
		LoadAssemblies (376ms)
		AnalyzeDomain (20ms)
			TypeCache.Refresh (10ms)
			ResolveRequiredComponents (6ms)
	FinalizeReload (1813ms)
		SetupLoadedEditorAssemblies (0ms)
			BeforeProcessingInitializeOnLoad (140ms)
			ProcessInitializeOnLoadAttributes (825ms)
			ProcessInitializeOnLoadMethodAttributes (534ms)
			AfterProcessingInitializeOnLoad (7ms)
		AwakeInstancesAfterBackupRestoration (36ms)
Refreshing native plugins compatible for Editor in 3.02 ms, found 5 plugins.
Unloading 65 Unused Serialized files (Serialized files now loaded: 0)
Unloading 10274 unused Assets / (20.1 MB). Loaded Objects now: 11437.
Memory consumption went from 0.61 GB to 0.59 GB.
Total: 27.817100 ms (FindLiveObjects: 1.274900 ms CreateObjectMapping: 6.123300 ms MarkObjects: 14.132400 ms  DeleteObjects: 6.284900 ms)

Prepare: number of updated asset objects reloaded= 0
========================================================================
Received Prepare
AcceleratorClientConnectionCallback - disconnected - :0
Refreshing native plugins compatible for Editor in 2.90 ms, found 5 plugins.
Unloading 65 Unused Serialized files (Serialized files now loaded: 0)
Unloading 10254 unused Assets / (19.6 MB). Loaded Objects now: 11437.
Memory consumption went from 0.61 GB to 0.59 GB.
Total: 26.330200 ms (FindLiveObjects: 1.059200 ms CreateObjectMapping: 4.622800 ms MarkObjects: 15.648100 ms  DeleteObjects: 4.998700 ms)

Prepare: number of updated asset objects reloaded= 0
========================================================================
Received Prepare
AcceleratorClientConnectionCallback - disconnected - :0
[Licensing::Client] Successfully resolved entitlement details
Begin MonoManager ReloadAssembly
Symbol file LoadedFromMemory is not a mono symbol file
Symbol file LoadedFromMemory is not a mono symbol file
Refreshing native plugins compatible for Editor in 3.31 ms, found 5 plugins.
Native extension for WindowsStandalone target not found
Native extension for WebGL target not found
[Package Manager] Failed to launch server process. Reason: Unity was launched with the -noUpm command-line argument
[Package Manager] Unable to send message (not connected to server process).
[Package Manager] Cannot connect to Unity Package Manager local server
Refreshing native plugins compatible for Editor in 2.91 ms, found 5 plugins.
[Package Manager] Failed to launch server process. Reason: Unity was launched with the -noUpm command-line argument
[Package Manager] Unable to send message (not connected to server process).
[Package Manager] Cannot connect to Unity Package Manager local server
[Licensing::Client] Error: Code 404 while processing request (status: Found 0 entitlement groups and 0 free entitlements matching requested entitlement ids)
ScheduleIndexationOnStartup MainProcess:False IndexOnStartup:True
Mono: successfully reloaded assembly
- Finished resetting the current domain, in  1.777 seconds
Domain Reload Profiling: 3040ms
	BeginReloadAssembly (314ms)
		DisableScriptedObjects (10ms)
		CreateAndSetChildDomain (125ms)
	RebuildCommonClasses (9ms)
	RebuildNativeTypeToScriptingClass (15ms)
	initialDomainReloadingComplete (94ms)
	LoadAllAssembliesAndSetupDomain (831ms)
		LoadAssemblies (419ms)
		AnalyzeDomain (347ms)
			TypeCache.Refresh (14ms)
			BuildScriptInfoCaches (326ms)
			ResolveRequiredComponents (5ms)
	FinalizeReload (1778ms)
		SetupLoadedEditorAssemblies (0ms)
			BeforeProcessingInitializeOnLoad (141ms)
			ProcessInitializeOnLoadAttributes (854ms)
			ProcessInitializeOnLoadMethodAttributes (489ms)
			AfterProcessingInitializeOnLoad (5ms)
		AwakeInstancesAfterBackupRestoration (29ms)
Refreshing native plugins compatible for Editor in 2.68 ms, found 5 plugins.
Unloading 65 Unused Serialized files (Serialized files now loaded: 0)
Unloading 10274 unused Assets / (20.3 MB). Loaded Objects now: 11440.
Memory consumption went from 0.61 GB to 0.59 GB.
Total: 25.292600 ms (FindLiveObjects: 1.009600 ms CreateObjectMapping: 4.849700 ms MarkObjects: 13.723900 ms  DeleteObjects: 5.708400 ms)

Prepare: number of updated asset objects reloaded= 0
========================================================================
Received Prepare
AcceleratorClientConnectionCallback - disconnected - :0
Refreshing native plugins compatible for Editor in 2.69 ms, found 5 plugins.
Unloading 65 Unused Serialized files (Serialized files now loaded: 0)
Unloading 65 unused Assets / (13.7 MB). Loaded Objects now: 11440.
Memory consumption went from 0.61 GB to 0.60 GB.
Total: 16.411900 ms (FindLiveObjects: 0.471500 ms CreateObjectMapping: 1.617300 ms MarkObjects: 12.875700 ms  DeleteObjects: 1.446500 ms)

Prepare: number of updated asset objects reloaded= 0
========================================================================
Received Prepare
AcceleratorClientConnectionCallback - disconnected - :0
Begin MonoManager ReloadAssembly
Symbol file LoadedFromMemory is not a mono symbol file
Symbol file LoadedFromMemory is not a mono symbol file
Refreshing native plugins compatible for Editor in 3.24 ms, found 5 plugins.
Native extension for WindowsStandalone target not found
Native extension for WebGL target not found
[Package Manager] Failed to launch server process. Reason: Unity was launched with the -noUpm command-line argument
[Package Manager] Unable to send message (not connected to server process).
[Package Manager] Cannot connect to Unity Package Manager local server
Refreshing native plugins compatible for Editor in 3.16 ms, found 5 plugins.
[Package Manager] Failed to launch server process. Reason: Unity was launched with the -noUpm command-line argument
[Package Manager] Unable to send message (not connected to server process).
[Package Manager] Cannot connect to Unity Package Manager local server
[Licensing::Client] Error: Code 404 while processing request (status: Found 0 entitlement groups and 0 free entitlements matching requested entitlement ids)
ScheduleIndexationOnStartup MainProcess:False IndexOnStartup:True
Mono: successfully reloaded assembly
- Finished resetting the current domain, in  1.915 seconds
Domain Reload Profiling: 2768ms
	BeginReloadAssembly (274ms)
		DisableScriptedObjects (9ms)
		CreateAndSetChildDomain (96ms)
	RebuildCommonClasses (11ms)
	RebuildNativeTypeToScriptingClass (15ms)
	initialDomainReloadingComplete (92ms)
	LoadAllAssembliesAndSetupDomain (460ms)
		LoadAssemblies (381ms)
		AnalyzeDomain (19ms)
			TypeCache.Refresh (10ms)
			ResolveRequiredComponents (5ms)
	FinalizeReload (1916ms)
		SetupLoadedEditorAssemblies (0ms)
			BeforeProcessingInitializeOnLoad (144ms)
			ProcessInitializeOnLoadAttributes (928ms)
			ProcessInitializeOnLoadMethodAttributes (548ms)
			AfterProcessingInitializeOnLoad (6ms)
		AwakeInstancesAfterBackupRestoration (30ms)
Refreshing native plugins compatible for Editor in 3.39 ms, found 5 plugins.
Unloading 65 Unused Serialized files (Serialized files now loaded: 0)
Unloading 10274 unused Assets / (20.6 MB). Loaded Objects now: 11443.
Memory consumption went from 0.62 GB to 0.60 GB.
Total: 27.809600 ms (FindLiveObjects: 1.056500 ms CreateObjectMapping: 5.208500 ms MarkObjects: 15.095600 ms  DeleteObjects: 6.447700 ms)

Prepare: number of updated asset objects reloaded= 0
========================================================================
Received Prepare
AcceleratorClientConnectionCallback - disconnected - :0
Refreshing native plugins compatible for Editor in 3.40 ms, found 5 plugins.
Unloading 65 Unused Serialized files (Serialized files now loaded: 0)
Unloading 10254 unused Assets / (19.9 MB). Loaded Objects now: 11443.
Memory consumption went from 0.62 GB to 0.60 GB.
Total: 26.235100 ms (FindLiveObjects: 1.000600 ms CreateObjectMapping: 4.746400 ms MarkObjects: 15.130000 ms  DeleteObjects: 5.356800 ms)

Prepare: number of updated asset objects reloaded= 0
========================================================================
Received Prepare
AcceleratorClientConnectionCallback - disconnected - :0
[Licensing::Client] Successfully resolved entitlement details
Begin MonoManager ReloadAssembly
Symbol file LoadedFromMemory is not a mono symbol file
Symbol file LoadedFromMemory is not a mono symbol file
Refreshing native plugins compatible for Editor in 2.94 ms, found 5 plugins.
Native extension for WindowsStandalone target not found
Native extension for WebGL target not found
[Package Manager] Failed to launch server process. Reason: Unity was launched with the -noUpm command-line argument
[Package Manager] Unable to send message (not connected to server process).
[Package Manager] Cannot connect to Unity Package Manager local server
Refreshing native plugins compatible for Editor in 2.98 ms, found 5 plugins.
[Package Manager] Failed to launch server process. Reason: Unity was launched with the -noUpm command-line argument
[Package Manager] Unable to send message (not connected to server process).
[Package Manager] Cannot connect to Unity Package Manager local server
[Licensing::Client] Error: Code 404 while processing request (status: Found 0 entitlement groups and 0 free entitlements matching requested entitlement ids)
ScheduleIndexationOnStartup MainProcess:False IndexOnStartup:True
Mono: successfully reloaded assembly
- Finished resetting the current domain, in  1.704 seconds
Domain Reload Profiling: 2927ms
	BeginReloadAssembly (303ms)
		DisableScriptedObjects (10ms)
		CreateAndSetChildDomain (119ms)
	RebuildCommonClasses (9ms)
	RebuildNativeTypeToScriptingClass (15ms)
	initialDomainReloadingComplete (98ms)
	LoadAllAssembliesAndSetupDomain (796ms)
		LoadAssemblies (404ms)
		AnalyzeDomain (335ms)
			TypeCache.Refresh (14ms)
			BuildScriptInfoCaches (314ms)
			ResolveRequiredComponents (5ms)
	FinalizeReload (1705ms)
		SetupLoadedEditorAssemblies (0ms)
			BeforeProcessingInitializeOnLoad (138ms)
			ProcessInitializeOnLoadAttributes (793ms)
			ProcessInitializeOnLoadMethodAttributes (476ms)
			AfterProcessingInitializeOnLoad (7ms)
		AwakeInstancesAfterBackupRestoration (32ms)
Refreshing native plugins compatible for Editor in 3.29 ms, found 5 plugins.
Unloading 65 Unused Serialized files (Serialized files now loaded: 0)
Unloading 10274 unused Assets / (20.0 MB). Loaded Objects now: 11446.
Memory consumption went from 0.63 GB to 0.61 GB.
Total: 25.361600 ms (FindLiveObjects: 1.054400 ms CreateObjectMapping: 4.417400 ms MarkObjects: 13.392100 ms  DeleteObjects: 6.496600 ms)

Prepare: number of updated asset objects reloaded= 0
========================================================================
Received Prepare
AcceleratorClientConnectionCallback - disconnected - :0
Refreshing native plugins compatible for Editor in 2.95 ms, found 5 plugins.
Unloading 65 Unused Serialized files (Serialized files now loaded: 0)
Unloading 65 unused Assets / (13.7 MB). Loaded Objects now: 11446.
Memory consumption went from 0.62 GB to 0.61 GB.
Total: 21.146900 ms (FindLiveObjects: 0.603500 ms CreateObjectMapping: 1.569000 ms MarkObjects: 17.019000 ms  DeleteObjects: 1.953900 ms)

Prepare: number of updated asset objects reloaded= 0
========================================================================
Received Prepare
AcceleratorClientConnectionCallback - disconnected - :0
Refreshing native plugins compatible for Editor in 4.07 ms, found 5 plugins.
Unloading 65 Unused Serialized files (Serialized files now loaded: 0)
Unloading 10254 unused Assets / (19.5 MB). Loaded Objects now: 11446.
Memory consumption went from 0.63 GB to 0.61 GB.
Total: 32.940000 ms (FindLiveObjects: 1.280100 ms CreateObjectMapping: 5.960900 ms MarkObjects: 18.021500 ms  DeleteObjects: 7.676100 ms)

Prepare: number of updated asset objects reloaded= 0
========================================================================
Received Prepare
AcceleratorClientConnectionCallback - disconnected - :0
Begin MonoManager ReloadAssembly
[Licensing::Client] Successfully resolved entitlement details
Symbol file LoadedFromMemory is not a mono symbol file
Symbol file LoadedFromMemory is not a mono symbol file
Refreshing native plugins compatible for Editor in 2.38 ms, found 5 plugins.
Native extension for WindowsStandalone target not found
Native extension for WebGL target not found
[Package Manager] Failed to launch server process. Reason: Unity was launched with the -noUpm command-line argument
[Package Manager] Unable to send message (not connected to server process).
[Package Manager] Cannot connect to Unity Package Manager local server
Refreshing native plugins compatible for Editor in 3.82 ms, found 5 plugins.
[Package Manager] Failed to launch server process. Reason: Unity was launched with the -noUpm command-line argument
[Package Manager] Unable to send message (not connected to server process).
[Package Manager] Cannot connect to Unity Package Manager local server
[Licensing::Client] Error: Code 404 while processing request (status: Found 0 entitlement groups and 0 free entitlements matching requested entitlement ids)
ScheduleIndexationOnStartup MainProcess:False IndexOnStartup:True
Mono: successfully reloaded assembly
- Finished resetting the current domain, in  1.950 seconds
Domain Reload Profiling: 3357ms
	BeginReloadAssembly (324ms)
		DisableScriptedObjects (12ms)
		CreateAndSetChildDomain (121ms)
	RebuildCommonClasses (9ms)
	RebuildNativeTypeToScriptingClass (21ms)
	initialDomainReloadingComplete (97ms)
	LoadAllAssembliesAndSetupDomain (954ms)
		LoadAssemblies (479ms)
		AnalyzeDomain (380ms)
			TypeCache.Refresh (17ms)
			BuildScriptInfoCaches (354ms)
			ResolveRequiredComponents (6ms)
	FinalizeReload (1951ms)
		SetupLoadedEditorAssemblies (0ms)
			BeforeProcessingInitializeOnLoad (144ms)
			ProcessInitializeOnLoadAttributes (923ms)
			ProcessInitializeOnLoadMethodAttributes (543ms)
			AfterProcessingInitializeOnLoad (6ms)
		AwakeInstancesAfterBackupRestoration (32ms)
Refreshing native plugins compatible for Editor in 3.57 ms, found 5 plugins.
Unloading 65 Unused Serialized files (Serialized files now loaded: 0)
Unloading 10274 unused Assets / (19.8 MB). Loaded Objects now: 11449.
Memory consumption went from 0.63 GB to 0.62 GB.
Total: 22.521300 ms (FindLiveObjects: 0.940600 ms CreateObjectMapping: 3.952100 ms MarkObjects: 12.412400 ms  DeleteObjects: 5.215200 ms)

Prepare: number of updated asset objects reloaded= 0
========================================================================
Received Prepare
AcceleratorClientConnectionCallback - disconnected - :0
Refreshing native plugins compatible for Editor in 3.29 ms, found 5 plugins.
Unloading 65 Unused Serialized files (Serialized files now loaded: 0)
Unloading 10254 unused Assets / (19.3 MB). Loaded Objects now: 11449.
Memory consumption went from 0.64 GB to 0.62 GB.
Total: 29.655000 ms (FindLiveObjects: 1.230900 ms CreateObjectMapping: 5.864000 ms MarkObjects: 16.580500 ms  DeleteObjects: 5.978400 ms)

Prepare: number of updated asset objects reloaded= 0
========================================================================
Received Prepare
AcceleratorClientConnectionCallback - disconnected - :0
Begin MonoManager ReloadAssembly
Symbol file LoadedFromMemory is not a mono symbol file
Symbol file LoadedFromMemory is not a mono symbol file
Refreshing native plugins compatible for Editor in 2.45 ms, found 5 plugins.
Native extension for WindowsStandalone target not found
Native extension for WebGL target not found
[Package Manager] Failed to launch server process. Reason: Unity was launched with the -noUpm command-line argument
[Package Manager] Unable to send message (not connected to server process).
[Package Manager] Cannot connect to Unity Package Manager local server
Refreshing native plugins compatible for Editor in 3.30 ms, found 5 plugins.
[Package Manager] Failed to launch server process. Reason: Unity was launched with the -noUpm command-line argument
[Package Manager] Unable to send message (not connected to server process).
[Package Manager] Cannot connect to Unity Package Manager local server
[Licensing::Client] Error: Code 404 while processing request (status: Found 0 entitlement groups and 0 free entitlements matching requested entitlement ids)
ScheduleIndexationOnStartup MainProcess:False IndexOnStartup:True
Mono: successfully reloaded assembly
- Finished resetting the current domain, in  1.828 seconds
Domain Reload Profiling: 3276ms
	BeginReloadAssembly (334ms)
		DisableScriptedObjects (13ms)
		CreateAndSetChildDomain (123ms)
	RebuildCommonClasses (10ms)
	RebuildNativeTypeToScriptingClass (20ms)
	initialDomainReloadingComplete (101ms)
	LoadAllAssembliesAndSetupDomain (981ms)
		LoadAssemblies (454ms)
		AnalyzeDomain (446ms)
			TypeCache.Refresh (18ms)
			BuildScriptInfoCaches (418ms)
			ResolveRequiredComponents (7ms)
	FinalizeReload (1829ms)
		SetupLoadedEditorAssemblies (0ms)
			BeforeProcessingInitializeOnLoad (141ms)
			ProcessInitializeOnLoadAttributes (878ms)
			ProcessInitializeOnLoadMethodAttributes (509ms)
			AfterProcessingInitializeOnLoad (7ms)
		AwakeInstancesAfterBackupRestoration (31ms)
Refreshing native plugins compatible for Editor in 3.39 ms, found 5 plugins.
Unloading 65 Unused Serialized files (Serialized files now loaded: 0)
Unloading 10274 unused Assets / (20.2 MB). Loaded Objects now: 11452.
Memory consumption went from 0.64 GB to 0.62 GB.
Total: 25.536700 ms (FindLiveObjects: 1.054500 ms CreateObjectMapping: 5.442200 ms MarkObjects: 13.776300 ms  DeleteObjects: 5.262500 ms)

Prepare: number of updated asset objects reloaded= 0
========================================================================
Received Prepare
AcceleratorClientConnectionCallback - disconnected - :0
Refreshing native plugins compatible for Editor in 2.72 ms, found 5 plugins.
Unloading 65 Unused Serialized files (Serialized files now loaded: 0)
Unloading 65 unused Assets / (13.7 MB). Loaded Objects now: 11452.
Memory consumption went from 0.64 GB to 0.62 GB.
Total: 19.341500 ms (FindLiveObjects: 0.499600 ms CreateObjectMapping: 1.967500 ms MarkObjects: 14.601700 ms  DeleteObjects: 2.271000 ms)

Prepare: number of updated asset objects reloaded= 0
========================================================================
Received Import Request.
  Time of request: 2026-08-26T14:24:40.5495822Z
  Time since last request: 2238.88669410000011 seconds.
  importAddress: GUID: 8c9b70bc082a9214bb004c05718d4957 - Path: Assets/Prefabs/Logistics/Conveyors/EndCaps/EndCapConveyor_L1.prefab - Importer: PreviewImporter
Importing 'GUID: 8c9b70bc082a9214bb004c05718d4957 - Path: Assets/Prefabs/Logistics/Conveyors/EndCaps/EndCapConveyor_L1.prefab - Importer: PreviewImporter' with importer (PreviewImporter)
Imported 'GUID: 8c9b70bc082a9214bb004c05718d4957' -> (Import Result ID: '3d6f9384c91c5d034983a6621d0619b4') in 0.466 seconds [static and dynamic dependencies]. Details - ImportResultOutputID=32240ac737734b939262ea7d10f4f247 DependenciesID=a594d08a2a312eafaf09503884f1e157 StaticDependenciesID=12bad1a0d1a84d2de3d21ced5d6ff407 
Number of updated asset objects reloaded before import = 0
Number of asset objects unloaded after import = 13
========================================================================
Received Prepare
AcceleratorClientConnectionCallback - disconnected - :0
[Licensing::Client] Successfully resolved entitlement details
Begin MonoManager ReloadAssembly
Symbol file LoadedFromMemory is not a mono symbol file
Symbol file LoadedFromMemory is not a mono symbol file
Refreshing native plugins compatible for Editor in 3.16 ms, found 5 plugins.
Native extension for WindowsStandalone target not found
Native extension for WebGL target not found
[Package Manager] Failed to launch server process. Reason: Unity was launched with the -noUpm command-line argument
[Package Manager] Unable to send message (not connected to server process).
[Package Manager] Cannot connect to Unity Package Manager local server
Refreshing native plugins compatible for Editor in 3.47 ms, found 5 plugins.
[Package Manager] Failed to launch server process. Reason: Unity was launched with the -noUpm command-line argument
[Package Manager] Unable to send message (not connected to server process).
[Package Manager] Cannot connect to Unity Package Manager local server
[Licensing::Client] Error: Code 404 while processing request (status: Found 0 entitlement groups and 0 free entitlements matching requested entitlement ids)
ScheduleIndexationOnStartup MainProcess:False IndexOnStartup:True
Mono: successfully reloaded assembly
- Finished resetting the current domain, in  1.927 seconds
Domain Reload Profiling: 2855ms
	BeginReloadAssembly (313ms)
		DisableScriptedObjects (23ms)
		CreateAndSetChildDomain (117ms)
	RebuildCommonClasses (10ms)
	RebuildNativeTypeToScriptingClass (16ms)
	initialDomainReloadingComplete (93ms)
	LoadAllAssembliesAndSetupDomain (495ms)
		LoadAssemblies (401ms)
		AnalyzeDomain (20ms)
			TypeCache.Refresh (10ms)
			ResolveRequiredComponents (5ms)
	FinalizeReload (1928ms)
		SetupLoadedEditorAssemblies (0ms)
			BeforeProcessingInitializeOnLoad (157ms)
			ProcessInitializeOnLoadAttributes (888ms)
			ProcessInitializeOnLoadMethodAttributes (559ms)
			AfterProcessingInitializeOnLoad (6ms)
		AwakeInstancesAfterBackupRestoration (33ms)
Refreshing native plugins compatible for Editor in 3.67 ms, found 5 plugins.
Unloading 65 Unused Serialized files (Serialized files now loaded: 0)
Unloading 10274 unused Assets / (20.4 MB). Loaded Objects now: 11475.
Memory consumption went from 0.56 GB to 0.54 GB.
Total: 28.996900 ms (FindLiveObjects: 1.175500 ms CreateObjectMapping: 5.348300 ms MarkObjects: 15.871600 ms  DeleteObjects: 6.600400 ms)

Prepare: number of updated asset objects reloaded= 0
========================================================================
Received Prepare
AcceleratorClientConnectionCallback - disconnected - :0
Refreshing native plugins compatible for Editor in 2.94 ms, found 5 plugins.
Unloading 65 Unused Serialized files (Serialized files now loaded: 0)
Unloading 10254 unused Assets / (20.1 MB). Loaded Objects now: 11475.
Memory consumption went from 0.56 GB to 0.54 GB.
Total: 31.422400 ms (FindLiveObjects: 1.080400 ms CreateObjectMapping: 4.193400 ms MarkObjects: 19.353800 ms  DeleteObjects: 6.793200 ms)

Prepare: number of updated asset objects reloaded= 0
========================================================================
Received Prepare
AcceleratorClientConnectionCallback - disconnected - :0
[Licensing::Client] Successfully resolved entitlement details
Begin MonoManager ReloadAssembly
Symbol file LoadedFromMemory is not a mono symbol file
Symbol file LoadedFromMemory is not a mono symbol file
Refreshing native plugins compatible for Editor in 2.47 ms, found 5 plugins.
Native extension for WindowsStandalone target not found
Native extension for WebGL target not found
[Package Manager] Failed to launch server process. Reason: Unity was launched with the -noUpm command-line argument
[Package Manager] Unable to send message (not connected to server process).
[Package Manager] Cannot connect to Unity Package Manager local server
Refreshing native plugins compatible for Editor in 2.70 ms, found 5 plugins.
[Package Manager] Failed to launch server process. Reason: Unity was launched with the -noUpm command-line argument
[Package Manager] Unable to send message (not connected to server process).
[Package Manager] Cannot connect to Unity Package Manager local server
[Licensing::Client] Error: Code 404 while processing request (status: Found 0 entitlement groups and 0 free entitlements matching requested entitlement ids)
ScheduleIndexationOnStartup MainProcess:False IndexOnStartup:True
Mono: successfully reloaded assembly
- Finished resetting the current domain, in  1.757 seconds
Domain Reload Profiling: 2967ms
	BeginReloadAssembly (309ms)
		DisableScriptedObjects (10ms)
		CreateAndSetChildDomain (121ms)
	RebuildCommonClasses (10ms)
	RebuildNativeTypeToScriptingClass (17ms)
	initialDomainReloadingComplete (97ms)
	LoadAllAssembliesAndSetupDomain (777ms)
		LoadAssemblies (398ms)
		AnalyzeDomain (324ms)
			TypeCache.Refresh (14ms)
			BuildScriptInfoCaches (303ms)
			ResolveRequiredComponents (5ms)
	FinalizeReload (1758ms)
		SetupLoadedEditorAssemblies (0ms)
			BeforeProcessingInitializeOnLoad (138ms)
			ProcessInitializeOnLoadAttributes (852ms)
			ProcessInitializeOnLoadMethodAttributes (494ms)
			AfterProcessingInitializeOnLoad (7ms)
		AwakeInstancesAfterBackupRestoration (30ms)
Refreshing native plugins compatible for Editor in 2.63 ms, found 5 plugins.
Unloading 65 Unused Serialized files (Serialized files now loaded: 0)
Unloading 10274 unused Assets / (19.6 MB). Loaded Objects now: 11478.
Memory consumption went from 0.57 GB to 0.55 GB.
Total: 23.969300 ms (FindLiveObjects: 0.936400 ms CreateObjectMapping: 4.398400 ms MarkObjects: 13.836500 ms  DeleteObjects: 4.796100 ms)

Prepare: number of updated asset objects reloaded= 0
========================================================================
Received Prepare
AcceleratorClientConnectionCallback - disconnected - :0
Refreshing native plugins compatible for Editor in 3.30 ms, found 5 plugins.
Unloading 65 Unused Serialized files (Serialized files now loaded: 0)
Unloading 65 unused Assets / (13.7 MB). Loaded Objects now: 11478.
Memory consumption went from 0.56 GB to 0.55 GB.
Total: 18.561300 ms (FindLiveObjects: 0.535700 ms CreateObjectMapping: 1.658700 ms MarkObjects: 14.861000 ms  DeleteObjects: 1.504800 ms)

Prepare: number of updated asset objects reloaded= 0
========================================================================
Received Prepare
AcceleratorClientConnectionCallback - disconnected - :0
Begin MonoManager ReloadAssembly
Symbol file LoadedFromMemory is not a mono symbol file
Symbol file LoadedFromMemory is not a mono symbol file
Refreshing native plugins compatible for Editor in 2.85 ms, found 5 plugins.
Native extension for WindowsStandalone target not found
Native extension for WebGL target not found
[Package Manager] Failed to launch server process. Reason: Unity was launched with the -noUpm command-line argument
[Package Manager] Unable to send message (not connected to server process).
[Package Manager] Cannot connect to Unity Package Manager local server
Refreshing native plugins compatible for Editor in 3.08 ms, found 5 plugins.
[Package Manager] Failed to launch server process. Reason: Unity was launched with the -noUpm command-line argument
[Package Manager] Unable to send message (not connected to server process).
[Package Manager] Cannot connect to Unity Package Manager local server
[Licensing::Client] Error: Code 404 while processing request (status: Found 0 entitlement groups and 0 free entitlements matching requested entitlement ids)
ScheduleIndexationOnStartup MainProcess:False IndexOnStartup:True
Mono: successfully reloaded assembly
- Finished resetting the current domain, in  2.011 seconds
Domain Reload Profiling: 2858ms
	BeginReloadAssembly (272ms)
		DisableScriptedObjects (10ms)
		CreateAndSetChildDomain (92ms)
	RebuildCommonClasses (10ms)
	RebuildNativeTypeToScriptingClass (15ms)
	initialDomainReloadingComplete (88ms)
	LoadAllAssembliesAndSetupDomain (461ms)
		LoadAssemblies (382ms)
		AnalyzeDomain (20ms)
			TypeCache.Refresh (11ms)
			ResolveRequiredComponents (5ms)
	FinalizeReload (2013ms)
		SetupLoadedEditorAssemblies (0ms)
			InitializePlatformSupportModulesInManaged (3ms)
			BeforeProcessingInitializeOnLoad (151ms)
			ProcessInitializeOnLoadAttributes (957ms)
			ProcessInitializeOnLoadMethodAttributes (554ms)
			AfterProcessingInitializeOnLoad (6ms)
		AwakeInstancesAfterBackupRestoration (37ms)
Refreshing native plugins compatible for Editor in 2.57 ms, found 5 plugins.
Unloading 65 Unused Serialized files (Serialized files now loaded: 0)
Unloading 10274 unused Assets / (21.5 MB). Loaded Objects now: 11481.
Memory consumption went from 0.57 GB to 0.55 GB.
Total: 27.217100 ms (FindLiveObjects: 0.956700 ms CreateObjectMapping: 4.457700 ms MarkObjects: 14.800900 ms  DeleteObjects: 7.000800 ms)

Prepare: number of updated asset objects reloaded= 0
========================================================================
Received Prepare
AcceleratorClientConnectionCallback - disconnected - :0
Refreshing native plugins compatible for Editor in 4.34 ms, found 5 plugins.
Unloading 65 Unused Serialized files (Serialized files now loaded: 0)
Unloading 10254 unused Assets / (20.1 MB). Loaded Objects now: 11481.
Memory consumption went from 0.57 GB to 0.55 GB.
Total: 35.077700 ms (FindLiveObjects: 1.309400 ms CreateObjectMapping: 6.109700 ms MarkObjects: 20.105700 ms  DeleteObjects: 7.551200 ms)

Prepare: number of updated asset objects reloaded= 0
========================================================================
Received Prepare
AcceleratorClientConnectionCallback - disconnected - :0
[Licensing::Client] Successfully resolved entitlement details
Begin MonoManager ReloadAssembly
Symbol file LoadedFromMemory is not a mono symbol file
Symbol file LoadedFromMemory is not a mono symbol file
Refreshing native plugins compatible for Editor in 2.44 ms, found 5 plugins.
Native extension for WindowsStandalone target not found
Native extension for WebGL target not found
[Package Manager] Failed to launch server process. Reason: Unity was launched with the -noUpm command-line argument
[Package Manager] Unable to send message (not connected to server process).
[Package Manager] Cannot connect to Unity Package Manager local server
Refreshing native plugins compatible for Editor in 4.97 ms, found 5 plugins.
[Package Manager] Failed to launch server process. Reason: Unity was launched with the -noUpm command-line argument
[Package Manager] Unable to send message (not connected to server process).
[Package Manager] Cannot connect to Unity Package Manager local server
[Licensing::Client] Error: Code 404 while processing request (status: Found 0 entitlement groups and 0 free entitlements matching requested entitlement ids)
ScheduleIndexationOnStartup MainProcess:False IndexOnStartup:True
Mono: successfully reloaded assembly
- Finished resetting the current domain, in  2.146 seconds
Domain Reload Profiling: 3760ms
	BeginReloadAssembly (394ms)
		DisableScriptedObjects (14ms)
		CreateAndSetChildDomain (152ms)
	RebuildCommonClasses (16ms)
	RebuildNativeTypeToScriptingClass (24ms)
	initialDomainReloadingComplete (119ms)
	LoadAllAssembliesAndSetupDomain (1059ms)
		LoadAssemblies (519ms)
		AnalyzeDomain (474ms)
			TypeCache.Refresh (20ms)
			BuildScriptInfoCaches (448ms)
			ResolveRequiredComponents (4ms)
	FinalizeReload (2147ms)
		SetupLoadedEditorAssemblies (0ms)
			BeforeProcessingInitializeOnLoad (190ms)
			ProcessInitializeOnLoadAttributes (1022ms)
			ProcessInitializeOnLoadMethodAttributes (550ms)
			AfterProcessingInitializeOnLoad (8ms)
		AwakeInstancesAfterBackupRestoration (41ms)
Refreshing native plugins compatible for Editor in 2.69 ms, found 5 plugins.
Unloading 65 Unused Serialized files (Serialized files now loaded: 0)
Unloading 10274 unused Assets / (23.0 MB). Loaded Objects now: 11484.
Memory consumption went from 0.58 GB to 0.55 GB.
Total: 29.414300 ms (FindLiveObjects: 0.919800 ms CreateObjectMapping: 4.698300 ms MarkObjects: 16.387800 ms  DeleteObjects: 7.406600 ms)

Prepare: number of updated asset objects reloaded= 0
========================================================================
Received Prepare
AcceleratorClientConnectionCallback - disconnected - :0
Begin MonoManager ReloadAssembly
Symbol file LoadedFromMemory is not a mono symbol file
Symbol file LoadedFromMemory is not a mono symbol file
Refreshing native plugins compatible for Editor in 3.40 ms, found 5 plugins.
Native extension for WindowsStandalone target not found
Native extension for WebGL target not found
[Package Manager] Failed to launch server process. Reason: Unity was launched with the -noUpm command-line argument
[Package Manager] Unable to send message (not connected to server process).
[Package Manager] Cannot connect to Unity Package Manager local server
Refreshing native plugins compatible for Editor in 2.67 ms, found 5 plugins.
[Package Manager] Failed to launch server process. Reason: Unity was launched with the -noUpm command-line argument
[Package Manager] Unable to send message (not connected to server process).
[Package Manager] Cannot connect to Unity Package Manager local server
[Licensing::Client] Error: Code 404 while processing request (status: Found 0 entitlement groups and 0 free entitlements matching requested entitlement ids)
ScheduleIndexationOnStartup MainProcess:False IndexOnStartup:True
Mono: successfully reloaded assembly
- Finished resetting the current domain, in  1.884 seconds
Domain Reload Profiling: 2741ms
	BeginReloadAssembly (273ms)
		DisableScriptedObjects (10ms)
		CreateAndSetChildDomain (97ms)
	RebuildCommonClasses (9ms)
	RebuildNativeTypeToScriptingClass (15ms)
	initialDomainReloadingComplete (90ms)
	LoadAllAssembliesAndSetupDomain (469ms)
		LoadAssemblies (380ms)
		AnalyzeDomain (21ms)
			TypeCache.Refresh (11ms)
			ResolveRequiredComponents (5ms)
	FinalizeReload (1886ms)
		SetupLoadedEditorAssemblies (0ms)
			BeforeProcessingInitializeOnLoad (151ms)
			ProcessInitializeOnLoadAttributes (874ms)
			ProcessInitializeOnLoadMethodAttributes (534ms)
			AfterProcessingInitializeOnLoad (7ms)
		AwakeInstancesAfterBackupRestoration (36ms)
Refreshing native plugins compatible for Editor in 2.63 ms, found 5 plugins.
Unloading 65 Unused Serialized files (Serialized files now loaded: 0)
Unloading 10274 unused Assets / (19.7 MB). Loaded Objects now: 11487.
Memory consumption went from 0.58 GB to 0.56 GB.
Total: 24.206100 ms (FindLiveObjects: 0.990000 ms CreateObjectMapping: 4.757500 ms MarkObjects: 13.552500 ms  DeleteObjects: 4.905100 ms)

Prepare: number of updated asset objects reloaded= 0
========================================================================
Received Prepare
AcceleratorClientConnectionCallback - disconnected - :0
Refreshing native plugins compatible for Editor in 2.69 ms, found 5 plugins.
Unloading 65 Unused Serialized files (Serialized files now loaded: 0)
Unloading 65 unused Assets / (13.7 MB). Loaded Objects now: 11487.
Memory consumption went from 0.57 GB to 0.56 GB.
Total: 17.614500 ms (FindLiveObjects: 0.568200 ms CreateObjectMapping: 1.854400 ms MarkObjects: 13.543400 ms  DeleteObjects: 1.631700 ms)

Prepare: number of updated asset objects reloaded= 0
========================================================================
Received Prepare
AcceleratorClientConnectionCallback - disconnected - :0
Refreshing native plugins compatible for Editor in 3.84 ms, found 5 plugins.
Unloading 65 Unused Serialized files (Serialized files now loaded: 0)
Unloading 10254 unused Assets / (19.2 MB). Loaded Objects now: 11487.
Memory consumption went from 0.58 GB to 0.56 GB.
Total: 31.574700 ms (FindLiveObjects: 1.105200 ms CreateObjectMapping: 4.573900 ms MarkObjects: 19.212200 ms  DeleteObjects: 6.682100 ms)

Prepare: number of updated asset objects reloaded= 0
========================================================================
Received Prepare
AcceleratorClientConnectionCallback - disconnected - :0
[Licensing::Client] Successfully resolved entitlement details
Begin MonoManager ReloadAssembly
Symbol file LoadedFromMemory is not a mono symbol file
Symbol file LoadedFromMemory is not a mono symbol file
Refreshing native plugins compatible for Editor in 3.81 ms, found 5 plugins.
Native extension for WindowsStandalone target not found
Native extension for WebGL target not found
[Package Manager] Failed to launch server process. Reason: Unity was launched with the -noUpm command-line argument
[Package Manager] Unable to send message (not connected to server process).
[Package Manager] Cannot connect to Unity Package Manager local server
Refreshing native plugins compatible for Editor in 4.21 ms, found 5 plugins.
[Package Manager] Failed to launch server process. Reason: Unity was launched with the -noUpm command-line argument
[Package Manager] Unable to send message (not connected to server process).
[Package Manager] Cannot connect to Unity Package Manager local server
[Licensing::Client] Error: Code 404 while processing request (status: Found 0 entitlement groups and 0 free entitlements matching requested entitlement ids)
ScheduleIndexationOnStartup MainProcess:False IndexOnStartup:True
Mono: successfully reloaded assembly
- Finished resetting the current domain, in  2.155 seconds
Domain Reload Profiling: 3673ms
	BeginReloadAssembly (336ms)
		DisableScriptedObjects (12ms)
		CreateAndSetChildDomain (117ms)
	RebuildCommonClasses (15ms)
	RebuildNativeTypeToScriptingClass (23ms)
	initialDomainReloadingComplete (104ms)
	LoadAllAssembliesAndSetupDomain (1039ms)
		LoadAssemblies (517ms)
		AnalyzeDomain (434ms)
			TypeCache.Refresh (19ms)
			BuildScriptInfoCaches (406ms)
			ResolveRequiredComponents (6ms)
	FinalizeReload (2156ms)
		SetupLoadedEditorAssemblies (0ms)
			InitializePlatformSupportModulesInManaged (3ms)
			BeforeProcessingInitializeOnLoad (170ms)
			ProcessInitializeOnLoadAttributes (1008ms)
			ProcessInitializeOnLoadMethodAttributes (593ms)
			AfterProcessingInitializeOnLoad (6ms)
		AwakeInstancesAfterBackupRestoration (36ms)
Refreshing native plugins compatible for Editor in 4.29 ms, found 5 plugins.
Unloading 65 Unused Serialized files (Serialized files now loaded: 0)
Unloading 10274 unused Assets / (19.6 MB). Loaded Objects now: 11490.
Memory consumption went from 0.58 GB to 0.57 GB.
Total: 30.086900 ms (FindLiveObjects: 1.055400 ms CreateObjectMapping: 4.319500 ms MarkObjects: 16.762300 ms  DeleteObjects: 7.948300 ms)

Prepare: number of updated asset objects reloaded= 0
========================================================================
Received Prepare
AcceleratorClientConnectionCallback - disconnected - :0
Refreshing native plugins compatible for Editor in 3.84 ms, found 5 plugins.
Unloading 65 Unused Serialized files (Serialized files now loaded: 0)
Unloading 10254 unused Assets / (19.7 MB). Loaded Objects now: 11490.
Memory consumption went from 0.59 GB to 0.57 GB.
Total: 32.715200 ms (FindLiveObjects: 0.948900 ms CreateObjectMapping: 4.868700 ms MarkObjects: 19.702600 ms  DeleteObjects: 7.193200 ms)

Prepare: number of updated asset objects reloaded= 0
========================================================================
Received Prepare
AcceleratorClientConnectionCallback - disconnected - :0
Begin MonoManager ReloadAssembly
Symbol file LoadedFromMemory is not a mono symbol file
Symbol file LoadedFromMemory is not a mono symbol file
Refreshing native plugins compatible for Editor in 4.10 ms, found 5 plugins.
Native extension for WindowsStandalone target not found
Native extension for WebGL target not found
[Package Manager] Failed to launch server process. Reason: Unity was launched with the -noUpm command-line argument
[Package Manager] Unable to send message (not connected to server process).
[Package Manager] Cannot connect to Unity Package Manager local server
Refreshing native plugins compatible for Editor in 3.75 ms, found 5 plugins.
[Package Manager] Failed to launch server process. Reason: Unity was launched with the -noUpm command-line argument
[Package Manager] Unable to send message (not connected to server process).
[Package Manager] Cannot connect to Unity Package Manager local server
[Licensing::Client] Error: Code 404 while processing request (status: Found 0 entitlement groups and 0 free entitlements matching requested entitlement ids)
ScheduleIndexationOnStartup MainProcess:False IndexOnStartup:True
Mono: successfully reloaded assembly
- Finished resetting the current domain, in  2.332 seconds
Domain Reload Profiling: 3728ms
	BeginReloadAssembly (340ms)
		DisableScriptedObjects (12ms)
		CreateAndSetChildDomain (132ms)
	RebuildCommonClasses (14ms)
	RebuildNativeTypeToScriptingClass (21ms)
	initialDomainReloadingComplete (109ms)
	LoadAllAssembliesAndSetupDomain (911ms)
		LoadAssemblies (447ms)
		AnalyzeDomain (386ms)
			TypeCache.Refresh (16ms)
			BuildScriptInfoCaches (364ms)
			ResolveRequiredComponents (5ms)
	FinalizeReload (2333ms)
		SetupLoadedEditorAssemblies (0ms)
			InitializePlatformSupportModulesInManaged (3ms)
			BeforeProcessingInitializeOnLoad (193ms)
			ProcessInitializeOnLoadAttributes (1049ms)
			ProcessInitializeOnLoadMethodAttributes (642ms)
			AfterProcessingInitializeOnLoad (9ms)
		AwakeInstancesAfterBackupRestoration (45ms)
Refreshing native plugins compatible for Editor in 3.90 ms, found 5 plugins.
Unloading 65 Unused Serialized files (Serialized files now loaded: 0)
Unloading 10274 unused Assets / (20.1 MB). Loaded Objects now: 11493.
Memory consumption went from 0.59 GB to 0.57 GB.
Total: 34.999900 ms (FindLiveObjects: 1.006400 ms CreateObjectMapping: 4.703700 ms MarkObjects: 20.901700 ms  DeleteObjects: 8.386000 ms)

Prepare: number of updated asset objects reloaded= 0
========================================================================
Received Prepare
AcceleratorClientConnectionCallback - disconnected - :0
Refreshing native plugins compatible for Editor in 2.81 ms, found 5 plugins.
Unloading 65 Unused Serialized files (Serialized files now loaded: 0)
Unloading 10254 unused Assets / (19.1 MB). Loaded Objects now: 11493.
Memory consumption went from 0.59 GB to 0.58 GB.
Total: 30.172800 ms (FindLiveObjects: 1.005700 ms CreateObjectMapping: 6.239200 ms MarkObjects: 17.024600 ms  DeleteObjects: 5.901400 ms)

Prepare: number of updated asset objects reloaded= 0
========================================================================
Received Prepare
AcceleratorClientConnectionCallback - disconnected - :0
Begin MonoManager ReloadAssembly
Symbol file LoadedFromMemory is not a mono symbol file
Symbol file LoadedFromMemory is not a mono symbol file
Refreshing native plugins compatible for Editor in 2.60 ms, found 5 plugins.
Native extension for WindowsStandalone target not found
Native extension for WebGL target not found
[Package Manager] Failed to launch server process. Reason: Unity was launched with the -noUpm command-line argument
[Package Manager] Unable to send message (not connected to server process).
[Package Manager] Cannot connect to Unity Package Manager local server
Refreshing native plugins compatible for Editor in 4.26 ms, found 5 plugins.
[Package Manager] Failed to launch server process. Reason: Unity was launched with the -noUpm command-line argument
[Package Manager] Unable to send message (not connected to server process).
[Package Manager] Cannot connect to Unity Package Manager local server
[Licensing::Client] Error: Code 404 while processing request (status: Found 0 entitlement groups and 0 free entitlements matching requested entitlement ids)
ScheduleIndexationOnStartup MainProcess:False IndexOnStartup:True
Mono: successfully reloaded assembly
- Finished resetting the current domain, in  2.106 seconds
Domain Reload Profiling: 3496ms
	BeginReloadAssembly (343ms)
		DisableScriptedObjects (13ms)
		CreateAndSetChildDomain (127ms)
	RebuildCommonClasses (10ms)
	RebuildNativeTypeToScriptingClass (25ms)
	initialDomainReloadingComplete (102ms)
	LoadAllAssembliesAndSetupDomain (908ms)
		LoadAssemblies (451ms)
		AnalyzeDomain (382ms)
			TypeCache.Refresh (17ms)
			BuildScriptInfoCaches (357ms)
			ResolveRequiredComponents (7ms)
	FinalizeReload (2107ms)
		SetupLoadedEditorAssemblies (0ms)
			InitializePlatformSupportModulesInManaged (3ms)
			BeforeProcessingInitializeOnLoad (154ms)
			ProcessInitializeOnLoadAttributes (1019ms)
			ProcessInitializeOnLoadMethodAttributes (549ms)
			AfterProcessingInitializeOnLoad (10ms)
		AwakeInstancesAfterBackupRestoration (41ms)
Refreshing native plugins compatible for Editor in 5.19 ms, found 5 plugins.
Unloading 65 Unused Serialized files (Serialized files now loaded: 0)
Unloading 10274 unused Assets / (19.2 MB). Loaded Objects now: 11496.
Memory consumption went from 0.60 GB to 0.58 GB.
Total: 27.873700 ms (FindLiveObjects: 1.010500 ms CreateObjectMapping: 4.086100 ms MarkObjects: 15.712800 ms  DeleteObjects: 7.063200 ms)

Prepare: number of updated asset objects reloaded= 0
========================================================================
Received Prepare
AcceleratorClientConnectionCallback - disconnected - :0
Refreshing native plugins compatible for Editor in 3.24 ms, found 5 plugins.
Unloading 65 Unused Serialized files (Serialized files now loaded: 0)
Unloading 10254 unused Assets / (18.2 MB). Loaded Objects now: 11496.
Memory consumption went from 0.60 GB to 0.58 GB.
Total: 26.985100 ms (FindLiveObjects: 0.953500 ms CreateObjectMapping: 4.158000 ms MarkObjects: 16.729900 ms  DeleteObjects: 5.129200 ms)

Prepare: number of updated asset objects reloaded= 0
========================================================================
Received Prepare
AcceleratorClientConnectionCallback - disconnected - :0
[Licensing::Client] Successfully resolved entitlement details
Begin MonoManager ReloadAssembly
Symbol file LoadedFromMemory is not a mono symbol file
Symbol file LoadedFromMemory is not a mono symbol file
Refreshing native plugins compatible for Editor in 2.45 ms, found 5 plugins.
Native extension for WindowsStandalone target not found
Native extension for WebGL target not found
[Package Manager] Failed to launch server process. Reason: Unity was launched with the -noUpm command-line argument
[Package Manager] Unable to send message (not connected to server process).
[Package Manager] Cannot connect to Unity Package Manager local server
Refreshing native plugins compatible for Editor in 3.33 ms, found 5 plugins.
[Package Manager] Failed to launch server process. Reason: Unity was launched with the -noUpm command-line argument
[Package Manager] Unable to send message (not connected to server process).
[Package Manager] Cannot connect to Unity Package Manager local server
[Licensing::Client] Error: Code 404 while processing request (status: Found 0 entitlement groups and 0 free entitlements matching requested entitlement ids)
ScheduleIndexationOnStartup MainProcess:False IndexOnStartup:True
Mono: successfully reloaded assembly
- Finished resetting the current domain, in  2.240 seconds
Domain Reload Profiling: 3670ms
	BeginReloadAssembly (344ms)
		DisableScriptedObjects (11ms)
		CreateAndSetChildDomain (134ms)
	RebuildCommonClasses (15ms)
	RebuildNativeTypeToScriptingClass (24ms)
	initialDomainReloadingComplete (123ms)
	LoadAllAssembliesAndSetupDomain (923ms)
		LoadAssemblies (447ms)
		AnalyzeDomain (406ms)
			TypeCache.Refresh (15ms)
			BuildScriptInfoCaches (385ms)
			ResolveRequiredComponents (5ms)
	FinalizeReload (2241ms)
		SetupLoadedEditorAssemblies (0ms)
			InitializePlatformSupportModulesInManaged (3ms)
			BeforeProcessingInitializeOnLoad (184ms)
			ProcessInitializeOnLoadAttributes (1044ms)
			ProcessInitializeOnLoadMethodAttributes (627ms)
			AfterProcessingInitializeOnLoad (8ms)
		AwakeInstancesAfterBackupRestoration (38ms)
Refreshing native plugins compatible for Editor in 2.87 ms, found 5 plugins.
Unloading 65 Unused Serialized files (Serialized files now loaded: 0)
Unloading 10274 unused Assets / (19.9 MB). Loaded Objects now: 11499.
Memory consumption went from 0.60 GB to 0.58 GB.
Total: 30.842500 ms (FindLiveObjects: 1.324400 ms CreateObjectMapping: 5.606300 ms MarkObjects: 18.409700 ms  DeleteObjects: 5.500800 ms)

Prepare: number of updated asset objects reloaded= 0
========================================================================
Received Prepare
AcceleratorClientConnectionCallback - disconnected - :0
Refreshing native plugins compatible for Editor in 4.22 ms, found 5 plugins.
Unloading 65 Unused Serialized files (Serialized files now loaded: 0)
Unloading 10254 unused Assets / (19.8 MB). Loaded Objects now: 11499.
Memory consumption went from 0.61 GB to 0.59 GB.
Total: 27.204000 ms (FindLiveObjects: 1.226300 ms CreateObjectMapping: 5.369700 ms MarkObjects: 14.556200 ms  DeleteObjects: 6.050200 ms)

Prepare: number of updated asset objects reloaded= 0
========================================================================
Received Prepare
AcceleratorClientConnectionCallback - disconnected - :0
Begin MonoManager ReloadAssembly
Symbol file LoadedFromMemory is not a mono symbol file
Symbol file LoadedFromMemory is not a mono symbol file
Refreshing native plugins compatible for Editor in 2.28 ms, found 5 plugins.
Native extension for WindowsStandalone target not found
Native extension for WebGL target not found
[Package Manager] Failed to launch server process. Reason: Unity was launched with the -noUpm command-line argument
[Package Manager] Unable to send message (not connected to server process).
[Package Manager] Cannot connect to Unity Package Manager local server
Refreshing native plugins compatible for Editor in 4.71 ms, found 5 plugins.
[Package Manager] Failed to launch server process. Reason: Unity was launched with the -noUpm command-line argument
[Package Manager] Unable to send message (not connected to server process).
[Package Manager] Cannot connect to Unity Package Manager local server
[Licensing::Client] Error: Code 404 while processing request (status: Found 0 entitlement groups and 0 free entitlements matching requested entitlement ids)
ScheduleIndexationOnStartup MainProcess:False IndexOnStartup:True
Mono: successfully reloaded assembly
- Finished resetting the current domain, in  2.143 seconds
Domain Reload Profiling: 3597ms
	BeginReloadAssembly (340ms)
		DisableScriptedObjects (11ms)
		CreateAndSetChildDomain (117ms)
	RebuildCommonClasses (13ms)
	RebuildNativeTypeToScriptingClass (25ms)
	initialDomainReloadingComplete (109ms)
	LoadAllAssembliesAndSetupDomain (966ms)
		LoadAssemblies (461ms)
		AnalyzeDomain (415ms)
			TypeCache.Refresh (16ms)
			BuildScriptInfoCaches (392ms)
			ResolveRequiredComponents (5ms)
	FinalizeReload (2145ms)
		SetupLoadedEditorAssemblies (0ms)
			BeforeProcessingInitializeOnLoad (181ms)
			ProcessInitializeOnLoadAttributes (987ms)
			ProcessInitializeOnLoadMethodAttributes (566ms)
			AfterProcessingInitializeOnLoad (8ms)
		AwakeInstancesAfterBackupRestoration (39ms)
Refreshing native plugins compatible for Editor in 2.44 ms, found 5 plugins.
Unloading 65 Unused Serialized files (Serialized files now loaded: 0)
Unloading 10274 unused Assets / (19.2 MB). Loaded Objects now: 11502.
Memory consumption went from 0.61 GB to 0.59 GB.
Total: 28.030900 ms (FindLiveObjects: 0.931000 ms CreateObjectMapping: 4.591900 ms MarkObjects: 16.263300 ms  DeleteObjects: 6.243300 ms)

Prepare: number of updated asset objects reloaded= 0
========================================================================
Received Prepare
AcceleratorClientConnectionCallback - disconnected - :0
Refreshing native plugins compatible for Editor in 2.82 ms, found 5 plugins.
Unloading 65 Unused Serialized files (Serialized files now loaded: 0)
Unloading 10254 unused Assets / (20.4 MB). Loaded Objects now: 11502.
Memory consumption went from 0.61 GB to 0.59 GB.
Total: 32.944200 ms (FindLiveObjects: 1.011000 ms CreateObjectMapping: 5.085700 ms MarkObjects: 19.471000 ms  DeleteObjects: 7.375300 ms)

Prepare: number of updated asset objects reloaded= 0
========================================================================
Received Prepare
AcceleratorClientConnectionCallback - disconnected - :0
Refreshing native plugins compatible for Editor in 4.44 ms, found 5 plugins.
Unloading 65 Unused Serialized files (Serialized files now loaded: 0)
Unloading 10254 unused Assets / (20.5 MB). Loaded Objects now: 11502.
Memory consumption went from 0.61 GB to 0.59 GB.
Total: 32.161600 ms (FindLiveObjects: 1.353700 ms CreateObjectMapping: 5.755200 ms MarkObjects: 17.586000 ms  DeleteObjects: 7.464900 ms)

Prepare: number of updated asset objects reloaded= 0
========================================================================
Received Prepare
AcceleratorClientConnectionCallback - disconnected - :0
Refreshing native plugins compatible for Editor in 3.38 ms, found 5 plugins.
Unloading 65 Unused Serialized files (Serialized files now loaded: 0)
Unloading 10254 unused Assets / (19.6 MB). Loaded Objects now: 11502.
Memory consumption went from 0.62 GB to 0.60 GB.
Total: 33.681300 ms (FindLiveObjects: 1.110100 ms CreateObjectMapping: 5.649900 ms MarkObjects: 18.511600 ms  DeleteObjects: 8.395900 ms)

Prepare: number of updated asset objects reloaded= 0
========================================================================
Received Prepare
AcceleratorClientConnectionCallback - disconnected - :0
Refreshing native plugins compatible for Editor in 3.67 ms, found 5 plugins.
Unloading 65 Unused Serialized files (Serialized files now loaded: 0)
Unloading 10254 unused Assets / (19.4 MB). Loaded Objects now: 11502.
Memory consumption went from 0.62 GB to 0.60 GB.
Total: 29.220300 ms (FindLiveObjects: 0.982400 ms CreateObjectMapping: 4.643700 ms MarkObjects: 16.920100 ms  DeleteObjects: 6.672900 ms)

Prepare: number of updated asset objects reloaded= 0
========================================================================
Received Prepare
AcceleratorClientConnectionCallback - disconnected - :0
[Licensing::Client] Successfully resolved entitlement details
Begin MonoManager ReloadAssembly
Symbol file LoadedFromMemory is not a mono symbol file
Symbol file LoadedFromMemory is not a mono symbol file
Refreshing native plugins compatible for Editor in 2.61 ms, found 5 plugins.
Native extension for WindowsStandalone target not found
Native extension for WebGL target not found
[Package Manager] Failed to launch server process. Reason: Unity was launched with the -noUpm command-line argument
[Package Manager] Unable to send message (not connected to server process).
[Package Manager] Cannot connect to Unity Package Manager local server
Refreshing native plugins compatible for Editor in 4.28 ms, found 5 plugins.
[Package Manager] Failed to launch server process. Reason: Unity was launched with the -noUpm command-line argument
[Package Manager] Unable to send message (not connected to server process).
[Package Manager] Cannot connect to Unity Package Manager local server
[Licensing::Client] Error: Code 404 while processing request (status: Found 0 entitlement groups and 0 free entitlements matching requested entitlement ids)
ScheduleIndexationOnStartup MainProcess:False IndexOnStartup:True
Mono: successfully reloaded assembly
- Finished resetting the current domain, in  2.057 seconds
Domain Reload Profiling: 3515ms
	BeginReloadAssembly (355ms)
		DisableScriptedObjects (14ms)
		CreateAndSetChildDomain (130ms)
	RebuildCommonClasses (10ms)
	RebuildNativeTypeToScriptingClass (15ms)
	initialDomainReloadingComplete (108ms)
	LoadAllAssembliesAndSetupDomain (969ms)
		LoadAssemblies (479ms)
		AnalyzeDomain (411ms)
			TypeCache.Refresh (13ms)
			BuildScriptInfoCaches (391ms)
			ResolveRequiredComponents (5ms)
	FinalizeReload (2058ms)
		SetupLoadedEditorAssemblies (0ms)
			BeforeProcessingInitializeOnLoad (180ms)
			ProcessInitializeOnLoadAttributes (998ms)
			ProcessInitializeOnLoadMethodAttributes (544ms)
			AfterProcessingInitializeOnLoad (5ms)
		AwakeInstancesAfterBackupRestoration (34ms)
Refreshing native plugins compatible for Editor in 2.50 ms, found 5 plugins.
Unloading 65 Unused Serialized files (Serialized files now loaded: 0)
Unloading 10274 unused Assets / (22.1 MB). Loaded Objects now: 11505.
Memory consumption went from 0.62 GB to 0.60 GB.
Total: 29.859000 ms (FindLiveObjects: 1.165900 ms CreateObjectMapping: 4.699200 ms MarkObjects: 16.530700 ms  DeleteObjects: 7.461400 ms)

Prepare: number of updated asset objects reloaded= 0
========================================================================
Received Prepare
AcceleratorClientConnectionCallback - disconnected - :0
Refreshing native plugins compatible for Editor in 2.77 ms, found 5 plugins.
Unloading 65 Unused Serialized files (Serialized files now loaded: 0)
Unloading 65 unused Assets / (13.7 MB). Loaded Objects now: 11505.
Memory consumption went from 0.62 GB to 0.60 GB.
Total: 18.024100 ms (FindLiveObjects: 0.529700 ms CreateObjectMapping: 2.220800 ms MarkObjects: 13.745900 ms  DeleteObjects: 1.526600 ms)

Prepare: number of updated asset objects reloaded= 0
========================================================================
Received Import Request.
  Time of request: 2026-08-26T15:34:27.7147912Z
  Time since last request: 4186.68708570000035 seconds.
  importAddress: GUID: d111f56bf07116d489e6326136887c85 - Path: Assets/Prefabs/Logistics/Conveyors/EndCaps/EndCapConveyor_L4.prefab - Importer: ScriptedImporter/UnityEditor.QuickSearchModule:UnityEditor.Search:ASIAI0B
Importing 'GUID: d111f56bf07116d489e6326136887c85 - Path: Assets/Prefabs/Logistics/Conveyors/EndCaps/EndCapConveyor_L4.prefab - Importer: ScriptedImporter/UnityEditor.QuickSearchModule:UnityEditor.Search:ASIAI0B' with importer (ScriptedImporter : UnityEditor.QuickSearchModule:UnityEditor.Search:ASIAI0B)
Imported 'GUID: d111f56bf07116d489e6326136887c85' -> (Import Result ID: '411235c54a9ce5a7d210e578f9d10584') in 0.141 seconds [static and dynamic dependencies]. Details - ImportResultOutputID=5beffa5fde6e3140184c2a776ec46b45 DependenciesID=befab24cbb88ac8a245ed091c2df275f StaticDependenciesID=98f65e74f16599619f47533863a88bfc 
Number of updated asset objects reloaded before import = 0
Number of asset objects unloaded after import = 11
========================================================================
Received Import Request.
  Time of request: 2026-08-26T15:34:27.8699718Z
  Time since last request: 0.0001764 seconds.
  importAddress: GUID: 1ab97fabb270625409646ca3c4077c2a - Path: Assets/Scripts/Core/Placeable.cs - Importer: ScriptedImporter/UnityEditor.QuickSearchModule:UnityEditor.Search:ASIAI0B
Importing 'GUID: 1ab97fabb270625409646ca3c4077c2a - Path: Assets/Scripts/Core/Placeable.cs - Importer: ScriptedImporter/UnityEditor.QuickSearchModule:UnityEditor.Search:ASIAI0B' with importer (ScriptedImporter : UnityEditor.QuickSearchModule:UnityEditor.Search:ASIAI0B)
Imported 'GUID: 1ab97fabb270625409646ca3c4077c2a' -> (Import Result ID: 'd3347fe2c083b4cfc8c443c8d6b5461c') in 0.051 seconds [static and dynamic dependencies]. Details - ImportResultOutputID=aa1eb6412fc4a6d48daf6241847f089f DependenciesID=a9d8cb3e0c574541bf2ce7ae704dcbf5 StaticDependenciesID=6058ace522e605e3754b28f6c578ece3 
Number of updated asset objects reloaded before import = 0
Number of asset objects unloaded after import = 0
========================================================================
Received Import Request.
  Time of request: 2026-08-26T15:34:27.9337576Z
  Time since last request: 0.0003015 seconds.
  importAddress: GUID: 0de2ae62c19a4d747965661c81811961 - Path: Assets/Scripts/Utlity/VertexDebug.cs - Importer: ScriptedImporter/UnityEditor.QuickSearchModule:UnityEditor.Search:ASIAI0B
Importing 'GUID: 0de2ae62c19a4d747965661c81811961 - Path: Assets/Scripts/Utlity/VertexDebug.cs - Importer: ScriptedImporter/UnityEditor.QuickSearchModule:UnityEditor.Search:ASIAI0B' with importer (ScriptedImporter : UnityEditor.QuickSearchModule:UnityEditor.Search:ASIAI0B)
Imported 'GUID: 0de2ae62c19a4d747965661c81811961' -> (Import Result ID: '447acc4a03cf2621efb35ceeda08279e') in 0.004 seconds [static and dynamic dependencies]. Details - ImportResultOutputID=e9798583b610d9797ed5111c6931d150 DependenciesID=7286b26f4284dccf98f7d61bccedc210 StaticDependenciesID=07a8b0947683136223f3f5d0309f7ee8 
Number of updated asset objects reloaded before import = 0
Number of asset objects unloaded after import = 0
========================================================================
Received Import Request.
  Time of request: 2026-08-26T15:34:27.952637Z
  Time since last request: 0.0003474 seconds.
  importAddress: GUID: 23db05cf8cc35354390211056b589b8c - Path: Assets/Materials/ConveyorEndCap.mat - Importer: ScriptedImporter/UnityEditor.QuickSearchModule:UnityEditor.Search:ASIAI0B
Importing 'GUID: 23db05cf8cc35354390211056b589b8c - Path: Assets/Materials/ConveyorEndCap.mat - Importer: ScriptedImporter/UnityEditor.QuickSearchModule:UnityEditor.Search:ASIAI0B' with importer (ScriptedImporter : UnityEditor.QuickSearchModule:UnityEditor.Search:ASIAI0B)
Imported 'GUID: 23db05cf8cc35354390211056b589b8c' -> (Import Result ID: 'e5d1d05ca3497d9e345b9438abe42742') in 0.026 seconds [static and dynamic dependencies]. Details - ImportResultOutputID=205533911b3863d381338cda842b7c2d DependenciesID=c9f0bf67cc287f205ff9dc662733a9ed StaticDependenciesID=934324cb5f493559c78dfae8e8df16ba 
Number of updated asset objects reloaded before import = 0
Number of asset objects unloaded after import = 2
========================================================================
Received Prepare
AcceleratorClientConnectionCallback - disconnected - :0
Refreshing native plugins compatible for Editor in 2.74 ms, found 5 plugins.
Unloading 65 Unused Serialized files (Serialized files now loaded: 0)
Unloading 10255 unused Assets / (19.9 MB). Loaded Objects now: 11506.
Memory consumption went from 0.57 GB to 0.55 GB.
Total: 26.649800 ms (FindLiveObjects: 1.158300 ms CreateObjectMapping: 5.582600 ms MarkObjects: 14.928200 ms  DeleteObjects: 4.979200 ms)

Prepare: number of updated asset objects reloaded= 0
Editor requested this worker to shutdown with reason: Scaling down because of idle timeout
AcceleratorClientConnectionCallback - disconnected - :0
AssetImportWorker is now disconnected from the server
Process exiting
Exiting without the bug reporter. Application will terminate with return code 0