[Licensing::Module] Trying to connect to existing licensing client channel...
Built from '6000.5/staging' branch; Version is '6000.5.8f1 (5cb7df797b7d) revision 6076383'; Using compiler version '194234433'; Build Type 'Release'
[Licensing::IpcConnector] Successfully connected to: "LicenseClient-Len" at "2026-08-28T09:36:24.8169455Z"
OS: 'Windows 11  (10.0.26200) Core' Language: 'en' Physical Memory: 32632 MB
BatchMode: 1, IsHumanControllingUs: 0, StartBugReporterOnCrash: 0, Is64bit: 1
System  architecture: x64
Process architecture: x64
Date: 2026-08-28T09:36:24Z

COMMAND LINE ARGUMENTS:
C:\Program Files\Unity\Hub\Editor\6000.5.8f1\Editor\Unity.exe
-adb2
-batchMode
-noUpm
-name
AssetImportWorkerHW2
-projectPath
C:/Users/Len/Lenomation_V3
-logFile
Logs/AssetImportWorkerHW2.log
-srvPort
63080
-parentPid
11372
-analyticsCloudUserId
6500056
-analyticsCloudProjectId
0956883a-88ea-49b2-bde1-fe810ba60755
-analyticsLocalProjectId
a56d578cae808794b840954f198d8c38
-editorAnalyticsEnabled
1
-cbmEditorLicense
a6b17b70c364649abcf2a12ba2e16345950779f9
-cbmMachineId
YsBmvqtNExQjYkfo7ZFy7ZTOaSw=
-licensingIpc
LicenseClient-Len
-noDiagnosticSwitchPersistentStore
-job-worker-count
7
-background-job-worker-count
8
-asset-garbage-collectors
1
-force-d3d12
-name
AssetImport
Successfully changed project path to: C:/Users/Len/Lenomation_V3
C:/Users/Len/Lenomation_V3
[UnityMemory] Configuration Parameters - Can be set up in boot.config
    "memorysetup-temp-allocator-size-gi-baking-worker=262144"
    "memorysetup-temp-allocator-size-gi-baking-worker=262144"
    "memorysetup-temp-allocator-size-gi-baking-worker=262144"
    "memorysetup-temp-allocator-size-gi-baking-worker=262144"
    "memorysetup-temp-allocator-size-gi-baking-worker=262144"
    "memorysetup-temp-allocator-size-nav-mesh-worker=65536"
    "memorysetup-temp-allocator-size-audio-worker=65536"
    "memorysetup-temp-allocator-size-cloud-worker=32768"
    "memorysetup-temp-allocator-size-gfx=262144"
    "memorysetup-temp-allocator-size-preload-manager=33554432"
    "memorysetup-allocator-temp-initial-block-size-main=262144"
    "memorysetup-allocator-temp-initial-block-size-worker=262144"
    "memorysetup-temp-allocator-size-job-worker=262144"
    "memorysetup-temp-allocator-size-background-worker=32768"
    "memorysetup-bucket-allocator-granularity=16"
    "memorysetup-bucket-allocator-bucket-count=8"
    "memorysetup-bucket-allocator-block-size=33554432"
    "memorysetup-bucket-allocator-block-count=8"
    "memorysetup-main-allocator-block-size=16777216"
    "memorysetup-thread-allocator-block-size=16777216"
    "memorysetup-main-allocator-mimalloc-enabled=0"
    "memorysetup-gfx-main-allocator-block-size=16777216"
    "memorysetup-gfx-thread-allocator-block-size=16777216"
    "memorysetup-cache-allocator-block-size=4194304"
    "memorysetup-typetree-allocator-block-size=2097152"
    "memorysetup-profiler-bucket-allocator-granularity=16"
    "memorysetup-profiler-bucket-allocator-bucket-count=8"
    "memorysetup-profiler-bucket-allocator-block-size=33554432"
    "memorysetup-profiler-bucket-allocator-block-count=8"
    "memorysetup-profiler-allocator-block-size=16777216"
    "memorysetup-profiler-editor-allocator-block-size=1048576"
    "memorysetup-temp-allocator-size-main=16777216"
    "memorysetup-job-temp-allocator-block-size=2097152"
    "memorysetup-job-temp-allocator-block-size-background=1048576"
    "memorysetup-job-temp-allocator-reduction-small-platforms=262144"
Player connection [24248]  Target information:

Player connection [24248]  * "[IP] 192.168.1.149 [Port] 0 [Flags] 2 [Guid] 1070471007 [EditorId] 1070471007 [Version] 1048832 [Id] WindowsEditor(7,LenPC) [Debug] 1 [PackageName] WindowsEditor [ProjectName] Editor" 

Player connection [24248] Host joined multi-casting on [225.0.0.222:54997]...
Player connection [24248] Host joined alternative multi-casting on [225.0.0.222:34997]...
JobSystem: Creating JobQueue using job-worker-count value 7
Input System module state changed to: Initialized.
[Physics::Module] Initialized fallback backend.
[Physics::Module] Id: 0xdecafbad
Library Redirect Path: Library/
[Physics::Module] Selected backend.
[Physics::Module] Name: PhysX
[Physics::Module] Id: 0xf2b8ea05
[Physics::Module] SDK Version: 4.1.2
[Physics::Module] Integration Version: 1.0.0
[Physics::Module] Threading Mode: Multi-Threaded
Refreshing native plugins compatible for Editor in 3.97 ms, found 5 plugins.
Initialize engine version: 6000.5.8f1 (5cb7df797b7d)
[Subsystems] Discovering subsystems at path C:/Program Files/Unity/Hub/Editor/6000.5.8f1/Editor/Data/Resources/UnitySubsystems
[Subsystems] Discovering subsystems at path C:/Users/Len/Lenomation_V3/Assets
Forcing GfxDevice: Direct3D 12
GfxDevice: creating device client; kGfxThreadingModeNonThreaded
d3d12: failed to query info queue interface (0x80004002).
Direct3D:
    Version:         Direct3D 12 [level 12.2]
    Renderer:        NVIDIA GeForce RTX 3080 Ti (ID=0x2208)
    Vendor:          NVIDIA
    VRAM:            12086 MB
    App VRAM Budget: 11318 MB
    Driver:          32.0.16.1656
Initialize mono
Mono path[0] = 'C:/Program Files/Unity/Hub/Editor/6000.5.8f1/Editor/Data/Managed'
Mono path[1] = 'C:/Program Files/Unity/Hub/Editor/6000.5.8f1/Editor/Data/BCLExtensions/runtime/netstandard2.1'
Mono path[2] = 'C:/Program Files/Unity/Hub/Editor/6000.5.8f1/Editor/Data/MonoBleedingEdge/lib/mono/unityjit-win32'
Mono config path = 'C:/Program Files/Unity/Hub/Editor/6000.5.8f1/Editor/Data/MonoBleedingEdge/etc'
Using monoOptions --debugger-agent=transport=dt_socket,embedding=1,server=y,suspend=n,address=127.0.0.1:56160
CodeReloadManager initialized
Begin MonoManager ReloadAssembly
Registering precompiled unity dll's ...
Register platform support module: C:/Program Files/Unity/Hub/Editor/6000.5.8f1/Editor/Data/PlaybackEngines/WebGLSupport/UnityEditor.WebGL.Extensions.dll
Register platform support module: C:/Program Files/Unity/Hub/Editor/6000.5.8f1/Editor/Data/PlaybackEngines/WindowsStandaloneSupport/UnityEditor.WindowsStandalone.Extensions.dll
Registered in 0.001747 seconds.
[Licensing::Client] Error: HandshakeResponse reported an error:
	ResponseCode: 505
	ResponseStatus: Unsupported protocol version '1.18.1'.
[Licensing::Module] Error: Failed to handshake to channel: "LicenseClient-Len"
[Licensing::IpcConnector] LicenseClient-Len channel disconnected successfully.
[Licensing::IpcConnector] Successfully connected to: "LicenseClient-Len-6000.5.8" at "2026-08-28T09:36:25.7623498Z"
[Licensing::Client] Code 10 while verifying Licensing Client signature (process Id: 19856, path: "C:/Program Files/Unity/Hub/Editor/6000.5.8f1/Editor/Data/Resources/Licensing/Client/Unity.Licensing.Client.exe")
[Licensing::Module] LicensingClient has failed validation; ignoring
[Licensing::Client] Handshaking with LicensingClient:
  Version:                 1.18.1+9fbee8e
  Session Id:              a2430c53aea347f08162dd6da3a7ddcb
  Correlation Id:          23d8d0d179b24fe2aada19b71de41b39
  External correlation Id: 743038484085608224
  Machine Id:              YsBmvqtNExQjYkfo7ZFy7ZTOaSw=
[Licensing::Module] Successfully connected to LicensingClient on channel: "LicenseClient-Len-6000.5.8" (connect: 0.00s, validation: 0.00s, handshake: 0.00s)
[Licensing::IpcConnector] Successfully connected to: "LicenseClient-Len-6000.5.8-notifications" at "2026-08-28T09:36:25.7685972Z"
[Licensing::Module] Licensing Background thread has ended after 0.95s
Native extension for WindowsStandalone target not found
Native extension for WebGL target not found
Package Manager log level set to [2]
[Package Manager] Failed to launch server process. Reason: Unity was launched with the -noUpm command-line argument
[Package Manager] Unable to send message (not connected to server process).
[Package Manager] Cannot connect to Unity Package Manager local server
ScheduleIndexationOnStartup MainProcess:False IndexOnStartup:True
Mono: successfully reloaded assembly
- Finished resetting the current domain, in  0.435 seconds
Domain Reload Profiling: 925ms
	BeginReloadAssembly (123ms)
	RebuildCommonClasses (5ms)
	RebuildNativeTypeToScriptingClass (20ms)
	initialDomainReloadingComplete (60ms)
	LoadAllAssembliesAndSetupDomain (280ms)
		LoadAssemblies (119ms)
		AnalyzeDomain (202ms)
			TypeCache.Refresh (200ms)
				TypeCache.ScanAssembly (188ms)
	FinalizeReload (436ms)
		SetupLoadedEditorAssemblies (0ms)
			BeforeProcessingInitializeOnLoad (83ms)
			ProcessInitializeOnLoadAttributes (83ms)
			ProcessInitializeOnLoadMethodAttributes (193ms)
Initializing Unity extensions:
[Licensing::Client] Successfully resolved entitlement details
[Licensing::Module] License group:
  Id: 6500056-UnityPersXXXX
  Product: Unity Personal
  Type: Assigned
  Expiration: Unlimited
Curl error 3: URL rejected: Malformed input to a URL function
========================================================================
Worker process is ready to serve import requests
Import Worker Mode flag is 0x00
Begin MonoManager ReloadAssembly
Symbol file LoadedFromMemory is not a mono symbol file
Symbol file LoadedFromMemory is not a mono symbol file
Refreshing native plugins compatible for Editor in 2.29 ms, found 5 plugins.
Native extension for WindowsStandalone target not found
Native extension for WebGL target not found
[Package Manager] Failed to launch server process. Reason: Unity was launched with the -noUpm command-line argument
[Package Manager] Unable to send message (not connected to server process).
[Package Manager] Cannot connect to Unity Package Manager local server
Refreshing native plugins compatible for Editor in 2.87 ms, found 5 plugins.
Refreshing native plugins compatible for Editor in 2.73 ms, found 5 plugins.
[Package Manager] Failed to launch server process. Reason: Unity was launched with the -noUpm command-line argument
[Package Manager] Unable to send message (not connected to server process).
[Package Manager] Cannot connect to Unity Package Manager local server
[Licensing::Client] Error: Code 404 while processing request (status: Found 0 entitlement groups and 0 free entitlements matching requested entitlement ids)
ScheduleIndexationOnStartup MainProcess:False IndexOnStartup:True
Mono: successfully reloaded assembly
- Finished resetting the current domain, in  1.666 seconds
Domain Reload Profiling: 2739ms
	BeginReloadAssembly (173ms)
		DisableScriptedObjects (8ms)
		CreateAndSetChildDomain (27ms)
	RebuildCommonClasses (7ms)
	RebuildNativeTypeToScriptingClass (15ms)
	initialDomainReloadingComplete (78ms)
	LoadAllAssembliesAndSetupDomain (798ms)
		LoadAssemblies (346ms)
		AnalyzeDomain (409ms)
			TypeCache.Refresh (324ms)
				TypeCache.ScanAssembly (303ms)
			BuildScriptInfoCaches (78ms)
			ResolveRequiredComponents (5ms)
	FinalizeReload (1667ms)
		SetupLoadedEditorAssemblies (0ms)
			BeforeProcessingInitializeOnLoad (121ms)
			ProcessInitializeOnLoadAttributes (917ms)
			ProcessInitializeOnLoadMethodAttributes (393ms)
			AfterProcessingInitializeOnLoad (5ms)
		AwakeInstancesAfterBackupRestoration (7ms)
AcceleratorClientConnectionCallback - disconnected - :0
Launched and connected shader compiler UnityShaderCompiler.exe after 0.01 seconds
Refreshing native plugins compatible for Editor in 2.25 ms, found 5 plugins.
Unloading 65 Unused Serialized files (Serialized files now loaded: 0)
Curl error 3: URL rejected: Malformed input to a URL function
Unloading 10285 unused Assets / (20.5 MB). Loaded Objects now: 11266.
Memory consumption went from 483.9 MB to 463.4 MB.
Total: 25.292500 ms (FindLiveObjects: 0.946700 ms CreateObjectMapping: 4.291800 ms MarkObjects: 15.569100 ms  DeleteObjects: 4.481700 ms)

========================================================================
Received Prepare
AcceleratorClientConnectionCallback - disconnected - :0
Refreshing native plugins compatible for Editor in 2.41 ms, found 5 plugins.
Unloading 65 Unused Serialized files (Serialized files now loaded: 0)
Unloading 10262 unused Assets / (20.6 MB). Loaded Objects now: 11267.
Memory consumption went from 479.9 MB to 459.3 MB.
Total: 23.896200 ms (FindLiveObjects: 0.910700 ms CreateObjectMapping: 4.336300 ms MarkObjects: 13.565600 ms  DeleteObjects: 5.082200 ms)

Prepare: number of updated asset objects reloaded= 0
========================================================================
Received Import Request.
  Time of request: 2026-08-28T09:36:31.5712001Z
  Time since last request: 4141.38073429999986 seconds.
  importAddress: GUID: baf0f69da3098924ab85d19272b38c0e - Path: Assets/Scripts/Logistics/Inserter.cs - Importer: PreviewImporter
Importing 'GUID: baf0f69da3098924ab85d19272b38c0e - Path: Assets/Scripts/Logistics/Inserter.cs - Importer: PreviewImporter' with importer (PreviewImporter)
Imported 'GUID: baf0f69da3098924ab85d19272b38c0e' -> (Import Result ID: '933c5e9a0c703e7b74e20fe5e01c8a5f') in 0.008 seconds [static and dynamic dependencies]. Details - ImportResultOutputID=cca2cb0ee73e15bc80d3c3fe8de81092 DependenciesID=d7c7655fd4576d435c7ef45cedbd2346 StaticDependenciesID=770f3e792afd087d67ea95473e72157a 
Number of updated asset objects reloaded before import = 0
Number of asset objects unloaded after import = 0
========================================================================
Received Import Request.
  Time of request: 2026-08-28T09:36:31.8262433Z
  Time since last request: 0.2363122 seconds.
  importAddress: GUID: baf0f69da3098924ab85d19272b38c0e - Path: Assets/Scripts/Logistics/Inserter.cs - Importer: ScriptedImporter/UnityEditor.QuickSearchModule:UnityEditor.Search:ASIAI0B
Importing 'GUID: baf0f69da3098924ab85d19272b38c0e - Path: Assets/Scripts/Logistics/Inserter.cs - Importer: ScriptedImporter/UnityEditor.QuickSearchModule:UnityEditor.Search:ASIAI0B' with importer (ScriptedImporter : UnityEditor.QuickSearchModule:UnityEditor.Search:ASIAI0B)
Imported 'GUID: baf0f69da3098924ab85d19272b38c0e' -> (Import Result ID: '48725d9e61d7b2d1bbf9207afce18b57') in 0.052 seconds [static and dynamic dependencies]. Details - ImportResultOutputID=1e9ef7a4fdba024a0b5a1944aab4afb6 DependenciesID=8b767b651500f2f09d3039fa8883d331 StaticDependenciesID=d54571a8aedee4af777df2ecc085e44d 
Number of updated asset objects reloaded before import = 0
Number of asset objects unloaded after import = 0
========================================================================
Received Prepare
AcceleratorClientConnectionCallback - disconnected - :0
Begin MonoManager ReloadAssembly
Symbol file LoadedFromMemory is not a mono symbol file
Symbol file LoadedFromMemory is not a mono symbol file
Refreshing native plugins compatible for Editor in 3.62 ms, found 5 plugins.
Native extension for WindowsStandalone target not found
Native extension for WebGL target not found
[Package Manager] Failed to launch server process. Reason: Unity was launched with the -noUpm command-line argument
[Package Manager] Unable to send message (not connected to server process).
[Package Manager] Cannot connect to Unity Package Manager local server
Refreshing native plugins compatible for Editor in 3.77 ms, found 5 plugins.
[Package Manager] Failed to launch server process. Reason: Unity was launched with the -noUpm command-line argument
[Package Manager] Unable to send message (not connected to server process).
[Package Manager] Cannot connect to Unity Package Manager local server
[Licensing::Client] Error: Code 404 while processing request (status: Found 0 entitlement groups and 0 free entitlements matching requested entitlement ids)
ScheduleIndexationOnStartup MainProcess:False IndexOnStartup:True
Mono: successfully reloaded assembly
- Finished resetting the current domain, in  2.174 seconds
Domain Reload Profiling: 3587ms
	BeginReloadAssembly (308ms)
		DisableScriptedObjects (8ms)
		CreateAndSetChildDomain (108ms)
	RebuildCommonClasses (15ms)
	RebuildNativeTypeToScriptingClass (20ms)
	initialDomainReloadingComplete (116ms)
	LoadAllAssembliesAndSetupDomain (953ms)
		LoadAssemblies (481ms)
		AnalyzeDomain (433ms)
			TypeCache.Refresh (22ms)
			BuildScriptInfoCaches (402ms)
			ResolveRequiredComponents (6ms)
	FinalizeReload (2176ms)
		SetupLoadedEditorAssemblies (0ms)
			InitializePlatformSupportModulesInManaged (3ms)
			BeforeProcessingInitializeOnLoad (150ms)
			ProcessInitializeOnLoadAttributes (1004ms)
			ProcessInitializeOnLoadMethodAttributes (568ms)
			AfterProcessingInitializeOnLoad (10ms)
		AwakeInstancesAfterBackupRestoration (32ms)
Refreshing native plugins compatible for Editor in 3.65 ms, found 5 plugins.
Unloading 65 Unused Serialized files (Serialized files now loaded: 0)
Unloading 10282 unused Assets / (20.2 MB). Loaded Objects now: 11313.
Memory consumption went from 486.9 MB to 466.7 MB.
Total: 27.477700 ms (FindLiveObjects: 1.123800 ms CreateObjectMapping: 5.706800 ms MarkObjects: 14.766500 ms  DeleteObjects: 5.878500 ms)

Prepare: number of updated asset objects reloaded= 0
========================================================================
Received Import Request.
  Time of request: 2026-08-28T09:36:44.2542644Z
  Time since last request: 12.36609 seconds.
  importAddress: GUID: baf0f69da3098924ab85d19272b38c0e - Path: Assets/Scripts/Logistics/Inserter.cs - Importer: PreviewImporter
Importing 'GUID: baf0f69da3098924ab85d19272b38c0e - Path: Assets/Scripts/Logistics/Inserter.cs - Importer: PreviewImporter' with importer (PreviewImporter)
Imported 'GUID: baf0f69da3098924ab85d19272b38c0e' -> (Import Result ID: '00000000000000000000000000000000') in 0.001 seconds
Import Error Code:(4)
Message: Build asset version error: assets/scripts/logistics/inserter.cs in SourceAssetDB has modification time of '2026-08-28T09:36:30.6477809Z' while content on disk has modification time of '2026-08-28T09:36:38.049Z'
  ERROR: Build asset version error: assets/scripts/logistics/inserter.cs in SourceAssetDB has modification time of '2026-08-28T09:36:30.6477809Z' while content on disk has modification time of '2026-08-28T09:36:38.049Z'
Number of updated asset objects reloaded before import = 0
Number of asset objects unloaded after import = 0
========================================================================
Received Import Request.
  Time of request: 2026-08-28T09:36:44.2754422Z
  Time since last request: 0.0056604 seconds.
  importAddress: GUID: baf0f69da3098924ab85d19272b38c0e - Path: Assets/Scripts/Logistics/Inserter.cs - Importer: PreviewImporter
Importing 'GUID: baf0f69da3098924ab85d19272b38c0e - Path: Assets/Scripts/Logistics/Inserter.cs - Importer: PreviewImporter' with importer (PreviewImporter)
Imported 'GUID: baf0f69da3098924ab85d19272b38c0e' -> (Import Result ID: '00000000000000000000000000000000') in 0.002 seconds
Import Error Code:(4)
Message: Build asset version error: assets/scripts/logistics/inserter.cs in SourceAssetDB has modification time of '2026-08-28T09:36:30.6477809Z' while content on disk has modification time of '2026-08-28T09:36:38.049Z'
  ERROR: Build asset version error: assets/scripts/logistics/inserter.cs in SourceAssetDB has modification time of '2026-08-28T09:36:30.6477809Z' while content on disk has modification time of '2026-08-28T09:36:38.049Z'
Number of updated asset objects reloaded before import = 0
Number of asset objects unloaded after import = 0
========================================================================
Received Import Request.
  Time of request: 2026-08-28T09:36:44.2928787Z
  Time since last request: 0.0036094 seconds.
  importAddress: GUID: baf0f69da3098924ab85d19272b38c0e - Path: Assets/Scripts/Logistics/Inserter.cs - Importer: PreviewImporter
Importing 'GUID: baf0f69da3098924ab85d19272b38c0e - Path: Assets/Scripts/Logistics/Inserter.cs - Importer: PreviewImporter' with importer (PreviewImporter)
Imported 'GUID: baf0f69da3098924ab85d19272b38c0e' -> (Import Result ID: '00000000000000000000000000000000') in 0.001 seconds
Import Error Code:(4)
Message: Build asset version error: assets/scripts/logistics/inserter.cs in SourceAssetDB has modification time of '2026-08-28T09:36:30.6477809Z' while content on disk has modification time of '2026-08-28T09:36:38.049Z'
  ERROR: Build asset version error: assets/scripts/logistics/inserter.cs in SourceAssetDB has modification time of '2026-08-28T09:36:30.6477809Z' while content on disk has modification time of '2026-08-28T09:36:38.049Z'
Number of updated asset objects reloaded before import = 0
Number of asset objects unloaded after import = 0
========================================================================
Received Import Request.
  Time of request: 2026-08-28T09:36:44.3094215Z
  Time since last request: 0.004139 seconds.
  importAddress: GUID: baf0f69da3098924ab85d19272b38c0e - Path: Assets/Scripts/Logistics/Inserter.cs - Importer: PreviewImporter
Importing 'GUID: baf0f69da3098924ab85d19272b38c0e - Path: Assets/Scripts/Logistics/Inserter.cs - Importer: PreviewImporter' with importer (PreviewImporter)
Imported 'GUID: baf0f69da3098924ab85d19272b38c0e' -> (Import Result ID: '00000000000000000000000000000000') in 0.001 seconds
Import Error Code:(4)
Message: Build asset version error: assets/scripts/logistics/inserter.cs in SourceAssetDB has modification time of '2026-08-28T09:36:30.6477809Z' while content on disk has modification time of '2026-08-28T09:36:38.049Z'
  ERROR: Build asset version error: assets/scripts/logistics/inserter.cs in SourceAssetDB has modification time of '2026-08-28T09:36:30.6477809Z' while content on disk has modification time of '2026-08-28T09:36:38.049Z'
Number of updated asset objects reloaded before import = 0
Number of asset objects unloaded after import = 0
========================================================================
Received Import Request.
  Time of request: 2026-08-28T09:36:44.3259496Z
  Time since last request: 0.0044677 seconds.
  importAddress: GUID: baf0f69da3098924ab85d19272b38c0e - Path: Assets/Scripts/Logistics/Inserter.cs - Importer: PreviewImporter
Importing 'GUID: baf0f69da3098924ab85d19272b38c0e - Path: Assets/Scripts/Logistics/Inserter.cs - Importer: PreviewImporter' with importer (PreviewImporter)
Imported 'GUID: baf0f69da3098924ab85d19272b38c0e' -> (Import Result ID: '00000000000000000000000000000000') in 0.001 seconds
Import Error Code:(4)
Message: Build asset version error: assets/scripts/logistics/inserter.cs in SourceAssetDB has modification time of '2026-08-28T09:36:30.6477809Z' while content on disk has modification time of '2026-08-28T09:36:38.049Z'
  ERROR: Build asset version error: assets/scripts/logistics/inserter.cs in SourceAssetDB has modification time of '2026-08-28T09:36:30.6477809Z' while content on disk has modification time of '2026-08-28T09:36:38.049Z'
Number of updated asset objects reloaded before import = 0
Number of asset objects unloaded after import = 0
========================================================================
Received Import Request.
  Time of request: 2026-08-28T09:36:44.3420256Z
  Time since last request: 0.0038249 seconds.
  importAddress: GUID: baf0f69da3098924ab85d19272b38c0e - Path: Assets/Scripts/Logistics/Inserter.cs - Importer: PreviewImporter
Importing 'GUID: baf0f69da3098924ab85d19272b38c0e - Path: Assets/Scripts/Logistics/Inserter.cs - Importer: PreviewImporter' with importer (PreviewImporter)
Imported 'GUID: baf0f69da3098924ab85d19272b38c0e' -> (Import Result ID: '00000000000000000000000000000000') in 0.000 seconds
Import Error Code:(4)
Message: Build asset version error: assets/scripts/logistics/inserter.cs in SourceAssetDB has modification time of '2026-08-28T09:36:30.6477809Z' while content on disk has modification time of '2026-08-28T09:36:38.049Z'
  ERROR: Build asset version error: assets/scripts/logistics/inserter.cs in SourceAssetDB has modification time of '2026-08-28T09:36:30.6477809Z' while content on disk has modification time of '2026-08-28T09:36:38.049Z'
Number of updated asset objects reloaded before import = 0
Number of asset objects unloaded after import = 0
========================================================================
Received Import Request.
  Time of request: 2026-08-28T09:36:44.3579599Z
  Time since last request: 0.003276 seconds.
  importAddress: GUID: baf0f69da3098924ab85d19272b38c0e - Path: Assets/Scripts/Logistics/Inserter.cs - Importer: PreviewImporter
Importing 'GUID: baf0f69da3098924ab85d19272b38c0e - Path: Assets/Scripts/Logistics/Inserter.cs - Importer: PreviewImporter' with importer (PreviewImporter)
Imported 'GUID: baf0f69da3098924ab85d19272b38c0e' -> (Import Result ID: '00000000000000000000000000000000') in 0.001 seconds
Import Error Code:(4)
Message: Build asset version error: assets/scripts/logistics/inserter.cs in SourceAssetDB has modification time of '2026-08-28T09:36:30.6477809Z' while content on disk has modification time of '2026-08-28T09:36:38.049Z'
  ERROR: Build asset version error: assets/scripts/logistics/inserter.cs in SourceAssetDB has modification time of '2026-08-28T09:36:30.6477809Z' while content on disk has modification time of '2026-08-28T09:36:38.049Z'
Number of updated asset objects reloaded before import = 0
Number of asset objects unloaded after import = 0
========================================================================
Received Import Request.
  Time of request: 2026-08-28T09:36:44.3741406Z
  Time since last request: 0.0042086 seconds.
  importAddress: GUID: baf0f69da3098924ab85d19272b38c0e - Path: Assets/Scripts/Logistics/Inserter.cs - Importer: PreviewImporter
Importing 'GUID: baf0f69da3098924ab85d19272b38c0e - Path: Assets/Scripts/Logistics/Inserter.cs - Importer: PreviewImporter' with importer (PreviewImporter)
Imported 'GUID: baf0f69da3098924ab85d19272b38c0e' -> (Import Result ID: '00000000000000000000000000000000') in 0.000 seconds
Import Error Code:(4)
Message: Build asset version error: assets/scripts/logistics/inserter.cs in SourceAssetDB has modification time of '2026-08-28T09:36:30.6477809Z' while content on disk has modification time of '2026-08-28T09:36:38.049Z'
  ERROR: Build asset version error: assets/scripts/logistics/inserter.cs in SourceAssetDB has modification time of '2026-08-28T09:36:30.6477809Z' while content on disk has modification time of '2026-08-28T09:36:38.049Z'
Number of updated asset objects reloaded before import = 0
Number of asset objects unloaded after import = 0
========================================================================
Received Import Request.
  Time of request: 2026-08-28T09:36:44.3904449Z
  Time since last request: 0.0020053 seconds.
  importAddress: GUID: baf0f69da3098924ab85d19272b38c0e - Path: Assets/Scripts/Logistics/Inserter.cs - Importer: PreviewImporter
Importing 'GUID: baf0f69da3098924ab85d19272b38c0e - Path: Assets/Scripts/Logistics/Inserter.cs - Importer: PreviewImporter' with importer (PreviewImporter)
Imported 'GUID: baf0f69da3098924ab85d19272b38c0e' -> (Import Result ID: '00000000000000000000000000000000') in 0.001 seconds
Import Error Code:(4)
Message: Build asset version error: assets/scripts/logistics/inserter.cs in SourceAssetDB has modification time of '2026-08-28T09:36:30.6477809Z' while content on disk has modification time of '2026-08-28T09:36:38.049Z'
  ERROR: Build asset version error: assets/scripts/logistics/inserter.cs in SourceAssetDB has modification time of '2026-08-28T09:36:30.6477809Z' while content on disk has modification time of '2026-08-28T09:36:38.049Z'
Number of updated asset objects reloaded before import = 0
Number of asset objects unloaded after import = 0
========================================================================
Received Import Request.
  Time of request: 2026-08-28T09:36:44.4106862Z
  Time since last request: 0.0085096 seconds.
  importAddress: GUID: baf0f69da3098924ab85d19272b38c0e - Path: Assets/Scripts/Logistics/Inserter.cs - Importer: PreviewImporter
Importing 'GUID: baf0f69da3098924ab85d19272b38c0e - Path: Assets/Scripts/Logistics/Inserter.cs - Importer: PreviewImporter' with importer (PreviewImporter)
Imported 'GUID: baf0f69da3098924ab85d19272b38c0e' -> (Import Result ID: '00000000000000000000000000000000') in 0.000 seconds
Import Error Code:(4)
Message: Build asset version error: assets/scripts/logistics/inserter.cs in SourceAssetDB has modification time of '2026-08-28T09:36:30.6477809Z' while content on disk has modification time of '2026-08-28T09:36:38.049Z'
  ERROR: Build asset version error: assets/scripts/logistics/inserter.cs in SourceAssetDB has modification time of '2026-08-28T09:36:30.6477809Z' while content on disk has modification time of '2026-08-28T09:36:38.049Z'
Number of updated asset objects reloaded before import = 0
Number of asset objects unloaded after import = 0
========================================================================
Received Import Request.
  Time of request: 2026-08-28T09:36:44.4264261Z
  Time since last request: 0.0043109 seconds.
  importAddress: GUID: baf0f69da3098924ab85d19272b38c0e - Path: Assets/Scripts/Logistics/Inserter.cs - Importer: PreviewImporter
Importing 'GUID: baf0f69da3098924ab85d19272b38c0e - Path: Assets/Scripts/Logistics/Inserter.cs - Importer: PreviewImporter' with importer (PreviewImporter)
Imported 'GUID: baf0f69da3098924ab85d19272b38c0e' -> (Import Result ID: '00000000000000000000000000000000') in 0.000 seconds
Import Error Code:(4)
Message: Build asset version error: assets/scripts/logistics/inserter.cs in SourceAssetDB has modification time of '2026-08-28T09:36:30.6477809Z' while content on disk has modification time of '2026-08-28T09:36:38.049Z'
  ERROR: Build asset version error: assets/scripts/logistics/inserter.cs in SourceAssetDB has modification time of '2026-08-28T09:36:30.6477809Z' while content on disk has modification time of '2026-08-28T09:36:38.049Z'
Number of updated asset objects reloaded before import = 0
Number of asset objects unloaded after import = 0
========================================================================
Received Import Request.
  Time of request: 2026-08-28T09:36:44.4416141Z
  Time since last request: 0.0041379 seconds.
  importAddress: GUID: baf0f69da3098924ab85d19272b38c0e - Path: Assets/Scripts/Logistics/Inserter.cs - Importer: PreviewImporter
Importing 'GUID: baf0f69da3098924ab85d19272b38c0e - Path: Assets/Scripts/Logistics/Inserter.cs - Importer: PreviewImporter' with importer (PreviewImporter)
Imported 'GUID: baf0f69da3098924ab85d19272b38c0e' -> (Import Result ID: '00000000000000000000000000000000') in 0.000 seconds
Import Error Code:(4)
Message: Build asset version error: assets/scripts/logistics/inserter.cs in SourceAssetDB has modification time of '2026-08-28T09:36:30.6477809Z' while content on disk has modification time of '2026-08-28T09:36:38.049Z'
  ERROR: Build asset version error: assets/scripts/logistics/inserter.cs in SourceAssetDB has modification time of '2026-08-28T09:36:30.6477809Z' while content on disk has modification time of '2026-08-28T09:36:38.049Z'
Number of updated asset objects reloaded before import = 0
Number of asset objects unloaded after import = 0
========================================================================
Received Import Request.
  Time of request: 2026-08-28T09:36:44.4569911Z
  Time since last request: 0.0045285 seconds.
  importAddress: GUID: baf0f69da3098924ab85d19272b38c0e - Path: Assets/Scripts/Logistics/Inserter.cs - Importer: PreviewImporter
Importing 'GUID: baf0f69da3098924ab85d19272b38c0e - Path: Assets/Scripts/Logistics/Inserter.cs - Importer: PreviewImporter' with importer (PreviewImporter)
Imported 'GUID: baf0f69da3098924ab85d19272b38c0e' -> (Import Result ID: '00000000000000000000000000000000') in 0.000 seconds
Import Error Code:(4)
Message: Build asset version error: assets/scripts/logistics/inserter.cs in SourceAssetDB has modification time of '2026-08-28T09:36:30.6477809Z' while content on disk has modification time of '2026-08-28T09:36:38.049Z'
  ERROR: Build asset version error: assets/scripts/logistics/inserter.cs in SourceAssetDB has modification time of '2026-08-28T09:36:30.6477809Z' while content on disk has modification time of '2026-08-28T09:36:38.049Z'
Number of updated asset objects reloaded before import = 0
Number of asset objects unloaded after import = 0
========================================================================
Received Import Request.
  Time of request: 2026-08-28T09:36:44.4726919Z
  Time since last request: 0.0043283 seconds.
  importAddress: GUID: baf0f69da3098924ab85d19272b38c0e - Path: Assets/Scripts/Logistics/Inserter.cs - Importer: PreviewImporter
Importing 'GUID: baf0f69da3098924ab85d19272b38c0e - Path: Assets/Scripts/Logistics/Inserter.cs - Importer: PreviewImporter' with importer (PreviewImporter)
Imported 'GUID: baf0f69da3098924ab85d19272b38c0e' -> (Import Result ID: '00000000000000000000000000000000') in 0.000 seconds
Import Error Code:(4)
Message: Build asset version error: assets/scripts/logistics/inserter.cs in SourceAssetDB has modification time of '2026-08-28T09:36:30.6477809Z' while content on disk has modification time of '2026-08-28T09:36:38.049Z'
  ERROR: Build asset version error: assets/scripts/logistics/inserter.cs in SourceAssetDB has modification time of '2026-08-28T09:36:30.6477809Z' while content on disk has modification time of '2026-08-28T09:36:38.049Z'
Number of updated asset objects reloaded before import = 0
Number of asset objects unloaded after import = 0
========================================================================
Received Import Request.
  Time of request: 2026-08-28T09:36:44.487865Z
  Time since last request: 0.0044073 seconds.
  importAddress: GUID: baf0f69da3098924ab85d19272b38c0e - Path: Assets/Scripts/Logistics/Inserter.cs - Importer: PreviewImporter
Importing 'GUID: baf0f69da3098924ab85d19272b38c0e - Path: Assets/Scripts/Logistics/Inserter.cs - Importer: PreviewImporter' with importer (PreviewImporter)
Imported 'GUID: baf0f69da3098924ab85d19272b38c0e' -> (Import Result ID: '00000000000000000000000000000000') in 0.000 seconds
Import Error Code:(4)
Message: Build asset version error: assets/scripts/logistics/inserter.cs in SourceAssetDB has modification time of '2026-08-28T09:36:30.6477809Z' while content on disk has modification time of '2026-08-28T09:36:38.049Z'
  ERROR: Build asset version error: assets/scripts/logistics/inserter.cs in SourceAssetDB has modification time of '2026-08-28T09:36:30.6477809Z' while content on disk has modification time of '2026-08-28T09:36:38.049Z'
Number of updated asset objects reloaded before import = 0
Number of asset objects unloaded after import = 0
========================================================================
Received Import Request.
  Time of request: 2026-08-28T09:36:44.5039256Z
  Time since last request: 0.0052843 seconds.
  importAddress: GUID: baf0f69da3098924ab85d19272b38c0e - Path: Assets/Scripts/Logistics/Inserter.cs - Importer: PreviewImporter
Importing 'GUID: baf0f69da3098924ab85d19272b38c0e - Path: Assets/Scripts/Logistics/Inserter.cs - Importer: PreviewImporter' with importer (PreviewImporter)
Imported 'GUID: baf0f69da3098924ab85d19272b38c0e' -> (Import Result ID: '00000000000000000000000000000000') in 0.000 seconds
Import Error Code:(4)
Message: Build asset version error: assets/scripts/logistics/inserter.cs in SourceAssetDB has modification time of '2026-08-28T09:36:30.6477809Z' while content on disk has modification time of '2026-08-28T09:36:38.049Z'
  ERROR: Build asset version error: assets/scripts/logistics/inserter.cs in SourceAssetDB has modification time of '2026-08-28T09:36:30.6477809Z' while content on disk has modification time of '2026-08-28T09:36:38.049Z'
Number of updated asset objects reloaded before import = 0
Number of asset objects unloaded after import = 0
========================================================================
Received Import Request.
  Time of request: 2026-08-28T09:36:44.5188339Z
  Time since last request: 0.0039934 seconds.
  importAddress: GUID: baf0f69da3098924ab85d19272b38c0e - Path: Assets/Scripts/Logistics/Inserter.cs - Importer: PreviewImporter
Importing 'GUID: baf0f69da3098924ab85d19272b38c0e - Path: Assets/Scripts/Logistics/Inserter.cs - Importer: PreviewImporter' with importer (PreviewImporter)
Imported 'GUID: baf0f69da3098924ab85d19272b38c0e' -> (Import Result ID: '00000000000000000000000000000000') in 0.000 seconds
Import Error Code:(4)
Message: Build asset version error: assets/scripts/logistics/inserter.cs in SourceAssetDB has modification time of '2026-08-28T09:36:30.6477809Z' while content on disk has modification time of '2026-08-28T09:36:38.049Z'
  ERROR: Build asset version error: assets/scripts/logistics/inserter.cs in SourceAssetDB has modification time of '2026-08-28T09:36:30.6477809Z' while content on disk has modification time of '2026-08-28T09:36:38.049Z'
Number of updated asset objects reloaded before import = 0
Number of asset objects unloaded after import = 0
========================================================================
Received Import Request.
  Time of request: 2026-08-28T09:36:44.5339487Z
  Time since last request: 0.0040296 seconds.
  importAddress: GUID: baf0f69da3098924ab85d19272b38c0e - Path: Assets/Scripts/Logistics/Inserter.cs - Importer: PreviewImporter
Importing 'GUID: baf0f69da3098924ab85d19272b38c0e - Path: Assets/Scripts/Logistics/Inserter.cs - Importer: PreviewImporter' with importer (PreviewImporter)
Imported 'GUID: baf0f69da3098924ab85d19272b38c0e' -> (Import Result ID: '00000000000000000000000000000000') in 0.000 seconds
Import Error Code:(4)
Message: Build asset version error: assets/scripts/logistics/inserter.cs in SourceAssetDB has modification time of '2026-08-28T09:36:30.6477809Z' while content on disk has modification time of '2026-08-28T09:36:38.049Z'
  ERROR: Build asset version error: assets/scripts/logistics/inserter.cs in SourceAssetDB has modification time of '2026-08-28T09:36:30.6477809Z' while content on disk has modification time of '2026-08-28T09:36:38.049Z'
Number of updated asset objects reloaded before import = 0
Number of asset objects unloaded after import = 0
========================================================================
Received Import Request.
  Time of request: 2026-08-28T09:36:44.5494504Z
  Time since last request: 0.0039093 seconds.
  importAddress: GUID: baf0f69da3098924ab85d19272b38c0e - Path: Assets/Scripts/Logistics/Inserter.cs - Importer: PreviewImporter
Importing 'GUID: baf0f69da3098924ab85d19272b38c0e - Path: Assets/Scripts/Logistics/Inserter.cs - Importer: PreviewImporter' with importer (PreviewImporter)
Imported 'GUID: baf0f69da3098924ab85d19272b38c0e' -> (Import Result ID: '00000000000000000000000000000000') in 0.000 seconds
Import Error Code:(4)
Message: Build asset version error: assets/scripts/logistics/inserter.cs in SourceAssetDB has modification time of '2026-08-28T09:36:30.6477809Z' while content on disk has modification time of '2026-08-28T09:36:38.049Z'
  ERROR: Build asset version error: assets/scripts/logistics/inserter.cs in SourceAssetDB has modification time of '2026-08-28T09:36:30.6477809Z' while content on disk has modification time of '2026-08-28T09:36:38.049Z'
Number of updated asset objects reloaded before import = 0
Number of asset objects unloaded after import = 0
========================================================================
Received Import Request.
  Time of request: 2026-08-28T09:36:44.5647886Z
  Time since last request: 0.0039509 seconds.
  importAddress: GUID: baf0f69da3098924ab85d19272b38c0e - Path: Assets/Scripts/Logistics/Inserter.cs - Importer: PreviewImporter
Importing 'GUID: baf0f69da3098924ab85d19272b38c0e - Path: Assets/Scripts/Logistics/Inserter.cs - Importer: PreviewImporter' with importer (PreviewImporter)
Imported 'GUID: baf0f69da3098924ab85d19272b38c0e' -> (Import Result ID: '00000000000000000000000000000000') in 0.001 seconds
Import Error Code:(4)
Message: Build asset version error: assets/scripts/logistics/inserter.cs in SourceAssetDB has modification time of '2026-08-28T09:36:30.6477809Z' while content on disk has modification time of '2026-08-28T09:36:38.049Z'
  ERROR: Build asset version error: assets/scripts/logistics/inserter.cs in SourceAssetDB has modification time of '2026-08-28T09:36:30.6477809Z' while content on disk has modification time of '2026-08-28T09:36:38.049Z'
Number of updated asset objects reloaded before import = 0
Number of asset objects unloaded after import = 0
========================================================================
Received Import Request.
  Time of request: 2026-08-28T09:36:44.5819213Z
  Time since last request: 0.0050241 seconds.
  importAddress: GUID: baf0f69da3098924ab85d19272b38c0e - Path: Assets/Scripts/Logistics/Inserter.cs - Importer: PreviewImporter
Importing 'GUID: baf0f69da3098924ab85d19272b38c0e - Path: Assets/Scripts/Logistics/Inserter.cs - Importer: PreviewImporter' with importer (PreviewImporter)
Imported 'GUID: baf0f69da3098924ab85d19272b38c0e' -> (Import Result ID: '00000000000000000000000000000000') in 0.000 seconds
Import Error Code:(4)
Message: Build asset version error: assets/scripts/logistics/inserter.cs in SourceAssetDB has modification time of '2026-08-28T09:36:30.6477809Z' while content on disk has modification time of '2026-08-28T09:36:38.049Z'
  ERROR: Build asset version error: assets/scripts/logistics/inserter.cs in SourceAssetDB has modification time of '2026-08-28T09:36:30.6477809Z' while content on disk has modification time of '2026-08-28T09:36:38.049Z'
Number of updated asset objects reloaded before import = 0
Number of asset objects unloaded after import = 0
========================================================================
Received Import Request.
  Time of request: 2026-08-28T09:36:44.5978866Z
  Time since last request: 0.0047128 seconds.
  importAddress: GUID: baf0f69da3098924ab85d19272b38c0e - Path: Assets/Scripts/Logistics/Inserter.cs - Importer: PreviewImporter
Importing 'GUID: baf0f69da3098924ab85d19272b38c0e - Path: Assets/Scripts/Logistics/Inserter.cs - Importer: PreviewImporter' with importer (PreviewImporter)
Imported 'GUID: baf0f69da3098924ab85d19272b38c0e' -> (Import Result ID: '00000000000000000000000000000000') in 0.001 seconds
Import Error Code:(4)
Message: Build asset version error: assets/scripts/logistics/inserter.cs in SourceAssetDB has modification time of '2026-08-28T09:36:30.6477809Z' while content on disk has modification time of '2026-08-28T09:36:38.049Z'
  ERROR: Build asset version error: assets/scripts/logistics/inserter.cs in SourceAssetDB has modification time of '2026-08-28T09:36:30.6477809Z' while content on disk has modification time of '2026-08-28T09:36:38.049Z'
Number of updated asset objects reloaded before import = 0
Number of asset objects unloaded after import = 0
========================================================================
Received Import Request.
  Time of request: 2026-08-28T09:36:44.614018Z
  Time since last request: 0.0036158 seconds.
  importAddress: GUID: baf0f69da3098924ab85d19272b38c0e - Path: Assets/Scripts/Logistics/Inserter.cs - Importer: PreviewImporter
Importing 'GUID: baf0f69da3098924ab85d19272b38c0e - Path: Assets/Scripts/Logistics/Inserter.cs - Importer: PreviewImporter' with importer (PreviewImporter)
Imported 'GUID: baf0f69da3098924ab85d19272b38c0e' -> (Import Result ID: '00000000000000000000000000000000') in 0.000 seconds
Import Error Code:(4)
Message: Build asset version error: assets/scripts/logistics/inserter.cs in SourceAssetDB has modification time of '2026-08-28T09:36:30.6477809Z' while content on disk has modification time of '2026-08-28T09:36:38.049Z'
  ERROR: Build asset version error: assets/scripts/logistics/inserter.cs in SourceAssetDB has modification time of '2026-08-28T09:36:30.6477809Z' while content on disk has modification time of '2026-08-28T09:36:38.049Z'
Number of updated asset objects reloaded before import = 0
Number of asset objects unloaded after import = 0
========================================================================
Received Import Request.
  Time of request: 2026-08-28T09:36:44.6306945Z
  Time since last request: 0.004299 seconds.
  importAddress: GUID: baf0f69da3098924ab85d19272b38c0e - Path: Assets/Scripts/Logistics/Inserter.cs - Importer: PreviewImporter
Importing 'GUID: baf0f69da3098924ab85d19272b38c0e - Path: Assets/Scripts/Logistics/Inserter.cs - Importer: PreviewImporter' with importer (PreviewImporter)
Imported 'GUID: baf0f69da3098924ab85d19272b38c0e' -> (Import Result ID: '00000000000000000000000000000000') in 0.001 seconds
Import Error Code:(4)
Message: Build asset version error: assets/scripts/logistics/inserter.cs in SourceAssetDB has modification time of '2026-08-28T09:36:30.6477809Z' while content on disk has modification time of '2026-08-28T09:36:38.049Z'
  ERROR: Build asset version error: assets/scripts/logistics/inserter.cs in SourceAssetDB has modification time of '2026-08-28T09:36:30.6477809Z' while content on disk has modification time of '2026-08-28T09:36:38.049Z'
Number of updated asset objects reloaded before import = 0
Number of asset objects unloaded after import = 0
========================================================================
Received Import Request.
  Time of request: 2026-08-28T09:36:44.6468885Z
  Time since last request: 0.0039128 seconds.
  importAddress: GUID: baf0f69da3098924ab85d19272b38c0e - Path: Assets/Scripts/Logistics/Inserter.cs - Importer: PreviewImporter
Importing 'GUID: baf0f69da3098924ab85d19272b38c0e - Path: Assets/Scripts/Logistics/Inserter.cs - Importer: PreviewImporter' with importer (PreviewImporter)
Imported 'GUID: baf0f69da3098924ab85d19272b38c0e' -> (Import Result ID: '00000000000000000000000000000000') in 0.001 seconds
Import Error Code:(4)
Message: Build asset version error: assets/scripts/logistics/inserter.cs in SourceAssetDB has modification time of '2026-08-28T09:36:30.6477809Z' while content on disk has modification time of '2026-08-28T09:36:38.049Z'
  ERROR: Build asset version error: assets/scripts/logistics/inserter.cs in SourceAssetDB has modification time of '2026-08-28T09:36:30.6477809Z' while content on disk has modification time of '2026-08-28T09:36:38.049Z'
Number of updated asset objects reloaded before import = 0
Number of asset objects unloaded after import = 0
========================================================================
Received Import Request.
  Time of request: 2026-08-28T09:36:44.6650916Z
  Time since last request: 0.0038157 seconds.
  importAddress: GUID: baf0f69da3098924ab85d19272b38c0e - Path: Assets/Scripts/Logistics/Inserter.cs - Importer: PreviewImporter
Importing 'GUID: baf0f69da3098924ab85d19272b38c0e - Path: Assets/Scripts/Logistics/Inserter.cs - Importer: PreviewImporter' with importer (PreviewImporter)
Imported 'GUID: baf0f69da3098924ab85d19272b38c0e' -> (Import Result ID: '00000000000000000000000000000000') in 0.000 seconds
Import Error Code:(4)
Message: Build asset version error: assets/scripts/logistics/inserter.cs in SourceAssetDB has modification time of '2026-08-28T09:36:30.6477809Z' while content on disk has modification time of '2026-08-28T09:36:38.049Z'
  ERROR: Build asset version error: assets/scripts/logistics/inserter.cs in SourceAssetDB has modification time of '2026-08-28T09:36:30.6477809Z' while content on disk has modification time of '2026-08-28T09:36:38.049Z'
Number of updated asset objects reloaded before import = 0
Number of asset objects unloaded after import = 0
========================================================================
Received Import Request.
  Time of request: 2026-08-28T09:36:44.6805092Z
  Time since last request: 0.0044154 seconds.
  importAddress: GUID: baf0f69da3098924ab85d19272b38c0e - Path: Assets/Scripts/Logistics/Inserter.cs - Importer: PreviewImporter
Importing 'GUID: baf0f69da3098924ab85d19272b38c0e - Path: Assets/Scripts/Logistics/Inserter.cs - Importer: PreviewImporter' with importer (PreviewImporter)
Imported 'GUID: baf0f69da3098924ab85d19272b38c0e' -> (Import Result ID: '00000000000000000000000000000000') in 0.000 seconds
Import Error Code:(4)
Message: Build asset version error: assets/scripts/logistics/inserter.cs in SourceAssetDB has modification time of '2026-08-28T09:36:30.6477809Z' while content on disk has modification time of '2026-08-28T09:36:38.049Z'
  ERROR: Build asset version error: assets/scripts/logistics/inserter.cs in SourceAssetDB has modification time of '2026-08-28T09:36:30.6477809Z' while content on disk has modification time of '2026-08-28T09:36:38.049Z'
Number of updated asset objects reloaded before import = 0
Number of asset objects unloaded after import = 0
========================================================================
Received Import Request.
  Time of request: 2026-08-28T09:36:44.6962898Z
  Time since last request: 0.0038033 seconds.
  importAddress: GUID: baf0f69da3098924ab85d19272b38c0e - Path: Assets/Scripts/Logistics/Inserter.cs - Importer: PreviewImporter
Importing 'GUID: baf0f69da3098924ab85d19272b38c0e - Path: Assets/Scripts/Logistics/Inserter.cs - Importer: PreviewImporter' with importer (PreviewImporter)
Imported 'GUID: baf0f69da3098924ab85d19272b38c0e' -> (Import Result ID: '00000000000000000000000000000000') in 0.000 seconds
Import Error Code:(4)
Message: Build asset version error: assets/scripts/logistics/inserter.cs in SourceAssetDB has modification time of '2026-08-28T09:36:30.6477809Z' while content on disk has modification time of '2026-08-28T09:36:38.049Z'
  ERROR: Build asset version error: assets/scripts/logistics/inserter.cs in SourceAssetDB has modification time of '2026-08-28T09:36:30.6477809Z' while content on disk has modification time of '2026-08-28T09:36:38.049Z'
Number of updated asset objects reloaded before import = 0
Number of asset objects unloaded after import = 0
========================================================================
Received Import Request.
  Time of request: 2026-08-28T09:36:44.7115551Z
  Time since last request: 0.004001 seconds.
  importAddress: GUID: baf0f69da3098924ab85d19272b38c0e - Path: Assets/Scripts/Logistics/Inserter.cs - Importer: PreviewImporter
Importing 'GUID: baf0f69da3098924ab85d19272b38c0e - Path: Assets/Scripts/Logistics/Inserter.cs - Importer: PreviewImporter' with importer (PreviewImporter)
Imported 'GUID: baf0f69da3098924ab85d19272b38c0e' -> (Import Result ID: '00000000000000000000000000000000') in 0.000 seconds
Import Error Code:(4)
Message: Build asset version error: assets/scripts/logistics/inserter.cs in SourceAssetDB has modification time of '2026-08-28T09:36:30.6477809Z' while content on disk has modification time of '2026-08-28T09:36:38.049Z'
  ERROR: Build asset version error: assets/scripts/logistics/inserter.cs in SourceAssetDB has modification time of '2026-08-28T09:36:30.6477809Z' while content on disk has modification time of '2026-08-28T09:36:38.049Z'
Number of updated asset objects reloaded before import = 0
Number of asset objects unloaded after import = 0
========================================================================
Received Import Request.
  Time of request: 2026-08-28T09:36:44.7273123Z
  Time since last request: 0.0036033 seconds.
  importAddress: GUID: baf0f69da3098924ab85d19272b38c0e - Path: Assets/Scripts/Logistics/Inserter.cs - Importer: PreviewImporter
Importing 'GUID: baf0f69da3098924ab85d19272b38c0e - Path: Assets/Scripts/Logistics/Inserter.cs - Importer: PreviewImporter' with importer (PreviewImporter)
Imported 'GUID: baf0f69da3098924ab85d19272b38c0e' -> (Import Result ID: '00000000000000000000000000000000') in 0.000 seconds
Import Error Code:(4)
Message: Build asset version error: assets/scripts/logistics/inserter.cs in SourceAssetDB has modification time of '2026-08-28T09:36:30.6477809Z' while content on disk has modification time of '2026-08-28T09:36:38.049Z'
  ERROR: Build asset version error: assets/scripts/logistics/inserter.cs in SourceAssetDB has modification time of '2026-08-28T09:36:30.6477809Z' while content on disk has modification time of '2026-08-28T09:36:38.049Z'
Number of updated asset objects reloaded before import = 0
Number of asset objects unloaded after import = 0
========================================================================
Received Import Request.
  Time of request: 2026-08-28T09:36:44.7432561Z
  Time since last request: 0.0044731 seconds.
  importAddress: GUID: baf0f69da3098924ab85d19272b38c0e - Path: Assets/Scripts/Logistics/Inserter.cs - Importer: PreviewImporter
Importing 'GUID: baf0f69da3098924ab85d19272b38c0e - Path: Assets/Scripts/Logistics/Inserter.cs - Importer: PreviewImporter' with importer (PreviewImporter)
Imported 'GUID: baf0f69da3098924ab85d19272b38c0e' -> (Import Result ID: '00000000000000000000000000000000') in 0.001 seconds
Import Error Code:(4)
Message: Build asset version error: assets/scripts/logistics/inserter.cs in SourceAssetDB has modification time of '2026-08-28T09:36:30.6477809Z' while content on disk has modification time of '2026-08-28T09:36:38.049Z'
  ERROR: Build asset version error: assets/scripts/logistics/inserter.cs in SourceAssetDB has modification time of '2026-08-28T09:36:30.6477809Z' while content on disk has modification time of '2026-08-28T09:36:38.049Z'
Number of updated asset objects reloaded before import = 0
Number of asset objects unloaded after import = 0
========================================================================
Received Import Request.
  Time of request: 2026-08-28T09:36:44.7586024Z
  Time since last request: 0.0038764 seconds.
  importAddress: GUID: baf0f69da3098924ab85d19272b38c0e - Path: Assets/Scripts/Logistics/Inserter.cs - Importer: PreviewImporter
Importing 'GUID: baf0f69da3098924ab85d19272b38c0e - Path: Assets/Scripts/Logistics/Inserter.cs - Importer: PreviewImporter' with importer (PreviewImporter)
Imported 'GUID: baf0f69da3098924ab85d19272b38c0e' -> (Import Result ID: '00000000000000000000000000000000') in 0.000 seconds
Import Error Code:(4)
Message: Build asset version error: assets/scripts/logistics/inserter.cs in SourceAssetDB has modification time of '2026-08-28T09:36:30.6477809Z' while content on disk has modification time of '2026-08-28T09:36:38.049Z'
  ERROR: Build asset version error: assets/scripts/logistics/inserter.cs in SourceAssetDB has modification time of '2026-08-28T09:36:30.6477809Z' while content on disk has modification time of '2026-08-28T09:36:38.049Z'
Number of updated asset objects reloaded before import = 0
Number of asset objects unloaded after import = 0
========================================================================
Received Import Request.
  Time of request: 2026-08-28T09:36:44.7750467Z
  Time since last request: 0.0046786 seconds.
  importAddress: GUID: baf0f69da3098924ab85d19272b38c0e - Path: Assets/Scripts/Logistics/Inserter.cs - Importer: PreviewImporter
Importing 'GUID: baf0f69da3098924ab85d19272b38c0e - Path: Assets/Scripts/Logistics/Inserter.cs - Importer: PreviewImporter' with importer (PreviewImporter)
Imported 'GUID: baf0f69da3098924ab85d19272b38c0e' -> (Import Result ID: '00000000000000000000000000000000') in 0.000 seconds
Import Error Code:(4)
Message: Build asset version error: assets/scripts/logistics/inserter.cs in SourceAssetDB has modification time of '2026-08-28T09:36:30.6477809Z' while content on disk has modification time of '2026-08-28T09:36:38.049Z'
  ERROR: Build asset version error: assets/scripts/logistics/inserter.cs in SourceAssetDB has modification time of '2026-08-28T09:36:30.6477809Z' while content on disk has modification time of '2026-08-28T09:36:38.049Z'
Number of updated asset objects reloaded before import = 0
Number of asset objects unloaded after import = 0
========================================================================
Received Import Request.
  Time of request: 2026-08-28T09:36:44.7904442Z
  Time since last request: 0.0041884 seconds.
  importAddress: GUID: baf0f69da3098924ab85d19272b38c0e - Path: Assets/Scripts/Logistics/Inserter.cs - Importer: PreviewImporter
Importing 'GUID: baf0f69da3098924ab85d19272b38c0e - Path: Assets/Scripts/Logistics/Inserter.cs - Importer: PreviewImporter' with importer (PreviewImporter)
Imported 'GUID: baf0f69da3098924ab85d19272b38c0e' -> (Import Result ID: '00000000000000000000000000000000') in 0.000 seconds
Import Error Code:(4)
Message: Build asset version error: assets/scripts/logistics/inserter.cs in SourceAssetDB has modification time of '2026-08-28T09:36:30.6477809Z' while content on disk has modification time of '2026-08-28T09:36:38.049Z'
  ERROR: Build asset version error: assets/scripts/logistics/inserter.cs in SourceAssetDB has modification time of '2026-08-28T09:36:30.6477809Z' while content on disk has modification time of '2026-08-28T09:36:38.049Z'
Number of updated asset objects reloaded before import = 0
Number of asset objects unloaded after import = 0
========================================================================
Received Import Request.
  Time of request: 2026-08-28T09:36:44.8057622Z
  Time since last request: 0.003849 seconds.
  importAddress: GUID: baf0f69da3098924ab85d19272b38c0e - Path: Assets/Scripts/Logistics/Inserter.cs - Importer: PreviewImporter
Importing 'GUID: baf0f69da3098924ab85d19272b38c0e - Path: Assets/Scripts/Logistics/Inserter.cs - Importer: PreviewImporter' with importer (PreviewImporter)
Imported 'GUID: baf0f69da3098924ab85d19272b38c0e' -> (Import Result ID: '00000000000000000000000000000000') in 0.000 seconds
Import Error Code:(4)
Message: Build asset version error: assets/scripts/logistics/inserter.cs in SourceAssetDB has modification time of '2026-08-28T09:36:30.6477809Z' while content on disk has modification time of '2026-08-28T09:36:38.049Z'
  ERROR: Build asset version error: assets/scripts/logistics/inserter.cs in SourceAssetDB has modification time of '2026-08-28T09:36:30.6477809Z' while content on disk has modification time of '2026-08-28T09:36:38.049Z'
Number of updated asset objects reloaded before import = 0
Number of asset objects unloaded after import = 0
========================================================================
Received Import Request.
  Time of request: 2026-08-28T09:36:44.8221791Z
  Time since last request: 0.0045421 seconds.
  importAddress: GUID: baf0f69da3098924ab85d19272b38c0e - Path: Assets/Scripts/Logistics/Inserter.cs - Importer: PreviewImporter
Importing 'GUID: baf0f69da3098924ab85d19272b38c0e - Path: Assets/Scripts/Logistics/Inserter.cs - Importer: PreviewImporter' with importer (PreviewImporter)
Imported 'GUID: baf0f69da3098924ab85d19272b38c0e' -> (Import Result ID: '00000000000000000000000000000000') in 0.000 seconds
Import Error Code:(4)
Message: Build asset version error: assets/scripts/logistics/inserter.cs in SourceAssetDB has modification time of '2026-08-28T09:36:30.6477809Z' while content on disk has modification time of '2026-08-28T09:36:38.049Z'
  ERROR: Build asset version error: assets/scripts/logistics/inserter.cs in SourceAssetDB has modification time of '2026-08-28T09:36:30.6477809Z' while content on disk has modification time of '2026-08-28T09:36:38.049Z'
Number of updated asset objects reloaded before import = 0
Number of asset objects unloaded after import = 0
========================================================================
Received Import Request.
  Time of request: 2026-08-28T09:36:44.8383929Z
  Time since last request: 0.0044036 seconds.
  importAddress: GUID: baf0f69da3098924ab85d19272b38c0e - Path: Assets/Scripts/Logistics/Inserter.cs - Importer: PreviewImporter
Importing 'GUID: baf0f69da3098924ab85d19272b38c0e - Path: Assets/Scripts/Logistics/Inserter.cs - Importer: PreviewImporter' with importer (PreviewImporter)
Imported 'GUID: baf0f69da3098924ab85d19272b38c0e' -> (Import Result ID: '00000000000000000000000000000000') in 0.001 seconds
Import Error Code:(4)
Message: Build asset version error: assets/scripts/logistics/inserter.cs in SourceAssetDB has modification time of '2026-08-28T09:36:30.6477809Z' while content on disk has modification time of '2026-08-28T09:36:38.049Z'
  ERROR: Build asset version error: assets/scripts/logistics/inserter.cs in SourceAssetDB has modification time of '2026-08-28T09:36:30.6477809Z' while content on disk has modification time of '2026-08-28T09:36:38.049Z'
Number of updated asset objects reloaded before import = 0
Number of asset objects unloaded after import = 0
========================================================================
Received Import Request.
  Time of request: 2026-08-28T09:36:44.8537922Z
  Time since last request: 0.0040247 seconds.
  importAddress: GUID: baf0f69da3098924ab85d19272b38c0e - Path: Assets/Scripts/Logistics/Inserter.cs - Importer: PreviewImporter
Importing 'GUID: baf0f69da3098924ab85d19272b38c0e - Path: Assets/Scripts/Logistics/Inserter.cs - Importer: PreviewImporter' with importer (PreviewImporter)
Imported 'GUID: baf0f69da3098924ab85d19272b38c0e' -> (Import Result ID: '00000000000000000000000000000000') in 0.000 seconds
Import Error Code:(4)
Message: Build asset version error: assets/scripts/logistics/inserter.cs in SourceAssetDB has modification time of '2026-08-28T09:36:30.6477809Z' while content on disk has modification time of '2026-08-28T09:36:38.049Z'
  ERROR: Build asset version error: assets/scripts/logistics/inserter.cs in SourceAssetDB has modification time of '2026-08-28T09:36:30.6477809Z' while content on disk has modification time of '2026-08-28T09:36:38.049Z'
Number of updated asset objects reloaded before import = 0
Number of asset objects unloaded after import = 0
========================================================================
Received Import Request.
  Time of request: 2026-08-28T09:36:44.8693094Z
  Time since last request: 0.0042639 seconds.
  importAddress: GUID: baf0f69da3098924ab85d19272b38c0e - Path: Assets/Scripts/Logistics/Inserter.cs - Importer: PreviewImporter
Importing 'GUID: baf0f69da3098924ab85d19272b38c0e - Path: Assets/Scripts/Logistics/Inserter.cs - Importer: PreviewImporter' with importer (PreviewImporter)
Imported 'GUID: baf0f69da3098924ab85d19272b38c0e' -> (Import Result ID: '00000000000000000000000000000000') in 0.000 seconds
Import Error Code:(4)
Message: Build asset version error: assets/scripts/logistics/inserter.cs in SourceAssetDB has modification time of '2026-08-28T09:36:30.6477809Z' while content on disk has modification time of '2026-08-28T09:36:38.049Z'
  ERROR: Build asset version error: assets/scripts/logistics/inserter.cs in SourceAssetDB has modification time of '2026-08-28T09:36:30.6477809Z' while content on disk has modification time of '2026-08-28T09:36:38.049Z'
Number of updated asset objects reloaded before import = 0
Number of asset objects unloaded after import = 0
========================================================================
Received Import Request.
  Time of request: 2026-08-28T09:36:44.8841726Z
  Time since last request: 0.0040742 seconds.
  importAddress: GUID: baf0f69da3098924ab85d19272b38c0e - Path: Assets/Scripts/Logistics/Inserter.cs - Importer: PreviewImporter
Importing 'GUID: baf0f69da3098924ab85d19272b38c0e - Path: Assets/Scripts/Logistics/Inserter.cs - Importer: PreviewImporter' with importer (PreviewImporter)
Imported 'GUID: baf0f69da3098924ab85d19272b38c0e' -> (Import Result ID: '00000000000000000000000000000000') in 0.000 seconds
Import Error Code:(4)
Message: Build asset version error: assets/scripts/logistics/inserter.cs in SourceAssetDB has modification time of '2026-08-28T09:36:30.6477809Z' while content on disk has modification time of '2026-08-28T09:36:38.049Z'
  ERROR: Build asset version error: assets/scripts/logistics/inserter.cs in SourceAssetDB has modification time of '2026-08-28T09:36:30.6477809Z' while content on disk has modification time of '2026-08-28T09:36:38.049Z'
Number of updated asset objects reloaded before import = 0
Number of asset objects unloaded after import = 0
========================================================================
Received Import Request.
  Time of request: 2026-08-28T09:36:44.8991792Z
  Time since last request: 0.0040544 seconds.
  importAddress: GUID: baf0f69da3098924ab85d19272b38c0e - Path: Assets/Scripts/Logistics/Inserter.cs - Importer: PreviewImporter
Importing 'GUID: baf0f69da3098924ab85d19272b38c0e - Path: Assets/Scripts/Logistics/Inserter.cs - Importer: PreviewImporter' with importer (PreviewImporter)
Imported 'GUID: baf0f69da3098924ab85d19272b38c0e' -> (Import Result ID: '00000000000000000000000000000000') in 0.000 seconds
Import Error Code:(4)
Message: Build asset version error: assets/scripts/logistics/inserter.cs in SourceAssetDB has modification time of '2026-08-28T09:36:30.6477809Z' while content on disk has modification time of '2026-08-28T09:36:38.049Z'
  ERROR: Build asset version error: assets/scripts/logistics/inserter.cs in SourceAssetDB has modification time of '2026-08-28T09:36:30.6477809Z' while content on disk has modification time of '2026-08-28T09:36:38.049Z'
Number of updated asset objects reloaded before import = 0
Number of asset objects unloaded after import = 0
========================================================================
Received Import Request.
  Time of request: 2026-08-28T09:36:44.9150541Z
  Time since last request: 0.0041013 seconds.
  importAddress: GUID: baf0f69da3098924ab85d19272b38c0e - Path: Assets/Scripts/Logistics/Inserter.cs - Importer: PreviewImporter
Importing 'GUID: baf0f69da3098924ab85d19272b38c0e - Path: Assets/Scripts/Logistics/Inserter.cs - Importer: PreviewImporter' with importer (PreviewImporter)
Imported 'GUID: baf0f69da3098924ab85d19272b38c0e' -> (Import Result ID: '00000000000000000000000000000000') in 0.000 seconds
Import Error Code:(4)
Message: Build asset version error: assets/scripts/logistics/inserter.cs in SourceAssetDB has modification time of '2026-08-28T09:36:30.6477809Z' while content on disk has modification time of '2026-08-28T09:36:38.049Z'
  ERROR: Build asset version error: assets/scripts/logistics/inserter.cs in SourceAssetDB has modification time of '2026-08-28T09:36:30.6477809Z' while content on disk has modification time of '2026-08-28T09:36:38.049Z'
Number of updated asset objects reloaded before import = 0
Number of asset objects unloaded after import = 0
========================================================================
Received Import Request.
  Time of request: 2026-08-28T09:36:44.9314392Z
  Time since last request: 0.004812 seconds.
  importAddress: GUID: baf0f69da3098924ab85d19272b38c0e - Path: Assets/Scripts/Logistics/Inserter.cs - Importer: PreviewImporter
Importing 'GUID: baf0f69da3098924ab85d19272b38c0e - Path: Assets/Scripts/Logistics/Inserter.cs - Importer: PreviewImporter' with importer (PreviewImporter)
Imported 'GUID: baf0f69da3098924ab85d19272b38c0e' -> (Import Result ID: '00000000000000000000000000000000') in 0.000 seconds
Import Error Code:(4)
Message: Build asset version error: assets/scripts/logistics/inserter.cs in SourceAssetDB has modification time of '2026-08-28T09:36:30.6477809Z' while content on disk has modification time of '2026-08-28T09:36:38.049Z'
  ERROR: Build asset version error: assets/scripts/logistics/inserter.cs in SourceAssetDB has modification time of '2026-08-28T09:36:30.6477809Z' while content on disk has modification time of '2026-08-28T09:36:38.049Z'
Number of updated asset objects reloaded before import = 0
Number of asset objects unloaded after import = 0
========================================================================
Received Import Request.
  Time of request: 2026-08-28T09:36:44.9483063Z
  Time since last request: 0.0050503 seconds.
  importAddress: GUID: baf0f69da3098924ab85d19272b38c0e - Path: Assets/Scripts/Logistics/Inserter.cs - Importer: PreviewImporter
Importing 'GUID: baf0f69da3098924ab85d19272b38c0e - Path: Assets/Scripts/Logistics/Inserter.cs - Importer: PreviewImporter' with importer (PreviewImporter)
Imported 'GUID: baf0f69da3098924ab85d19272b38c0e' -> (Import Result ID: '00000000000000000000000000000000') in 0.000 seconds
Import Error Code:(4)
Message: Build asset version error: assets/scripts/logistics/inserter.cs in SourceAssetDB has modification time of '2026-08-28T09:36:30.6477809Z' while content on disk has modification time of '2026-08-28T09:36:38.049Z'
  ERROR: Build asset version error: assets/scripts/logistics/inserter.cs in SourceAssetDB has modification time of '2026-08-28T09:36:30.6477809Z' while content on disk has modification time of '2026-08-28T09:36:38.049Z'
Number of updated asset objects reloaded before import = 0
Number of asset objects unloaded after import = 0
========================================================================
Received Import Request.
  Time of request: 2026-08-28T09:36:44.9656797Z
  Time since last request: 0.00422 seconds.
  importAddress: GUID: baf0f69da3098924ab85d19272b38c0e - Path: Assets/Scripts/Logistics/Inserter.cs - Importer: PreviewImporter
Importing 'GUID: baf0f69da3098924ab85d19272b38c0e - Path: Assets/Scripts/Logistics/Inserter.cs - Importer: PreviewImporter' with importer (PreviewImporter)
Imported 'GUID: baf0f69da3098924ab85d19272b38c0e' -> (Import Result ID: '00000000000000000000000000000000') in 0.000 seconds
Import Error Code:(4)
Message: Build asset version error: assets/scripts/logistics/inserter.cs in SourceAssetDB has modification time of '2026-08-28T09:36:30.6477809Z' while content on disk has modification time of '2026-08-28T09:36:38.049Z'
  ERROR: Build asset version error: assets/scripts/logistics/inserter.cs in SourceAssetDB has modification time of '2026-08-28T09:36:30.6477809Z' while content on disk has modification time of '2026-08-28T09:36:38.049Z'
Number of updated asset objects reloaded before import = 0
Number of asset objects unloaded after import = 0
========================================================================
Received Import Request.
  Time of request: 2026-08-28T09:36:44.9819625Z
  Time since last request: 0.0048386 seconds.
  importAddress: GUID: baf0f69da3098924ab85d19272b38c0e - Path: Assets/Scripts/Logistics/Inserter.cs - Importer: PreviewImporter
Importing 'GUID: baf0f69da3098924ab85d19272b38c0e - Path: Assets/Scripts/Logistics/Inserter.cs - Importer: PreviewImporter' with importer (PreviewImporter)
Imported 'GUID: baf0f69da3098924ab85d19272b38c0e' -> (Import Result ID: '00000000000000000000000000000000') in 0.000 seconds
Import Error Code:(4)
Message: Build asset version error: assets/scripts/logistics/inserter.cs in SourceAssetDB has modification time of '2026-08-28T09:36:30.6477809Z' while content on disk has modification time of '2026-08-28T09:36:38.049Z'
  ERROR: Build asset version error: assets/scripts/logistics/inserter.cs in SourceAssetDB has modification time of '2026-08-28T09:36:30.6477809Z' while content on disk has modification time of '2026-08-28T09:36:38.049Z'
Number of updated asset objects reloaded before import = 0
Number of asset objects unloaded after import = 0
========================================================================
Received Import Request.
  Time of request: 2026-08-28T09:36:44.9982556Z
  Time since last request: 0.0049069 seconds.
  importAddress: GUID: baf0f69da3098924ab85d19272b38c0e - Path: Assets/Scripts/Logistics/Inserter.cs - Importer: PreviewImporter
Importing 'GUID: baf0f69da3098924ab85d19272b38c0e - Path: Assets/Scripts/Logistics/Inserter.cs - Importer: PreviewImporter' with importer (PreviewImporter)
Imported 'GUID: baf0f69da3098924ab85d19272b38c0e' -> (Import Result ID: '00000000000000000000000000000000') in 0.000 seconds
Import Error Code:(4)
Message: Build asset version error: assets/scripts/logistics/inserter.cs in SourceAssetDB has modification time of '2026-08-28T09:36:30.6477809Z' while content on disk has modification time of '2026-08-28T09:36:38.049Z'
  ERROR: Build asset version error: assets/scripts/logistics/inserter.cs in SourceAssetDB has modification time of '2026-08-28T09:36:30.6477809Z' while content on disk has modification time of '2026-08-28T09:36:38.049Z'
Number of updated asset objects reloaded before import = 0
Number of asset objects unloaded after import = 0
========================================================================
Received Import Request.
  Time of request: 2026-08-28T09:36:45.0134974Z
  Time since last request: 0.0038482 seconds.
  importAddress: GUID: baf0f69da3098924ab85d19272b38c0e - Path: Assets/Scripts/Logistics/Inserter.cs - Importer: PreviewImporter
Importing 'GUID: baf0f69da3098924ab85d19272b38c0e - Path: Assets/Scripts/Logistics/Inserter.cs - Importer: PreviewImporter' with importer (PreviewImporter)
Imported 'GUID: baf0f69da3098924ab85d19272b38c0e' -> (Import Result ID: '00000000000000000000000000000000') in 0.000 seconds
Import Error Code:(4)
Message: Build asset version error: assets/scripts/logistics/inserter.cs in SourceAssetDB has modification time of '2026-08-28T09:36:30.6477809Z' while content on disk has modification time of '2026-08-28T09:36:38.049Z'
  ERROR: Build asset version error: assets/scripts/logistics/inserter.cs in SourceAssetDB has modification time of '2026-08-28T09:36:30.6477809Z' while content on disk has modification time of '2026-08-28T09:36:38.049Z'
Number of updated asset objects reloaded before import = 0
Number of asset objects unloaded after import = 0
========================================================================
Received Import Request.
  Time of request: 2026-08-28T09:36:45.0300463Z
  Time since last request: 0.0045472 seconds.
  importAddress: GUID: baf0f69da3098924ab85d19272b38c0e - Path: Assets/Scripts/Logistics/Inserter.cs - Importer: PreviewImporter
Importing 'GUID: baf0f69da3098924ab85d19272b38c0e - Path: Assets/Scripts/Logistics/Inserter.cs - Importer: PreviewImporter' with importer (PreviewImporter)
Imported 'GUID: baf0f69da3098924ab85d19272b38c0e' -> (Import Result ID: '00000000000000000000000000000000') in 0.000 seconds
Import Error Code:(4)
Message: Build asset version error: assets/scripts/logistics/inserter.cs in SourceAssetDB has modification time of '2026-08-28T09:36:30.6477809Z' while content on disk has modification time of '2026-08-28T09:36:38.049Z'
  ERROR: Build asset version error: assets/scripts/logistics/inserter.cs in SourceAssetDB has modification time of '2026-08-28T09:36:30.6477809Z' while content on disk has modification time of '2026-08-28T09:36:38.049Z'
Number of updated asset objects reloaded before import = 0
Number of asset objects unloaded after import = 0
========================================================================
Received Import Request.
  Time of request: 2026-08-28T09:36:45.0459574Z
  Time since last request: 0.0040363 seconds.
  importAddress: GUID: baf0f69da3098924ab85d19272b38c0e - Path: Assets/Scripts/Logistics/Inserter.cs - Importer: PreviewImporter
Importing 'GUID: baf0f69da3098924ab85d19272b38c0e - Path: Assets/Scripts/Logistics/Inserter.cs - Importer: PreviewImporter' with importer (PreviewImporter)
Imported 'GUID: baf0f69da3098924ab85d19272b38c0e' -> (Import Result ID: '00000000000000000000000000000000') in 0.000 seconds
Import Error Code:(4)
Message: Build asset version error: assets/scripts/logistics/inserter.cs in SourceAssetDB has modification time of '2026-08-28T09:36:30.6477809Z' while content on disk has modification time of '2026-08-28T09:36:38.049Z'
  ERROR: Build asset version error: assets/scripts/logistics/inserter.cs in SourceAssetDB has modification time of '2026-08-28T09:36:30.6477809Z' while content on disk has modification time of '2026-08-28T09:36:38.049Z'
Number of updated asset objects reloaded before import = 0
Number of asset objects unloaded after import = 0
========================================================================
Received Import Request.
  Time of request: 2026-08-28T09:36:45.0621101Z
  Time since last request: 0.0045326 seconds.
  importAddress: GUID: baf0f69da3098924ab85d19272b38c0e - Path: Assets/Scripts/Logistics/Inserter.cs - Importer: PreviewImporter
Importing 'GUID: baf0f69da3098924ab85d19272b38c0e - Path: Assets/Scripts/Logistics/Inserter.cs - Importer: PreviewImporter' with importer (PreviewImporter)
Imported 'GUID: baf0f69da3098924ab85d19272b38c0e' -> (Import Result ID: '00000000000000000000000000000000') in 0.001 seconds
Import Error Code:(4)
Message: Build asset version error: assets/scripts/logistics/inserter.cs in SourceAssetDB has modification time of '2026-08-28T09:36:30.6477809Z' while content on disk has modification time of '2026-08-28T09:36:38.049Z'
  ERROR: Build asset version error: assets/scripts/logistics/inserter.cs in SourceAssetDB has modification time of '2026-08-28T09:36:30.6477809Z' while content on disk has modification time of '2026-08-28T09:36:38.049Z'
Number of updated asset objects reloaded before import = 0
Number of asset objects unloaded after import = 0
========================================================================
Received Import Request.
  Time of request: 2026-08-28T09:36:45.0776418Z
  Time since last request: 0.0040427 seconds.
  importAddress: GUID: baf0f69da3098924ab85d19272b38c0e - Path: Assets/Scripts/Logistics/Inserter.cs - Importer: PreviewImporter
Importing 'GUID: baf0f69da3098924ab85d19272b38c0e - Path: Assets/Scripts/Logistics/Inserter.cs - Importer: PreviewImporter' with importer (PreviewImporter)
Imported 'GUID: baf0f69da3098924ab85d19272b38c0e' -> (Import Result ID: '00000000000000000000000000000000') in 0.000 seconds
Import Error Code:(4)
Message: Build asset version error: assets/scripts/logistics/inserter.cs in SourceAssetDB has modification time of '2026-08-28T09:36:30.6477809Z' while content on disk has modification time of '2026-08-28T09:36:38.049Z'
  ERROR: Build asset version error: assets/scripts/logistics/inserter.cs in SourceAssetDB has modification time of '2026-08-28T09:36:30.6477809Z' while content on disk has modification time of '2026-08-28T09:36:38.049Z'
Number of updated asset objects reloaded before import = 0
Number of asset objects unloaded after import = 0
========================================================================
Received Import Request.
  Time of request: 2026-08-28T09:36:45.093664Z
  Time since last request: 0.0040062 seconds.
  importAddress: GUID: baf0f69da3098924ab85d19272b38c0e - Path: Assets/Scripts/Logistics/Inserter.cs - Importer: PreviewImporter
Importing 'GUID: baf0f69da3098924ab85d19272b38c0e - Path: Assets/Scripts/Logistics/Inserter.cs - Importer: PreviewImporter' with importer (PreviewImporter)
Imported 'GUID: baf0f69da3098924ab85d19272b38c0e' -> (Import Result ID: '00000000000000000000000000000000') in 0.000 seconds
Import Error Code:(4)
Message: Build asset version error: assets/scripts/logistics/inserter.cs in SourceAssetDB has modification time of '2026-08-28T09:36:30.6477809Z' while content on disk has modification time of '2026-08-28T09:36:38.049Z'
  ERROR: Build asset version error: assets/scripts/logistics/inserter.cs in SourceAssetDB has modification time of '2026-08-28T09:36:30.6477809Z' while content on disk has modification time of '2026-08-28T09:36:38.049Z'
Number of updated asset objects reloaded before import = 0
Number of asset objects unloaded after import = 0
========================================================================
Received Import Request.
  Time of request: 2026-08-28T09:36:45.1092922Z
  Time since last request: 0.0044943 seconds.
  importAddress: GUID: baf0f69da3098924ab85d19272b38c0e - Path: Assets/Scripts/Logistics/Inserter.cs - Importer: PreviewImporter
Importing 'GUID: baf0f69da3098924ab85d19272b38c0e - Path: Assets/Scripts/Logistics/Inserter.cs - Importer: PreviewImporter' with importer (PreviewImporter)
Imported 'GUID: baf0f69da3098924ab85d19272b38c0e' -> (Import Result ID: '00000000000000000000000000000000') in 0.001 seconds
Import Error Code:(4)
Message: Build asset version error: assets/scripts/logistics/inserter.cs in SourceAssetDB has modification time of '2026-08-28T09:36:30.6477809Z' while content on disk has modification time of '2026-08-28T09:36:38.049Z'
  ERROR: Build asset version error: assets/scripts/logistics/inserter.cs in SourceAssetDB has modification time of '2026-08-28T09:36:30.6477809Z' while content on disk has modification time of '2026-08-28T09:36:38.049Z'
Number of updated asset objects reloaded before import = 0
Number of asset objects unloaded after import = 0
========================================================================
Received Import Request.
  Time of request: 2026-08-28T09:36:45.1250778Z
  Time since last request: 0.0043967 seconds.
  importAddress: GUID: baf0f69da3098924ab85d19272b38c0e - Path: Assets/Scripts/Logistics/Inserter.cs - Importer: PreviewImporter
Importing 'GUID: baf0f69da3098924ab85d19272b38c0e - Path: Assets/Scripts/Logistics/Inserter.cs - Importer: PreviewImporter' with importer (PreviewImporter)
Imported 'GUID: baf0f69da3098924ab85d19272b38c0e' -> (Import Result ID: '00000000000000000000000000000000') in 0.000 seconds
Import Error Code:(4)
Message: Build asset version error: assets/scripts/logistics/inserter.cs in SourceAssetDB has modification time of '2026-08-28T09:36:30.6477809Z' while content on disk has modification time of '2026-08-28T09:36:38.049Z'
  ERROR: Build asset version error: assets/scripts/logistics/inserter.cs in SourceAssetDB has modification time of '2026-08-28T09:36:30.6477809Z' while content on disk has modification time of '2026-08-28T09:36:38.049Z'
Number of updated asset objects reloaded before import = 0
Number of asset objects unloaded after import = 0
========================================================================
Received Import Request.
  Time of request: 2026-08-28T09:36:45.1420077Z
  Time since last request: 0.0056777 seconds.
  importAddress: GUID: baf0f69da3098924ab85d19272b38c0e - Path: Assets/Scripts/Logistics/Inserter.cs - Importer: PreviewImporter
Importing 'GUID: baf0f69da3098924ab85d19272b38c0e - Path: Assets/Scripts/Logistics/Inserter.cs - Importer: PreviewImporter' with importer (PreviewImporter)
Imported 'GUID: baf0f69da3098924ab85d19272b38c0e' -> (Import Result ID: '00000000000000000000000000000000') in 0.001 seconds
Import Error Code:(4)
Message: Build asset version error: assets/scripts/logistics/inserter.cs in SourceAssetDB has modification time of '2026-08-28T09:36:30.6477809Z' while content on disk has modification time of '2026-08-28T09:36:38.049Z'
  ERROR: Build asset version error: assets/scripts/logistics/inserter.cs in SourceAssetDB has modification time of '2026-08-28T09:36:30.6477809Z' while content on disk has modification time of '2026-08-28T09:36:38.049Z'
Number of updated asset objects reloaded before import = 0
Number of asset objects unloaded after import = 0
========================================================================
Received Import Request.
  Time of request: 2026-08-28T09:36:45.1557898Z
  Time since last request: 0.0025186 seconds.
  importAddress: GUID: baf0f69da3098924ab85d19272b38c0e - Path: Assets/Scripts/Logistics/Inserter.cs - Importer: PreviewImporter
Importing 'GUID: baf0f69da3098924ab85d19272b38c0e - Path: Assets/Scripts/Logistics/Inserter.cs - Importer: PreviewImporter' with importer (PreviewImporter)
Imported 'GUID: baf0f69da3098924ab85d19272b38c0e' -> (Import Result ID: '00000000000000000000000000000000') in 0.000 seconds
Import Error Code:(4)
Message: Build asset version error: assets/scripts/logistics/inserter.cs in SourceAssetDB has modification time of '2026-08-28T09:36:30.6477809Z' while content on disk has modification time of '2026-08-28T09:36:38.049Z'
  ERROR: Build asset version error: assets/scripts/logistics/inserter.cs in SourceAssetDB has modification time of '2026-08-28T09:36:30.6477809Z' while content on disk has modification time of '2026-08-28T09:36:38.049Z'
Number of updated asset objects reloaded before import = 0
Number of asset objects unloaded after import = 0
========================================================================
Received Import Request.
  Time of request: 2026-08-28T09:36:45.1759971Z
  Time since last request: 0.0088592 seconds.
  importAddress: GUID: baf0f69da3098924ab85d19272b38c0e - Path: Assets/Scripts/Logistics/Inserter.cs - Importer: PreviewImporter
Importing 'GUID: baf0f69da3098924ab85d19272b38c0e - Path: Assets/Scripts/Logistics/Inserter.cs - Importer: PreviewImporter' with importer (PreviewImporter)
Imported 'GUID: baf0f69da3098924ab85d19272b38c0e' -> (Import Result ID: '00000000000000000000000000000000') in 0.001 seconds
Import Error Code:(4)
Message: Build asset version error: assets/scripts/logistics/inserter.cs in SourceAssetDB has modification time of '2026-08-28T09:36:30.6477809Z' while content on disk has modification time of '2026-08-28T09:36:38.049Z'
  ERROR: Build asset version error: assets/scripts/logistics/inserter.cs in SourceAssetDB has modification time of '2026-08-28T09:36:30.6477809Z' while content on disk has modification time of '2026-08-28T09:36:38.049Z'
Number of updated asset objects reloaded before import = 0
Number of asset objects unloaded after import = 0
========================================================================
Received Import Request.
  Time of request: 2026-08-28T09:36:45.1926293Z
  Time since last request: 0.00266 seconds.
  importAddress: GUID: baf0f69da3098924ab85d19272b38c0e - Path: Assets/Scripts/Logistics/Inserter.cs - Importer: PreviewImporter
Importing 'GUID: baf0f69da3098924ab85d19272b38c0e - Path: Assets/Scripts/Logistics/Inserter.cs - Importer: PreviewImporter' with importer (PreviewImporter)
Imported 'GUID: baf0f69da3098924ab85d19272b38c0e' -> (Import Result ID: '00000000000000000000000000000000') in 0.000 seconds
Import Error Code:(4)
Message: Build asset version error: assets/scripts/logistics/inserter.cs in SourceAssetDB has modification time of '2026-08-28T09:36:30.6477809Z' while content on disk has modification time of '2026-08-28T09:36:38.049Z'
  ERROR: Build asset version error: assets/scripts/logistics/inserter.cs in SourceAssetDB has modification time of '2026-08-28T09:36:30.6477809Z' while content on disk has modification time of '2026-08-28T09:36:38.049Z'
Number of updated asset objects reloaded before import = 0
Number of asset objects unloaded after import = 0
========================================================================
Received Import Request.
  Time of request: 2026-08-28T09:36:45.2125247Z
  Time since last request: 0.0082476 seconds.
  importAddress: GUID: baf0f69da3098924ab85d19272b38c0e - Path: Assets/Scripts/Logistics/Inserter.cs - Importer: PreviewImporter
Importing 'GUID: baf0f69da3098924ab85d19272b38c0e - Path: Assets/Scripts/Logistics/Inserter.cs - Importer: PreviewImporter' with importer (PreviewImporter)
Imported 'GUID: baf0f69da3098924ab85d19272b38c0e' -> (Import Result ID: '00000000000000000000000000000000') in 0.000 seconds
Import Error Code:(4)
Message: Build asset version error: assets/scripts/logistics/inserter.cs in SourceAssetDB has modification time of '2026-08-28T09:36:30.6477809Z' while content on disk has modification time of '2026-08-28T09:36:38.049Z'
  ERROR: Build asset version error: assets/scripts/logistics/inserter.cs in SourceAssetDB has modification time of '2026-08-28T09:36:30.6477809Z' while content on disk has modification time of '2026-08-28T09:36:38.049Z'
Number of updated asset objects reloaded before import = 0
Number of asset objects unloaded after import = 0
========================================================================
Received Import Request.
  Time of request: 2026-08-28T09:36:45.2289036Z
  Time since last request: 0.0045101 seconds.
  importAddress: GUID: baf0f69da3098924ab85d19272b38c0e - Path: Assets/Scripts/Logistics/Inserter.cs - Importer: PreviewImporter
Importing 'GUID: baf0f69da3098924ab85d19272b38c0e - Path: Assets/Scripts/Logistics/Inserter.cs - Importer: PreviewImporter' with importer (PreviewImporter)
Imported 'GUID: baf0f69da3098924ab85d19272b38c0e' -> (Import Result ID: '00000000000000000000000000000000') in 0.000 seconds
Import Error Code:(4)
Message: Build asset version error: assets/scripts/logistics/inserter.cs in SourceAssetDB has modification time of '2026-08-28T09:36:30.6477809Z' while content on disk has modification time of '2026-08-28T09:36:38.049Z'
  ERROR: Build asset version error: assets/scripts/logistics/inserter.cs in SourceAssetDB has modification time of '2026-08-28T09:36:30.6477809Z' while content on disk has modification time of '2026-08-28T09:36:38.049Z'
Number of updated asset objects reloaded before import = 0
Number of asset objects unloaded after import = 0
========================================================================
Received Import Request.
  Time of request: 2026-08-28T09:36:45.2443402Z
  Time since last request: 0.0041573 seconds.
  importAddress: GUID: baf0f69da3098924ab85d19272b38c0e - Path: Assets/Scripts/Logistics/Inserter.cs - Importer: PreviewImporter
Importing 'GUID: baf0f69da3098924ab85d19272b38c0e - Path: Assets/Scripts/Logistics/Inserter.cs - Importer: PreviewImporter' with importer (PreviewImporter)
Imported 'GUID: baf0f69da3098924ab85d19272b38c0e' -> (Import Result ID: '00000000000000000000000000000000') in 0.000 seconds
Import Error Code:(4)
Message: Build asset version error: assets/scripts/logistics/inserter.cs in SourceAssetDB has modification time of '2026-08-28T09:36:30.6477809Z' while content on disk has modification time of '2026-08-28T09:36:38.049Z'
  ERROR: Build asset version error: assets/scripts/logistics/inserter.cs in SourceAssetDB has modification time of '2026-08-28T09:36:30.6477809Z' while content on disk has modification time of '2026-08-28T09:36:38.049Z'
Number of updated asset objects reloaded before import = 0
Number of asset objects unloaded after import = 0
========================================================================
Received Import Request.
  Time of request: 2026-08-28T09:36:45.2603081Z
  Time since last request: 0.0040183 seconds.
  importAddress: GUID: baf0f69da3098924ab85d19272b38c0e - Path: Assets/Scripts/Logistics/Inserter.cs - Importer: PreviewImporter
Importing 'GUID: baf0f69da3098924ab85d19272b38c0e - Path: Assets/Scripts/Logistics/Inserter.cs - Importer: PreviewImporter' with importer (PreviewImporter)
Imported 'GUID: baf0f69da3098924ab85d19272b38c0e' -> (Import Result ID: '00000000000000000000000000000000') in 0.000 seconds
Import Error Code:(4)
Message: Build asset version error: assets/scripts/logistics/inserter.cs in SourceAssetDB has modification time of '2026-08-28T09:36:30.6477809Z' while content on disk has modification time of '2026-08-28T09:36:38.049Z'
  ERROR: Build asset version error: assets/scripts/logistics/inserter.cs in SourceAssetDB has modification time of '2026-08-28T09:36:30.6477809Z' while content on disk has modification time of '2026-08-28T09:36:38.049Z'
Number of updated asset objects reloaded before import = 0
Number of asset objects unloaded after import = 0
========================================================================
Received Import Request.
  Time of request: 2026-08-28T09:36:45.2764893Z
  Time since last request: 0.0043165 seconds.
  importAddress: GUID: baf0f69da3098924ab85d19272b38c0e - Path: Assets/Scripts/Logistics/Inserter.cs - Importer: PreviewImporter
Importing 'GUID: baf0f69da3098924ab85d19272b38c0e - Path: Assets/Scripts/Logistics/Inserter.cs - Importer: PreviewImporter' with importer (PreviewImporter)
Imported 'GUID: baf0f69da3098924ab85d19272b38c0e' -> (Import Result ID: '00000000000000000000000000000000') in 0.000 seconds
Import Error Code:(4)
Message: Build asset version error: assets/scripts/logistics/inserter.cs in SourceAssetDB has modification time of '2026-08-28T09:36:30.6477809Z' while content on disk has modification time of '2026-08-28T09:36:38.049Z'
  ERROR: Build asset version error: assets/scripts/logistics/inserter.cs in SourceAssetDB has modification time of '2026-08-28T09:36:30.6477809Z' while content on disk has modification time of '2026-08-28T09:36:38.049Z'
Number of updated asset objects reloaded before import = 0
Number of asset objects unloaded after import = 0
========================================================================
Received Import Request.
  Time of request: 2026-08-28T09:36:45.2914725Z
  Time since last request: 0.0041368 seconds.
  importAddress: GUID: baf0f69da3098924ab85d19272b38c0e - Path: Assets/Scripts/Logistics/Inserter.cs - Importer: PreviewImporter
Importing 'GUID: baf0f69da3098924ab85d19272b38c0e - Path: Assets/Scripts/Logistics/Inserter.cs - Importer: PreviewImporter' with importer (PreviewImporter)
Imported 'GUID: baf0f69da3098924ab85d19272b38c0e' -> (Import Result ID: '00000000000000000000000000000000') in 0.001 seconds
Import Error Code:(4)
Message: Build asset version error: assets/scripts/logistics/inserter.cs in SourceAssetDB has modification time of '2026-08-28T09:36:30.6477809Z' while content on disk has modification time of '2026-08-28T09:36:38.049Z'
  ERROR: Build asset version error: assets/scripts/logistics/inserter.cs in SourceAssetDB has modification time of '2026-08-28T09:36:30.6477809Z' while content on disk has modification time of '2026-08-28T09:36:38.049Z'
Number of updated asset objects reloaded before import = 0
Number of asset objects unloaded after import = 0
========================================================================
Received Import Request.
  Time of request: 2026-08-28T09:36:45.3065386Z
  Time since last request: 0.0037185 seconds.
  importAddress: GUID: baf0f69da3098924ab85d19272b38c0e - Path: Assets/Scripts/Logistics/Inserter.cs - Importer: PreviewImporter
Importing 'GUID: baf0f69da3098924ab85d19272b38c0e - Path: Assets/Scripts/Logistics/Inserter.cs - Importer: PreviewImporter' with importer (PreviewImporter)
Imported 'GUID: baf0f69da3098924ab85d19272b38c0e' -> (Import Result ID: '00000000000000000000000000000000') in 0.000 seconds
Import Error Code:(4)
Message: Build asset version error: assets/scripts/logistics/inserter.cs in SourceAssetDB has modification time of '2026-08-28T09:36:30.6477809Z' while content on disk has modification time of '2026-08-28T09:36:38.049Z'
  ERROR: Build asset version error: assets/scripts/logistics/inserter.cs in SourceAssetDB has modification time of '2026-08-28T09:36:30.6477809Z' while content on disk has modification time of '2026-08-28T09:36:38.049Z'
Number of updated asset objects reloaded before import = 0
Number of asset objects unloaded after import = 0
========================================================================
Received Import Request.
  Time of request: 2026-08-28T09:36:45.3229654Z
  Time since last request: 0.0046609 seconds.
  importAddress: GUID: baf0f69da3098924ab85d19272b38c0e - Path: Assets/Scripts/Logistics/Inserter.cs - Importer: PreviewImporter
Importing 'GUID: baf0f69da3098924ab85d19272b38c0e - Path: Assets/Scripts/Logistics/Inserter.cs - Importer: PreviewImporter' with importer (PreviewImporter)
Imported 'GUID: baf0f69da3098924ab85d19272b38c0e' -> (Import Result ID: '00000000000000000000000000000000') in 0.000 seconds
Import Error Code:(4)
Message: Build asset version error: assets/scripts/logistics/inserter.cs in SourceAssetDB has modification time of '2026-08-28T09:36:30.6477809Z' while content on disk has modification time of '2026-08-28T09:36:38.049Z'
  ERROR: Build asset version error: assets/scripts/logistics/inserter.cs in SourceAssetDB has modification time of '2026-08-28T09:36:30.6477809Z' while content on disk has modification time of '2026-08-28T09:36:38.049Z'
Number of updated asset objects reloaded before import = 0
Number of asset objects unloaded after import = 0
========================================================================
Received Import Request.
  Time of request: 2026-08-28T09:36:45.339758Z
  Time since last request: 0.0055024 seconds.
  importAddress: GUID: baf0f69da3098924ab85d19272b38c0e - Path: Assets/Scripts/Logistics/Inserter.cs - Importer: PreviewImporter
Importing 'GUID: baf0f69da3098924ab85d19272b38c0e - Path: Assets/Scripts/Logistics/Inserter.cs - Importer: PreviewImporter' with importer (PreviewImporter)
Imported 'GUID: baf0f69da3098924ab85d19272b38c0e' -> (Import Result ID: '00000000000000000000000000000000') in 0.000 seconds
Import Error Code:(4)
Message: Build asset version error: assets/scripts/logistics/inserter.cs in SourceAssetDB has modification time of '2026-08-28T09:36:30.6477809Z' while content on disk has modification time of '2026-08-28T09:36:38.049Z'
  ERROR: Build asset version error: assets/scripts/logistics/inserter.cs in SourceAssetDB has modification time of '2026-08-28T09:36:30.6477809Z' while content on disk has modification time of '2026-08-28T09:36:38.049Z'
Number of updated asset objects reloaded before import = 0
Number of asset objects unloaded after import = 0
========================================================================
Received Import Request.
  Time of request: 2026-08-28T09:36:45.3548597Z
  Time since last request: 0.0044546 seconds.
  importAddress: GUID: baf0f69da3098924ab85d19272b38c0e - Path: Assets/Scripts/Logistics/Inserter.cs - Importer: PreviewImporter
Importing 'GUID: baf0f69da3098924ab85d19272b38c0e - Path: Assets/Scripts/Logistics/Inserter.cs - Importer: PreviewImporter' with importer (PreviewImporter)
Imported 'GUID: baf0f69da3098924ab85d19272b38c0e' -> (Import Result ID: '00000000000000000000000000000000') in 0.000 seconds
Import Error Code:(4)
Message: Build asset version error: assets/scripts/logistics/inserter.cs in SourceAssetDB has modification time of '2026-08-28T09:36:30.6477809Z' while content on disk has modification time of '2026-08-28T09:36:38.049Z'
  ERROR: Build asset version error: assets/scripts/logistics/inserter.cs in SourceAssetDB has modification time of '2026-08-28T09:36:30.6477809Z' while content on disk has modification time of '2026-08-28T09:36:38.049Z'
Number of updated asset objects reloaded before import = 0
Number of asset objects unloaded after import = 0
========================================================================
Received Import Request.
  Time of request: 2026-08-28T09:36:45.3697603Z
  Time since last request: 0.0040548 seconds.
  importAddress: GUID: baf0f69da3098924ab85d19272b38c0e - Path: Assets/Scripts/Logistics/Inserter.cs - Importer: PreviewImporter
Importing 'GUID: baf0f69da3098924ab85d19272b38c0e - Path: Assets/Scripts/Logistics/Inserter.cs - Importer: PreviewImporter' with importer (PreviewImporter)
Imported 'GUID: baf0f69da3098924ab85d19272b38c0e' -> (Import Result ID: '00000000000000000000000000000000') in 0.000 seconds
Import Error Code:(4)
Message: Build asset version error: assets/scripts/logistics/inserter.cs in SourceAssetDB has modification time of '2026-08-28T09:36:30.6477809Z' while content on disk has modification time of '2026-08-28T09:36:38.049Z'
  ERROR: Build asset version error: assets/scripts/logistics/inserter.cs in SourceAssetDB has modification time of '2026-08-28T09:36:30.6477809Z' while content on disk has modification time of '2026-08-28T09:36:38.049Z'
Number of updated asset objects reloaded before import = 0
Number of asset objects unloaded after import = 0
========================================================================
Received Import Request.
  Time of request: 2026-08-28T09:36:45.3851896Z
  Time since last request: 0.0040106 seconds.
  importAddress: GUID: baf0f69da3098924ab85d19272b38c0e - Path: Assets/Scripts/Logistics/Inserter.cs - Importer: PreviewImporter
Importing 'GUID: baf0f69da3098924ab85d19272b38c0e - Path: Assets/Scripts/Logistics/Inserter.cs - Importer: PreviewImporter' with importer (PreviewImporter)
Imported 'GUID: baf0f69da3098924ab85d19272b38c0e' -> (Import Result ID: '00000000000000000000000000000000') in 0.000 seconds
Import Error Code:(4)
Message: Build asset version error: assets/scripts/logistics/inserter.cs in SourceAssetDB has modification time of '2026-08-28T09:36:30.6477809Z' while content on disk has modification time of '2026-08-28T09:36:38.049Z'
  ERROR: Build asset version error: assets/scripts/logistics/inserter.cs in SourceAssetDB has modification time of '2026-08-28T09:36:30.6477809Z' while content on disk has modification time of '2026-08-28T09:36:38.049Z'
Number of updated asset objects reloaded before import = 0
Number of asset objects unloaded after import = 0
========================================================================
Received Import Request.
  Time of request: 2026-08-28T09:36:45.4005323Z
  Time since last request: 0.0039452 seconds.
  importAddress: GUID: baf0f69da3098924ab85d19272b38c0e - Path: Assets/Scripts/Logistics/Inserter.cs - Importer: PreviewImporter
Importing 'GUID: baf0f69da3098924ab85d19272b38c0e - Path: Assets/Scripts/Logistics/Inserter.cs - Importer: PreviewImporter' with importer (PreviewImporter)
Imported 'GUID: baf0f69da3098924ab85d19272b38c0e' -> (Import Result ID: '00000000000000000000000000000000') in 0.000 seconds
Import Error Code:(4)
Message: Build asset version error: assets/scripts/logistics/inserter.cs in SourceAssetDB has modification time of '2026-08-28T09:36:30.6477809Z' while content on disk has modification time of '2026-08-28T09:36:38.049Z'
  ERROR: Build asset version error: assets/scripts/logistics/inserter.cs in SourceAssetDB has modification time of '2026-08-28T09:36:30.6477809Z' while content on disk has modification time of '2026-08-28T09:36:38.049Z'
Number of updated asset objects reloaded before import = 0
Number of asset objects unloaded after import = 0
========================================================================
Received Import Request.
  Time of request: 2026-08-28T09:36:45.4158879Z
  Time since last request: 0.0044253 seconds.
  importAddress: GUID: baf0f69da3098924ab85d19272b38c0e - Path: Assets/Scripts/Logistics/Inserter.cs - Importer: PreviewImporter
Importing 'GUID: baf0f69da3098924ab85d19272b38c0e - Path: Assets/Scripts/Logistics/Inserter.cs - Importer: PreviewImporter' with importer (PreviewImporter)
Imported 'GUID: baf0f69da3098924ab85d19272b38c0e' -> (Import Result ID: '00000000000000000000000000000000') in 0.000 seconds
Import Error Code:(4)
Message: Build asset version error: assets/scripts/logistics/inserter.cs in SourceAssetDB has modification time of '2026-08-28T09:36:30.6477809Z' while content on disk has modification time of '2026-08-28T09:36:38.049Z'
  ERROR: Build asset version error: assets/scripts/logistics/inserter.cs in SourceAssetDB has modification time of '2026-08-28T09:36:30.6477809Z' while content on disk has modification time of '2026-08-28T09:36:38.049Z'
Number of updated asset objects reloaded before import = 0
Number of asset objects unloaded after import = 0
========================================================================
Received Import Request.
  Time of request: 2026-08-28T09:36:45.4311714Z
  Time since last request: 0.0041989 seconds.
  importAddress: GUID: baf0f69da3098924ab85d19272b38c0e - Path: Assets/Scripts/Logistics/Inserter.cs - Importer: PreviewImporter
Importing 'GUID: baf0f69da3098924ab85d19272b38c0e - Path: Assets/Scripts/Logistics/Inserter.cs - Importer: PreviewImporter' with importer (PreviewImporter)
Imported 'GUID: baf0f69da3098924ab85d19272b38c0e' -> (Import Result ID: '00000000000000000000000000000000') in 0.000 seconds
Import Error Code:(4)
Message: Build asset version error: assets/scripts/logistics/inserter.cs in SourceAssetDB has modification time of '2026-08-28T09:36:30.6477809Z' while content on disk has modification time of '2026-08-28T09:36:38.049Z'
  ERROR: Build asset version error: assets/scripts/logistics/inserter.cs in SourceAssetDB has modification time of '2026-08-28T09:36:30.6477809Z' while content on disk has modification time of '2026-08-28T09:36:38.049Z'
Number of updated asset objects reloaded before import = 0
Number of asset objects unloaded after import = 0
========================================================================
Received Import Request.
  Time of request: 2026-08-28T09:36:45.4467249Z
  Time since last request: 0.0043628 seconds.
  importAddress: GUID: baf0f69da3098924ab85d19272b38c0e - Path: Assets/Scripts/Logistics/Inserter.cs - Importer: PreviewImporter
Importing 'GUID: baf0f69da3098924ab85d19272b38c0e - Path: Assets/Scripts/Logistics/Inserter.cs - Importer: PreviewImporter' with importer (PreviewImporter)
Imported 'GUID: baf0f69da3098924ab85d19272b38c0e' -> (Import Result ID: '00000000000000000000000000000000') in 0.000 seconds
Import Error Code:(4)
Message: Build asset version error: assets/scripts/logistics/inserter.cs in SourceAssetDB has modification time of '2026-08-28T09:36:30.6477809Z' while content on disk has modification time of '2026-08-28T09:36:38.049Z'
  ERROR: Build asset version error: assets/scripts/logistics/inserter.cs in SourceAssetDB has modification time of '2026-08-28T09:36:30.6477809Z' while content on disk has modification time of '2026-08-28T09:36:38.049Z'
Number of updated asset objects reloaded before import = 0
Number of asset objects unloaded after import = 0
========================================================================
Received Import Request.
  Time of request: 2026-08-28T09:36:45.4627318Z
  Time since last request: 0.0051859 seconds.
  importAddress: GUID: baf0f69da3098924ab85d19272b38c0e - Path: Assets/Scripts/Logistics/Inserter.cs - Importer: PreviewImporter
Importing 'GUID: baf0f69da3098924ab85d19272b38c0e - Path: Assets/Scripts/Logistics/Inserter.cs - Importer: PreviewImporter' with importer (PreviewImporter)
Imported 'GUID: baf0f69da3098924ab85d19272b38c0e' -> (Import Result ID: '00000000000000000000000000000000') in 0.000 seconds
Import Error Code:(4)
Message: Build asset version error: assets/scripts/logistics/inserter.cs in SourceAssetDB has modification time of '2026-08-28T09:36:30.6477809Z' while content on disk has modification time of '2026-08-28T09:36:38.049Z'
  ERROR: Build asset version error: assets/scripts/logistics/inserter.cs in SourceAssetDB has modification time of '2026-08-28T09:36:30.6477809Z' while content on disk has modification time of '2026-08-28T09:36:38.049Z'
Number of updated asset objects reloaded before import = 0
Number of asset objects unloaded after import = 0
========================================================================
Received Import Request.
  Time of request: 2026-08-28T09:36:45.4784478Z
  Time since last request: 0.0043911 seconds.
  importAddress: GUID: baf0f69da3098924ab85d19272b38c0e - Path: Assets/Scripts/Logistics/Inserter.cs - Importer: PreviewImporter
Importing 'GUID: baf0f69da3098924ab85d19272b38c0e - Path: Assets/Scripts/Logistics/Inserter.cs - Importer: PreviewImporter' with importer (PreviewImporter)
Imported 'GUID: baf0f69da3098924ab85d19272b38c0e' -> (Import Result ID: '00000000000000000000000000000000') in 0.001 seconds
Import Error Code:(4)
Message: Build asset version error: assets/scripts/logistics/inserter.cs in SourceAssetDB has modification time of '2026-08-28T09:36:30.6477809Z' while content on disk has modification time of '2026-08-28T09:36:38.049Z'
  ERROR: Build asset version error: assets/scripts/logistics/inserter.cs in SourceAssetDB has modification time of '2026-08-28T09:36:30.6477809Z' while content on disk has modification time of '2026-08-28T09:36:38.049Z'
Number of updated asset objects reloaded before import = 0
Number of asset objects unloaded after import = 0
========================================================================
Received Import Request.
  Time of request: 2026-08-28T09:36:45.494576Z
  Time since last request: 0.0036913 seconds.
  importAddress: GUID: baf0f69da3098924ab85d19272b38c0e - Path: Assets/Scripts/Logistics/Inserter.cs - Importer: PreviewImporter
Importing 'GUID: baf0f69da3098924ab85d19272b38c0e - Path: Assets/Scripts/Logistics/Inserter.cs - Importer: PreviewImporter' with importer (PreviewImporter)
Imported 'GUID: baf0f69da3098924ab85d19272b38c0e' -> (Import Result ID: '00000000000000000000000000000000') in 0.000 seconds
Import Error Code:(4)
Message: Build asset version error: assets/scripts/logistics/inserter.cs in SourceAssetDB has modification time of '2026-08-28T09:36:30.6477809Z' while content on disk has modification time of '2026-08-28T09:36:38.049Z'
  ERROR: Build asset version error: assets/scripts/logistics/inserter.cs in SourceAssetDB has modification time of '2026-08-28T09:36:30.6477809Z' while content on disk has modification time of '2026-08-28T09:36:38.049Z'
Number of updated asset objects reloaded before import = 0
Number of asset objects unloaded after import = 0
========================================================================
Received Import Request.
  Time of request: 2026-08-28T09:36:45.5100531Z
  Time since last request: 0.0042611 seconds.
  importAddress: GUID: baf0f69da3098924ab85d19272b38c0e - Path: Assets/Scripts/Logistics/Inserter.cs - Importer: PreviewImporter
Importing 'GUID: baf0f69da3098924ab85d19272b38c0e - Path: Assets/Scripts/Logistics/Inserter.cs - Importer: PreviewImporter' with importer (PreviewImporter)
Imported 'GUID: baf0f69da3098924ab85d19272b38c0e' -> (Import Result ID: '00000000000000000000000000000000') in 0.000 seconds
Import Error Code:(4)
Message: Build asset version error: assets/scripts/logistics/inserter.cs in SourceAssetDB has modification time of '2026-08-28T09:36:30.6477809Z' while content on disk has modification time of '2026-08-28T09:36:38.049Z'
  ERROR: Build asset version error: assets/scripts/logistics/inserter.cs in SourceAssetDB has modification time of '2026-08-28T09:36:30.6477809Z' while content on disk has modification time of '2026-08-28T09:36:38.049Z'
Number of updated asset objects reloaded before import = 0
Number of asset objects unloaded after import = 0
========================================================================
Received Import Request.
  Time of request: 2026-08-28T09:36:45.5254714Z
  Time since last request: 0.0041501 seconds.
  importAddress: GUID: baf0f69da3098924ab85d19272b38c0e - Path: Assets/Scripts/Logistics/Inserter.cs - Importer: PreviewImporter
Importing 'GUID: baf0f69da3098924ab85d19272b38c0e - Path: Assets/Scripts/Logistics/Inserter.cs - Importer: PreviewImporter' with importer (PreviewImporter)
Imported 'GUID: baf0f69da3098924ab85d19272b38c0e' -> (Import Result ID: '00000000000000000000000000000000') in 0.000 seconds
Import Error Code:(4)
Message: Build asset version error: assets/scripts/logistics/inserter.cs in SourceAssetDB has modification time of '2026-08-28T09:36:30.6477809Z' while content on disk has modification time of '2026-08-28T09:36:38.049Z'
  ERROR: Build asset version error: assets/scripts/logistics/inserter.cs in SourceAssetDB has modification time of '2026-08-28T09:36:30.6477809Z' while content on disk has modification time of '2026-08-28T09:36:38.049Z'
Number of updated asset objects reloaded before import = 0
Number of asset objects unloaded after import = 0
========================================================================
Received Import Request.
  Time of request: 2026-08-28T09:36:45.5412737Z
  Time since last request: 0.0038203 seconds.
  importAddress: GUID: baf0f69da3098924ab85d19272b38c0e - Path: Assets/Scripts/Logistics/Inserter.cs - Importer: PreviewImporter
Importing 'GUID: baf0f69da3098924ab85d19272b38c0e - Path: Assets/Scripts/Logistics/Inserter.cs - Importer: PreviewImporter' with importer (PreviewImporter)
Imported 'GUID: baf0f69da3098924ab85d19272b38c0e' -> (Import Result ID: '00000000000000000000000000000000') in 0.000 seconds
Import Error Code:(4)
Message: Build asset version error: assets/scripts/logistics/inserter.cs in SourceAssetDB has modification time of '2026-08-28T09:36:30.6477809Z' while content on disk has modification time of '2026-08-28T09:36:38.049Z'
  ERROR: Build asset version error: assets/scripts/logistics/inserter.cs in SourceAssetDB has modification time of '2026-08-28T09:36:30.6477809Z' while content on disk has modification time of '2026-08-28T09:36:38.049Z'
Number of updated asset objects reloaded before import = 0
Number of asset objects unloaded after import = 0
========================================================================
Received Import Request.
  Time of request: 2026-08-28T09:36:45.5567232Z
  Time since last request: 0.004507 seconds.
  importAddress: GUID: baf0f69da3098924ab85d19272b38c0e - Path: Assets/Scripts/Logistics/Inserter.cs - Importer: PreviewImporter
Importing 'GUID: baf0f69da3098924ab85d19272b38c0e - Path: Assets/Scripts/Logistics/Inserter.cs - Importer: PreviewImporter' with importer (PreviewImporter)
Imported 'GUID: baf0f69da3098924ab85d19272b38c0e' -> (Import Result ID: '00000000000000000000000000000000') in 0.000 seconds
Import Error Code:(4)
Message: Build asset version error: assets/scripts/logistics/inserter.cs in SourceAssetDB has modification time of '2026-08-28T09:36:30.6477809Z' while content on disk has modification time of '2026-08-28T09:36:38.049Z'
  ERROR: Build asset version error: assets/scripts/logistics/inserter.cs in SourceAssetDB has modification time of '2026-08-28T09:36:30.6477809Z' while content on disk has modification time of '2026-08-28T09:36:38.049Z'
Number of updated asset objects reloaded before import = 0
Number of asset objects unloaded after import = 0
========================================================================
Received Import Request.
  Time of request: 2026-08-28T09:36:45.571543Z
  Time since last request: 0.0036711 seconds.
  importAddress: GUID: baf0f69da3098924ab85d19272b38c0e - Path: Assets/Scripts/Logistics/Inserter.cs - Importer: PreviewImporter
Importing 'GUID: baf0f69da3098924ab85d19272b38c0e - Path: Assets/Scripts/Logistics/Inserter.cs - Importer: PreviewImporter' with importer (PreviewImporter)
Imported 'GUID: baf0f69da3098924ab85d19272b38c0e' -> (Import Result ID: '00000000000000000000000000000000') in 0.000 seconds
Import Error Code:(4)
Message: Build asset version error: assets/scripts/logistics/inserter.cs in SourceAssetDB has modification time of '2026-08-28T09:36:30.6477809Z' while content on disk has modification time of '2026-08-28T09:36:38.049Z'
  ERROR: Build asset version error: assets/scripts/logistics/inserter.cs in SourceAssetDB has modification time of '2026-08-28T09:36:30.6477809Z' while content on disk has modification time of '2026-08-28T09:36:38.049Z'
Number of updated asset objects reloaded before import = 0
Number of asset objects unloaded after import = 0
========================================================================
Received Import Request.
  Time of request: 2026-08-28T09:36:45.5872083Z
  Time since last request: 0.0044637 seconds.
  importAddress: GUID: baf0f69da3098924ab85d19272b38c0e - Path: Assets/Scripts/Logistics/Inserter.cs - Importer: PreviewImporter
Importing 'GUID: baf0f69da3098924ab85d19272b38c0e - Path: Assets/Scripts/Logistics/Inserter.cs - Importer: PreviewImporter' with importer (PreviewImporter)
Imported 'GUID: baf0f69da3098924ab85d19272b38c0e' -> (Import Result ID: '00000000000000000000000000000000') in 0.000 seconds
Import Error Code:(4)
Message: Build asset version error: assets/scripts/logistics/inserter.cs in SourceAssetDB has modification time of '2026-08-28T09:36:30.6477809Z' while content on disk has modification time of '2026-08-28T09:36:38.049Z'
  ERROR: Build asset version error: assets/scripts/logistics/inserter.cs in SourceAssetDB has modification time of '2026-08-28T09:36:30.6477809Z' while content on disk has modification time of '2026-08-28T09:36:38.049Z'
Number of updated asset objects reloaded before import = 0
Number of asset objects unloaded after import = 0
========================================================================
Received Import Request.
  Time of request: 2026-08-28T09:36:45.6028962Z
  Time since last request: 0.0047113 seconds.
  importAddress: GUID: baf0f69da3098924ab85d19272b38c0e - Path: Assets/Scripts/Logistics/Inserter.cs - Importer: PreviewImporter
Importing 'GUID: baf0f69da3098924ab85d19272b38c0e - Path: Assets/Scripts/Logistics/Inserter.cs - Importer: PreviewImporter' with importer (PreviewImporter)
Imported 'GUID: baf0f69da3098924ab85d19272b38c0e' -> (Import Result ID: '00000000000000000000000000000000') in 0.000 seconds
Import Error Code:(4)
Message: Build asset version error: assets/scripts/logistics/inserter.cs in SourceAssetDB has modification time of '2026-08-28T09:36:30.6477809Z' while content on disk has modification time of '2026-08-28T09:36:38.049Z'
  ERROR: Build asset version error: assets/scripts/logistics/inserter.cs in SourceAssetDB has modification time of '2026-08-28T09:36:30.6477809Z' while content on disk has modification time of '2026-08-28T09:36:38.049Z'
Number of updated asset objects reloaded before import = 0
Number of asset objects unloaded after import = 0
========================================================================
Received Import Request.
  Time of request: 2026-08-28T09:36:45.6184297Z
  Time since last request: 0.0039639 seconds.
  importAddress: GUID: baf0f69da3098924ab85d19272b38c0e - Path: Assets/Scripts/Logistics/Inserter.cs - Importer: PreviewImporter
Importing 'GUID: baf0f69da3098924ab85d19272b38c0e - Path: Assets/Scripts/Logistics/Inserter.cs - Importer: PreviewImporter' with importer (PreviewImporter)
Imported 'GUID: baf0f69da3098924ab85d19272b38c0e' -> (Import Result ID: '00000000000000000000000000000000') in 0.000 seconds
Import Error Code:(4)
Message: Build asset version error: assets/scripts/logistics/inserter.cs in SourceAssetDB has modification time of '2026-08-28T09:36:30.6477809Z' while content on disk has modification time of '2026-08-28T09:36:38.049Z'
  ERROR: Build asset version error: assets/scripts/logistics/inserter.cs in SourceAssetDB has modification time of '2026-08-28T09:36:30.6477809Z' while content on disk has modification time of '2026-08-28T09:36:38.049Z'
Number of updated asset objects reloaded before import = 0
Number of asset objects unloaded after import = 0
========================================================================
Received Import Request.
  Time of request: 2026-08-28T09:36:45.6337101Z
  Time since last request: 0.0036845 seconds.
  importAddress: GUID: baf0f69da3098924ab85d19272b38c0e - Path: Assets/Scripts/Logistics/Inserter.cs - Importer: PreviewImporter
Importing 'GUID: baf0f69da3098924ab85d19272b38c0e - Path: Assets/Scripts/Logistics/Inserter.cs - Importer: PreviewImporter' with importer (PreviewImporter)
Imported 'GUID: baf0f69da3098924ab85d19272b38c0e' -> (Import Result ID: '00000000000000000000000000000000') in 0.000 seconds
Import Error Code:(4)
Message: Build asset version error: assets/scripts/logistics/inserter.cs in SourceAssetDB has modification time of '2026-08-28T09:36:30.6477809Z' while content on disk has modification time of '2026-08-28T09:36:38.049Z'
  ERROR: Build asset version error: assets/scripts/logistics/inserter.cs in SourceAssetDB has modification time of '2026-08-28T09:36:30.6477809Z' while content on disk has modification time of '2026-08-28T09:36:38.049Z'
Number of updated asset objects reloaded before import = 0
Number of asset objects unloaded after import = 0
========================================================================
Received Import Request.
  Time of request: 2026-08-28T09:36:45.6488402Z
  Time since last request: 0.003764 seconds.
  importAddress: GUID: baf0f69da3098924ab85d19272b38c0e - Path: Assets/Scripts/Logistics/Inserter.cs - Importer: PreviewImporter
Importing 'GUID: baf0f69da3098924ab85d19272b38c0e - Path: Assets/Scripts/Logistics/Inserter.cs - Importer: PreviewImporter' with importer (PreviewImporter)
Imported 'GUID: baf0f69da3098924ab85d19272b38c0e' -> (Import Result ID: '00000000000000000000000000000000') in 0.000 seconds
Import Error Code:(4)
Message: Build asset version error: assets/scripts/logistics/inserter.cs in SourceAssetDB has modification time of '2026-08-28T09:36:30.6477809Z' while content on disk has modification time of '2026-08-28T09:36:38.049Z'
  ERROR: Build asset version error: assets/scripts/logistics/inserter.cs in SourceAssetDB has modification time of '2026-08-28T09:36:30.6477809Z' while content on disk has modification time of '2026-08-28T09:36:38.049Z'
Number of updated asset objects reloaded before import = 0
Number of asset objects unloaded after import = 0
========================================================================
Received Import Request.
  Time of request: 2026-08-28T09:36:45.6637636Z
  Time since last request: 0.0039103 seconds.
  importAddress: GUID: baf0f69da3098924ab85d19272b38c0e - Path: Assets/Scripts/Logistics/Inserter.cs - Importer: PreviewImporter
Importing 'GUID: baf0f69da3098924ab85d19272b38c0e - Path: Assets/Scripts/Logistics/Inserter.cs - Importer: PreviewImporter' with importer (PreviewImporter)
Imported 'GUID: baf0f69da3098924ab85d19272b38c0e' -> (Import Result ID: '00000000000000000000000000000000') in 0.001 seconds
Import Error Code:(4)
Message: Build asset version error: assets/scripts/logistics/inserter.cs in SourceAssetDB has modification time of '2026-08-28T09:36:30.6477809Z' while content on disk has modification time of '2026-08-28T09:36:38.049Z'
  ERROR: Build asset version error: assets/scripts/logistics/inserter.cs in SourceAssetDB has modification time of '2026-08-28T09:36:30.6477809Z' while content on disk has modification time of '2026-08-28T09:36:38.049Z'
Number of updated asset objects reloaded before import = 0
Number of asset objects unloaded after import = 0
========================================================================
Received Import Request.
  Time of request: 2026-08-28T09:36:45.6793741Z
  Time since last request: 0.0039519 seconds.
  importAddress: GUID: baf0f69da3098924ab85d19272b38c0e - Path: Assets/Scripts/Logistics/Inserter.cs - Importer: PreviewImporter
Importing 'GUID: baf0f69da3098924ab85d19272b38c0e - Path: Assets/Scripts/Logistics/Inserter.cs - Importer: PreviewImporter' with importer (PreviewImporter)
Imported 'GUID: baf0f69da3098924ab85d19272b38c0e' -> (Import Result ID: '00000000000000000000000000000000') in 0.000 seconds
Import Error Code:(4)
Message: Build asset version error: assets/scripts/logistics/inserter.cs in SourceAssetDB has modification time of '2026-08-28T09:36:30.6477809Z' while content on disk has modification time of '2026-08-28T09:36:38.049Z'
  ERROR: Build asset version error: assets/scripts/logistics/inserter.cs in SourceAssetDB has modification time of '2026-08-28T09:36:30.6477809Z' while content on disk has modification time of '2026-08-28T09:36:38.049Z'
Number of updated asset objects reloaded before import = 0
Number of asset objects unloaded after import = 0
========================================================================
Received Import Request.
  Time of request: 2026-08-28T09:36:45.694349Z
  Time since last request: 0.0040608 seconds.
  importAddress: GUID: baf0f69da3098924ab85d19272b38c0e - Path: Assets/Scripts/Logistics/Inserter.cs - Importer: PreviewImporter
Importing 'GUID: baf0f69da3098924ab85d19272b38c0e - Path: Assets/Scripts/Logistics/Inserter.cs - Importer: PreviewImporter' with importer (PreviewImporter)
Imported 'GUID: baf0f69da3098924ab85d19272b38c0e' -> (Import Result ID: '00000000000000000000000000000000') in 0.000 seconds
Import Error Code:(4)
Message: Build asset version error: assets/scripts/logistics/inserter.cs in SourceAssetDB has modification time of '2026-08-28T09:36:30.6477809Z' while content on disk has modification time of '2026-08-28T09:36:38.049Z'
  ERROR: Build asset version error: assets/scripts/logistics/inserter.cs in SourceAssetDB has modification time of '2026-08-28T09:36:30.6477809Z' while content on disk has modification time of '2026-08-28T09:36:38.049Z'
Number of updated asset objects reloaded before import = 0
Number of asset objects unloaded after import = 0
========================================================================
Received Import Request.
  Time of request: 2026-08-28T09:36:45.7090263Z
  Time since last request: 0.0037735 seconds.
  importAddress: GUID: baf0f69da3098924ab85d19272b38c0e - Path: Assets/Scripts/Logistics/Inserter.cs - Importer: PreviewImporter
Importing 'GUID: baf0f69da3098924ab85d19272b38c0e - Path: Assets/Scripts/Logistics/Inserter.cs - Importer: PreviewImporter' with importer (PreviewImporter)
Imported 'GUID: baf0f69da3098924ab85d19272b38c0e' -> (Import Result ID: '00000000000000000000000000000000') in 0.000 seconds
Import Error Code:(4)
Message: Build asset version error: assets/scripts/logistics/inserter.cs in SourceAssetDB has modification time of '2026-08-28T09:36:30.6477809Z' while content on disk has modification time of '2026-08-28T09:36:38.049Z'
  ERROR: Build asset version error: assets/scripts/logistics/inserter.cs in SourceAssetDB has modification time of '2026-08-28T09:36:30.6477809Z' while content on disk has modification time of '2026-08-28T09:36:38.049Z'
Number of updated asset objects reloaded before import = 0
Number of asset objects unloaded after import = 0
========================================================================
Received Import Request.
  Time of request: 2026-08-28T09:36:45.7250181Z
  Time since last request: 0.0044356 seconds.
  importAddress: GUID: baf0f69da3098924ab85d19272b38c0e - Path: Assets/Scripts/Logistics/Inserter.cs - Importer: PreviewImporter
Importing 'GUID: baf0f69da3098924ab85d19272b38c0e - Path: Assets/Scripts/Logistics/Inserter.cs - Importer: PreviewImporter' with importer (PreviewImporter)
Imported 'GUID: baf0f69da3098924ab85d19272b38c0e' -> (Import Result ID: '00000000000000000000000000000000') in 0.000 seconds
Import Error Code:(4)
Message: Build asset version error: assets/scripts/logistics/inserter.cs in SourceAssetDB has modification time of '2026-08-28T09:36:30.6477809Z' while content on disk has modification time of '2026-08-28T09:36:38.049Z'
  ERROR: Build asset version error: assets/scripts/logistics/inserter.cs in SourceAssetDB has modification time of '2026-08-28T09:36:30.6477809Z' while content on disk has modification time of '2026-08-28T09:36:38.049Z'
Number of updated asset objects reloaded before import = 0
Number of asset objects unloaded after import = 0
========================================================================
Received Import Request.
  Time of request: 2026-08-28T09:36:45.7404543Z
  Time since last request: 0.0047867 seconds.
  importAddress: GUID: baf0f69da3098924ab85d19272b38c0e - Path: Assets/Scripts/Logistics/Inserter.cs - Importer: PreviewImporter
Importing 'GUID: baf0f69da3098924ab85d19272b38c0e - Path: Assets/Scripts/Logistics/Inserter.cs - Importer: PreviewImporter' with importer (PreviewImporter)
Imported 'GUID: baf0f69da3098924ab85d19272b38c0e' -> (Import Result ID: '00000000000000000000000000000000') in 0.000 seconds
Import Error Code:(4)
Message: Build asset version error: assets/scripts/logistics/inserter.cs in SourceAssetDB has modification time of '2026-08-28T09:36:30.6477809Z' while content on disk has modification time of '2026-08-28T09:36:38.049Z'
  ERROR: Build asset version error: assets/scripts/logistics/inserter.cs in SourceAssetDB has modification time of '2026-08-28T09:36:30.6477809Z' while content on disk has modification time of '2026-08-28T09:36:38.049Z'
Number of updated asset objects reloaded before import = 0
Number of asset objects unloaded after import = 0
========================================================================
Received Import Request.
  Time of request: 2026-08-28T09:36:45.753912Z
  Time since last request: 0.0013067 seconds.
  importAddress: GUID: baf0f69da3098924ab85d19272b38c0e - Path: Assets/Scripts/Logistics/Inserter.cs - Importer: PreviewImporter
Importing 'GUID: baf0f69da3098924ab85d19272b38c0e - Path: Assets/Scripts/Logistics/Inserter.cs - Importer: PreviewImporter' with importer (PreviewImporter)
Imported 'GUID: baf0f69da3098924ab85d19272b38c0e' -> (Import Result ID: '00000000000000000000000000000000') in 0.000 seconds
Import Error Code:(4)
Message: Build asset version error: assets/scripts/logistics/inserter.cs in SourceAssetDB has modification time of '2026-08-28T09:36:30.6477809Z' while content on disk has modification time of '2026-08-28T09:36:38.049Z'
  ERROR: Build asset version error: assets/scripts/logistics/inserter.cs in SourceAssetDB has modification time of '2026-08-28T09:36:30.6477809Z' while content on disk has modification time of '2026-08-28T09:36:38.049Z'
Number of updated asset objects reloaded before import = 0
Number of asset objects unloaded after import = 0
========================================================================
Received Import Request.
  Time of request: 2026-08-28T09:36:45.7732839Z
  Time since last request: 0.0083986 seconds.
  importAddress: GUID: baf0f69da3098924ab85d19272b38c0e - Path: Assets/Scripts/Logistics/Inserter.cs - Importer: PreviewImporter
Importing 'GUID: baf0f69da3098924ab85d19272b38c0e - Path: Assets/Scripts/Logistics/Inserter.cs - Importer: PreviewImporter' with importer (PreviewImporter)
Imported 'GUID: baf0f69da3098924ab85d19272b38c0e' -> (Import Result ID: '00000000000000000000000000000000') in 0.000 seconds
Import Error Code:(4)
Message: Build asset version error: assets/scripts/logistics/inserter.cs in SourceAssetDB has modification time of '2026-08-28T09:36:30.6477809Z' while content on disk has modification time of '2026-08-28T09:36:38.049Z'
  ERROR: Build asset version error: assets/scripts/logistics/inserter.cs in SourceAssetDB has modification time of '2026-08-28T09:36:30.6477809Z' while content on disk has modification time of '2026-08-28T09:36:38.049Z'
Number of updated asset objects reloaded before import = 0
Number of asset objects unloaded after import = 0
========================================================================
Received Import Request.
  Time of request: 2026-08-28T09:36:45.7886731Z
  Time since last request: 0.0041895 seconds.
  importAddress: GUID: baf0f69da3098924ab85d19272b38c0e - Path: Assets/Scripts/Logistics/Inserter.cs - Importer: PreviewImporter
Importing 'GUID: baf0f69da3098924ab85d19272b38c0e - Path: Assets/Scripts/Logistics/Inserter.cs - Importer: PreviewImporter' with importer (PreviewImporter)
Imported 'GUID: baf0f69da3098924ab85d19272b38c0e' -> (Import Result ID: '00000000000000000000000000000000') in 0.000 seconds
Import Error Code:(4)
Message: Build asset version error: assets/scripts/logistics/inserter.cs in SourceAssetDB has modification time of '2026-08-28T09:36:30.6477809Z' while content on disk has modification time of '2026-08-28T09:36:38.049Z'
  ERROR: Build asset version error: assets/scripts/logistics/inserter.cs in SourceAssetDB has modification time of '2026-08-28T09:36:30.6477809Z' while content on disk has modification time of '2026-08-28T09:36:38.049Z'
Number of updated asset objects reloaded before import = 0
Number of asset objects unloaded after import = 0
========================================================================
Received Import Request.
  Time of request: 2026-08-28T09:36:45.8043209Z
  Time since last request: 0.0041815 seconds.
  importAddress: GUID: baf0f69da3098924ab85d19272b38c0e - Path: Assets/Scripts/Logistics/Inserter.cs - Importer: PreviewImporter
Importing 'GUID: baf0f69da3098924ab85d19272b38c0e - Path: Assets/Scripts/Logistics/Inserter.cs - Importer: PreviewImporter' with importer (PreviewImporter)
Imported 'GUID: baf0f69da3098924ab85d19272b38c0e' -> (Import Result ID: '00000000000000000000000000000000') in 0.000 seconds
Import Error Code:(4)
Message: Build asset version error: assets/scripts/logistics/inserter.cs in SourceAssetDB has modification time of '2026-08-28T09:36:30.6477809Z' while content on disk has modification time of '2026-08-28T09:36:38.049Z'
  ERROR: Build asset version error: assets/scripts/logistics/inserter.cs in SourceAssetDB has modification time of '2026-08-28T09:36:30.6477809Z' while content on disk has modification time of '2026-08-28T09:36:38.049Z'
Number of updated asset objects reloaded before import = 0
Number of asset objects unloaded after import = 0
========================================================================
Received Import Request.
  Time of request: 2026-08-28T09:36:45.8204832Z
  Time since last request: 0.0043346 seconds.
  importAddress: GUID: baf0f69da3098924ab85d19272b38c0e - Path: Assets/Scripts/Logistics/Inserter.cs - Importer: PreviewImporter
Importing 'GUID: baf0f69da3098924ab85d19272b38c0e - Path: Assets/Scripts/Logistics/Inserter.cs - Importer: PreviewImporter' with importer (PreviewImporter)
Imported 'GUID: baf0f69da3098924ab85d19272b38c0e' -> (Import Result ID: '00000000000000000000000000000000') in 0.000 seconds
Import Error Code:(4)
Message: Build asset version error: assets/scripts/logistics/inserter.cs in SourceAssetDB has modification time of '2026-08-28T09:36:30.6477809Z' while content on disk has modification time of '2026-08-28T09:36:38.049Z'
  ERROR: Build asset version error: assets/scripts/logistics/inserter.cs in SourceAssetDB has modification time of '2026-08-28T09:36:30.6477809Z' while content on disk has modification time of '2026-08-28T09:36:38.049Z'
Number of updated asset objects reloaded before import = 0
Number of asset objects unloaded after import = 0
========================================================================
Received Import Request.
  Time of request: 2026-08-28T09:36:45.8360178Z
  Time since last request: 0.0043123 seconds.
  importAddress: GUID: baf0f69da3098924ab85d19272b38c0e - Path: Assets/Scripts/Logistics/Inserter.cs - Importer: PreviewImporter
Importing 'GUID: baf0f69da3098924ab85d19272b38c0e - Path: Assets/Scripts/Logistics/Inserter.cs - Importer: PreviewImporter' with importer (PreviewImporter)
Imported 'GUID: baf0f69da3098924ab85d19272b38c0e' -> (Import Result ID: '00000000000000000000000000000000') in 0.000 seconds
Import Error Code:(4)
Message: Build asset version error: assets/scripts/logistics/inserter.cs in SourceAssetDB has modification time of '2026-08-28T09:36:30.6477809Z' while content on disk has modification time of '2026-08-28T09:36:38.049Z'
  ERROR: Build asset version error: assets/scripts/logistics/inserter.cs in SourceAssetDB has modification time of '2026-08-28T09:36:30.6477809Z' while content on disk has modification time of '2026-08-28T09:36:38.049Z'
Number of updated asset objects reloaded before import = 0
Number of asset objects unloaded after import = 0
========================================================================
Received Import Request.
  Time of request: 2026-08-28T09:36:45.8513868Z
  Time since last request: 0.004136 seconds.
  importAddress: GUID: baf0f69da3098924ab85d19272b38c0e - Path: Assets/Scripts/Logistics/Inserter.cs - Importer: PreviewImporter
Importing 'GUID: baf0f69da3098924ab85d19272b38c0e - Path: Assets/Scripts/Logistics/Inserter.cs - Importer: PreviewImporter' with importer (PreviewImporter)
Imported 'GUID: baf0f69da3098924ab85d19272b38c0e' -> (Import Result ID: '00000000000000000000000000000000') in 0.000 seconds
Import Error Code:(4)
Message: Build asset version error: assets/scripts/logistics/inserter.cs in SourceAssetDB has modification time of '2026-08-28T09:36:30.6477809Z' while content on disk has modification time of '2026-08-28T09:36:38.049Z'
  ERROR: Build asset version error: assets/scripts/logistics/inserter.cs in SourceAssetDB has modification time of '2026-08-28T09:36:30.6477809Z' while content on disk has modification time of '2026-08-28T09:36:38.049Z'
Number of updated asset objects reloaded before import = 0
Number of asset objects unloaded after import = 0
========================================================================
Received Import Request.
  Time of request: 2026-08-28T09:36:45.8664283Z
  Time since last request: 0.0037057 seconds.
  importAddress: GUID: baf0f69da3098924ab85d19272b38c0e - Path: Assets/Scripts/Logistics/Inserter.cs - Importer: PreviewImporter
Importing 'GUID: baf0f69da3098924ab85d19272b38c0e - Path: Assets/Scripts/Logistics/Inserter.cs - Importer: PreviewImporter' with importer (PreviewImporter)
Imported 'GUID: baf0f69da3098924ab85d19272b38c0e' -> (Import Result ID: '00000000000000000000000000000000') in 0.000 seconds
Import Error Code:(4)
Message: Build asset version error: assets/scripts/logistics/inserter.cs in SourceAssetDB has modification time of '2026-08-28T09:36:30.6477809Z' while content on disk has modification time of '2026-08-28T09:36:38.049Z'
  ERROR: Build asset version error: assets/scripts/logistics/inserter.cs in SourceAssetDB has modification time of '2026-08-28T09:36:30.6477809Z' while content on disk has modification time of '2026-08-28T09:36:38.049Z'
Number of updated asset objects reloaded before import = 0
Number of asset objects unloaded after import = 0
========================================================================
Received Import Request.
  Time of request: 2026-08-28T09:36:45.8821736Z
  Time since last request: 0.0044912 seconds.
  importAddress: GUID: baf0f69da3098924ab85d19272b38c0e - Path: Assets/Scripts/Logistics/Inserter.cs - Importer: PreviewImporter
Importing 'GUID: baf0f69da3098924ab85d19272b38c0e - Path: Assets/Scripts/Logistics/Inserter.cs - Importer: PreviewImporter' with importer (PreviewImporter)
Imported 'GUID: baf0f69da3098924ab85d19272b38c0e' -> (Import Result ID: '00000000000000000000000000000000') in 0.000 seconds
Import Error Code:(4)
Message: Build asset version error: assets/scripts/logistics/inserter.cs in SourceAssetDB has modification time of '2026-08-28T09:36:30.6477809Z' while content on disk has modification time of '2026-08-28T09:36:38.049Z'
  ERROR: Build asset version error: assets/scripts/logistics/inserter.cs in SourceAssetDB has modification time of '2026-08-28T09:36:30.6477809Z' while content on disk has modification time of '2026-08-28T09:36:38.049Z'
Number of updated asset objects reloaded before import = 0
Number of asset objects unloaded after import = 0
========================================================================
Received Import Request.
  Time of request: 2026-08-28T09:36:45.8976742Z
  Time since last request: 0.0038122 seconds.
  importAddress: GUID: baf0f69da3098924ab85d19272b38c0e - Path: Assets/Scripts/Logistics/Inserter.cs - Importer: PreviewImporter
Importing 'GUID: baf0f69da3098924ab85d19272b38c0e - Path: Assets/Scripts/Logistics/Inserter.cs - Importer: PreviewImporter' with importer (PreviewImporter)
Imported 'GUID: baf0f69da3098924ab85d19272b38c0e' -> (Import Result ID: '00000000000000000000000000000000') in 0.001 seconds
Import Error Code:(4)
Message: Build asset version error: assets/scripts/logistics/inserter.cs in SourceAssetDB has modification time of '2026-08-28T09:36:30.6477809Z' while content on disk has modification time of '2026-08-28T09:36:38.049Z'
  ERROR: Build asset version error: assets/scripts/logistics/inserter.cs in SourceAssetDB has modification time of '2026-08-28T09:36:30.6477809Z' while content on disk has modification time of '2026-08-28T09:36:38.049Z'
Number of updated asset objects reloaded before import = 0
Number of asset objects unloaded after import = 0
========================================================================
Received Import Request.
  Time of request: 2026-08-28T09:36:45.9158189Z
  Time since last request: 0.004137 seconds.
  importAddress: GUID: baf0f69da3098924ab85d19272b38c0e - Path: Assets/Scripts/Logistics/Inserter.cs - Importer: PreviewImporter
Importing 'GUID: baf0f69da3098924ab85d19272b38c0e - Path: Assets/Scripts/Logistics/Inserter.cs - Importer: PreviewImporter' with importer (PreviewImporter)
Imported 'GUID: baf0f69da3098924ab85d19272b38c0e' -> (Import Result ID: '00000000000000000000000000000000') in 0.000 seconds
Import Error Code:(4)
Message: Build asset version error: assets/scripts/logistics/inserter.cs in SourceAssetDB has modification time of '2026-08-28T09:36:30.6477809Z' while content on disk has modification time of '2026-08-28T09:36:38.049Z'
  ERROR: Build asset version error: assets/scripts/logistics/inserter.cs in SourceAssetDB has modification time of '2026-08-28T09:36:30.6477809Z' while content on disk has modification time of '2026-08-28T09:36:38.049Z'
Number of updated asset objects reloaded before import = 0
Number of asset objects unloaded after import = 0
========================================================================
Received Import Request.
  Time of request: 2026-08-28T09:36:45.931198Z
  Time since last request: 0.0040935 seconds.
  importAddress: GUID: baf0f69da3098924ab85d19272b38c0e - Path: Assets/Scripts/Logistics/Inserter.cs - Importer: PreviewImporter
Importing 'GUID: baf0f69da3098924ab85d19272b38c0e - Path: Assets/Scripts/Logistics/Inserter.cs - Importer: PreviewImporter' with importer (PreviewImporter)
Imported 'GUID: baf0f69da3098924ab85d19272b38c0e' -> (Import Result ID: '00000000000000000000000000000000') in 0.000 seconds
Import Error Code:(4)
Message: Build asset version error: assets/scripts/logistics/inserter.cs in SourceAssetDB has modification time of '2026-08-28T09:36:30.6477809Z' while content on disk has modification time of '2026-08-28T09:36:38.049Z'
  ERROR: Build asset version error: assets/scripts/logistics/inserter.cs in SourceAssetDB has modification time of '2026-08-28T09:36:30.6477809Z' while content on disk has modification time of '2026-08-28T09:36:38.049Z'
Number of updated asset objects reloaded before import = 0
Number of asset objects unloaded after import = 0
========================================================================
Received Import Request.
  Time of request: 2026-08-28T09:36:45.9467503Z
  Time since last request: 0.0042169 seconds.
  importAddress: GUID: baf0f69da3098924ab85d19272b38c0e - Path: Assets/Scripts/Logistics/Inserter.cs - Importer: PreviewImporter
Importing 'GUID: baf0f69da3098924ab85d19272b38c0e - Path: Assets/Scripts/Logistics/Inserter.cs - Importer: PreviewImporter' with importer (PreviewImporter)
Imported 'GUID: baf0f69da3098924ab85d19272b38c0e' -> (Import Result ID: '00000000000000000000000000000000') in 0.000 seconds
Import Error Code:(4)
Message: Build asset version error: assets/scripts/logistics/inserter.cs in SourceAssetDB has modification time of '2026-08-28T09:36:30.6477809Z' while content on disk has modification time of '2026-08-28T09:36:38.049Z'
  ERROR: Build asset version error: assets/scripts/logistics/inserter.cs in SourceAssetDB has modification time of '2026-08-28T09:36:30.6477809Z' while content on disk has modification time of '2026-08-28T09:36:38.049Z'
Number of updated asset objects reloaded before import = 0
Number of asset objects unloaded after import = 0
========================================================================
Received Import Request.
  Time of request: 2026-08-28T09:36:45.9617437Z
  Time since last request: 0.0038635 seconds.
  importAddress: GUID: baf0f69da3098924ab85d19272b38c0e - Path: Assets/Scripts/Logistics/Inserter.cs - Importer: PreviewImporter
Importing 'GUID: baf0f69da3098924ab85d19272b38c0e - Path: Assets/Scripts/Logistics/Inserter.cs - Importer: PreviewImporter' with importer (PreviewImporter)
Imported 'GUID: baf0f69da3098924ab85d19272b38c0e' -> (Import Result ID: '00000000000000000000000000000000') in 0.000 seconds
Import Error Code:(4)
Message: Build asset version error: assets/scripts/logistics/inserter.cs in SourceAssetDB has modification time of '2026-08-28T09:36:30.6477809Z' while content on disk has modification time of '2026-08-28T09:36:38.049Z'
  ERROR: Build asset version error: assets/scripts/logistics/inserter.cs in SourceAssetDB has modification time of '2026-08-28T09:36:30.6477809Z' while content on disk has modification time of '2026-08-28T09:36:38.049Z'
Number of updated asset objects reloaded before import = 0
Number of asset objects unloaded after import = 0
========================================================================
Received Import Request.
  Time of request: 2026-08-28T09:36:45.9764351Z
  Time since last request: 0.00363 seconds.
  importAddress: GUID: baf0f69da3098924ab85d19272b38c0e - Path: Assets/Scripts/Logistics/Inserter.cs - Importer: PreviewImporter
Importing 'GUID: baf0f69da3098924ab85d19272b38c0e - Path: Assets/Scripts/Logistics/Inserter.cs - Importer: PreviewImporter' with importer (PreviewImporter)
Imported 'GUID: baf0f69da3098924ab85d19272b38c0e' -> (Import Result ID: '00000000000000000000000000000000') in 0.000 seconds
Import Error Code:(4)
Message: Build asset version error: assets/scripts/logistics/inserter.cs in SourceAssetDB has modification time of '2026-08-28T09:36:30.6477809Z' while content on disk has modification time of '2026-08-28T09:36:38.049Z'
  ERROR: Build asset version error: assets/scripts/logistics/inserter.cs in SourceAssetDB has modification time of '2026-08-28T09:36:30.6477809Z' while content on disk has modification time of '2026-08-28T09:36:38.049Z'
Number of updated asset objects reloaded before import = 0
Number of asset objects unloaded after import = 0
========================================================================
Received Import Request.
  Time of request: 2026-08-28T09:36:45.9916911Z
  Time since last request: 0.0042146 seconds.
  importAddress: GUID: baf0f69da3098924ab85d19272b38c0e - Path: Assets/Scripts/Logistics/Inserter.cs - Importer: PreviewImporter
Importing 'GUID: baf0f69da3098924ab85d19272b38c0e - Path: Assets/Scripts/Logistics/Inserter.cs - Importer: PreviewImporter' with importer (PreviewImporter)
Imported 'GUID: baf0f69da3098924ab85d19272b38c0e' -> (Import Result ID: '00000000000000000000000000000000') in 0.000 seconds
Import Error Code:(4)
Message: Build asset version error: assets/scripts/logistics/inserter.cs in SourceAssetDB has modification time of '2026-08-28T09:36:30.6477809Z' while content on disk has modification time of '2026-08-28T09:36:38.049Z'
  ERROR: Build asset version error: assets/scripts/logistics/inserter.cs in SourceAssetDB has modification time of '2026-08-28T09:36:30.6477809Z' while content on disk has modification time of '2026-08-28T09:36:38.049Z'
Number of updated asset objects reloaded before import = 0
Number of asset objects unloaded after import = 0
========================================================================
Received Import Request.
  Time of request: 2026-08-28T09:36:46.0070526Z
  Time since last request: 0.0042007 seconds.
  importAddress: GUID: baf0f69da3098924ab85d19272b38c0e - Path: Assets/Scripts/Logistics/Inserter.cs - Importer: PreviewImporter
Importing 'GUID: baf0f69da3098924ab85d19272b38c0e - Path: Assets/Scripts/Logistics/Inserter.cs - Importer: PreviewImporter' with importer (PreviewImporter)
Imported 'GUID: baf0f69da3098924ab85d19272b38c0e' -> (Import Result ID: '00000000000000000000000000000000') in 0.001 seconds
Import Error Code:(4)
Message: Build asset version error: assets/scripts/logistics/inserter.cs in SourceAssetDB has modification time of '2026-08-28T09:36:30.6477809Z' while content on disk has modification time of '2026-08-28T09:36:38.049Z'
  ERROR: Build asset version error: assets/scripts/logistics/inserter.cs in SourceAssetDB has modification time of '2026-08-28T09:36:30.6477809Z' while content on disk has modification time of '2026-08-28T09:36:38.049Z'
Number of updated asset objects reloaded before import = 0
Number of asset objects unloaded after import = 0
========================================================================
Received Import Request.
  Time of request: 2026-08-28T09:36:46.0228316Z
  Time since last request: 0.003523 seconds.
  importAddress: GUID: baf0f69da3098924ab85d19272b38c0e - Path: Assets/Scripts/Logistics/Inserter.cs - Importer: PreviewImporter
Importing 'GUID: baf0f69da3098924ab85d19272b38c0e - Path: Assets/Scripts/Logistics/Inserter.cs - Importer: PreviewImporter' with importer (PreviewImporter)
Imported 'GUID: baf0f69da3098924ab85d19272b38c0e' -> (Import Result ID: '00000000000000000000000000000000') in 0.000 seconds
Import Error Code:(4)
Message: Build asset version error: assets/scripts/logistics/inserter.cs in SourceAssetDB has modification time of '2026-08-28T09:36:30.6477809Z' while content on disk has modification time of '2026-08-28T09:36:38.049Z'
  ERROR: Build asset version error: assets/scripts/logistics/inserter.cs in SourceAssetDB has modification time of '2026-08-28T09:36:30.6477809Z' while content on disk has modification time of '2026-08-28T09:36:38.049Z'
Number of updated asset objects reloaded before import = 0
Number of asset objects unloaded after import = 0
========================================================================
Received Import Request.
  Time of request: 2026-08-28T09:36:46.0377755Z
  Time since last request: 0.0039388 seconds.
  importAddress: GUID: baf0f69da3098924ab85d19272b38c0e - Path: Assets/Scripts/Logistics/Inserter.cs - Importer: PreviewImporter
Importing 'GUID: baf0f69da3098924ab85d19272b38c0e - Path: Assets/Scripts/Logistics/Inserter.cs - Importer: PreviewImporter' with importer (PreviewImporter)
Imported 'GUID: baf0f69da3098924ab85d19272b38c0e' -> (Import Result ID: '00000000000000000000000000000000') in 0.000 seconds
Import Error Code:(4)
Message: Build asset version error: assets/scripts/logistics/inserter.cs in SourceAssetDB has modification time of '2026-08-28T09:36:30.6477809Z' while content on disk has modification time of '2026-08-28T09:36:38.049Z'
  ERROR: Build asset version error: assets/scripts/logistics/inserter.cs in SourceAssetDB has modification time of '2026-08-28T09:36:30.6477809Z' while content on disk has modification time of '2026-08-28T09:36:38.049Z'
Number of updated asset objects reloaded before import = 0
Number of asset objects unloaded after import = 0
========================================================================
Received Import Request.
  Time of request: 2026-08-28T09:36:46.0538801Z
  Time since last request: 0.0045217 seconds.
  importAddress: GUID: baf0f69da3098924ab85d19272b38c0e - Path: Assets/Scripts/Logistics/Inserter.cs - Importer: PreviewImporter
Importing 'GUID: baf0f69da3098924ab85d19272b38c0e - Path: Assets/Scripts/Logistics/Inserter.cs - Importer: PreviewImporter' with importer (PreviewImporter)
Imported 'GUID: baf0f69da3098924ab85d19272b38c0e' -> (Import Result ID: '00000000000000000000000000000000') in 0.001 seconds
Import Error Code:(4)
Message: Build asset version error: assets/scripts/logistics/inserter.cs in SourceAssetDB has modification time of '2026-08-28T09:36:30.6477809Z' while content on disk has modification time of '2026-08-28T09:36:38.049Z'
  ERROR: Build asset version error: assets/scripts/logistics/inserter.cs in SourceAssetDB has modification time of '2026-08-28T09:36:30.6477809Z' while content on disk has modification time of '2026-08-28T09:36:38.049Z'
Number of updated asset objects reloaded before import = 0
Number of asset objects unloaded after import = 0
========================================================================
Received Import Request.
  Time of request: 2026-08-28T09:36:46.0697433Z
  Time since last request: 0.0035135 seconds.
  importAddress: GUID: baf0f69da3098924ab85d19272b38c0e - Path: Assets/Scripts/Logistics/Inserter.cs - Importer: PreviewImporter
Importing 'GUID: baf0f69da3098924ab85d19272b38c0e - Path: Assets/Scripts/Logistics/Inserter.cs - Importer: PreviewImporter' with importer (PreviewImporter)
Imported 'GUID: baf0f69da3098924ab85d19272b38c0e' -> (Import Result ID: '00000000000000000000000000000000') in 0.000 seconds
Import Error Code:(4)
Message: Build asset version error: assets/scripts/logistics/inserter.cs in SourceAssetDB has modification time of '2026-08-28T09:36:30.6477809Z' while content on disk has modification time of '2026-08-28T09:36:38.049Z'
  ERROR: Build asset version error: assets/scripts/logistics/inserter.cs in SourceAssetDB has modification time of '2026-08-28T09:36:30.6477809Z' while content on disk has modification time of '2026-08-28T09:36:38.049Z'
Number of updated asset objects reloaded before import = 0
Number of asset objects unloaded after import = 0
========================================================================
Received Import Request.
  Time of request: 2026-08-28T09:36:46.0856452Z
  Time since last request: 0.0037758 seconds.
  importAddress: GUID: baf0f69da3098924ab85d19272b38c0e - Path: Assets/Scripts/Logistics/Inserter.cs - Importer: PreviewImporter
Importing 'GUID: baf0f69da3098924ab85d19272b38c0e - Path: Assets/Scripts/Logistics/Inserter.cs - Importer: PreviewImporter' with importer (PreviewImporter)
Imported 'GUID: baf0f69da3098924ab85d19272b38c0e' -> (Import Result ID: '00000000000000000000000000000000') in 0.000 seconds
Import Error Code:(4)
Message: Build asset version error: assets/scripts/logistics/inserter.cs in SourceAssetDB has modification time of '2026-08-28T09:36:30.6477809Z' while content on disk has modification time of '2026-08-28T09:36:38.049Z'
  ERROR: Build asset version error: assets/scripts/logistics/inserter.cs in SourceAssetDB has modification time of '2026-08-28T09:36:30.6477809Z' while content on disk has modification time of '2026-08-28T09:36:38.049Z'
Number of updated asset objects reloaded before import = 0
Number of asset objects unloaded after import = 0
========================================================================
Received Import Request.
  Time of request: 2026-08-28T09:36:46.1019407Z
  Time since last request: 0.0043242 seconds.
  importAddress: GUID: baf0f69da3098924ab85d19272b38c0e - Path: Assets/Scripts/Logistics/Inserter.cs - Importer: PreviewImporter
Importing 'GUID: baf0f69da3098924ab85d19272b38c0e - Path: Assets/Scripts/Logistics/Inserter.cs - Importer: PreviewImporter' with importer (PreviewImporter)
Imported 'GUID: baf0f69da3098924ab85d19272b38c0e' -> (Import Result ID: '00000000000000000000000000000000') in 0.000 seconds
Import Error Code:(4)
Message: Build asset version error: assets/scripts/logistics/inserter.cs in SourceAssetDB has modification time of '2026-08-28T09:36:30.6477809Z' while content on disk has modification time of '2026-08-28T09:36:38.049Z'
  ERROR: Build asset version error: assets/scripts/logistics/inserter.cs in SourceAssetDB has modification time of '2026-08-28T09:36:30.6477809Z' while content on disk has modification time of '2026-08-28T09:36:38.049Z'
Number of updated asset objects reloaded before import = 0
Number of asset objects unloaded after import = 0
========================================================================
Received Import Request.
  Time of request: 2026-08-28T09:36:46.1180964Z
  Time since last request: 0.0032137 seconds.
  importAddress: GUID: baf0f69da3098924ab85d19272b38c0e - Path: Assets/Scripts/Logistics/Inserter.cs - Importer: PreviewImporter
Importing 'GUID: baf0f69da3098924ab85d19272b38c0e - Path: Assets/Scripts/Logistics/Inserter.cs - Importer: PreviewImporter' with importer (PreviewImporter)
Imported 'GUID: baf0f69da3098924ab85d19272b38c0e' -> (Import Result ID: '00000000000000000000000000000000') in 0.001 seconds
Import Error Code:(4)
Message: Build asset version error: assets/scripts/logistics/inserter.cs in SourceAssetDB has modification time of '2026-08-28T09:36:30.6477809Z' while content on disk has modification time of '2026-08-28T09:36:38.049Z'
  ERROR: Build asset version error: assets/scripts/logistics/inserter.cs in SourceAssetDB has modification time of '2026-08-28T09:36:30.6477809Z' while content on disk has modification time of '2026-08-28T09:36:38.049Z'
Number of updated asset objects reloaded before import = 0
Number of asset objects unloaded after import = 0
========================================================================
Received Import Request.
  Time of request: 2026-08-28T09:36:46.1343597Z
  Time since last request: 0.0035173 seconds.
  importAddress: GUID: baf0f69da3098924ab85d19272b38c0e - Path: Assets/Scripts/Logistics/Inserter.cs - Importer: PreviewImporter
Importing 'GUID: baf0f69da3098924ab85d19272b38c0e - Path: Assets/Scripts/Logistics/Inserter.cs - Importer: PreviewImporter' with importer (PreviewImporter)
Imported 'GUID: baf0f69da3098924ab85d19272b38c0e' -> (Import Result ID: '00000000000000000000000000000000') in 0.000 seconds
Import Error Code:(4)
Message: Build asset version error: assets/scripts/logistics/inserter.cs in SourceAssetDB has modification time of '2026-08-28T09:36:30.6477809Z' while content on disk has modification time of '2026-08-28T09:36:38.049Z'
  ERROR: Build asset version error: assets/scripts/logistics/inserter.cs in SourceAssetDB has modification time of '2026-08-28T09:36:30.6477809Z' while content on disk has modification time of '2026-08-28T09:36:38.049Z'
Number of updated asset objects reloaded before import = 0
Number of asset objects unloaded after import = 0
========================================================================
Received Import Request.
  Time of request: 2026-08-28T09:36:46.1521268Z
  Time since last request: 0.0051689 seconds.
  importAddress: GUID: baf0f69da3098924ab85d19272b38c0e - Path: Assets/Scripts/Logistics/Inserter.cs - Importer: PreviewImporter
Importing 'GUID: baf0f69da3098924ab85d19272b38c0e - Path: Assets/Scripts/Logistics/Inserter.cs - Importer: PreviewImporter' with importer (PreviewImporter)
Imported 'GUID: baf0f69da3098924ab85d19272b38c0e' -> (Import Result ID: '00000000000000000000000000000000') in 0.000 seconds
Import Error Code:(4)
Message: Build asset version error: assets/scripts/logistics/inserter.cs in SourceAssetDB has modification time of '2026-08-28T09:36:30.6477809Z' while content on disk has modification time of '2026-08-28T09:36:38.049Z'
  ERROR: Build asset version error: assets/scripts/logistics/inserter.cs in SourceAssetDB has modification time of '2026-08-28T09:36:30.6477809Z' while content on disk has modification time of '2026-08-28T09:36:38.049Z'
Number of updated asset objects reloaded before import = 0
Number of asset objects unloaded after import = 0
========================================================================
Received Import Request.
  Time of request: 2026-08-28T09:36:46.1690626Z
  Time since last request: 0.0046169 seconds.
  importAddress: GUID: baf0f69da3098924ab85d19272b38c0e - Path: Assets/Scripts/Logistics/Inserter.cs - Importer: PreviewImporter
Importing 'GUID: baf0f69da3098924ab85d19272b38c0e - Path: Assets/Scripts/Logistics/Inserter.cs - Importer: PreviewImporter' with importer (PreviewImporter)
Imported 'GUID: baf0f69da3098924ab85d19272b38c0e' -> (Import Result ID: '00000000000000000000000000000000') in 0.001 seconds
Import Error Code:(4)
Message: Build asset version error: assets/scripts/logistics/inserter.cs in SourceAssetDB has modification time of '2026-08-28T09:36:30.6477809Z' while content on disk has modification time of '2026-08-28T09:36:38.049Z'
  ERROR: Build asset version error: assets/scripts/logistics/inserter.cs in SourceAssetDB has modification time of '2026-08-28T09:36:30.6477809Z' while content on disk has modification time of '2026-08-28T09:36:38.049Z'
Number of updated asset objects reloaded before import = 0
Number of asset objects unloaded after import = 0
========================================================================
Received Import Request.
  Time of request: 2026-08-28T09:36:46.1872945Z
  Time since last request: 0.0054521 seconds.
  importAddress: GUID: baf0f69da3098924ab85d19272b38c0e - Path: Assets/Scripts/Logistics/Inserter.cs - Importer: PreviewImporter
Importing 'GUID: baf0f69da3098924ab85d19272b38c0e - Path: Assets/Scripts/Logistics/Inserter.cs - Importer: PreviewImporter' with importer (PreviewImporter)
Imported 'GUID: baf0f69da3098924ab85d19272b38c0e' -> (Import Result ID: '00000000000000000000000000000000') in 0.000 seconds
Import Error Code:(4)
Message: Build asset version error: assets/scripts/logistics/inserter.cs in SourceAssetDB has modification time of '2026-08-28T09:36:30.6477809Z' while content on disk has modification time of '2026-08-28T09:36:38.049Z'
  ERROR: Build asset version error: assets/scripts/logistics/inserter.cs in SourceAssetDB has modification time of '2026-08-28T09:36:30.6477809Z' while content on disk has modification time of '2026-08-28T09:36:38.049Z'
Number of updated asset objects reloaded before import = 0
Number of asset objects unloaded after import = 0
========================================================================
Received Import Request.
  Time of request: 2026-08-28T09:36:46.2037008Z
  Time since last request: 0.0046962 seconds.
  importAddress: GUID: baf0f69da3098924ab85d19272b38c0e - Path: Assets/Scripts/Logistics/Inserter.cs - Importer: PreviewImporter
Importing 'GUID: baf0f69da3098924ab85d19272b38c0e - Path: Assets/Scripts/Logistics/Inserter.cs - Importer: PreviewImporter' with importer (PreviewImporter)
Imported 'GUID: baf0f69da3098924ab85d19272b38c0e' -> (Import Result ID: '00000000000000000000000000000000') in 0.000 seconds
Import Error Code:(4)
Message: Build asset version error: assets/scripts/logistics/inserter.cs in SourceAssetDB has modification time of '2026-08-28T09:36:30.6477809Z' while content on disk has modification time of '2026-08-28T09:36:38.049Z'
  ERROR: Build asset version error: assets/scripts/logistics/inserter.cs in SourceAssetDB has modification time of '2026-08-28T09:36:30.6477809Z' while content on disk has modification time of '2026-08-28T09:36:38.049Z'
Number of updated asset objects reloaded before import = 0
Number of asset objects unloaded after import = 0
========================================================================
Received Import Request.
  Time of request: 2026-08-28T09:36:46.2200899Z
  Time since last request: 0.0047632 seconds.
  importAddress: GUID: baf0f69da3098924ab85d19272b38c0e - Path: Assets/Scripts/Logistics/Inserter.cs - Importer: PreviewImporter
Importing 'GUID: baf0f69da3098924ab85d19272b38c0e - Path: Assets/Scripts/Logistics/Inserter.cs - Importer: PreviewImporter' with importer (PreviewImporter)
Imported 'GUID: baf0f69da3098924ab85d19272b38c0e' -> (Import Result ID: '00000000000000000000000000000000') in 0.000 seconds
Import Error Code:(4)
Message: Build asset version error: assets/scripts/logistics/inserter.cs in SourceAssetDB has modification time of '2026-08-28T09:36:30.6477809Z' while content on disk has modification time of '2026-08-28T09:36:38.049Z'
  ERROR: Build asset version error: assets/scripts/logistics/inserter.cs in SourceAssetDB has modification time of '2026-08-28T09:36:30.6477809Z' while content on disk has modification time of '2026-08-28T09:36:38.049Z'
Number of updated asset objects reloaded before import = 0
Number of asset objects unloaded after import = 0
========================================================================
Received Import Request.
  Time of request: 2026-08-28T09:36:46.2374329Z
  Time since last request: 0.0055093 seconds.
  importAddress: GUID: baf0f69da3098924ab85d19272b38c0e - Path: Assets/Scripts/Logistics/Inserter.cs - Importer: PreviewImporter
Importing 'GUID: baf0f69da3098924ab85d19272b38c0e - Path: Assets/Scripts/Logistics/Inserter.cs - Importer: PreviewImporter' with importer (PreviewImporter)
Imported 'GUID: baf0f69da3098924ab85d19272b38c0e' -> (Import Result ID: '00000000000000000000000000000000') in 0.000 seconds
Import Error Code:(4)
Message: Build asset version error: assets/scripts/logistics/inserter.cs in SourceAssetDB has modification time of '2026-08-28T09:36:30.6477809Z' while content on disk has modification time of '2026-08-28T09:36:38.049Z'
  ERROR: Build asset version error: assets/scripts/logistics/inserter.cs in SourceAssetDB has modification time of '2026-08-28T09:36:30.6477809Z' while content on disk has modification time of '2026-08-28T09:36:38.049Z'
Number of updated asset objects reloaded before import = 0
Number of asset objects unloaded after import = 0
========================================================================
Received Import Request.
  Time of request: 2026-08-28T09:36:46.2522448Z
  Time since last request: 0.0040814 seconds.
  importAddress: GUID: baf0f69da3098924ab85d19272b38c0e - Path: Assets/Scripts/Logistics/Inserter.cs - Importer: PreviewImporter
Importing 'GUID: baf0f69da3098924ab85d19272b38c0e - Path: Assets/Scripts/Logistics/Inserter.cs - Importer: PreviewImporter' with importer (PreviewImporter)
Imported 'GUID: baf0f69da3098924ab85d19272b38c0e' -> (Import Result ID: '00000000000000000000000000000000') in 0.000 seconds
Import Error Code:(4)
Message: Build asset version error: assets/scripts/logistics/inserter.cs in SourceAssetDB has modification time of '2026-08-28T09:36:30.6477809Z' while content on disk has modification time of '2026-08-28T09:36:38.049Z'
  ERROR: Build asset version error: assets/scripts/logistics/inserter.cs in SourceAssetDB has modification time of '2026-08-28T09:36:30.6477809Z' while content on disk has modification time of '2026-08-28T09:36:38.049Z'
Number of updated asset objects reloaded before import = 0
Number of asset objects unloaded after import = 0
========================================================================
Received Import Request.
  Time of request: 2026-08-28T09:36:46.270405Z
  Time since last request: 0.0062389 seconds.
  importAddress: GUID: baf0f69da3098924ab85d19272b38c0e - Path: Assets/Scripts/Logistics/Inserter.cs - Importer: PreviewImporter
Importing 'GUID: baf0f69da3098924ab85d19272b38c0e - Path: Assets/Scripts/Logistics/Inserter.cs - Importer: PreviewImporter' with importer (PreviewImporter)
Imported 'GUID: baf0f69da3098924ab85d19272b38c0e' -> (Import Result ID: '00000000000000000000000000000000') in 0.000 seconds
Import Error Code:(4)
Message: Build asset version error: assets/scripts/logistics/inserter.cs in SourceAssetDB has modification time of '2026-08-28T09:36:30.6477809Z' while content on disk has modification time of '2026-08-28T09:36:38.049Z'
  ERROR: Build asset version error: assets/scripts/logistics/inserter.cs in SourceAssetDB has modification time of '2026-08-28T09:36:30.6477809Z' while content on disk has modification time of '2026-08-28T09:36:38.049Z'
Number of updated asset objects reloaded before import = 0
Number of asset objects unloaded after import = 0
========================================================================
Received Import Request.
  Time of request: 2026-08-28T09:36:46.2887981Z
  Time since last request: 0.0048037 seconds.
  importAddress: GUID: baf0f69da3098924ab85d19272b38c0e - Path: Assets/Scripts/Logistics/Inserter.cs - Importer: PreviewImporter
Importing 'GUID: baf0f69da3098924ab85d19272b38c0e - Path: Assets/Scripts/Logistics/Inserter.cs - Importer: PreviewImporter' with importer (PreviewImporter)
Imported 'GUID: baf0f69da3098924ab85d19272b38c0e' -> (Import Result ID: '00000000000000000000000000000000') in 0.000 seconds
Import Error Code:(4)
Message: Build asset version error: assets/scripts/logistics/inserter.cs in SourceAssetDB has modification time of '2026-08-28T09:36:30.6477809Z' while content on disk has modification time of '2026-08-28T09:36:38.049Z'
  ERROR: Build asset version error: assets/scripts/logistics/inserter.cs in SourceAssetDB has modification time of '2026-08-28T09:36:30.6477809Z' while content on disk has modification time of '2026-08-28T09:36:38.049Z'
Number of updated asset objects reloaded before import = 0
Number of asset objects unloaded after import = 0
========================================================================
Received Import Request.
  Time of request: 2026-08-28T09:36:46.3058434Z
  Time since last request: 0.0053332 seconds.
  importAddress: GUID: baf0f69da3098924ab85d19272b38c0e - Path: Assets/Scripts/Logistics/Inserter.cs - Importer: PreviewImporter
Importing 'GUID: baf0f69da3098924ab85d19272b38c0e - Path: Assets/Scripts/Logistics/Inserter.cs - Importer: PreviewImporter' with importer (PreviewImporter)
Imported 'GUID: baf0f69da3098924ab85d19272b38c0e' -> (Import Result ID: '00000000000000000000000000000000') in 0.000 seconds
Import Error Code:(4)
Message: Build asset version error: assets/scripts/logistics/inserter.cs in SourceAssetDB has modification time of '2026-08-28T09:36:30.6477809Z' while content on disk has modification time of '2026-08-28T09:36:38.049Z'
  ERROR: Build asset version error: assets/scripts/logistics/inserter.cs in SourceAssetDB has modification time of '2026-08-28T09:36:30.6477809Z' while content on disk has modification time of '2026-08-28T09:36:38.049Z'
Number of updated asset objects reloaded before import = 0
Number of asset objects unloaded after import = 0
========================================================================
Received Import Request.
  Time of request: 2026-08-28T09:36:46.3228613Z
  Time since last request: 0.0052846 seconds.
  importAddress: GUID: baf0f69da3098924ab85d19272b38c0e - Path: Assets/Scripts/Logistics/Inserter.cs - Importer: PreviewImporter
Importing 'GUID: baf0f69da3098924ab85d19272b38c0e - Path: Assets/Scripts/Logistics/Inserter.cs - Importer: PreviewImporter' with importer (PreviewImporter)
Imported 'GUID: baf0f69da3098924ab85d19272b38c0e' -> (Import Result ID: '00000000000000000000000000000000') in 0.000 seconds
Import Error Code:(4)
Message: Build asset version error: assets/scripts/logistics/inserter.cs in SourceAssetDB has modification time of '2026-08-28T09:36:30.6477809Z' while content on disk has modification time of '2026-08-28T09:36:38.049Z'
  ERROR: Build asset version error: assets/scripts/logistics/inserter.cs in SourceAssetDB has modification time of '2026-08-28T09:36:30.6477809Z' while content on disk has modification time of '2026-08-28T09:36:38.049Z'
Number of updated asset objects reloaded before import = 0
Number of asset objects unloaded after import = 0
========================================================================
Received Import Request.
  Time of request: 2026-08-28T09:36:46.3396828Z
  Time since last request: 0.0051435 seconds.
  importAddress: GUID: baf0f69da3098924ab85d19272b38c0e - Path: Assets/Scripts/Logistics/Inserter.cs - Importer: PreviewImporter
Importing 'GUID: baf0f69da3098924ab85d19272b38c0e - Path: Assets/Scripts/Logistics/Inserter.cs - Importer: PreviewImporter' with importer (PreviewImporter)
Imported 'GUID: baf0f69da3098924ab85d19272b38c0e' -> (Import Result ID: '00000000000000000000000000000000') in 0.001 seconds
Import Error Code:(4)
Message: Build asset version error: assets/scripts/logistics/inserter.cs in SourceAssetDB has modification time of '2026-08-28T09:36:30.6477809Z' while content on disk has modification time of '2026-08-28T09:36:38.049Z'
  ERROR: Build asset version error: assets/scripts/logistics/inserter.cs in SourceAssetDB has modification time of '2026-08-28T09:36:30.6477809Z' while content on disk has modification time of '2026-08-28T09:36:38.049Z'
Number of updated asset objects reloaded before import = 0
Number of asset objects unloaded after import = 0
========================================================================
Received Import Request.
  Time of request: 2026-08-28T09:36:46.3557855Z
  Time since last request: 0.0044783 seconds.
  importAddress: GUID: baf0f69da3098924ab85d19272b38c0e - Path: Assets/Scripts/Logistics/Inserter.cs - Importer: PreviewImporter
Importing 'GUID: baf0f69da3098924ab85d19272b38c0e - Path: Assets/Scripts/Logistics/Inserter.cs - Importer: PreviewImporter' with importer (PreviewImporter)
Imported 'GUID: baf0f69da3098924ab85d19272b38c0e' -> (Import Result ID: '00000000000000000000000000000000') in 0.000 seconds
Import Error Code:(4)
Message: Build asset version error: assets/scripts/logistics/inserter.cs in SourceAssetDB has modification time of '2026-08-28T09:36:30.6477809Z' while content on disk has modification time of '2026-08-28T09:36:38.049Z'
  ERROR: Build asset version error: assets/scripts/logistics/inserter.cs in SourceAssetDB has modification time of '2026-08-28T09:36:30.6477809Z' while content on disk has modification time of '2026-08-28T09:36:38.049Z'
Number of updated asset objects reloaded before import = 0
Number of asset objects unloaded after import = 0
========================================================================
Received Import Request.
  Time of request: 2026-08-28T09:36:46.372809Z
  Time since last request: 0.0054532 seconds.
  importAddress: GUID: baf0f69da3098924ab85d19272b38c0e - Path: Assets/Scripts/Logistics/Inserter.cs - Importer: PreviewImporter
Importing 'GUID: baf0f69da3098924ab85d19272b38c0e - Path: Assets/Scripts/Logistics/Inserter.cs - Importer: PreviewImporter' with importer (PreviewImporter)
Imported 'GUID: baf0f69da3098924ab85d19272b38c0e' -> (Import Result ID: '00000000000000000000000000000000') in 0.001 seconds
Import Error Code:(4)
Message: Build asset version error: assets/scripts/logistics/inserter.cs in SourceAssetDB has modification time of '2026-08-28T09:36:30.6477809Z' while content on disk has modification time of '2026-08-28T09:36:38.049Z'
  ERROR: Build asset version error: assets/scripts/logistics/inserter.cs in SourceAssetDB has modification time of '2026-08-28T09:36:30.6477809Z' while content on disk has modification time of '2026-08-28T09:36:38.049Z'
Number of updated asset objects reloaded before import = 0
Number of asset objects unloaded after import = 0
========================================================================
Received Import Request.
  Time of request: 2026-08-28T09:36:46.3905504Z
  Time since last request: 0.005255 seconds.
  importAddress: GUID: baf0f69da3098924ab85d19272b38c0e - Path: Assets/Scripts/Logistics/Inserter.cs - Importer: PreviewImporter
Importing 'GUID: baf0f69da3098924ab85d19272b38c0e - Path: Assets/Scripts/Logistics/Inserter.cs - Importer: PreviewImporter' with importer (PreviewImporter)
Imported 'GUID: baf0f69da3098924ab85d19272b38c0e' -> (Import Result ID: '00000000000000000000000000000000') in 0.000 seconds
Import Error Code:(4)
Message: Build asset version error: assets/scripts/logistics/inserter.cs in SourceAssetDB has modification time of '2026-08-28T09:36:30.6477809Z' while content on disk has modification time of '2026-08-28T09:36:38.049Z'
  ERROR: Build asset version error: assets/scripts/logistics/inserter.cs in SourceAssetDB has modification time of '2026-08-28T09:36:30.6477809Z' while content on disk has modification time of '2026-08-28T09:36:38.049Z'
Number of updated asset objects reloaded before import = 0
Number of asset objects unloaded after import = 0
========================================================================
Received Import Request.
  Time of request: 2026-08-28T09:36:46.4074163Z
  Time since last request: 0.0048504 seconds.
  importAddress: GUID: baf0f69da3098924ab85d19272b38c0e - Path: Assets/Scripts/Logistics/Inserter.cs - Importer: PreviewImporter
Importing 'GUID: baf0f69da3098924ab85d19272b38c0e - Path: Assets/Scripts/Logistics/Inserter.cs - Importer: PreviewImporter' with importer (PreviewImporter)
Imported 'GUID: baf0f69da3098924ab85d19272b38c0e' -> (Import Result ID: '00000000000000000000000000000000') in 0.000 seconds
Import Error Code:(4)
Message: Build asset version error: assets/scripts/logistics/inserter.cs in SourceAssetDB has modification time of '2026-08-28T09:36:30.6477809Z' while content on disk has modification time of '2026-08-28T09:36:38.049Z'
  ERROR: Build asset version error: assets/scripts/logistics/inserter.cs in SourceAssetDB has modification time of '2026-08-28T09:36:30.6477809Z' while content on disk has modification time of '2026-08-28T09:36:38.049Z'
Number of updated asset objects reloaded before import = 0
Number of asset objects unloaded after import = 0
========================================================================
Received Import Request.
  Time of request: 2026-08-28T09:36:46.4235267Z
  Time since last request: 0.0046469 seconds.
  importAddress: GUID: baf0f69da3098924ab85d19272b38c0e - Path: Assets/Scripts/Logistics/Inserter.cs - Importer: PreviewImporter
Importing 'GUID: baf0f69da3098924ab85d19272b38c0e - Path: Assets/Scripts/Logistics/Inserter.cs - Importer: PreviewImporter' with importer (PreviewImporter)
Imported 'GUID: baf0f69da3098924ab85d19272b38c0e' -> (Import Result ID: '00000000000000000000000000000000') in 0.000 seconds
Import Error Code:(4)
Message: Build asset version error: assets/scripts/logistics/inserter.cs in SourceAssetDB has modification time of '2026-08-28T09:36:30.6477809Z' while content on disk has modification time of '2026-08-28T09:36:38.049Z'
  ERROR: Build asset version error: assets/scripts/logistics/inserter.cs in SourceAssetDB has modification time of '2026-08-28T09:36:30.6477809Z' while content on disk has modification time of '2026-08-28T09:36:38.049Z'
Number of updated asset objects reloaded before import = 0
Number of asset objects unloaded after import = 0
========================================================================
Received Import Request.
  Time of request: 2026-08-28T09:36:46.4394994Z
  Time since last request: 0.004521 seconds.
  importAddress: GUID: baf0f69da3098924ab85d19272b38c0e - Path: Assets/Scripts/Logistics/Inserter.cs - Importer: PreviewImporter
Importing 'GUID: baf0f69da3098924ab85d19272b38c0e - Path: Assets/Scripts/Logistics/Inserter.cs - Importer: PreviewImporter' with importer (PreviewImporter)
Imported 'GUID: baf0f69da3098924ab85d19272b38c0e' -> (Import Result ID: '00000000000000000000000000000000') in 0.000 seconds
Import Error Code:(4)
Message: Build asset version error: assets/scripts/logistics/inserter.cs in SourceAssetDB has modification time of '2026-08-28T09:36:30.6477809Z' while content on disk has modification time of '2026-08-28T09:36:38.049Z'
  ERROR: Build asset version error: assets/scripts/logistics/inserter.cs in SourceAssetDB has modification time of '2026-08-28T09:36:30.6477809Z' while content on disk has modification time of '2026-08-28T09:36:38.049Z'
Number of updated asset objects reloaded before import = 0
Number of asset objects unloaded after import = 0
========================================================================
Received Import Request.
  Time of request: 2026-08-28T09:36:46.4554702Z
  Time since last request: 0.0043668 seconds.
  importAddress: GUID: baf0f69da3098924ab85d19272b38c0e - Path: Assets/Scripts/Logistics/Inserter.cs - Importer: PreviewImporter
Importing 'GUID: baf0f69da3098924ab85d19272b38c0e - Path: Assets/Scripts/Logistics/Inserter.cs - Importer: PreviewImporter' with importer (PreviewImporter)
Imported 'GUID: baf0f69da3098924ab85d19272b38c0e' -> (Import Result ID: '00000000000000000000000000000000') in 0.000 seconds
Import Error Code:(4)
Message: Build asset version error: assets/scripts/logistics/inserter.cs in SourceAssetDB has modification time of '2026-08-28T09:36:30.6477809Z' while content on disk has modification time of '2026-08-28T09:36:38.049Z'
  ERROR: Build asset version error: assets/scripts/logistics/inserter.cs in SourceAssetDB has modification time of '2026-08-28T09:36:30.6477809Z' while content on disk has modification time of '2026-08-28T09:36:38.049Z'
Number of updated asset objects reloaded before import = 0
Number of asset objects unloaded after import = 0
========================================================================
Received Import Request.
  Time of request: 2026-08-28T09:36:46.4719124Z
  Time since last request: 0.0052438 seconds.
  importAddress: GUID: baf0f69da3098924ab85d19272b38c0e - Path: Assets/Scripts/Logistics/Inserter.cs - Importer: PreviewImporter
Importing 'GUID: baf0f69da3098924ab85d19272b38c0e - Path: Assets/Scripts/Logistics/Inserter.cs - Importer: PreviewImporter' with importer (PreviewImporter)
Imported 'GUID: baf0f69da3098924ab85d19272b38c0e' -> (Import Result ID: '00000000000000000000000000000000') in 0.000 seconds
Import Error Code:(4)
Message: Build asset version error: assets/scripts/logistics/inserter.cs in SourceAssetDB has modification time of '2026-08-28T09:36:30.6477809Z' while content on disk has modification time of '2026-08-28T09:36:38.049Z'
  ERROR: Build asset version error: assets/scripts/logistics/inserter.cs in SourceAssetDB has modification time of '2026-08-28T09:36:30.6477809Z' while content on disk has modification time of '2026-08-28T09:36:38.049Z'
Number of updated asset objects reloaded before import = 0
Number of asset objects unloaded after import = 0
========================================================================
Received Import Request.
  Time of request: 2026-08-28T09:36:46.4877867Z
  Time since last request: 0.0045389 seconds.
  importAddress: GUID: baf0f69da3098924ab85d19272b38c0e - Path: Assets/Scripts/Logistics/Inserter.cs - Importer: PreviewImporter
Importing 'GUID: baf0f69da3098924ab85d19272b38c0e - Path: Assets/Scripts/Logistics/Inserter.cs - Importer: PreviewImporter' with importer (PreviewImporter)
Imported 'GUID: baf0f69da3098924ab85d19272b38c0e' -> (Import Result ID: '00000000000000000000000000000000') in 0.000 seconds
Import Error Code:(4)
Message: Build asset version error: assets/scripts/logistics/inserter.cs in SourceAssetDB has modification time of '2026-08-28T09:36:30.6477809Z' while content on disk has modification time of '2026-08-28T09:36:38.049Z'
  ERROR: Build asset version error: assets/scripts/logistics/inserter.cs in SourceAssetDB has modification time of '2026-08-28T09:36:30.6477809Z' while content on disk has modification time of '2026-08-28T09:36:38.049Z'
Number of updated asset objects reloaded before import = 0
Number of asset objects unloaded after import = 0
========================================================================
Received Import Request.
  Time of request: 2026-08-28T09:36:46.5042728Z
  Time since last request: 0.0052163 seconds.
  importAddress: GUID: baf0f69da3098924ab85d19272b38c0e - Path: Assets/Scripts/Logistics/Inserter.cs - Importer: PreviewImporter
Importing 'GUID: baf0f69da3098924ab85d19272b38c0e - Path: Assets/Scripts/Logistics/Inserter.cs - Importer: PreviewImporter' with importer (PreviewImporter)
Imported 'GUID: baf0f69da3098924ab85d19272b38c0e' -> (Import Result ID: '00000000000000000000000000000000') in 0.000 seconds
Import Error Code:(4)
Message: Build asset version error: assets/scripts/logistics/inserter.cs in SourceAssetDB has modification time of '2026-08-28T09:36:30.6477809Z' while content on disk has modification time of '2026-08-28T09:36:38.049Z'
  ERROR: Build asset version error: assets/scripts/logistics/inserter.cs in SourceAssetDB has modification time of '2026-08-28T09:36:30.6477809Z' while content on disk has modification time of '2026-08-28T09:36:38.049Z'
Number of updated asset objects reloaded before import = 0
Number of asset objects unloaded after import = 0
========================================================================
Received Import Request.
  Time of request: 2026-08-28T09:36:46.5203545Z
  Time since last request: 0.0048937 seconds.
  importAddress: GUID: baf0f69da3098924ab85d19272b38c0e - Path: Assets/Scripts/Logistics/Inserter.cs - Importer: PreviewImporter
Importing 'GUID: baf0f69da3098924ab85d19272b38c0e - Path: Assets/Scripts/Logistics/Inserter.cs - Importer: PreviewImporter' with importer (PreviewImporter)
Imported 'GUID: baf0f69da3098924ab85d19272b38c0e' -> (Import Result ID: '00000000000000000000000000000000') in 0.000 seconds
Import Error Code:(4)
Message: Build asset version error: assets/scripts/logistics/inserter.cs in SourceAssetDB has modification time of '2026-08-28T09:36:30.6477809Z' while content on disk has modification time of '2026-08-28T09:36:38.049Z'
  ERROR: Build asset version error: assets/scripts/logistics/inserter.cs in SourceAssetDB has modification time of '2026-08-28T09:36:30.6477809Z' while content on disk has modification time of '2026-08-28T09:36:38.049Z'
Number of updated asset objects reloaded before import = 0
Number of asset objects unloaded after import = 0
========================================================================
Received Import Request.
  Time of request: 2026-08-28T09:36:46.5363201Z
  Time since last request: 0.0044546 seconds.
  importAddress: GUID: baf0f69da3098924ab85d19272b38c0e - Path: Assets/Scripts/Logistics/Inserter.cs - Importer: PreviewImporter
Importing 'GUID: baf0f69da3098924ab85d19272b38c0e - Path: Assets/Scripts/Logistics/Inserter.cs - Importer: PreviewImporter' with importer (PreviewImporter)
Imported 'GUID: baf0f69da3098924ab85d19272b38c0e' -> (Import Result ID: '00000000000000000000000000000000') in 0.001 seconds
Import Error Code:(4)
Message: Build asset version error: assets/scripts/logistics/inserter.cs in SourceAssetDB has modification time of '2026-08-28T09:36:30.6477809Z' while content on disk has modification time of '2026-08-28T09:36:38.049Z'
  ERROR: Build asset version error: assets/scripts/logistics/inserter.cs in SourceAssetDB has modification time of '2026-08-28T09:36:30.6477809Z' while content on disk has modification time of '2026-08-28T09:36:38.049Z'
Number of updated asset objects reloaded before import = 0
Number of asset objects unloaded after import = 0
========================================================================
Received Import Request.
  Time of request: 2026-08-28T09:36:46.5533053Z
  Time since last request: 0.0045407 seconds.
  importAddress: GUID: baf0f69da3098924ab85d19272b38c0e - Path: Assets/Scripts/Logistics/Inserter.cs - Importer: PreviewImporter
Importing 'GUID: baf0f69da3098924ab85d19272b38c0e - Path: Assets/Scripts/Logistics/Inserter.cs - Importer: PreviewImporter' with importer (PreviewImporter)
Imported 'GUID: baf0f69da3098924ab85d19272b38c0e' -> (Import Result ID: '00000000000000000000000000000000') in 0.000 seconds
Import Error Code:(4)
Message: Build asset version error: assets/scripts/logistics/inserter.cs in SourceAssetDB has modification time of '2026-08-28T09:36:30.6477809Z' while content on disk has modification time of '2026-08-28T09:36:38.049Z'
  ERROR: Build asset version error: assets/scripts/logistics/inserter.cs in SourceAssetDB has modification time of '2026-08-28T09:36:30.6477809Z' while content on disk has modification time of '2026-08-28T09:36:38.049Z'
Number of updated asset objects reloaded before import = 0
Number of asset objects unloaded after import = 0
========================================================================
Received Import Request.
  Time of request: 2026-08-28T09:36:46.5699524Z
  Time since last request: 0.0051292 seconds.
  importAddress: GUID: baf0f69da3098924ab85d19272b38c0e - Path: Assets/Scripts/Logistics/Inserter.cs - Importer: PreviewImporter
Importing 'GUID: baf0f69da3098924ab85d19272b38c0e - Path: Assets/Scripts/Logistics/Inserter.cs - Importer: PreviewImporter' with importer (PreviewImporter)
Imported 'GUID: baf0f69da3098924ab85d19272b38c0e' -> (Import Result ID: '00000000000000000000000000000000') in 0.000 seconds
Import Error Code:(4)
Message: Build asset version error: assets/scripts/logistics/inserter.cs in SourceAssetDB has modification time of '2026-08-28T09:36:30.6477809Z' while content on disk has modification time of '2026-08-28T09:36:38.049Z'
  ERROR: Build asset version error: assets/scripts/logistics/inserter.cs in SourceAssetDB has modification time of '2026-08-28T09:36:30.6477809Z' while content on disk has modification time of '2026-08-28T09:36:38.049Z'
Number of updated asset objects reloaded before import = 0
Number of asset objects unloaded after import = 0
========================================================================
Received Import Request.
  Time of request: 2026-08-28T09:36:46.5858848Z
  Time since last request: 0.0043933 seconds.
  importAddress: GUID: baf0f69da3098924ab85d19272b38c0e - Path: Assets/Scripts/Logistics/Inserter.cs - Importer: PreviewImporter
Importing 'GUID: baf0f69da3098924ab85d19272b38c0e - Path: Assets/Scripts/Logistics/Inserter.cs - Importer: PreviewImporter' with importer (PreviewImporter)
Imported 'GUID: baf0f69da3098924ab85d19272b38c0e' -> (Import Result ID: '00000000000000000000000000000000') in 0.000 seconds
Import Error Code:(4)
Message: Build asset version error: assets/scripts/logistics/inserter.cs in SourceAssetDB has modification time of '2026-08-28T09:36:30.6477809Z' while content on disk has modification time of '2026-08-28T09:36:38.049Z'
  ERROR: Build asset version error: assets/scripts/logistics/inserter.cs in SourceAssetDB has modification time of '2026-08-28T09:36:30.6477809Z' while content on disk has modification time of '2026-08-28T09:36:38.049Z'
Number of updated asset objects reloaded before import = 0
Number of asset objects unloaded after import = 0
========================================================================
Received Import Request.
  Time of request: 2026-08-28T09:36:46.6026187Z
  Time since last request: 0.0054073 seconds.
  importAddress: GUID: baf0f69da3098924ab85d19272b38c0e - Path: Assets/Scripts/Logistics/Inserter.cs - Importer: PreviewImporter
Importing 'GUID: baf0f69da3098924ab85d19272b38c0e - Path: Assets/Scripts/Logistics/Inserter.cs - Importer: PreviewImporter' with importer (PreviewImporter)
Imported 'GUID: baf0f69da3098924ab85d19272b38c0e' -> (Import Result ID: '00000000000000000000000000000000') in 0.000 seconds
Import Error Code:(4)
Message: Build asset version error: assets/scripts/logistics/inserter.cs in SourceAssetDB has modification time of '2026-08-28T09:36:30.6477809Z' while content on disk has modification time of '2026-08-28T09:36:38.049Z'
  ERROR: Build asset version error: assets/scripts/logistics/inserter.cs in SourceAssetDB has modification time of '2026-08-28T09:36:30.6477809Z' while content on disk has modification time of '2026-08-28T09:36:38.049Z'
Number of updated asset objects reloaded before import = 0
Number of asset objects unloaded after import = 0
========================================================================
Received Import Request.
  Time of request: 2026-08-28T09:36:46.6184537Z
  Time since last request: 0.00438 seconds.
  importAddress: GUID: baf0f69da3098924ab85d19272b38c0e - Path: Assets/Scripts/Logistics/Inserter.cs - Importer: PreviewImporter
Importing 'GUID: baf0f69da3098924ab85d19272b38c0e - Path: Assets/Scripts/Logistics/Inserter.cs - Importer: PreviewImporter' with importer (PreviewImporter)
Imported 'GUID: baf0f69da3098924ab85d19272b38c0e' -> (Import Result ID: '00000000000000000000000000000000') in 0.000 seconds
Import Error Code:(4)
Message: Build asset version error: assets/scripts/logistics/inserter.cs in SourceAssetDB has modification time of '2026-08-28T09:36:30.6477809Z' while content on disk has modification time of '2026-08-28T09:36:38.049Z'
  ERROR: Build asset version error: assets/scripts/logistics/inserter.cs in SourceAssetDB has modification time of '2026-08-28T09:36:30.6477809Z' while content on disk has modification time of '2026-08-28T09:36:38.049Z'
Number of updated asset objects reloaded before import = 0
Number of asset objects unloaded after import = 0
========================================================================
Received Import Request.
  Time of request: 2026-08-28T09:36:46.6347502Z
  Time since last request: 0.0048946 seconds.
  importAddress: GUID: baf0f69da3098924ab85d19272b38c0e - Path: Assets/Scripts/Logistics/Inserter.cs - Importer: PreviewImporter
Importing 'GUID: baf0f69da3098924ab85d19272b38c0e - Path: Assets/Scripts/Logistics/Inserter.cs - Importer: PreviewImporter' with importer (PreviewImporter)
Imported 'GUID: baf0f69da3098924ab85d19272b38c0e' -> (Import Result ID: '00000000000000000000000000000000') in 0.001 seconds
Import Error Code:(4)
Message: Build asset version error: assets/scripts/logistics/inserter.cs in SourceAssetDB has modification time of '2026-08-28T09:36:30.6477809Z' while content on disk has modification time of '2026-08-28T09:36:38.049Z'
  ERROR: Build asset version error: assets/scripts/logistics/inserter.cs in SourceAssetDB has modification time of '2026-08-28T09:36:30.6477809Z' while content on disk has modification time of '2026-08-28T09:36:38.049Z'
Number of updated asset objects reloaded before import = 0
Number of asset objects unloaded after import = 0
========================================================================
Received Import Request.
  Time of request: 2026-08-28T09:36:46.6511694Z
  Time since last request: 0.0019654 seconds.
  importAddress: GUID: baf0f69da3098924ab85d19272b38c0e - Path: Assets/Scripts/Logistics/Inserter.cs - Importer: PreviewImporter
Importing 'GUID: baf0f69da3098924ab85d19272b38c0e - Path: Assets/Scripts/Logistics/Inserter.cs - Importer: PreviewImporter' with importer (PreviewImporter)
Imported 'GUID: baf0f69da3098924ab85d19272b38c0e' -> (Import Result ID: '00000000000000000000000000000000') in 0.000 seconds
Import Error Code:(4)
Message: Build asset version error: assets/scripts/logistics/inserter.cs in SourceAssetDB has modification time of '2026-08-28T09:36:30.6477809Z' while content on disk has modification time of '2026-08-28T09:36:38.049Z'
  ERROR: Build asset version error: assets/scripts/logistics/inserter.cs in SourceAssetDB has modification time of '2026-08-28T09:36:30.6477809Z' while content on disk has modification time of '2026-08-28T09:36:38.049Z'
Number of updated asset objects reloaded before import = 0
Number of asset objects unloaded after import = 0
========================================================================
Received Import Request.
  Time of request: 2026-08-28T09:36:46.6727326Z
  Time since last request: 0.0101808 seconds.
  importAddress: GUID: baf0f69da3098924ab85d19272b38c0e - Path: Assets/Scripts/Logistics/Inserter.cs - Importer: PreviewImporter
Importing 'GUID: baf0f69da3098924ab85d19272b38c0e - Path: Assets/Scripts/Logistics/Inserter.cs - Importer: PreviewImporter' with importer (PreviewImporter)
Imported 'GUID: baf0f69da3098924ab85d19272b38c0e' -> (Import Result ID: '00000000000000000000000000000000') in 0.000 seconds
Import Error Code:(4)
Message: Build asset version error: assets/scripts/logistics/inserter.cs in SourceAssetDB has modification time of '2026-08-28T09:36:30.6477809Z' while content on disk has modification time of '2026-08-28T09:36:38.049Z'
  ERROR: Build asset version error: assets/scripts/logistics/inserter.cs in SourceAssetDB has modification time of '2026-08-28T09:36:30.6477809Z' while content on disk has modification time of '2026-08-28T09:36:38.049Z'
Number of updated asset objects reloaded before import = 0
Number of asset objects unloaded after import = 0
========================================================================
Received Import Request.
  Time of request: 2026-08-28T09:36:46.6887478Z
  Time since last request: 0.0046217 seconds.
  importAddress: GUID: baf0f69da3098924ab85d19272b38c0e - Path: Assets/Scripts/Logistics/Inserter.cs - Importer: PreviewImporter
Importing 'GUID: baf0f69da3098924ab85d19272b38c0e - Path: Assets/Scripts/Logistics/Inserter.cs - Importer: PreviewImporter' with importer (PreviewImporter)
Imported 'GUID: baf0f69da3098924ab85d19272b38c0e' -> (Import Result ID: '00000000000000000000000000000000') in 0.000 seconds
Import Error Code:(4)
Message: Build asset version error: assets/scripts/logistics/inserter.cs in SourceAssetDB has modification time of '2026-08-28T09:36:30.6477809Z' while content on disk has modification time of '2026-08-28T09:36:38.049Z'
  ERROR: Build asset version error: assets/scripts/logistics/inserter.cs in SourceAssetDB has modification time of '2026-08-28T09:36:30.6477809Z' while content on disk has modification time of '2026-08-28T09:36:38.049Z'
Number of updated asset objects reloaded before import = 0
Number of asset objects unloaded after import = 0
========================================================================
Received Import Request.
  Time of request: 2026-08-28T09:36:46.7044333Z
  Time since last request: 0.0046669 seconds.
  importAddress: GUID: baf0f69da3098924ab85d19272b38c0e - Path: Assets/Scripts/Logistics/Inserter.cs - Importer: PreviewImporter
Importing 'GUID: baf0f69da3098924ab85d19272b38c0e - Path: Assets/Scripts/Logistics/Inserter.cs - Importer: PreviewImporter' with importer (PreviewImporter)
Imported 'GUID: baf0f69da3098924ab85d19272b38c0e' -> (Import Result ID: '00000000000000000000000000000000') in 0.000 seconds
Import Error Code:(4)
Message: Build asset version error: assets/scripts/logistics/inserter.cs in SourceAssetDB has modification time of '2026-08-28T09:36:30.6477809Z' while content on disk has modification time of '2026-08-28T09:36:38.049Z'
  ERROR: Build asset version error: assets/scripts/logistics/inserter.cs in SourceAssetDB has modification time of '2026-08-28T09:36:30.6477809Z' while content on disk has modification time of '2026-08-28T09:36:38.049Z'
Number of updated asset objects reloaded before import = 0
Number of asset objects unloaded after import = 0
========================================================================
Received Import Request.
  Time of request: 2026-08-28T09:36:46.7193997Z
  Time since last request: 0.0041299 seconds.
  importAddress: GUID: baf0f69da3098924ab85d19272b38c0e - Path: Assets/Scripts/Logistics/Inserter.cs - Importer: PreviewImporter
Importing 'GUID: baf0f69da3098924ab85d19272b38c0e - Path: Assets/Scripts/Logistics/Inserter.cs - Importer: PreviewImporter' with importer (PreviewImporter)
Imported 'GUID: baf0f69da3098924ab85d19272b38c0e' -> (Import Result ID: '00000000000000000000000000000000') in 0.001 seconds
Import Error Code:(4)
Message: Build asset version error: assets/scripts/logistics/inserter.cs in SourceAssetDB has modification time of '2026-08-28T09:36:30.6477809Z' while content on disk has modification time of '2026-08-28T09:36:38.049Z'
  ERROR: Build asset version error: assets/scripts/logistics/inserter.cs in SourceAssetDB has modification time of '2026-08-28T09:36:30.6477809Z' while content on disk has modification time of '2026-08-28T09:36:38.049Z'
Number of updated asset objects reloaded before import = 0
Number of asset objects unloaded after import = 0
========================================================================
Received Import Request.
  Time of request: 2026-08-28T09:36:46.7365459Z
  Time since last request: 0.0044711 seconds.
  importAddress: GUID: baf0f69da3098924ab85d19272b38c0e - Path: Assets/Scripts/Logistics/Inserter.cs - Importer: PreviewImporter
Importing 'GUID: baf0f69da3098924ab85d19272b38c0e - Path: Assets/Scripts/Logistics/Inserter.cs - Importer: PreviewImporter' with importer (PreviewImporter)
Imported 'GUID: baf0f69da3098924ab85d19272b38c0e' -> (Import Result ID: '00000000000000000000000000000000') in 0.000 seconds
Import Error Code:(4)
Message: Build asset version error: assets/scripts/logistics/inserter.cs in SourceAssetDB has modification time of '2026-08-28T09:36:30.6477809Z' while content on disk has modification time of '2026-08-28T09:36:38.049Z'
  ERROR: Build asset version error: assets/scripts/logistics/inserter.cs in SourceAssetDB has modification time of '2026-08-28T09:36:30.6477809Z' while content on disk has modification time of '2026-08-28T09:36:38.049Z'
Number of updated asset objects reloaded before import = 0
Number of asset objects unloaded after import = 0
========================================================================
Received Import Request.
  Time of request: 2026-08-28T09:36:46.7518054Z
  Time since last request: 0.004044 seconds.
  importAddress: GUID: baf0f69da3098924ab85d19272b38c0e - Path: Assets/Scripts/Logistics/Inserter.cs - Importer: PreviewImporter
Importing 'GUID: baf0f69da3098924ab85d19272b38c0e - Path: Assets/Scripts/Logistics/Inserter.cs - Importer: PreviewImporter' with importer (PreviewImporter)
Imported 'GUID: baf0f69da3098924ab85d19272b38c0e' -> (Import Result ID: '00000000000000000000000000000000') in 0.001 seconds
Import Error Code:(4)
Message: Build asset version error: assets/scripts/logistics/inserter.cs in SourceAssetDB has modification time of '2026-08-28T09:36:30.6477809Z' while content on disk has modification time of '2026-08-28T09:36:38.049Z'
  ERROR: Build asset version error: assets/scripts/logistics/inserter.cs in SourceAssetDB has modification time of '2026-08-28T09:36:30.6477809Z' while content on disk has modification time of '2026-08-28T09:36:38.049Z'
Number of updated asset objects reloaded before import = 0
Number of asset objects unloaded after import = 0
========================================================================
Received Import Request.
  Time of request: 2026-08-28T09:36:46.7682007Z
  Time since last request: 0.0037829 seconds.
  importAddress: GUID: baf0f69da3098924ab85d19272b38c0e - Path: Assets/Scripts/Logistics/Inserter.cs - Importer: PreviewImporter
Importing 'GUID: baf0f69da3098924ab85d19272b38c0e - Path: Assets/Scripts/Logistics/Inserter.cs - Importer: PreviewImporter' with importer (PreviewImporter)
Imported 'GUID: baf0f69da3098924ab85d19272b38c0e' -> (Import Result ID: '00000000000000000000000000000000') in 0.000 seconds
Import Error Code:(4)
Message: Build asset version error: assets/scripts/logistics/inserter.cs in SourceAssetDB has modification time of '2026-08-28T09:36:30.6477809Z' while content on disk has modification time of '2026-08-28T09:36:38.049Z'
  ERROR: Build asset version error: assets/scripts/logistics/inserter.cs in SourceAssetDB has modification time of '2026-08-28T09:36:30.6477809Z' while content on disk has modification time of '2026-08-28T09:36:38.049Z'
Number of updated asset objects reloaded before import = 0
Number of asset objects unloaded after import = 0
========================================================================
Received Import Request.
  Time of request: 2026-08-28T09:36:46.7835266Z
  Time since last request: 0.0038624 seconds.
  importAddress: GUID: baf0f69da3098924ab85d19272b38c0e - Path: Assets/Scripts/Logistics/Inserter.cs - Importer: PreviewImporter
Importing 'GUID: baf0f69da3098924ab85d19272b38c0e - Path: Assets/Scripts/Logistics/Inserter.cs - Importer: PreviewImporter' with importer (PreviewImporter)
Imported 'GUID: baf0f69da3098924ab85d19272b38c0e' -> (Import Result ID: '00000000000000000000000000000000') in 0.000 seconds
Import Error Code:(4)
Message: Build asset version error: assets/scripts/logistics/inserter.cs in SourceAssetDB has modification time of '2026-08-28T09:36:30.6477809Z' while content on disk has modification time of '2026-08-28T09:36:38.049Z'
  ERROR: Build asset version error: assets/scripts/logistics/inserter.cs in SourceAssetDB has modification time of '2026-08-28T09:36:30.6477809Z' while content on disk has modification time of '2026-08-28T09:36:38.049Z'
Number of updated asset objects reloaded before import = 0
Number of asset objects unloaded after import = 0
========================================================================
Received Import Request.
  Time of request: 2026-08-28T09:36:46.8004307Z
  Time since last request: 0.0049814 seconds.
  importAddress: GUID: baf0f69da3098924ab85d19272b38c0e - Path: Assets/Scripts/Logistics/Inserter.cs - Importer: PreviewImporter
Importing 'GUID: baf0f69da3098924ab85d19272b38c0e - Path: Assets/Scripts/Logistics/Inserter.cs - Importer: PreviewImporter' with importer (PreviewImporter)
Imported 'GUID: baf0f69da3098924ab85d19272b38c0e' -> (Import Result ID: '00000000000000000000000000000000') in 0.000 seconds
Import Error Code:(4)
Message: Build asset version error: assets/scripts/logistics/inserter.cs in SourceAssetDB has modification time of '2026-08-28T09:36:30.6477809Z' while content on disk has modification time of '2026-08-28T09:36:38.049Z'
  ERROR: Build asset version error: assets/scripts/logistics/inserter.cs in SourceAssetDB has modification time of '2026-08-28T09:36:30.6477809Z' while content on disk has modification time of '2026-08-28T09:36:38.049Z'
Number of updated asset objects reloaded before import = 0
Number of asset objects unloaded after import = 0
========================================================================
Received Import Request.
  Time of request: 2026-08-28T09:36:46.8168672Z
  Time since last request: 0.0045705 seconds.
  importAddress: GUID: baf0f69da3098924ab85d19272b38c0e - Path: Assets/Scripts/Logistics/Inserter.cs - Importer: PreviewImporter
Importing 'GUID: baf0f69da3098924ab85d19272b38c0e - Path: Assets/Scripts/Logistics/Inserter.cs - Importer: PreviewImporter' with importer (PreviewImporter)
Imported 'GUID: baf0f69da3098924ab85d19272b38c0e' -> (Import Result ID: '00000000000000000000000000000000') in 0.000 seconds
Import Error Code:(4)
Message: Build asset version error: assets/scripts/logistics/inserter.cs in SourceAssetDB has modification time of '2026-08-28T09:36:30.6477809Z' while content on disk has modification time of '2026-08-28T09:36:38.049Z'
  ERROR: Build asset version error: assets/scripts/logistics/inserter.cs in SourceAssetDB has modification time of '2026-08-28T09:36:30.6477809Z' while content on disk has modification time of '2026-08-28T09:36:38.049Z'
Number of updated asset objects reloaded before import = 0
Number of asset objects unloaded after import = 0
========================================================================
Received Import Request.
  Time of request: 2026-08-28T09:36:46.8327055Z
  Time since last request: 0.0046973 seconds.
  importAddress: GUID: baf0f69da3098924ab85d19272b38c0e - Path: Assets/Scripts/Logistics/Inserter.cs - Importer: PreviewImporter
Importing 'GUID: baf0f69da3098924ab85d19272b38c0e - Path: Assets/Scripts/Logistics/Inserter.cs - Importer: PreviewImporter' with importer (PreviewImporter)
Imported 'GUID: baf0f69da3098924ab85d19272b38c0e' -> (Import Result ID: '00000000000000000000000000000000') in 0.000 seconds
Import Error Code:(4)
Message: Build asset version error: assets/scripts/logistics/inserter.cs in SourceAssetDB has modification time of '2026-08-28T09:36:30.6477809Z' while content on disk has modification time of '2026-08-28T09:36:38.049Z'
  ERROR: Build asset version error: assets/scripts/logistics/inserter.cs in SourceAssetDB has modification time of '2026-08-28T09:36:30.6477809Z' while content on disk has modification time of '2026-08-28T09:36:38.049Z'
Number of updated asset objects reloaded before import = 0
Number of asset objects unloaded after import = 0
========================================================================
Received Import Request.
  Time of request: 2026-08-28T09:36:46.8485088Z
  Time since last request: 0.0038963 seconds.
  importAddress: GUID: baf0f69da3098924ab85d19272b38c0e - Path: Assets/Scripts/Logistics/Inserter.cs - Importer: PreviewImporter
Importing 'GUID: baf0f69da3098924ab85d19272b38c0e - Path: Assets/Scripts/Logistics/Inserter.cs - Importer: PreviewImporter' with importer (PreviewImporter)
Imported 'GUID: baf0f69da3098924ab85d19272b38c0e' -> (Import Result ID: '00000000000000000000000000000000') in 0.000 seconds
Import Error Code:(4)
Message: Build asset version error: assets/scripts/logistics/inserter.cs in SourceAssetDB has modification time of '2026-08-28T09:36:30.6477809Z' while content on disk has modification time of '2026-08-28T09:36:38.049Z'
  ERROR: Build asset version error: assets/scripts/logistics/inserter.cs in SourceAssetDB has modification time of '2026-08-28T09:36:30.6477809Z' while content on disk has modification time of '2026-08-28T09:36:38.049Z'
Number of updated asset objects reloaded before import = 0
Number of asset objects unloaded after import = 0
========================================================================
Received Import Request.
  Time of request: 2026-08-28T09:36:46.8656695Z
  Time since last request: 0.0056078 seconds.
  importAddress: GUID: baf0f69da3098924ab85d19272b38c0e - Path: Assets/Scripts/Logistics/Inserter.cs - Importer: PreviewImporter
Importing 'GUID: baf0f69da3098924ab85d19272b38c0e - Path: Assets/Scripts/Logistics/Inserter.cs - Importer: PreviewImporter' with importer (PreviewImporter)
Imported 'GUID: baf0f69da3098924ab85d19272b38c0e' -> (Import Result ID: '00000000000000000000000000000000') in 0.000 seconds
Import Error Code:(4)
Message: Build asset version error: assets/scripts/logistics/inserter.cs in SourceAssetDB has modification time of '2026-08-28T09:36:30.6477809Z' while content on disk has modification time of '2026-08-28T09:36:38.049Z'
  ERROR: Build asset version error: assets/scripts/logistics/inserter.cs in SourceAssetDB has modification time of '2026-08-28T09:36:30.6477809Z' while content on disk has modification time of '2026-08-28T09:36:38.049Z'
Number of updated asset objects reloaded before import = 0
Number of asset objects unloaded after import = 0
========================================================================
Received Import Request.
  Time of request: 2026-08-28T09:36:46.8812419Z
  Time since last request: 0.0043644 seconds.
  importAddress: GUID: baf0f69da3098924ab85d19272b38c0e - Path: Assets/Scripts/Logistics/Inserter.cs - Importer: PreviewImporter
Importing 'GUID: baf0f69da3098924ab85d19272b38c0e - Path: Assets/Scripts/Logistics/Inserter.cs - Importer: PreviewImporter' with importer (PreviewImporter)
Imported 'GUID: baf0f69da3098924ab85d19272b38c0e' -> (Import Result ID: '00000000000000000000000000000000') in 0.000 seconds
Import Error Code:(4)
Message: Build asset version error: assets/scripts/logistics/inserter.cs in SourceAssetDB has modification time of '2026-08-28T09:36:30.6477809Z' while content on disk has modification time of '2026-08-28T09:36:38.049Z'
  ERROR: Build asset version error: assets/scripts/logistics/inserter.cs in SourceAssetDB has modification time of '2026-08-28T09:36:30.6477809Z' while content on disk has modification time of '2026-08-28T09:36:38.049Z'
Number of updated asset objects reloaded before import = 0
Number of asset objects unloaded after import = 0
========================================================================
Received Import Request.
  Time of request: 2026-08-28T09:36:46.8970489Z
  Time since last request: 0.004055 seconds.
  importAddress: GUID: baf0f69da3098924ab85d19272b38c0e - Path: Assets/Scripts/Logistics/Inserter.cs - Importer: PreviewImporter
Importing 'GUID: baf0f69da3098924ab85d19272b38c0e - Path: Assets/Scripts/Logistics/Inserter.cs - Importer: PreviewImporter' with importer (PreviewImporter)
Imported 'GUID: baf0f69da3098924ab85d19272b38c0e' -> (Import Result ID: '00000000000000000000000000000000') in 0.000 seconds
Import Error Code:(4)
Message: Build asset version error: assets/scripts/logistics/inserter.cs in SourceAssetDB has modification time of '2026-08-28T09:36:30.6477809Z' while content on disk has modification time of '2026-08-28T09:36:38.049Z'
  ERROR: Build asset version error: assets/scripts/logistics/inserter.cs in SourceAssetDB has modification time of '2026-08-28T09:36:30.6477809Z' while content on disk has modification time of '2026-08-28T09:36:38.049Z'
Number of updated asset objects reloaded before import = 0
Number of asset objects unloaded after import = 0
========================================================================
Received Import Request.
  Time of request: 2026-08-28T09:36:46.9131366Z
  Time since last request: 0.0045645 seconds.
  importAddress: GUID: baf0f69da3098924ab85d19272b38c0e - Path: Assets/Scripts/Logistics/Inserter.cs - Importer: PreviewImporter
Importing 'GUID: baf0f69da3098924ab85d19272b38c0e - Path: Assets/Scripts/Logistics/Inserter.cs - Importer: PreviewImporter' with importer (PreviewImporter)
Imported 'GUID: baf0f69da3098924ab85d19272b38c0e' -> (Import Result ID: '00000000000000000000000000000000') in 0.000 seconds
Import Error Code:(4)
Message: Build asset version error: assets/scripts/logistics/inserter.cs in SourceAssetDB has modification time of '2026-08-28T09:36:30.6477809Z' while content on disk has modification time of '2026-08-28T09:36:38.049Z'
  ERROR: Build asset version error: assets/scripts/logistics/inserter.cs in SourceAssetDB has modification time of '2026-08-28T09:36:30.6477809Z' while content on disk has modification time of '2026-08-28T09:36:38.049Z'
Number of updated asset objects reloaded before import = 0
Number of asset objects unloaded after import = 0
========================================================================
Received Import Request.
  Time of request: 2026-08-28T09:36:46.9307416Z
  Time since last request: 0.0050748 seconds.
  importAddress: GUID: baf0f69da3098924ab85d19272b38c0e - Path: Assets/Scripts/Logistics/Inserter.cs - Importer: PreviewImporter
Importing 'GUID: baf0f69da3098924ab85d19272b38c0e - Path: Assets/Scripts/Logistics/Inserter.cs - Importer: PreviewImporter' with importer (PreviewImporter)
Imported 'GUID: baf0f69da3098924ab85d19272b38c0e' -> (Import Result ID: '00000000000000000000000000000000') in 0.000 seconds
Import Error Code:(4)
Message: Build asset version error: assets/scripts/logistics/inserter.cs in SourceAssetDB has modification time of '2026-08-28T09:36:30.6477809Z' while content on disk has modification time of '2026-08-28T09:36:38.049Z'
  ERROR: Build asset version error: assets/scripts/logistics/inserter.cs in SourceAssetDB has modification time of '2026-08-28T09:36:30.6477809Z' while content on disk has modification time of '2026-08-28T09:36:38.049Z'
Number of updated asset objects reloaded before import = 0
Number of asset objects unloaded after import = 0
========================================================================
Received Import Request.
  Time of request: 2026-08-28T09:36:46.9457966Z
  Time since last request: 0.0039832 seconds.
  importAddress: GUID: baf0f69da3098924ab85d19272b38c0e - Path: Assets/Scripts/Logistics/Inserter.cs - Importer: PreviewImporter
Importing 'GUID: baf0f69da3098924ab85d19272b38c0e - Path: Assets/Scripts/Logistics/Inserter.cs - Importer: PreviewImporter' with importer (PreviewImporter)
Imported 'GUID: baf0f69da3098924ab85d19272b38c0e' -> (Import Result ID: '00000000000000000000000000000000') in 0.000 seconds
Import Error Code:(4)
Message: Build asset version error: assets/scripts/logistics/inserter.cs in SourceAssetDB has modification time of '2026-08-28T09:36:30.6477809Z' while content on disk has modification time of '2026-08-28T09:36:38.049Z'
  ERROR: Build asset version error: assets/scripts/logistics/inserter.cs in SourceAssetDB has modification time of '2026-08-28T09:36:30.6477809Z' while content on disk has modification time of '2026-08-28T09:36:38.049Z'
Number of updated asset objects reloaded before import = 0
Number of asset objects unloaded after import = 0
========================================================================
Received Import Request.
  Time of request: 2026-08-28T09:36:46.960679Z
  Time since last request: 0.0039625 seconds.
  importAddress: GUID: baf0f69da3098924ab85d19272b38c0e - Path: Assets/Scripts/Logistics/Inserter.cs - Importer: PreviewImporter
Importing 'GUID: baf0f69da3098924ab85d19272b38c0e - Path: Assets/Scripts/Logistics/Inserter.cs - Importer: PreviewImporter' with importer (PreviewImporter)
Imported 'GUID: baf0f69da3098924ab85d19272b38c0e' -> (Import Result ID: '00000000000000000000000000000000') in 0.000 seconds
Import Error Code:(4)
Message: Build asset version error: assets/scripts/logistics/inserter.cs in SourceAssetDB has modification time of '2026-08-28T09:36:30.6477809Z' while content on disk has modification time of '2026-08-28T09:36:38.049Z'
  ERROR: Build asset version error: assets/scripts/logistics/inserter.cs in SourceAssetDB has modification time of '2026-08-28T09:36:30.6477809Z' while content on disk has modification time of '2026-08-28T09:36:38.049Z'
Number of updated asset objects reloaded before import = 0
Number of asset objects unloaded after import = 0
========================================================================
Received Import Request.
  Time of request: 2026-08-28T09:36:46.9762743Z
  Time since last request: 0.0046462 seconds.
  importAddress: GUID: baf0f69da3098924ab85d19272b38c0e - Path: Assets/Scripts/Logistics/Inserter.cs - Importer: PreviewImporter
Importing 'GUID: baf0f69da3098924ab85d19272b38c0e - Path: Assets/Scripts/Logistics/Inserter.cs - Importer: PreviewImporter' with importer (PreviewImporter)
Imported 'GUID: baf0f69da3098924ab85d19272b38c0e' -> (Import Result ID: '00000000000000000000000000000000') in 0.000 seconds
Import Error Code:(4)
Message: Build asset version error: assets/scripts/logistics/inserter.cs in SourceAssetDB has modification time of '2026-08-28T09:36:30.6477809Z' while content on disk has modification time of '2026-08-28T09:36:38.049Z'
  ERROR: Build asset version error: assets/scripts/logistics/inserter.cs in SourceAssetDB has modification time of '2026-08-28T09:36:30.6477809Z' while content on disk has modification time of '2026-08-28T09:36:38.049Z'
Number of updated asset objects reloaded before import = 0
Number of asset objects unloaded after import = 0
========================================================================
Received Import Request.
  Time of request: 2026-08-28T09:36:46.9919996Z
  Time since last request: 0.0041407 seconds.
  importAddress: GUID: baf0f69da3098924ab85d19272b38c0e - Path: Assets/Scripts/Logistics/Inserter.cs - Importer: PreviewImporter
Importing 'GUID: baf0f69da3098924ab85d19272b38c0e - Path: Assets/Scripts/Logistics/Inserter.cs - Importer: PreviewImporter' with importer (PreviewImporter)
Imported 'GUID: baf0f69da3098924ab85d19272b38c0e' -> (Import Result ID: '00000000000000000000000000000000') in 0.000 seconds
Import Error Code:(4)
Message: Build asset version error: assets/scripts/logistics/inserter.cs in SourceAssetDB has modification time of '2026-08-28T09:36:30.6477809Z' while content on disk has modification time of '2026-08-28T09:36:38.049Z'
  ERROR: Build asset version error: assets/scripts/logistics/inserter.cs in SourceAssetDB has modification time of '2026-08-28T09:36:30.6477809Z' while content on disk has modification time of '2026-08-28T09:36:38.049Z'
Number of updated asset objects reloaded before import = 0
Number of asset objects unloaded after import = 0
========================================================================
Received Import Request.
  Time of request: 2026-08-28T09:36:47.0090968Z
  Time since last request: 0.0043583 seconds.
  importAddress: GUID: baf0f69da3098924ab85d19272b38c0e - Path: Assets/Scripts/Logistics/Inserter.cs - Importer: PreviewImporter
Importing 'GUID: baf0f69da3098924ab85d19272b38c0e - Path: Assets/Scripts/Logistics/Inserter.cs - Importer: PreviewImporter' with importer (PreviewImporter)
Imported 'GUID: baf0f69da3098924ab85d19272b38c0e' -> (Import Result ID: '00000000000000000000000000000000') in 0.001 seconds
Import Error Code:(4)
Message: Build asset version error: assets/scripts/logistics/inserter.cs in SourceAssetDB has modification time of '2026-08-28T09:36:30.6477809Z' while content on disk has modification time of '2026-08-28T09:36:38.049Z'
  ERROR: Build asset version error: assets/scripts/logistics/inserter.cs in SourceAssetDB has modification time of '2026-08-28T09:36:30.6477809Z' while content on disk has modification time of '2026-08-28T09:36:38.049Z'
Number of updated asset objects reloaded before import = 0
Number of asset objects unloaded after import = 0
========================================================================
Received Import Request.
  Time of request: 2026-08-28T09:36:47.0242554Z
  Time since last request: 0.0042297 seconds.
  importAddress: GUID: baf0f69da3098924ab85d19272b38c0e - Path: Assets/Scripts/Logistics/Inserter.cs - Importer: PreviewImporter
Importing 'GUID: baf0f69da3098924ab85d19272b38c0e - Path: Assets/Scripts/Logistics/Inserter.cs - Importer: PreviewImporter' with importer (PreviewImporter)
Imported 'GUID: baf0f69da3098924ab85d19272b38c0e' -> (Import Result ID: '00000000000000000000000000000000') in 0.000 seconds
Import Error Code:(4)
Message: Build asset version error: assets/scripts/logistics/inserter.cs in SourceAssetDB has modification time of '2026-08-28T09:36:30.6477809Z' while content on disk has modification time of '2026-08-28T09:36:38.049Z'
  ERROR: Build asset version error: assets/scripts/logistics/inserter.cs in SourceAssetDB has modification time of '2026-08-28T09:36:30.6477809Z' while content on disk has modification time of '2026-08-28T09:36:38.049Z'
Number of updated asset objects reloaded before import = 0
Number of asset objects unloaded after import = 0
========================================================================
Received Import Request.
  Time of request: 2026-08-28T09:36:47.041067Z
  Time since last request: 0.0042639 seconds.
  importAddress: GUID: baf0f69da3098924ab85d19272b38c0e - Path: Assets/Scripts/Logistics/Inserter.cs - Importer: PreviewImporter
Importing 'GUID: baf0f69da3098924ab85d19272b38c0e - Path: Assets/Scripts/Logistics/Inserter.cs - Importer: PreviewImporter' with importer (PreviewImporter)
Imported 'GUID: baf0f69da3098924ab85d19272b38c0e' -> (Import Result ID: '00000000000000000000000000000000') in 0.000 seconds
Import Error Code:(4)
Message: Build asset version error: assets/scripts/logistics/inserter.cs in SourceAssetDB has modification time of '2026-08-28T09:36:30.6477809Z' while content on disk has modification time of '2026-08-28T09:36:38.049Z'
  ERROR: Build asset version error: assets/scripts/logistics/inserter.cs in SourceAssetDB has modification time of '2026-08-28T09:36:30.6477809Z' while content on disk has modification time of '2026-08-28T09:36:38.049Z'
Number of updated asset objects reloaded before import = 0
Number of asset objects unloaded after import = 0
========================================================================
Received Import Request.
  Time of request: 2026-08-28T09:36:47.0576111Z
  Time since last request: 0.0048516 seconds.
  importAddress: GUID: baf0f69da3098924ab85d19272b38c0e - Path: Assets/Scripts/Logistics/Inserter.cs - Importer: PreviewImporter
Importing 'GUID: baf0f69da3098924ab85d19272b38c0e - Path: Assets/Scripts/Logistics/Inserter.cs - Importer: PreviewImporter' with importer (PreviewImporter)
Imported 'GUID: baf0f69da3098924ab85d19272b38c0e' -> (Import Result ID: '00000000000000000000000000000000') in 0.000 seconds
Import Error Code:(4)
Message: Build asset version error: assets/scripts/logistics/inserter.cs in SourceAssetDB has modification time of '2026-08-28T09:36:30.6477809Z' while content on disk has modification time of '2026-08-28T09:36:38.049Z'
  ERROR: Build asset version error: assets/scripts/logistics/inserter.cs in SourceAssetDB has modification time of '2026-08-28T09:36:30.6477809Z' while content on disk has modification time of '2026-08-28T09:36:38.049Z'
Number of updated asset objects reloaded before import = 0
Number of asset objects unloaded after import = 0
========================================================================
Received Import Request.
  Time of request: 2026-08-28T09:36:47.0739881Z
  Time since last request: 0.0053161 seconds.
  importAddress: GUID: baf0f69da3098924ab85d19272b38c0e - Path: Assets/Scripts/Logistics/Inserter.cs - Importer: PreviewImporter
Importing 'GUID: baf0f69da3098924ab85d19272b38c0e - Path: Assets/Scripts/Logistics/Inserter.cs - Importer: PreviewImporter' with importer (PreviewImporter)
Imported 'GUID: baf0f69da3098924ab85d19272b38c0e' -> (Import Result ID: '00000000000000000000000000000000') in 0.000 seconds
Import Error Code:(4)
Message: Build asset version error: assets/scripts/logistics/inserter.cs in SourceAssetDB has modification time of '2026-08-28T09:36:30.6477809Z' while content on disk has modification time of '2026-08-28T09:36:38.049Z'
  ERROR: Build asset version error: assets/scripts/logistics/inserter.cs in SourceAssetDB has modification time of '2026-08-28T09:36:30.6477809Z' while content on disk has modification time of '2026-08-28T09:36:38.049Z'
Number of updated asset objects reloaded before import = 0
Number of asset objects unloaded after import = 0
========================================================================
Received Import Request.
  Time of request: 2026-08-28T09:36:47.0911101Z
  Time since last request: 0.0051136 seconds.
  importAddress: GUID: baf0f69da3098924ab85d19272b38c0e - Path: Assets/Scripts/Logistics/Inserter.cs - Importer: PreviewImporter
Importing 'GUID: baf0f69da3098924ab85d19272b38c0e - Path: Assets/Scripts/Logistics/Inserter.cs - Importer: PreviewImporter' with importer (PreviewImporter)
Imported 'GUID: baf0f69da3098924ab85d19272b38c0e' -> (Import Result ID: '00000000000000000000000000000000') in 0.000 seconds
Import Error Code:(4)
Message: Build asset version error: assets/scripts/logistics/inserter.cs in SourceAssetDB has modification time of '2026-08-28T09:36:30.6477809Z' while content on disk has modification time of '2026-08-28T09:36:38.049Z'
  ERROR: Build asset version error: assets/scripts/logistics/inserter.cs in SourceAssetDB has modification time of '2026-08-28T09:36:30.6477809Z' while content on disk has modification time of '2026-08-28T09:36:38.049Z'
Number of updated asset objects reloaded before import = 0
Number of asset objects unloaded after import = 0
========================================================================
Received Import Request.
  Time of request: 2026-08-28T09:36:47.1064785Z
  Time since last request: 0.0048274 seconds.
  importAddress: GUID: baf0f69da3098924ab85d19272b38c0e - Path: Assets/Scripts/Logistics/Inserter.cs - Importer: PreviewImporter
Importing 'GUID: baf0f69da3098924ab85d19272b38c0e - Path: Assets/Scripts/Logistics/Inserter.cs - Importer: PreviewImporter' with importer (PreviewImporter)
Imported 'GUID: baf0f69da3098924ab85d19272b38c0e' -> (Import Result ID: '00000000000000000000000000000000') in 0.000 seconds
Import Error Code:(4)
Message: Build asset version error: assets/scripts/logistics/inserter.cs in SourceAssetDB has modification time of '2026-08-28T09:36:30.6477809Z' while content on disk has modification time of '2026-08-28T09:36:38.049Z'
  ERROR: Build asset version error: assets/scripts/logistics/inserter.cs in SourceAssetDB has modification time of '2026-08-28T09:36:30.6477809Z' while content on disk has modification time of '2026-08-28T09:36:38.049Z'
Number of updated asset objects reloaded before import = 0
Number of asset objects unloaded after import = 0
========================================================================
Received Import Request.
  Time of request: 2026-08-28T09:36:47.1225758Z
  Time since last request: 0.0053059 seconds.
  importAddress: GUID: baf0f69da3098924ab85d19272b38c0e - Path: Assets/Scripts/Logistics/Inserter.cs - Importer: PreviewImporter
Importing 'GUID: baf0f69da3098924ab85d19272b38c0e - Path: Assets/Scripts/Logistics/Inserter.cs - Importer: PreviewImporter' with importer (PreviewImporter)
Imported 'GUID: baf0f69da3098924ab85d19272b38c0e' -> (Import Result ID: '00000000000000000000000000000000') in 0.000 seconds
Import Error Code:(4)
Message: Build asset version error: assets/scripts/logistics/inserter.cs in SourceAssetDB has modification time of '2026-08-28T09:36:30.6477809Z' while content on disk has modification time of '2026-08-28T09:36:38.049Z'
  ERROR: Build asset version error: assets/scripts/logistics/inserter.cs in SourceAssetDB has modification time of '2026-08-28T09:36:30.6477809Z' while content on disk has modification time of '2026-08-28T09:36:38.049Z'
Number of updated asset objects reloaded before import = 0
Number of asset objects unloaded after import = 0
========================================================================
Received Import Request.
  Time of request: 2026-08-28T09:36:47.1378516Z
  Time since last request: 0.0044787 seconds.
  importAddress: GUID: baf0f69da3098924ab85d19272b38c0e - Path: Assets/Scripts/Logistics/Inserter.cs - Importer: PreviewImporter
Importing 'GUID: baf0f69da3098924ab85d19272b38c0e - Path: Assets/Scripts/Logistics/Inserter.cs - Importer: PreviewImporter' with importer (PreviewImporter)
Imported 'GUID: baf0f69da3098924ab85d19272b38c0e' -> (Import Result ID: '00000000000000000000000000000000') in 0.000 seconds
Import Error Code:(4)
Message: Build asset version error: assets/scripts/logistics/inserter.cs in SourceAssetDB has modification time of '2026-08-28T09:36:30.6477809Z' while content on disk has modification time of '2026-08-28T09:36:38.049Z'
  ERROR: Build asset version error: assets/scripts/logistics/inserter.cs in SourceAssetDB has modification time of '2026-08-28T09:36:30.6477809Z' while content on disk has modification time of '2026-08-28T09:36:38.049Z'
Number of updated asset objects reloaded before import = 0
Number of asset objects unloaded after import = 0
========================================================================
Received Import Request.
  Time of request: 2026-08-28T09:36:47.1536114Z
  Time since last request: 0.0051176 seconds.
  importAddress: GUID: baf0f69da3098924ab85d19272b38c0e - Path: Assets/Scripts/Logistics/Inserter.cs - Importer: PreviewImporter
Importing 'GUID: baf0f69da3098924ab85d19272b38c0e - Path: Assets/Scripts/Logistics/Inserter.cs - Importer: PreviewImporter' with importer (PreviewImporter)
Imported 'GUID: baf0f69da3098924ab85d19272b38c0e' -> (Import Result ID: '00000000000000000000000000000000') in 0.000 seconds
Import Error Code:(4)
Message: Build asset version error: assets/scripts/logistics/inserter.cs in SourceAssetDB has modification time of '2026-08-28T09:36:30.6477809Z' while content on disk has modification time of '2026-08-28T09:36:38.049Z'
  ERROR: Build asset version error: assets/scripts/logistics/inserter.cs in SourceAssetDB has modification time of '2026-08-28T09:36:30.6477809Z' while content on disk has modification time of '2026-08-28T09:36:38.049Z'
Number of updated asset objects reloaded before import = 0
Number of asset objects unloaded after import = 0
========================================================================
Received Import Request.
  Time of request: 2026-08-28T09:36:47.1712625Z
  Time since last request: 0.0061964 seconds.
  importAddress: GUID: baf0f69da3098924ab85d19272b38c0e - Path: Assets/Scripts/Logistics/Inserter.cs - Importer: PreviewImporter
Importing 'GUID: baf0f69da3098924ab85d19272b38c0e - Path: Assets/Scripts/Logistics/Inserter.cs - Importer: PreviewImporter' with importer (PreviewImporter)
Imported 'GUID: baf0f69da3098924ab85d19272b38c0e' -> (Import Result ID: '00000000000000000000000000000000') in 0.002 seconds
Import Error Code:(4)
Message: Build asset version error: assets/scripts/logistics/inserter.cs in SourceAssetDB has modification time of '2026-08-28T09:36:30.6477809Z' while content on disk has modification time of '2026-08-28T09:36:38.049Z'
  ERROR: Build asset version error: assets/scripts/logistics/inserter.cs in SourceAssetDB has modification time of '2026-08-28T09:36:30.6477809Z' while content on disk has modification time of '2026-08-28T09:36:38.049Z'
Number of updated asset objects reloaded before import = 0
Number of asset objects unloaded after import = 0
========================================================================
Received Import Request.
  Time of request: 2026-08-28T09:36:47.1895989Z
  Time since last request: 0.0052217 seconds.
  importAddress: GUID: baf0f69da3098924ab85d19272b38c0e - Path: Assets/Scripts/Logistics/Inserter.cs - Importer: PreviewImporter
Importing 'GUID: baf0f69da3098924ab85d19272b38c0e - Path: Assets/Scripts/Logistics/Inserter.cs - Importer: PreviewImporter' with importer (PreviewImporter)
Imported 'GUID: baf0f69da3098924ab85d19272b38c0e' -> (Import Result ID: '00000000000000000000000000000000') in 0.000 seconds
Import Error Code:(4)
Message: Build asset version error: assets/scripts/logistics/inserter.cs in SourceAssetDB has modification time of '2026-08-28T09:36:30.6477809Z' while content on disk has modification time of '2026-08-28T09:36:38.049Z'
  ERROR: Build asset version error: assets/scripts/logistics/inserter.cs in SourceAssetDB has modification time of '2026-08-28T09:36:30.6477809Z' while content on disk has modification time of '2026-08-28T09:36:38.049Z'
Number of updated asset objects reloaded before import = 0
Number of asset objects unloaded after import = 0
========================================================================
Received Import Request.
  Time of request: 2026-08-28T09:36:47.2062307Z
  Time since last request: 0.0053205 seconds.
  importAddress: GUID: baf0f69da3098924ab85d19272b38c0e - Path: Assets/Scripts/Logistics/Inserter.cs - Importer: PreviewImporter
Importing 'GUID: baf0f69da3098924ab85d19272b38c0e - Path: Assets/Scripts/Logistics/Inserter.cs - Importer: PreviewImporter' with importer (PreviewImporter)
Imported 'GUID: baf0f69da3098924ab85d19272b38c0e' -> (Import Result ID: '00000000000000000000000000000000') in 0.000 seconds
Import Error Code:(4)
Message: Build asset version error: assets/scripts/logistics/inserter.cs in SourceAssetDB has modification time of '2026-08-28T09:36:30.6477809Z' while content on disk has modification time of '2026-08-28T09:36:38.049Z'
  ERROR: Build asset version error: assets/scripts/logistics/inserter.cs in SourceAssetDB has modification time of '2026-08-28T09:36:30.6477809Z' while content on disk has modification time of '2026-08-28T09:36:38.049Z'
Number of updated asset objects reloaded before import = 0
Number of asset objects unloaded after import = 0
========================================================================
Received Import Request.
  Time of request: 2026-08-28T09:36:47.222737Z
  Time since last request: 0.0053883 seconds.
  importAddress: GUID: baf0f69da3098924ab85d19272b38c0e - Path: Assets/Scripts/Logistics/Inserter.cs - Importer: PreviewImporter
Importing 'GUID: baf0f69da3098924ab85d19272b38c0e - Path: Assets/Scripts/Logistics/Inserter.cs - Importer: PreviewImporter' with importer (PreviewImporter)
Imported 'GUID: baf0f69da3098924ab85d19272b38c0e' -> (Import Result ID: '00000000000000000000000000000000') in 0.000 seconds
Import Error Code:(4)
Message: Build asset version error: assets/scripts/logistics/inserter.cs in SourceAssetDB has modification time of '2026-08-28T09:36:30.6477809Z' while content on disk has modification time of '2026-08-28T09:36:38.049Z'
  ERROR: Build asset version error: assets/scripts/logistics/inserter.cs in SourceAssetDB has modification time of '2026-08-28T09:36:30.6477809Z' while content on disk has modification time of '2026-08-28T09:36:38.049Z'
Number of updated asset objects reloaded before import = 0
Number of asset objects unloaded after import = 0
========================================================================
Received Import Request.
  Time of request: 2026-08-28T09:36:47.2588795Z
  Time since last request: 0.0253963 seconds.
  importAddress: GUID: baf0f69da3098924ab85d19272b38c0e - Path: Assets/Scripts/Logistics/Inserter.cs - Importer: PreviewImporter
Importing 'GUID: baf0f69da3098924ab85d19272b38c0e - Path: Assets/Scripts/Logistics/Inserter.cs - Importer: PreviewImporter' with importer (PreviewImporter)
Imported 'GUID: baf0f69da3098924ab85d19272b38c0e' -> (Import Result ID: '00000000000000000000000000000000') in 0.000 seconds
Import Error Code:(4)
Message: Build asset version error: assets/scripts/logistics/inserter.cs in SourceAssetDB has modification time of '2026-08-28T09:36:30.6477809Z' while content on disk has modification time of '2026-08-28T09:36:38.049Z'
  ERROR: Build asset version error: assets/scripts/logistics/inserter.cs in SourceAssetDB has modification time of '2026-08-28T09:36:30.6477809Z' while content on disk has modification time of '2026-08-28T09:36:38.049Z'
Number of updated asset objects reloaded before import = 0
Number of asset objects unloaded after import = 0
========================================================================
Received Import Request.
  Time of request: 2026-08-28T09:36:47.2828536Z
  Time since last request: 0.0120655 seconds.
  importAddress: GUID: baf0f69da3098924ab85d19272b38c0e - Path: Assets/Scripts/Logistics/Inserter.cs - Importer: PreviewImporter
Importing 'GUID: baf0f69da3098924ab85d19272b38c0e - Path: Assets/Scripts/Logistics/Inserter.cs - Importer: PreviewImporter' with importer (PreviewImporter)
Imported 'GUID: baf0f69da3098924ab85d19272b38c0e' -> (Import Result ID: '00000000000000000000000000000000') in 0.000 seconds
Import Error Code:(4)
Message: Build asset version error: assets/scripts/logistics/inserter.cs in SourceAssetDB has modification time of '2026-08-28T09:36:30.6477809Z' while content on disk has modification time of '2026-08-28T09:36:38.049Z'
  ERROR: Build asset version error: assets/scripts/logistics/inserter.cs in SourceAssetDB has modification time of '2026-08-28T09:36:30.6477809Z' while content on disk has modification time of '2026-08-28T09:36:38.049Z'
Number of updated asset objects reloaded before import = 0
Number of asset objects unloaded after import = 0
========================================================================
Received Import Request.
  Time of request: 2026-08-28T09:36:47.2986458Z
  Time since last request: 0.0046911 seconds.
  importAddress: GUID: baf0f69da3098924ab85d19272b38c0e - Path: Assets/Scripts/Logistics/Inserter.cs - Importer: PreviewImporter
Importing 'GUID: baf0f69da3098924ab85d19272b38c0e - Path: Assets/Scripts/Logistics/Inserter.cs - Importer: PreviewImporter' with importer (PreviewImporter)
Imported 'GUID: baf0f69da3098924ab85d19272b38c0e' -> (Import Result ID: '00000000000000000000000000000000') in 0.000 seconds
Import Error Code:(4)
Message: Build asset version error: assets/scripts/logistics/inserter.cs in SourceAssetDB has modification time of '2026-08-28T09:36:30.6477809Z' while content on disk has modification time of '2026-08-28T09:36:38.049Z'
  ERROR: Build asset version error: assets/scripts/logistics/inserter.cs in SourceAssetDB has modification time of '2026-08-28T09:36:30.6477809Z' while content on disk has modification time of '2026-08-28T09:36:38.049Z'
Number of updated asset objects reloaded before import = 0
Number of asset objects unloaded after import = 0
========================================================================
Received Import Request.
  Time of request: 2026-08-28T09:36:47.3147897Z
  Time since last request: 0.0051675 seconds.
  importAddress: GUID: baf0f69da3098924ab85d19272b38c0e - Path: Assets/Scripts/Logistics/Inserter.cs - Importer: PreviewImporter
Importing 'GUID: baf0f69da3098924ab85d19272b38c0e - Path: Assets/Scripts/Logistics/Inserter.cs - Importer: PreviewImporter' with importer (PreviewImporter)
Imported 'GUID: baf0f69da3098924ab85d19272b38c0e' -> (Import Result ID: '00000000000000000000000000000000') in 0.000 seconds
Import Error Code:(4)
Message: Build asset version error: assets/scripts/logistics/inserter.cs in SourceAssetDB has modification time of '2026-08-28T09:36:30.6477809Z' while content on disk has modification time of '2026-08-28T09:36:38.049Z'
  ERROR: Build asset version error: assets/scripts/logistics/inserter.cs in SourceAssetDB has modification time of '2026-08-28T09:36:30.6477809Z' while content on disk has modification time of '2026-08-28T09:36:38.049Z'
Number of updated asset objects reloaded before import = 0
Number of asset objects unloaded after import = 0
========================================================================
Received Import Request.
  Time of request: 2026-08-28T09:36:47.3305716Z
  Time since last request: 0.0048647 seconds.
  importAddress: GUID: baf0f69da3098924ab85d19272b38c0e - Path: Assets/Scripts/Logistics/Inserter.cs - Importer: PreviewImporter
Importing 'GUID: baf0f69da3098924ab85d19272b38c0e - Path: Assets/Scripts/Logistics/Inserter.cs - Importer: PreviewImporter' with importer (PreviewImporter)
Imported 'GUID: baf0f69da3098924ab85d19272b38c0e' -> (Import Result ID: '00000000000000000000000000000000') in 0.000 seconds
Import Error Code:(4)
Message: Build asset version error: assets/scripts/logistics/inserter.cs in SourceAssetDB has modification time of '2026-08-28T09:36:30.6477809Z' while content on disk has modification time of '2026-08-28T09:36:38.049Z'
  ERROR: Build asset version error: assets/scripts/logistics/inserter.cs in SourceAssetDB has modification time of '2026-08-28T09:36:30.6477809Z' while content on disk has modification time of '2026-08-28T09:36:38.049Z'
Number of updated asset objects reloaded before import = 0
Number of asset objects unloaded after import = 0
========================================================================
Received Import Request.
  Time of request: 2026-08-28T09:36:47.3476439Z
  Time since last request: 0.0050435 seconds.
  importAddress: GUID: baf0f69da3098924ab85d19272b38c0e - Path: Assets/Scripts/Logistics/Inserter.cs - Importer: PreviewImporter
Importing 'GUID: baf0f69da3098924ab85d19272b38c0e - Path: Assets/Scripts/Logistics/Inserter.cs - Importer: PreviewImporter' with importer (PreviewImporter)
Imported 'GUID: baf0f69da3098924ab85d19272b38c0e' -> (Import Result ID: '00000000000000000000000000000000') in 0.000 seconds
Import Error Code:(4)
Message: Build asset version error: assets/scripts/logistics/inserter.cs in SourceAssetDB has modification time of '2026-08-28T09:36:30.6477809Z' while content on disk has modification time of '2026-08-28T09:36:38.049Z'
  ERROR: Build asset version error: assets/scripts/logistics/inserter.cs in SourceAssetDB has modification time of '2026-08-28T09:36:30.6477809Z' while content on disk has modification time of '2026-08-28T09:36:38.049Z'
Number of updated asset objects reloaded before import = 0
Number of asset objects unloaded after import = 0
========================================================================
Received Import Request.
  Time of request: 2026-08-28T09:36:47.3645167Z
  Time since last request: 0.005993 seconds.
  importAddress: GUID: baf0f69da3098924ab85d19272b38c0e - Path: Assets/Scripts/Logistics/Inserter.cs - Importer: PreviewImporter
Importing 'GUID: baf0f69da3098924ab85d19272b38c0e - Path: Assets/Scripts/Logistics/Inserter.cs - Importer: PreviewImporter' with importer (PreviewImporter)
Imported 'GUID: baf0f69da3098924ab85d19272b38c0e' -> (Import Result ID: '00000000000000000000000000000000') in 0.000 seconds
Import Error Code:(4)
Message: Build asset version error: assets/scripts/logistics/inserter.cs in SourceAssetDB has modification time of '2026-08-28T09:36:30.6477809Z' while content on disk has modification time of '2026-08-28T09:36:38.049Z'
  ERROR: Build asset version error: assets/scripts/logistics/inserter.cs in SourceAssetDB has modification time of '2026-08-28T09:36:30.6477809Z' while content on disk has modification time of '2026-08-28T09:36:38.049Z'
Number of updated asset objects reloaded before import = 0
Number of asset objects unloaded after import = 0
========================================================================
Received Import Request.
  Time of request: 2026-08-28T09:36:47.3805524Z
  Time since last request: 0.0050216 seconds.
  importAddress: GUID: baf0f69da3098924ab85d19272b38c0e - Path: Assets/Scripts/Logistics/Inserter.cs - Importer: PreviewImporter
Importing 'GUID: baf0f69da3098924ab85d19272b38c0e - Path: Assets/Scripts/Logistics/Inserter.cs - Importer: PreviewImporter' with importer (PreviewImporter)
Imported 'GUID: baf0f69da3098924ab85d19272b38c0e' -> (Import Result ID: '00000000000000000000000000000000') in 0.000 seconds
Import Error Code:(4)
Message: Build asset version error: assets/scripts/logistics/inserter.cs in SourceAssetDB has modification time of '2026-08-28T09:36:30.6477809Z' while content on disk has modification time of '2026-08-28T09:36:38.049Z'
  ERROR: Build asset version error: assets/scripts/logistics/inserter.cs in SourceAssetDB has modification time of '2026-08-28T09:36:30.6477809Z' while content on disk has modification time of '2026-08-28T09:36:38.049Z'
Number of updated asset objects reloaded before import = 0
Number of asset objects unloaded after import = 0
========================================================================
Received Import Request.
  Time of request: 2026-08-28T09:36:47.3960767Z
  Time since last request: 0.0042795 seconds.
  importAddress: GUID: baf0f69da3098924ab85d19272b38c0e - Path: Assets/Scripts/Logistics/Inserter.cs - Importer: PreviewImporter
Importing 'GUID: baf0f69da3098924ab85d19272b38c0e - Path: Assets/Scripts/Logistics/Inserter.cs - Importer: PreviewImporter' with importer (PreviewImporter)
Imported 'GUID: baf0f69da3098924ab85d19272b38c0e' -> (Import Result ID: '00000000000000000000000000000000') in 0.000 seconds
Import Error Code:(4)
Message: Build asset version error: assets/scripts/logistics/inserter.cs in SourceAssetDB has modification time of '2026-08-28T09:36:30.6477809Z' while content on disk has modification time of '2026-08-28T09:36:38.049Z'
  ERROR: Build asset version error: assets/scripts/logistics/inserter.cs in SourceAssetDB has modification time of '2026-08-28T09:36:30.6477809Z' while content on disk has modification time of '2026-08-28T09:36:38.049Z'
Number of updated asset objects reloaded before import = 0
Number of asset objects unloaded after import = 0
========================================================================
Received Import Request.
  Time of request: 2026-08-28T09:36:47.4703955Z
  Time since last request: 0.0626478 seconds.
  importAddress: GUID: baf0f69da3098924ab85d19272b38c0e - Path: Assets/Scripts/Logistics/Inserter.cs - Importer: PreviewImporter
Importing 'GUID: baf0f69da3098924ab85d19272b38c0e - Path: Assets/Scripts/Logistics/Inserter.cs - Importer: PreviewImporter' with importer (PreviewImporter)
Imported 'GUID: baf0f69da3098924ab85d19272b38c0e' -> (Import Result ID: '00000000000000000000000000000000') in 0.000 seconds
Import Error Code:(4)
Message: Build asset version error: assets/scripts/logistics/inserter.cs in SourceAssetDB has modification time of '2026-08-28T09:36:30.6477809Z' while content on disk has modification time of '2026-08-28T09:36:38.049Z'
  ERROR: Build asset version error: assets/scripts/logistics/inserter.cs in SourceAssetDB has modification time of '2026-08-28T09:36:30.6477809Z' while content on disk has modification time of '2026-08-28T09:36:38.049Z'
Number of updated asset objects reloaded before import = 0
Number of asset objects unloaded after import = 0
========================================================================
Received Import Request.
  Time of request: 2026-08-28T09:36:47.4898475Z
  Time since last request: 0.0070159 seconds.
  importAddress: GUID: baf0f69da3098924ab85d19272b38c0e - Path: Assets/Scripts/Logistics/Inserter.cs - Importer: PreviewImporter
Importing 'GUID: baf0f69da3098924ab85d19272b38c0e - Path: Assets/Scripts/Logistics/Inserter.cs - Importer: PreviewImporter' with importer (PreviewImporter)
Imported 'GUID: baf0f69da3098924ab85d19272b38c0e' -> (Import Result ID: '00000000000000000000000000000000') in 0.000 seconds
Import Error Code:(4)
Message: Build asset version error: assets/scripts/logistics/inserter.cs in SourceAssetDB has modification time of '2026-08-28T09:36:30.6477809Z' while content on disk has modification time of '2026-08-28T09:36:38.049Z'
  ERROR: Build asset version error: assets/scripts/logistics/inserter.cs in SourceAssetDB has modification time of '2026-08-28T09:36:30.6477809Z' while content on disk has modification time of '2026-08-28T09:36:38.049Z'
Number of updated asset objects reloaded before import = 0
Number of asset objects unloaded after import = 0
========================================================================
Received Import Request.
  Time of request: 2026-08-28T09:36:47.5064071Z
  Time since last request: 0.0050584 seconds.
  importAddress: GUID: baf0f69da3098924ab85d19272b38c0e - Path: Assets/Scripts/Logistics/Inserter.cs - Importer: PreviewImporter
Importing 'GUID: baf0f69da3098924ab85d19272b38c0e - Path: Assets/Scripts/Logistics/Inserter.cs - Importer: PreviewImporter' with importer (PreviewImporter)
Imported 'GUID: baf0f69da3098924ab85d19272b38c0e' -> (Import Result ID: '00000000000000000000000000000000') in 0.000 seconds
Import Error Code:(4)
Message: Build asset version error: assets/scripts/logistics/inserter.cs in SourceAssetDB has modification time of '2026-08-28T09:36:30.6477809Z' while content on disk has modification time of '2026-08-28T09:36:38.049Z'
  ERROR: Build asset version error: assets/scripts/logistics/inserter.cs in SourceAssetDB has modification time of '2026-08-28T09:36:30.6477809Z' while content on disk has modification time of '2026-08-28T09:36:38.049Z'
Number of updated asset objects reloaded before import = 0
Number of asset objects unloaded after import = 0
========================================================================
Received Import Request.
  Time of request: 2026-08-28T09:36:47.5225457Z
  Time since last request: 0.0049289 seconds.
  importAddress: GUID: baf0f69da3098924ab85d19272b38c0e - Path: Assets/Scripts/Logistics/Inserter.cs - Importer: PreviewImporter
Importing 'GUID: baf0f69da3098924ab85d19272b38c0e - Path: Assets/Scripts/Logistics/Inserter.cs - Importer: PreviewImporter' with importer (PreviewImporter)
Imported 'GUID: baf0f69da3098924ab85d19272b38c0e' -> (Import Result ID: '00000000000000000000000000000000') in 0.000 seconds
Import Error Code:(4)
Message: Build asset version error: assets/scripts/logistics/inserter.cs in SourceAssetDB has modification time of '2026-08-28T09:36:30.6477809Z' while content on disk has modification time of '2026-08-28T09:36:38.049Z'
  ERROR: Build asset version error: assets/scripts/logistics/inserter.cs in SourceAssetDB has modification time of '2026-08-28T09:36:30.6477809Z' while content on disk has modification time of '2026-08-28T09:36:38.049Z'
Number of updated asset objects reloaded before import = 0
Number of asset objects unloaded after import = 0
========================================================================
Received Import Request.
  Time of request: 2026-08-28T09:36:47.5401519Z
  Time since last request: 0.0050321 seconds.
  importAddress: GUID: baf0f69da3098924ab85d19272b38c0e - Path: Assets/Scripts/Logistics/Inserter.cs - Importer: PreviewImporter
Importing 'GUID: baf0f69da3098924ab85d19272b38c0e - Path: Assets/Scripts/Logistics/Inserter.cs - Importer: PreviewImporter' with importer (PreviewImporter)
Imported 'GUID: baf0f69da3098924ab85d19272b38c0e' -> (Import Result ID: '00000000000000000000000000000000') in 0.000 seconds
Import Error Code:(4)
Message: Build asset version error: assets/scripts/logistics/inserter.cs in SourceAssetDB has modification time of '2026-08-28T09:36:30.6477809Z' while content on disk has modification time of '2026-08-28T09:36:38.049Z'
  ERROR: Build asset version error: assets/scripts/logistics/inserter.cs in SourceAssetDB has modification time of '2026-08-28T09:36:30.6477809Z' while content on disk has modification time of '2026-08-28T09:36:38.049Z'
Number of updated asset objects reloaded before import = 0
Number of asset objects unloaded after import = 0
========================================================================
Received Import Request.
  Time of request: 2026-08-28T09:36:47.5561745Z
  Time since last request: 0.0049779 seconds.
  importAddress: GUID: baf0f69da3098924ab85d19272b38c0e - Path: Assets/Scripts/Logistics/Inserter.cs - Importer: PreviewImporter
Importing 'GUID: baf0f69da3098924ab85d19272b38c0e - Path: Assets/Scripts/Logistics/Inserter.cs - Importer: PreviewImporter' with importer (PreviewImporter)
Imported 'GUID: baf0f69da3098924ab85d19272b38c0e' -> (Import Result ID: '00000000000000000000000000000000') in 0.000 seconds
Import Error Code:(4)
Message: Build asset version error: assets/scripts/logistics/inserter.cs in SourceAssetDB has modification time of '2026-08-28T09:36:30.6477809Z' while content on disk has modification time of '2026-08-28T09:36:38.049Z'
  ERROR: Build asset version error: assets/scripts/logistics/inserter.cs in SourceAssetDB has modification time of '2026-08-28T09:36:30.6477809Z' while content on disk has modification time of '2026-08-28T09:36:38.049Z'
Number of updated asset objects reloaded before import = 0
Number of asset objects unloaded after import = 0
========================================================================
Received Import Request.
  Time of request: 2026-08-28T09:36:47.5721661Z
  Time since last request: 0.0046604 seconds.
  importAddress: GUID: baf0f69da3098924ab85d19272b38c0e - Path: Assets/Scripts/Logistics/Inserter.cs - Importer: PreviewImporter
Importing 'GUID: baf0f69da3098924ab85d19272b38c0e - Path: Assets/Scripts/Logistics/Inserter.cs - Importer: PreviewImporter' with importer (PreviewImporter)
Imported 'GUID: baf0f69da3098924ab85d19272b38c0e' -> (Import Result ID: '00000000000000000000000000000000') in 0.000 seconds
Import Error Code:(4)
Message: Build asset version error: assets/scripts/logistics/inserter.cs in SourceAssetDB has modification time of '2026-08-28T09:36:30.6477809Z' while content on disk has modification time of '2026-08-28T09:36:38.049Z'
  ERROR: Build asset version error: assets/scripts/logistics/inserter.cs in SourceAssetDB has modification time of '2026-08-28T09:36:30.6477809Z' while content on disk has modification time of '2026-08-28T09:36:38.049Z'
Number of updated asset objects reloaded before import = 0
Number of asset objects unloaded after import = 0
========================================================================
Received Import Request.
  Time of request: 2026-08-28T09:36:47.5875067Z
  Time since last request: 0.0042812 seconds.
  importAddress: GUID: baf0f69da3098924ab85d19272b38c0e - Path: Assets/Scripts/Logistics/Inserter.cs - Importer: PreviewImporter
Importing 'GUID: baf0f69da3098924ab85d19272b38c0e - Path: Assets/Scripts/Logistics/Inserter.cs - Importer: PreviewImporter' with importer (PreviewImporter)
Imported 'GUID: baf0f69da3098924ab85d19272b38c0e' -> (Import Result ID: '00000000000000000000000000000000') in 0.000 seconds
Import Error Code:(4)
Message: Build asset version error: assets/scripts/logistics/inserter.cs in SourceAssetDB has modification time of '2026-08-28T09:36:30.6477809Z' while content on disk has modification time of '2026-08-28T09:36:38.049Z'
  ERROR: Build asset version error: assets/scripts/logistics/inserter.cs in SourceAssetDB has modification time of '2026-08-28T09:36:30.6477809Z' while content on disk has modification time of '2026-08-28T09:36:38.049Z'
Number of updated asset objects reloaded before import = 0
Number of asset objects unloaded after import = 0
========================================================================
Received Import Request.
  Time of request: 2026-08-28T09:36:47.6037058Z
  Time since last request: 0.0048068 seconds.
  importAddress: GUID: baf0f69da3098924ab85d19272b38c0e - Path: Assets/Scripts/Logistics/Inserter.cs - Importer: PreviewImporter
Importing 'GUID: baf0f69da3098924ab85d19272b38c0e - Path: Assets/Scripts/Logistics/Inserter.cs - Importer: PreviewImporter' with importer (PreviewImporter)
Imported 'GUID: baf0f69da3098924ab85d19272b38c0e' -> (Import Result ID: '00000000000000000000000000000000') in 0.000 seconds
Import Error Code:(4)
Message: Build asset version error: assets/scripts/logistics/inserter.cs in SourceAssetDB has modification time of '2026-08-28T09:36:30.6477809Z' while content on disk has modification time of '2026-08-28T09:36:38.049Z'
  ERROR: Build asset version error: assets/scripts/logistics/inserter.cs in SourceAssetDB has modification time of '2026-08-28T09:36:30.6477809Z' while content on disk has modification time of '2026-08-28T09:36:38.049Z'
Number of updated asset objects reloaded before import = 0
Number of asset objects unloaded after import = 0
========================================================================
Received Import Request.
  Time of request: 2026-08-28T09:36:47.6200111Z
  Time since last request: 0.0050525 seconds.
  importAddress: GUID: baf0f69da3098924ab85d19272b38c0e - Path: Assets/Scripts/Logistics/Inserter.cs - Importer: PreviewImporter
Importing 'GUID: baf0f69da3098924ab85d19272b38c0e - Path: Assets/Scripts/Logistics/Inserter.cs - Importer: PreviewImporter' with importer (PreviewImporter)
Imported 'GUID: baf0f69da3098924ab85d19272b38c0e' -> (Import Result ID: '00000000000000000000000000000000') in 0.000 seconds
Import Error Code:(4)
Message: Build asset version error: assets/scripts/logistics/inserter.cs in SourceAssetDB has modification time of '2026-08-28T09:36:30.6477809Z' while content on disk has modification time of '2026-08-28T09:36:38.049Z'
  ERROR: Build asset version error: assets/scripts/logistics/inserter.cs in SourceAssetDB has modification time of '2026-08-28T09:36:30.6477809Z' while content on disk has modification time of '2026-08-28T09:36:38.049Z'
Number of updated asset objects reloaded before import = 0
Number of asset objects unloaded after import = 0
========================================================================
Received Import Request.
  Time of request: 2026-08-28T09:36:47.6352993Z
  Time since last request: 0.0040696 seconds.
  importAddress: GUID: baf0f69da3098924ab85d19272b38c0e - Path: Assets/Scripts/Logistics/Inserter.cs - Importer: PreviewImporter
Importing 'GUID: baf0f69da3098924ab85d19272b38c0e - Path: Assets/Scripts/Logistics/Inserter.cs - Importer: PreviewImporter' with importer (PreviewImporter)
Imported 'GUID: baf0f69da3098924ab85d19272b38c0e' -> (Import Result ID: '00000000000000000000000000000000') in 0.000 seconds
Import Error Code:(4)
Message: Build asset version error: assets/scripts/logistics/inserter.cs in SourceAssetDB has modification time of '2026-08-28T09:36:30.6477809Z' while content on disk has modification time of '2026-08-28T09:36:38.049Z'
  ERROR: Build asset version error: assets/scripts/logistics/inserter.cs in SourceAssetDB has modification time of '2026-08-28T09:36:30.6477809Z' while content on disk has modification time of '2026-08-28T09:36:38.049Z'
Number of updated asset objects reloaded before import = 0
Number of asset objects unloaded after import = 0
========================================================================
Received Import Request.
  Time of request: 2026-08-28T09:36:47.6508873Z
  Time since last request: 0.0043425 seconds.
  importAddress: GUID: baf0f69da3098924ab85d19272b38c0e - Path: Assets/Scripts/Logistics/Inserter.cs - Importer: PreviewImporter
Importing 'GUID: baf0f69da3098924ab85d19272b38c0e - Path: Assets/Scripts/Logistics/Inserter.cs - Importer: PreviewImporter' with importer (PreviewImporter)
Imported 'GUID: baf0f69da3098924ab85d19272b38c0e' -> (Import Result ID: '00000000000000000000000000000000') in 0.000 seconds
Import Error Code:(4)
Message: Build asset version error: assets/scripts/logistics/inserter.cs in SourceAssetDB has modification time of '2026-08-28T09:36:30.6477809Z' while content on disk has modification time of '2026-08-28T09:36:38.049Z'
  ERROR: Build asset version error: assets/scripts/logistics/inserter.cs in SourceAssetDB has modification time of '2026-08-28T09:36:30.6477809Z' while content on disk has modification time of '2026-08-28T09:36:38.049Z'
Number of updated asset objects reloaded before import = 0
Number of asset objects unloaded after import = 0
========================================================================
Received Import Request.
  Time of request: 2026-08-28T09:36:47.6664956Z
  Time since last request: 0.0042936 seconds.
  importAddress: GUID: baf0f69da3098924ab85d19272b38c0e - Path: Assets/Scripts/Logistics/Inserter.cs - Importer: PreviewImporter
Importing 'GUID: baf0f69da3098924ab85d19272b38c0e - Path: Assets/Scripts/Logistics/Inserter.cs - Importer: PreviewImporter' with importer (PreviewImporter)
Imported 'GUID: baf0f69da3098924ab85d19272b38c0e' -> (Import Result ID: '00000000000000000000000000000000') in 0.000 seconds
Import Error Code:(4)
Message: Build asset version error: assets/scripts/logistics/inserter.cs in SourceAssetDB has modification time of '2026-08-28T09:36:30.6477809Z' while content on disk has modification time of '2026-08-28T09:36:38.049Z'
  ERROR: Build asset version error: assets/scripts/logistics/inserter.cs in SourceAssetDB has modification time of '2026-08-28T09:36:30.6477809Z' while content on disk has modification time of '2026-08-28T09:36:38.049Z'
Number of updated asset objects reloaded before import = 0
Number of asset objects unloaded after import = 0
========================================================================
Received Import Request.
  Time of request: 2026-08-28T09:36:47.681992Z
  Time since last request: 0.0041705 seconds.
  importAddress: GUID: baf0f69da3098924ab85d19272b38c0e - Path: Assets/Scripts/Logistics/Inserter.cs - Importer: PreviewImporter
Importing 'GUID: baf0f69da3098924ab85d19272b38c0e - Path: Assets/Scripts/Logistics/Inserter.cs - Importer: PreviewImporter' with importer (PreviewImporter)
Imported 'GUID: baf0f69da3098924ab85d19272b38c0e' -> (Import Result ID: '00000000000000000000000000000000') in 0.000 seconds
Import Error Code:(4)
Message: Build asset version error: assets/scripts/logistics/inserter.cs in SourceAssetDB has modification time of '2026-08-28T09:36:30.6477809Z' while content on disk has modification time of '2026-08-28T09:36:38.049Z'
  ERROR: Build asset version error: assets/scripts/logistics/inserter.cs in SourceAssetDB has modification time of '2026-08-28T09:36:30.6477809Z' while content on disk has modification time of '2026-08-28T09:36:38.049Z'
Number of updated asset objects reloaded before import = 0
Number of asset objects unloaded after import = 0
========================================================================
Received Import Request.
  Time of request: 2026-08-28T09:36:47.6975127Z
  Time since last request: 0.0041239 seconds.
  importAddress: GUID: baf0f69da3098924ab85d19272b38c0e - Path: Assets/Scripts/Logistics/Inserter.cs - Importer: PreviewImporter
Importing 'GUID: baf0f69da3098924ab85d19272b38c0e - Path: Assets/Scripts/Logistics/Inserter.cs - Importer: PreviewImporter' with importer (PreviewImporter)
Imported 'GUID: baf0f69da3098924ab85d19272b38c0e' -> (Import Result ID: '00000000000000000000000000000000') in 0.000 seconds
Import Error Code:(4)
Message: Build asset version error: assets/scripts/logistics/inserter.cs in SourceAssetDB has modification time of '2026-08-28T09:36:30.6477809Z' while content on disk has modification time of '2026-08-28T09:36:38.049Z'
  ERROR: Build asset version error: assets/scripts/logistics/inserter.cs in SourceAssetDB has modification time of '2026-08-28T09:36:30.6477809Z' while content on disk has modification time of '2026-08-28T09:36:38.049Z'
Number of updated asset objects reloaded before import = 0
Number of asset objects unloaded after import = 0
========================================================================
Received Import Request.
  Time of request: 2026-08-28T09:36:47.713341Z
  Time since last request: 0.0042019 seconds.
  importAddress: GUID: baf0f69da3098924ab85d19272b38c0e - Path: Assets/Scripts/Logistics/Inserter.cs - Importer: PreviewImporter
Importing 'GUID: baf0f69da3098924ab85d19272b38c0e - Path: Assets/Scripts/Logistics/Inserter.cs - Importer: PreviewImporter' with importer (PreviewImporter)
Imported 'GUID: baf0f69da3098924ab85d19272b38c0e' -> (Import Result ID: '00000000000000000000000000000000') in 0.000 seconds
Import Error Code:(4)
Message: Build asset version error: assets/scripts/logistics/inserter.cs in SourceAssetDB has modification time of '2026-08-28T09:36:30.6477809Z' while content on disk has modification time of '2026-08-28T09:36:38.049Z'
  ERROR: Build asset version error: assets/scripts/logistics/inserter.cs in SourceAssetDB has modification time of '2026-08-28T09:36:30.6477809Z' while content on disk has modification time of '2026-08-28T09:36:38.049Z'
Number of updated asset objects reloaded before import = 0
Number of asset objects unloaded after import = 0
========================================================================
Received Import Request.
  Time of request: 2026-08-28T09:36:47.7295376Z
  Time since last request: 0.0042539 seconds.
  importAddress: GUID: baf0f69da3098924ab85d19272b38c0e - Path: Assets/Scripts/Logistics/Inserter.cs - Importer: PreviewImporter
Importing 'GUID: baf0f69da3098924ab85d19272b38c0e - Path: Assets/Scripts/Logistics/Inserter.cs - Importer: PreviewImporter' with importer (PreviewImporter)
Imported 'GUID: baf0f69da3098924ab85d19272b38c0e' -> (Import Result ID: '00000000000000000000000000000000') in 0.001 seconds
Import Error Code:(4)
Message: Build asset version error: assets/scripts/logistics/inserter.cs in SourceAssetDB has modification time of '2026-08-28T09:36:30.6477809Z' while content on disk has modification time of '2026-08-28T09:36:38.049Z'
  ERROR: Build asset version error: assets/scripts/logistics/inserter.cs in SourceAssetDB has modification time of '2026-08-28T09:36:30.6477809Z' while content on disk has modification time of '2026-08-28T09:36:38.049Z'
Number of updated asset objects reloaded before import = 0
Number of asset objects unloaded after import = 0
========================================================================
Received Import Request.
  Time of request: 2026-08-28T09:36:47.7486048Z
  Time since last request: 0.0079356 seconds.
  importAddress: GUID: baf0f69da3098924ab85d19272b38c0e - Path: Assets/Scripts/Logistics/Inserter.cs - Importer: PreviewImporter
Importing 'GUID: baf0f69da3098924ab85d19272b38c0e - Path: Assets/Scripts/Logistics/Inserter.cs - Importer: PreviewImporter' with importer (PreviewImporter)
Imported 'GUID: baf0f69da3098924ab85d19272b38c0e' -> (Import Result ID: '00000000000000000000000000000000') in 0.001 seconds
Import Error Code:(4)
Message: Build asset version error: assets/scripts/logistics/inserter.cs in SourceAssetDB has modification time of '2026-08-28T09:36:30.6477809Z' while content on disk has modification time of '2026-08-28T09:36:38.049Z'
  ERROR: Build asset version error: assets/scripts/logistics/inserter.cs in SourceAssetDB has modification time of '2026-08-28T09:36:30.6477809Z' while content on disk has modification time of '2026-08-28T09:36:38.049Z'
Number of updated asset objects reloaded before import = 0
Number of asset objects unloaded after import = 0
========================================================================
Received Import Request.
  Time of request: 2026-08-28T09:36:47.775058Z
  Time since last request: 0.0146652 seconds.
  importAddress: GUID: baf0f69da3098924ab85d19272b38c0e - Path: Assets/Scripts/Logistics/Inserter.cs - Importer: PreviewImporter
Importing 'GUID: baf0f69da3098924ab85d19272b38c0e - Path: Assets/Scripts/Logistics/Inserter.cs - Importer: PreviewImporter' with importer (PreviewImporter)
Imported 'GUID: baf0f69da3098924ab85d19272b38c0e' -> (Import Result ID: '00000000000000000000000000000000') in 0.000 seconds
Import Error Code:(4)
Message: Build asset version error: assets/scripts/logistics/inserter.cs in SourceAssetDB has modification time of '2026-08-28T09:36:30.6477809Z' while content on disk has modification time of '2026-08-28T09:36:38.049Z'
  ERROR: Build asset version error: assets/scripts/logistics/inserter.cs in SourceAssetDB has modification time of '2026-08-28T09:36:30.6477809Z' while content on disk has modification time of '2026-08-28T09:36:38.049Z'
Number of updated asset objects reloaded before import = 0
Number of asset objects unloaded after import = 0
========================================================================
Received Import Request.
  Time of request: 2026-08-28T09:36:47.7927974Z
  Time since last request: 0.0063693 seconds.
  importAddress: GUID: baf0f69da3098924ab85d19272b38c0e - Path: Assets/Scripts/Logistics/Inserter.cs - Importer: PreviewImporter
Importing 'GUID: baf0f69da3098924ab85d19272b38c0e - Path: Assets/Scripts/Logistics/Inserter.cs - Importer: PreviewImporter' with importer (PreviewImporter)
Imported 'GUID: baf0f69da3098924ab85d19272b38c0e' -> (Import Result ID: '00000000000000000000000000000000') in 0.001 seconds
Import Error Code:(4)
Message: Build asset version error: assets/scripts/logistics/inserter.cs in SourceAssetDB has modification time of '2026-08-28T09:36:30.6477809Z' while content on disk has modification time of '2026-08-28T09:36:38.049Z'
  ERROR: Build asset version error: assets/scripts/logistics/inserter.cs in SourceAssetDB has modification time of '2026-08-28T09:36:30.6477809Z' while content on disk has modification time of '2026-08-28T09:36:38.049Z'
Number of updated asset objects reloaded before import = 0
Number of asset objects unloaded after import = 0
========================================================================
Received Import Request.
  Time of request: 2026-08-28T09:36:47.8196524Z
  Time since last request: 0.0164335 seconds.
  importAddress: GUID: baf0f69da3098924ab85d19272b38c0e - Path: Assets/Scripts/Logistics/Inserter.cs - Importer: PreviewImporter
Importing 'GUID: baf0f69da3098924ab85d19272b38c0e - Path: Assets/Scripts/Logistics/Inserter.cs - Importer: PreviewImporter' with importer (PreviewImporter)
Imported 'GUID: baf0f69da3098924ab85d19272b38c0e' -> (Import Result ID: '00000000000000000000000000000000') in 0.000 seconds
Import Error Code:(4)
Message: Build asset version error: assets/scripts/logistics/inserter.cs in SourceAssetDB has modification time of '2026-08-28T09:36:30.6477809Z' while content on disk has modification time of '2026-08-28T09:36:38.049Z'
  ERROR: Build asset version error: assets/scripts/logistics/inserter.cs in SourceAssetDB has modification time of '2026-08-28T09:36:30.6477809Z' while content on disk has modification time of '2026-08-28T09:36:38.049Z'
Number of updated asset objects reloaded before import = 0
Number of asset objects unloaded after import = 0
========================================================================
Received Import Request.
  Time of request: 2026-08-28T09:36:47.8360004Z
  Time since last request: 0.0048295 seconds.
  importAddress: GUID: baf0f69da3098924ab85d19272b38c0e - Path: Assets/Scripts/Logistics/Inserter.cs - Importer: PreviewImporter
Importing 'GUID: baf0f69da3098924ab85d19272b38c0e - Path: Assets/Scripts/Logistics/Inserter.cs - Importer: PreviewImporter' with importer (PreviewImporter)
Imported 'GUID: baf0f69da3098924ab85d19272b38c0e' -> (Import Result ID: '00000000000000000000000000000000') in 0.000 seconds
Import Error Code:(4)
Message: Build asset version error: assets/scripts/logistics/inserter.cs in SourceAssetDB has modification time of '2026-08-28T09:36:30.6477809Z' while content on disk has modification time of '2026-08-28T09:36:38.049Z'
  ERROR: Build asset version error: assets/scripts/logistics/inserter.cs in SourceAssetDB has modification time of '2026-08-28T09:36:30.6477809Z' while content on disk has modification time of '2026-08-28T09:36:38.049Z'
Number of updated asset objects reloaded before import = 0
Number of asset objects unloaded after import = 0
========================================================================
Received Import Request.
  Time of request: 2026-08-28T09:36:47.8553466Z
  Time since last request: 0.0076418 seconds.
  importAddress: GUID: baf0f69da3098924ab85d19272b38c0e - Path: Assets/Scripts/Logistics/Inserter.cs - Importer: PreviewImporter
Importing 'GUID: baf0f69da3098924ab85d19272b38c0e - Path: Assets/Scripts/Logistics/Inserter.cs - Importer: PreviewImporter' with importer (PreviewImporter)
Imported 'GUID: baf0f69da3098924ab85d19272b38c0e' -> (Import Result ID: '00000000000000000000000000000000') in 0.001 seconds
Import Error Code:(4)
Message: Build asset version error: assets/scripts/logistics/inserter.cs in SourceAssetDB has modification time of '2026-08-28T09:36:30.6477809Z' while content on disk has modification time of '2026-08-28T09:36:38.049Z'
  ERROR: Build asset version error: assets/scripts/logistics/inserter.cs in SourceAssetDB has modification time of '2026-08-28T09:36:30.6477809Z' while content on disk has modification time of '2026-08-28T09:36:38.049Z'
Number of updated asset objects reloaded before import = 0
Number of asset objects unloaded after import = 0
========================================================================
Received Import Request.
  Time of request: 2026-08-28T09:36:47.8774259Z
  Time since last request: 0.0112365 seconds.
  importAddress: GUID: baf0f69da3098924ab85d19272b38c0e - Path: Assets/Scripts/Logistics/Inserter.cs - Importer: PreviewImporter
Importing 'GUID: baf0f69da3098924ab85d19272b38c0e - Path: Assets/Scripts/Logistics/Inserter.cs - Importer: PreviewImporter' with importer (PreviewImporter)
Imported 'GUID: baf0f69da3098924ab85d19272b38c0e' -> (Import Result ID: '00000000000000000000000000000000') in 0.000 seconds
Import Error Code:(4)
Message: Build asset version error: assets/scripts/logistics/inserter.cs in SourceAssetDB has modification time of '2026-08-28T09:36:30.6477809Z' while content on disk has modification time of '2026-08-28T09:36:38.049Z'
  ERROR: Build asset version error: assets/scripts/logistics/inserter.cs in SourceAssetDB has modification time of '2026-08-28T09:36:30.6477809Z' while content on disk has modification time of '2026-08-28T09:36:38.049Z'
Number of updated asset objects reloaded before import = 0
Number of asset objects unloaded after import = 0
========================================================================
Received Import Request.
  Time of request: 2026-08-28T09:36:47.8938017Z
  Time since last request: 0.0049344 seconds.
  importAddress: GUID: baf0f69da3098924ab85d19272b38c0e - Path: Assets/Scripts/Logistics/Inserter.cs - Importer: PreviewImporter
Importing 'GUID: baf0f69da3098924ab85d19272b38c0e - Path: Assets/Scripts/Logistics/Inserter.cs - Importer: PreviewImporter' with importer (PreviewImporter)
Imported 'GUID: baf0f69da3098924ab85d19272b38c0e' -> (Import Result ID: '00000000000000000000000000000000') in 0.000 seconds
Import Error Code:(4)
Message: Build asset version error: assets/scripts/logistics/inserter.cs in SourceAssetDB has modification time of '2026-08-28T09:36:30.6477809Z' while content on disk has modification time of '2026-08-28T09:36:38.049Z'
  ERROR: Build asset version error: assets/scripts/logistics/inserter.cs in SourceAssetDB has modification time of '2026-08-28T09:36:30.6477809Z' while content on disk has modification time of '2026-08-28T09:36:38.049Z'
Number of updated asset objects reloaded before import = 0
Number of asset objects unloaded after import = 0
========================================================================
Received Import Request.
  Time of request: 2026-08-28T09:36:47.9114868Z
  Time since last request: 0.0060948 seconds.
  importAddress: GUID: baf0f69da3098924ab85d19272b38c0e - Path: Assets/Scripts/Logistics/Inserter.cs - Importer: PreviewImporter
Importing 'GUID: baf0f69da3098924ab85d19272b38c0e - Path: Assets/Scripts/Logistics/Inserter.cs - Importer: PreviewImporter' with importer (PreviewImporter)
Imported 'GUID: baf0f69da3098924ab85d19272b38c0e' -> (Import Result ID: '00000000000000000000000000000000') in 0.000 seconds
Import Error Code:(4)
Message: Build asset version error: assets/scripts/logistics/inserter.cs in SourceAssetDB has modification time of '2026-08-28T09:36:30.6477809Z' while content on disk has modification time of '2026-08-28T09:36:38.049Z'
  ERROR: Build asset version error: assets/scripts/logistics/inserter.cs in SourceAssetDB has modification time of '2026-08-28T09:36:30.6477809Z' while content on disk has modification time of '2026-08-28T09:36:38.049Z'
Number of updated asset objects reloaded before import = 0
Number of asset objects unloaded after import = 0
========================================================================
Received Import Request.
  Time of request: 2026-08-28T09:36:47.9287101Z
  Time since last request: 0.0053917 seconds.
  importAddress: GUID: baf0f69da3098924ab85d19272b38c0e - Path: Assets/Scripts/Logistics/Inserter.cs - Importer: PreviewImporter
Importing 'GUID: baf0f69da3098924ab85d19272b38c0e - Path: Assets/Scripts/Logistics/Inserter.cs - Importer: PreviewImporter' with importer (PreviewImporter)
Imported 'GUID: baf0f69da3098924ab85d19272b38c0e' -> (Import Result ID: '00000000000000000000000000000000') in 0.000 seconds
Import Error Code:(4)
Message: Build asset version error: assets/scripts/logistics/inserter.cs in SourceAssetDB has modification time of '2026-08-28T09:36:30.6477809Z' while content on disk has modification time of '2026-08-28T09:36:38.049Z'
  ERROR: Build asset version error: assets/scripts/logistics/inserter.cs in SourceAssetDB has modification time of '2026-08-28T09:36:30.6477809Z' while content on disk has modification time of '2026-08-28T09:36:38.049Z'
Number of updated asset objects reloaded before import = 0
Number of asset objects unloaded after import = 0
========================================================================
Received Import Request.
  Time of request: 2026-08-28T09:36:47.9456087Z
  Time since last request: 0.0054928 seconds.
  importAddress: GUID: baf0f69da3098924ab85d19272b38c0e - Path: Assets/Scripts/Logistics/Inserter.cs - Importer: PreviewImporter
Importing 'GUID: baf0f69da3098924ab85d19272b38c0e - Path: Assets/Scripts/Logistics/Inserter.cs - Importer: PreviewImporter' with importer (PreviewImporter)
Imported 'GUID: baf0f69da3098924ab85d19272b38c0e' -> (Import Result ID: '00000000000000000000000000000000') in 0.000 seconds
Import Error Code:(4)
Message: Build asset version error: assets/scripts/logistics/inserter.cs in SourceAssetDB has modification time of '2026-08-28T09:36:30.6477809Z' while content on disk has modification time of '2026-08-28T09:36:38.049Z'
  ERROR: Build asset version error: assets/scripts/logistics/inserter.cs in SourceAssetDB has modification time of '2026-08-28T09:36:30.6477809Z' while content on disk has modification time of '2026-08-28T09:36:38.049Z'
Number of updated asset objects reloaded before import = 0
Number of asset objects unloaded after import = 0
========================================================================
Received Import Request.
  Time of request: 2026-08-28T09:36:47.9630569Z
  Time since last request: 0.0048565 seconds.
  importAddress: GUID: baf0f69da3098924ab85d19272b38c0e - Path: Assets/Scripts/Logistics/Inserter.cs - Importer: PreviewImporter
Importing 'GUID: baf0f69da3098924ab85d19272b38c0e - Path: Assets/Scripts/Logistics/Inserter.cs - Importer: PreviewImporter' with importer (PreviewImporter)
Imported 'GUID: baf0f69da3098924ab85d19272b38c0e' -> (Import Result ID: '00000000000000000000000000000000') in 0.000 seconds
Import Error Code:(4)
Message: Build asset version error: assets/scripts/logistics/inserter.cs in SourceAssetDB has modification time of '2026-08-28T09:36:30.6477809Z' while content on disk has modification time of '2026-08-28T09:36:38.049Z'
  ERROR: Build asset version error: assets/scripts/logistics/inserter.cs in SourceAssetDB has modification time of '2026-08-28T09:36:30.6477809Z' while content on disk has modification time of '2026-08-28T09:36:38.049Z'
Number of updated asset objects reloaded before import = 0
Number of asset objects unloaded after import = 0
========================================================================
Received Import Request.
  Time of request: 2026-08-28T09:36:47.9816978Z
  Time since last request: 0.0070628 seconds.
  importAddress: GUID: baf0f69da3098924ab85d19272b38c0e - Path: Assets/Scripts/Logistics/Inserter.cs - Importer: PreviewImporter
Importing 'GUID: baf0f69da3098924ab85d19272b38c0e - Path: Assets/Scripts/Logistics/Inserter.cs - Importer: PreviewImporter' with importer (PreviewImporter)
Imported 'GUID: baf0f69da3098924ab85d19272b38c0e' -> (Import Result ID: '00000000000000000000000000000000') in 0.000 seconds
Import Error Code:(4)
Message: Build asset version error: assets/scripts/logistics/inserter.cs in SourceAssetDB has modification time of '2026-08-28T09:36:30.6477809Z' while content on disk has modification time of '2026-08-28T09:36:38.049Z'
  ERROR: Build asset version error: assets/scripts/logistics/inserter.cs in SourceAssetDB has modification time of '2026-08-28T09:36:30.6477809Z' while content on disk has modification time of '2026-08-28T09:36:38.049Z'
Number of updated asset objects reloaded before import = 0
Number of asset objects unloaded after import = 0
========================================================================
Received Import Request.
  Time of request: 2026-08-28T09:36:47.999007Z
  Time since last request: 0.0052379 seconds.
  importAddress: GUID: baf0f69da3098924ab85d19272b38c0e - Path: Assets/Scripts/Logistics/Inserter.cs - Importer: PreviewImporter
Importing 'GUID: baf0f69da3098924ab85d19272b38c0e - Path: Assets/Scripts/Logistics/Inserter.cs - Importer: PreviewImporter' with importer (PreviewImporter)
Imported 'GUID: baf0f69da3098924ab85d19272b38c0e' -> (Import Result ID: '00000000000000000000000000000000') in 0.000 seconds
Import Error Code:(4)
Message: Build asset version error: assets/scripts/logistics/inserter.cs in SourceAssetDB has modification time of '2026-08-28T09:36:30.6477809Z' while content on disk has modification time of '2026-08-28T09:36:38.049Z'
  ERROR: Build asset version error: assets/scripts/logistics/inserter.cs in SourceAssetDB has modification time of '2026-08-28T09:36:30.6477809Z' while content on disk has modification time of '2026-08-28T09:36:38.049Z'
Number of updated asset objects reloaded before import = 0
Number of asset objects unloaded after import = 0
========================================================================
Received Import Request.
  Time of request: 2026-08-28T09:36:48.0153562Z
  Time since last request: 0.0051478 seconds.
  importAddress: GUID: baf0f69da3098924ab85d19272b38c0e - Path: Assets/Scripts/Logistics/Inserter.cs - Importer: PreviewImporter
Importing 'GUID: baf0f69da3098924ab85d19272b38c0e - Path: Assets/Scripts/Logistics/Inserter.cs - Importer: PreviewImporter' with importer (PreviewImporter)
Imported 'GUID: baf0f69da3098924ab85d19272b38c0e' -> (Import Result ID: '00000000000000000000000000000000') in 0.000 seconds
Import Error Code:(4)
Message: Build asset version error: assets/scripts/logistics/inserter.cs in SourceAssetDB has modification time of '2026-08-28T09:36:30.6477809Z' while content on disk has modification time of '2026-08-28T09:36:38.049Z'
  ERROR: Build asset version error: assets/scripts/logistics/inserter.cs in SourceAssetDB has modification time of '2026-08-28T09:36:30.6477809Z' while content on disk has modification time of '2026-08-28T09:36:38.049Z'
Number of updated asset objects reloaded before import = 0
Number of asset objects unloaded after import = 0
========================================================================
Received Import Request.
  Time of request: 2026-08-28T09:36:48.0322077Z
  Time since last request: 0.0055502 seconds.
  importAddress: GUID: baf0f69da3098924ab85d19272b38c0e - Path: Assets/Scripts/Logistics/Inserter.cs - Importer: PreviewImporter
Importing 'GUID: baf0f69da3098924ab85d19272b38c0e - Path: Assets/Scripts/Logistics/Inserter.cs - Importer: PreviewImporter' with importer (PreviewImporter)
Imported 'GUID: baf0f69da3098924ab85d19272b38c0e' -> (Import Result ID: '00000000000000000000000000000000') in 0.001 seconds
Import Error Code:(4)
Message: Build asset version error: assets/scripts/logistics/inserter.cs in SourceAssetDB has modification time of '2026-08-28T09:36:30.6477809Z' while content on disk has modification time of '2026-08-28T09:36:38.049Z'
  ERROR: Build asset version error: assets/scripts/logistics/inserter.cs in SourceAssetDB has modification time of '2026-08-28T09:36:30.6477809Z' while content on disk has modification time of '2026-08-28T09:36:38.049Z'
Number of updated asset objects reloaded before import = 0
Number of asset objects unloaded after import = 0
========================================================================
Received Import Request.
  Time of request: 2026-08-28T09:36:48.0516784Z
  Time since last request: 0.0052904 seconds.
  importAddress: GUID: baf0f69da3098924ab85d19272b38c0e - Path: Assets/Scripts/Logistics/Inserter.cs - Importer: PreviewImporter
Importing 'GUID: baf0f69da3098924ab85d19272b38c0e - Path: Assets/Scripts/Logistics/Inserter.cs - Importer: PreviewImporter' with importer (PreviewImporter)
Imported 'GUID: baf0f69da3098924ab85d19272b38c0e' -> (Import Result ID: '00000000000000000000000000000000') in 0.000 seconds
Import Error Code:(4)
Message: Build asset version error: assets/scripts/logistics/inserter.cs in SourceAssetDB has modification time of '2026-08-28T09:36:30.6477809Z' while content on disk has modification time of '2026-08-28T09:36:38.049Z'
  ERROR: Build asset version error: assets/scripts/logistics/inserter.cs in SourceAssetDB has modification time of '2026-08-28T09:36:30.6477809Z' while content on disk has modification time of '2026-08-28T09:36:38.049Z'
Number of updated asset objects reloaded before import = 0
Number of asset objects unloaded after import = 0
========================================================================
Received Import Request.
  Time of request: 2026-08-28T09:36:48.0681738Z
  Time since last request: 0.0053938 seconds.
  importAddress: GUID: baf0f69da3098924ab85d19272b38c0e - Path: Assets/Scripts/Logistics/Inserter.cs - Importer: PreviewImporter
Importing 'GUID: baf0f69da3098924ab85d19272b38c0e - Path: Assets/Scripts/Logistics/Inserter.cs - Importer: PreviewImporter' with importer (PreviewImporter)
Imported 'GUID: baf0f69da3098924ab85d19272b38c0e' -> (Import Result ID: '00000000000000000000000000000000') in 0.000 seconds
Import Error Code:(4)
Message: Build asset version error: assets/scripts/logistics/inserter.cs in SourceAssetDB has modification time of '2026-08-28T09:36:30.6477809Z' while content on disk has modification time of '2026-08-28T09:36:38.049Z'
  ERROR: Build asset version error: assets/scripts/logistics/inserter.cs in SourceAssetDB has modification time of '2026-08-28T09:36:30.6477809Z' while content on disk has modification time of '2026-08-28T09:36:38.049Z'
Number of updated asset objects reloaded before import = 0
Number of asset objects unloaded after import = 0
========================================================================
Received Import Request.
  Time of request: 2026-08-28T09:36:48.0846953Z
  Time since last request: 0.0053803 seconds.
  importAddress: GUID: baf0f69da3098924ab85d19272b38c0e - Path: Assets/Scripts/Logistics/Inserter.cs - Importer: PreviewImporter
Importing 'GUID: baf0f69da3098924ab85d19272b38c0e - Path: Assets/Scripts/Logistics/Inserter.cs - Importer: PreviewImporter' with importer (PreviewImporter)
Imported 'GUID: baf0f69da3098924ab85d19272b38c0e' -> (Import Result ID: '00000000000000000000000000000000') in 0.001 seconds
Import Error Code:(4)
Message: Build asset version error: assets/scripts/logistics/inserter.cs in SourceAssetDB has modification time of '2026-08-28T09:36:30.6477809Z' while content on disk has modification time of '2026-08-28T09:36:38.049Z'
  ERROR: Build asset version error: assets/scripts/logistics/inserter.cs in SourceAssetDB has modification time of '2026-08-28T09:36:30.6477809Z' while content on disk has modification time of '2026-08-28T09:36:38.049Z'
Number of updated asset objects reloaded before import = 0
Number of asset objects unloaded after import = 0
========================================================================
Received Import Request.
  Time of request: 2026-08-28T09:36:48.1029176Z
  Time since last request: 0.005852 seconds.
  importAddress: GUID: baf0f69da3098924ab85d19272b38c0e - Path: Assets/Scripts/Logistics/Inserter.cs - Importer: PreviewImporter
Importing 'GUID: baf0f69da3098924ab85d19272b38c0e - Path: Assets/Scripts/Logistics/Inserter.cs - Importer: PreviewImporter' with importer (PreviewImporter)
Imported 'GUID: baf0f69da3098924ab85d19272b38c0e' -> (Import Result ID: '00000000000000000000000000000000') in 0.000 seconds
Import Error Code:(4)
Message: Build asset version error: assets/scripts/logistics/inserter.cs in SourceAssetDB has modification time of '2026-08-28T09:36:30.6477809Z' while content on disk has modification time of '2026-08-28T09:36:38.049Z'
  ERROR: Build asset version error: assets/scripts/logistics/inserter.cs in SourceAssetDB has modification time of '2026-08-28T09:36:30.6477809Z' while content on disk has modification time of '2026-08-28T09:36:38.049Z'
Number of updated asset objects reloaded before import = 0
Number of asset objects unloaded after import = 0
========================================================================
Received Import Request.
  Time of request: 2026-08-28T09:36:48.1203579Z
  Time since last request: 0.0066431 seconds.
  importAddress: GUID: baf0f69da3098924ab85d19272b38c0e - Path: Assets/Scripts/Logistics/Inserter.cs - Importer: PreviewImporter
Importing 'GUID: baf0f69da3098924ab85d19272b38c0e - Path: Assets/Scripts/Logistics/Inserter.cs - Importer: PreviewImporter' with importer (PreviewImporter)
Imported 'GUID: baf0f69da3098924ab85d19272b38c0e' -> (Import Result ID: '00000000000000000000000000000000') in 0.001 seconds
Import Error Code:(4)
Message: Build asset version error: assets/scripts/logistics/inserter.cs in SourceAssetDB has modification time of '2026-08-28T09:36:30.6477809Z' while content on disk has modification time of '2026-08-28T09:36:38.049Z'
  ERROR: Build asset version error: assets/scripts/logistics/inserter.cs in SourceAssetDB has modification time of '2026-08-28T09:36:30.6477809Z' while content on disk has modification time of '2026-08-28T09:36:38.049Z'
Number of updated asset objects reloaded before import = 0
Number of asset objects unloaded after import = 0
========================================================================
Received Import Request.
  Time of request: 2026-08-28T09:36:48.1385002Z
  Time since last request: 0.0062443 seconds.
  importAddress: GUID: baf0f69da3098924ab85d19272b38c0e - Path: Assets/Scripts/Logistics/Inserter.cs - Importer: PreviewImporter
Importing 'GUID: baf0f69da3098924ab85d19272b38c0e - Path: Assets/Scripts/Logistics/Inserter.cs - Importer: PreviewImporter' with importer (PreviewImporter)
Imported 'GUID: baf0f69da3098924ab85d19272b38c0e' -> (Import Result ID: '00000000000000000000000000000000') in 0.000 seconds
Import Error Code:(4)
Message: Build asset version error: assets/scripts/logistics/inserter.cs in SourceAssetDB has modification time of '2026-08-28T09:36:30.6477809Z' while content on disk has modification time of '2026-08-28T09:36:38.049Z'
  ERROR: Build asset version error: assets/scripts/logistics/inserter.cs in SourceAssetDB has modification time of '2026-08-28T09:36:30.6477809Z' while content on disk has modification time of '2026-08-28T09:36:38.049Z'
Number of updated asset objects reloaded before import = 0
Number of asset objects unloaded after import = 0
========================================================================
Received Import Request.
  Time of request: 2026-08-28T09:36:48.1550182Z
  Time since last request: 0.005474 seconds.
  importAddress: GUID: baf0f69da3098924ab85d19272b38c0e - Path: Assets/Scripts/Logistics/Inserter.cs - Importer: PreviewImporter
Importing 'GUID: baf0f69da3098924ab85d19272b38c0e - Path: Assets/Scripts/Logistics/Inserter.cs - Importer: PreviewImporter' with importer (PreviewImporter)
Imported 'GUID: baf0f69da3098924ab85d19272b38c0e' -> (Import Result ID: '00000000000000000000000000000000') in 0.001 seconds
Import Error Code:(4)
Message: Build asset version error: assets/scripts/logistics/inserter.cs in SourceAssetDB has modification time of '2026-08-28T09:36:30.6477809Z' while content on disk has modification time of '2026-08-28T09:36:38.049Z'
  ERROR: Build asset version error: assets/scripts/logistics/inserter.cs in SourceAssetDB has modification time of '2026-08-28T09:36:30.6477809Z' while content on disk has modification time of '2026-08-28T09:36:38.049Z'
Number of updated asset objects reloaded before import = 0
Number of asset objects unloaded after import = 0
========================================================================
Received Import Request.
  Time of request: 2026-08-28T09:36:48.1735684Z
  Time since last request: 0.0060743 seconds.
  importAddress: GUID: baf0f69da3098924ab85d19272b38c0e - Path: Assets/Scripts/Logistics/Inserter.cs - Importer: PreviewImporter
Importing 'GUID: baf0f69da3098924ab85d19272b38c0e - Path: Assets/Scripts/Logistics/Inserter.cs - Importer: PreviewImporter' with importer (PreviewImporter)
Imported 'GUID: baf0f69da3098924ab85d19272b38c0e' -> (Import Result ID: '00000000000000000000000000000000') in 0.000 seconds
Import Error Code:(4)
Message: Build asset version error: assets/scripts/logistics/inserter.cs in SourceAssetDB has modification time of '2026-08-28T09:36:30.6477809Z' while content on disk has modification time of '2026-08-28T09:36:38.049Z'
  ERROR: Build asset version error: assets/scripts/logistics/inserter.cs in SourceAssetDB has modification time of '2026-08-28T09:36:30.6477809Z' while content on disk has modification time of '2026-08-28T09:36:38.049Z'
Number of updated asset objects reloaded before import = 0
Number of asset objects unloaded after import = 0
========================================================================
Received Import Request.
  Time of request: 2026-08-28T09:36:48.1904781Z
  Time since last request: 0.0059388 seconds.
  importAddress: GUID: baf0f69da3098924ab85d19272b38c0e - Path: Assets/Scripts/Logistics/Inserter.cs - Importer: PreviewImporter
Importing 'GUID: baf0f69da3098924ab85d19272b38c0e - Path: Assets/Scripts/Logistics/Inserter.cs - Importer: PreviewImporter' with importer (PreviewImporter)
Imported 'GUID: baf0f69da3098924ab85d19272b38c0e' -> (Import Result ID: '00000000000000000000000000000000') in 0.000 seconds
Import Error Code:(4)
Message: Build asset version error: assets/scripts/logistics/inserter.cs in SourceAssetDB has modification time of '2026-08-28T09:36:30.6477809Z' while content on disk has modification time of '2026-08-28T09:36:38.049Z'
  ERROR: Build asset version error: assets/scripts/logistics/inserter.cs in SourceAssetDB has modification time of '2026-08-28T09:36:30.6477809Z' while content on disk has modification time of '2026-08-28T09:36:38.049Z'
Number of updated asset objects reloaded before import = 0
Number of asset objects unloaded after import = 0
========================================================================
Received Import Request.
  Time of request: 2026-08-28T09:36:48.2084274Z
  Time since last request: 0.0061584 seconds.
  importAddress: GUID: baf0f69da3098924ab85d19272b38c0e - Path: Assets/Scripts/Logistics/Inserter.cs - Importer: PreviewImporter
Importing 'GUID: baf0f69da3098924ab85d19272b38c0e - Path: Assets/Scripts/Logistics/Inserter.cs - Importer: PreviewImporter' with importer (PreviewImporter)
Imported 'GUID: baf0f69da3098924ab85d19272b38c0e' -> (Import Result ID: '00000000000000000000000000000000') in 0.001 seconds
Import Error Code:(4)
Message: Build asset version error: assets/scripts/logistics/inserter.cs in SourceAssetDB has modification time of '2026-08-28T09:36:30.6477809Z' while content on disk has modification time of '2026-08-28T09:36:38.049Z'
  ERROR: Build asset version error: assets/scripts/logistics/inserter.cs in SourceAssetDB has modification time of '2026-08-28T09:36:30.6477809Z' while content on disk has modification time of '2026-08-28T09:36:38.049Z'
Number of updated asset objects reloaded before import = 0
Number of asset objects unloaded after import = 0
========================================================================
Received Import Request.
  Time of request: 2026-08-28T09:36:48.225676Z
  Time since last request: 0.0057152 seconds.
  importAddress: GUID: baf0f69da3098924ab85d19272b38c0e - Path: Assets/Scripts/Logistics/Inserter.cs - Importer: PreviewImporter
Importing 'GUID: baf0f69da3098924ab85d19272b38c0e - Path: Assets/Scripts/Logistics/Inserter.cs - Importer: PreviewImporter' with importer (PreviewImporter)
Imported 'GUID: baf0f69da3098924ab85d19272b38c0e' -> (Import Result ID: '00000000000000000000000000000000') in 0.000 seconds
Import Error Code:(4)
Message: Build asset version error: assets/scripts/logistics/inserter.cs in SourceAssetDB has modification time of '2026-08-28T09:36:30.6477809Z' while content on disk has modification time of '2026-08-28T09:36:38.049Z'
  ERROR: Build asset version error: assets/scripts/logistics/inserter.cs in SourceAssetDB has modification time of '2026-08-28T09:36:30.6477809Z' while content on disk has modification time of '2026-08-28T09:36:38.049Z'
Number of updated asset objects reloaded before import = 0
Number of asset objects unloaded after import = 0
========================================================================
Received Import Request.
  Time of request: 2026-08-28T09:36:48.2426785Z
  Time since last request: 0.006409 seconds.
  importAddress: GUID: baf0f69da3098924ab85d19272b38c0e - Path: Assets/Scripts/Logistics/Inserter.cs - Importer: PreviewImporter
Importing 'GUID: baf0f69da3098924ab85d19272b38c0e - Path: Assets/Scripts/Logistics/Inserter.cs - Importer: PreviewImporter' with importer (PreviewImporter)
Imported 'GUID: baf0f69da3098924ab85d19272b38c0e' -> (Import Result ID: '00000000000000000000000000000000') in 0.000 seconds
Import Error Code:(4)
Message: Build asset version error: assets/scripts/logistics/inserter.cs in SourceAssetDB has modification time of '2026-08-28T09:36:30.6477809Z' while content on disk has modification time of '2026-08-28T09:36:38.049Z'
  ERROR: Build asset version error: assets/scripts/logistics/inserter.cs in SourceAssetDB has modification time of '2026-08-28T09:36:30.6477809Z' while content on disk has modification time of '2026-08-28T09:36:38.049Z'
Number of updated asset objects reloaded before import = 0
Number of asset objects unloaded after import = 0
========================================================================
Received Import Request.
  Time of request: 2026-08-28T09:36:48.2588799Z
  Time since last request: 0.0055048 seconds.
  importAddress: GUID: baf0f69da3098924ab85d19272b38c0e - Path: Assets/Scripts/Logistics/Inserter.cs - Importer: PreviewImporter
Importing 'GUID: baf0f69da3098924ab85d19272b38c0e - Path: Assets/Scripts/Logistics/Inserter.cs - Importer: PreviewImporter' with importer (PreviewImporter)
Imported 'GUID: baf0f69da3098924ab85d19272b38c0e' -> (Import Result ID: '00000000000000000000000000000000') in 0.000 seconds
Import Error Code:(4)
Message: Build asset version error: assets/scripts/logistics/inserter.cs in SourceAssetDB has modification time of '2026-08-28T09:36:30.6477809Z' while content on disk has modification time of '2026-08-28T09:36:38.049Z'
  ERROR: Build asset version error: assets/scripts/logistics/inserter.cs in SourceAssetDB has modification time of '2026-08-28T09:36:30.6477809Z' while content on disk has modification time of '2026-08-28T09:36:38.049Z'
Number of updated asset objects reloaded before import = 0
Number of asset objects unloaded after import = 0
========================================================================
Received Import Request.
  Time of request: 2026-08-28T09:36:48.2752655Z
  Time since last request: 0.0057589 seconds.
  importAddress: GUID: baf0f69da3098924ab85d19272b38c0e - Path: Assets/Scripts/Logistics/Inserter.cs - Importer: PreviewImporter
Importing 'GUID: baf0f69da3098924ab85d19272b38c0e - Path: Assets/Scripts/Logistics/Inserter.cs - Importer: PreviewImporter' with importer (PreviewImporter)
Imported 'GUID: baf0f69da3098924ab85d19272b38c0e' -> (Import Result ID: '00000000000000000000000000000000') in 0.000 seconds
Import Error Code:(4)
Message: Build asset version error: assets/scripts/logistics/inserter.cs in SourceAssetDB has modification time of '2026-08-28T09:36:30.6477809Z' while content on disk has modification time of '2026-08-28T09:36:38.049Z'
  ERROR: Build asset version error: assets/scripts/logistics/inserter.cs in SourceAssetDB has modification time of '2026-08-28T09:36:30.6477809Z' while content on disk has modification time of '2026-08-28T09:36:38.049Z'
Number of updated asset objects reloaded before import = 0
Number of asset objects unloaded after import = 0
========================================================================
Received Import Request.
  Time of request: 2026-08-28T09:36:48.2918901Z
  Time since last request: 0.0056525 seconds.
  importAddress: GUID: baf0f69da3098924ab85d19272b38c0e - Path: Assets/Scripts/Logistics/Inserter.cs - Importer: PreviewImporter
Importing 'GUID: baf0f69da3098924ab85d19272b38c0e - Path: Assets/Scripts/Logistics/Inserter.cs - Importer: PreviewImporter' with importer (PreviewImporter)
Imported 'GUID: baf0f69da3098924ab85d19272b38c0e' -> (Import Result ID: '00000000000000000000000000000000') in 0.000 seconds
Import Error Code:(4)
Message: Build asset version error: assets/scripts/logistics/inserter.cs in SourceAssetDB has modification time of '2026-08-28T09:36:30.6477809Z' while content on disk has modification time of '2026-08-28T09:36:38.049Z'
  ERROR: Build asset version error: assets/scripts/logistics/inserter.cs in SourceAssetDB has modification time of '2026-08-28T09:36:30.6477809Z' while content on disk has modification time of '2026-08-28T09:36:38.049Z'
Number of updated asset objects reloaded before import = 0
Number of asset objects unloaded after import = 0
========================================================================
Received Import Request.
  Time of request: 2026-08-28T09:36:48.308799Z
  Time since last request: 0.0052312 seconds.
  importAddress: GUID: baf0f69da3098924ab85d19272b38c0e - Path: Assets/Scripts/Logistics/Inserter.cs - Importer: PreviewImporter
Importing 'GUID: baf0f69da3098924ab85d19272b38c0e - Path: Assets/Scripts/Logistics/Inserter.cs - Importer: PreviewImporter' with importer (PreviewImporter)
Imported 'GUID: baf0f69da3098924ab85d19272b38c0e' -> (Import Result ID: '00000000000000000000000000000000') in 0.001 seconds
Import Error Code:(4)
Message: Build asset version error: assets/scripts/logistics/inserter.cs in SourceAssetDB has modification time of '2026-08-28T09:36:30.6477809Z' while content on disk has modification time of '2026-08-28T09:36:38.049Z'
  ERROR: Build asset version error: assets/scripts/logistics/inserter.cs in SourceAssetDB has modification time of '2026-08-28T09:36:30.6477809Z' while content on disk has modification time of '2026-08-28T09:36:38.049Z'
Number of updated asset objects reloaded before import = 0
Number of asset objects unloaded after import = 0
========================================================================
Received Import Request.
  Time of request: 2026-08-28T09:36:48.3260511Z
  Time since last request: 0.0051074 seconds.
  importAddress: GUID: baf0f69da3098924ab85d19272b38c0e - Path: Assets/Scripts/Logistics/Inserter.cs - Importer: PreviewImporter
Importing 'GUID: baf0f69da3098924ab85d19272b38c0e - Path: Assets/Scripts/Logistics/Inserter.cs - Importer: PreviewImporter' with importer (PreviewImporter)
Imported 'GUID: baf0f69da3098924ab85d19272b38c0e' -> (Import Result ID: '00000000000000000000000000000000') in 0.000 seconds
Import Error Code:(4)
Message: Build asset version error: assets/scripts/logistics/inserter.cs in SourceAssetDB has modification time of '2026-08-28T09:36:30.6477809Z' while content on disk has modification time of '2026-08-28T09:36:38.049Z'
  ERROR: Build asset version error: assets/scripts/logistics/inserter.cs in SourceAssetDB has modification time of '2026-08-28T09:36:30.6477809Z' while content on disk has modification time of '2026-08-28T09:36:38.049Z'
Number of updated asset objects reloaded before import = 0
Number of asset objects unloaded after import = 0
========================================================================
Received Import Request.
  Time of request: 2026-08-28T09:36:48.34296Z
  Time since last request: 0.0045521 seconds.
  importAddress: GUID: baf0f69da3098924ab85d19272b38c0e - Path: Assets/Scripts/Logistics/Inserter.cs - Importer: PreviewImporter
Importing 'GUID: baf0f69da3098924ab85d19272b38c0e - Path: Assets/Scripts/Logistics/Inserter.cs - Importer: PreviewImporter' with importer (PreviewImporter)
Imported 'GUID: baf0f69da3098924ab85d19272b38c0e' -> (Import Result ID: '00000000000000000000000000000000') in 0.000 seconds
Import Error Code:(4)
Message: Build asset version error: assets/scripts/logistics/inserter.cs in SourceAssetDB has modification time of '2026-08-28T09:36:30.6477809Z' while content on disk has modification time of '2026-08-28T09:36:38.049Z'
  ERROR: Build asset version error: assets/scripts/logistics/inserter.cs in SourceAssetDB has modification time of '2026-08-28T09:36:30.6477809Z' while content on disk has modification time of '2026-08-28T09:36:38.049Z'
Number of updated asset objects reloaded before import = 0
Number of asset objects unloaded after import = 0
========================================================================
Received Import Request.
  Time of request: 2026-08-28T09:36:48.3629478Z
  Time since last request: 0.0085594 seconds.
  importAddress: GUID: baf0f69da3098924ab85d19272b38c0e - Path: Assets/Scripts/Logistics/Inserter.cs - Importer: PreviewImporter
Importing 'GUID: baf0f69da3098924ab85d19272b38c0e - Path: Assets/Scripts/Logistics/Inserter.cs - Importer: PreviewImporter' with importer (PreviewImporter)
Imported 'GUID: baf0f69da3098924ab85d19272b38c0e' -> (Import Result ID: '00000000000000000000000000000000') in 0.000 seconds
Import Error Code:(4)
Message: Build asset version error: assets/scripts/logistics/inserter.cs in SourceAssetDB has modification time of '2026-08-28T09:36:30.6477809Z' while content on disk has modification time of '2026-08-28T09:36:38.049Z'
  ERROR: Build asset version error: assets/scripts/logistics/inserter.cs in SourceAssetDB has modification time of '2026-08-28T09:36:30.6477809Z' while content on disk has modification time of '2026-08-28T09:36:38.049Z'
Number of updated asset objects reloaded before import = 0
Number of asset objects unloaded after import = 0
========================================================================
Received Import Request.
  Time of request: 2026-08-28T09:36:48.3860714Z
  Time since last request: 0.0127422 seconds.
  importAddress: GUID: baf0f69da3098924ab85d19272b38c0e - Path: Assets/Scripts/Logistics/Inserter.cs - Importer: PreviewImporter
Importing 'GUID: baf0f69da3098924ab85d19272b38c0e - Path: Assets/Scripts/Logistics/Inserter.cs - Importer: PreviewImporter' with importer (PreviewImporter)
Imported 'GUID: baf0f69da3098924ab85d19272b38c0e' -> (Import Result ID: '00000000000000000000000000000000') in 0.001 seconds
Import Error Code:(4)
Message: Build asset version error: assets/scripts/logistics/inserter.cs in SourceAssetDB has modification time of '2026-08-28T09:36:30.6477809Z' while content on disk has modification time of '2026-08-28T09:36:38.049Z'
  ERROR: Build asset version error: assets/scripts/logistics/inserter.cs in SourceAssetDB has modification time of '2026-08-28T09:36:30.6477809Z' while content on disk has modification time of '2026-08-28T09:36:38.049Z'
Number of updated asset objects reloaded before import = 0
Number of asset objects unloaded after import = 0
========================================================================
Received Import Request.
  Time of request: 2026-08-28T09:36:48.405157Z
  Time since last request: 0.0072435 seconds.
  importAddress: GUID: baf0f69da3098924ab85d19272b38c0e - Path: Assets/Scripts/Logistics/Inserter.cs - Importer: PreviewImporter
Importing 'GUID: baf0f69da3098924ab85d19272b38c0e - Path: Assets/Scripts/Logistics/Inserter.cs - Importer: PreviewImporter' with importer (PreviewImporter)
Imported 'GUID: baf0f69da3098924ab85d19272b38c0e' -> (Import Result ID: '00000000000000000000000000000000') in 0.000 seconds
Import Error Code:(4)
Message: Build asset version error: assets/scripts/logistics/inserter.cs in SourceAssetDB has modification time of '2026-08-28T09:36:30.6477809Z' while content on disk has modification time of '2026-08-28T09:36:38.049Z'
  ERROR: Build asset version error: assets/scripts/logistics/inserter.cs in SourceAssetDB has modification time of '2026-08-28T09:36:30.6477809Z' while content on disk has modification time of '2026-08-28T09:36:38.049Z'
Number of updated asset objects reloaded before import = 0
Number of asset objects unloaded after import = 0
========================================================================
Received Import Request.
  Time of request: 2026-08-28T09:36:48.4208698Z
  Time since last request: 0.0037322 seconds.
  importAddress: GUID: baf0f69da3098924ab85d19272b38c0e - Path: Assets/Scripts/Logistics/Inserter.cs - Importer: PreviewImporter
Importing 'GUID: baf0f69da3098924ab85d19272b38c0e - Path: Assets/Scripts/Logistics/Inserter.cs - Importer: PreviewImporter' with importer (PreviewImporter)
Imported 'GUID: baf0f69da3098924ab85d19272b38c0e' -> (Import Result ID: '00000000000000000000000000000000') in 0.000 seconds
Import Error Code:(4)
Message: Build asset version error: assets/scripts/logistics/inserter.cs in SourceAssetDB has modification time of '2026-08-28T09:36:30.6477809Z' while content on disk has modification time of '2026-08-28T09:36:38.049Z'
  ERROR: Build asset version error: assets/scripts/logistics/inserter.cs in SourceAssetDB has modification time of '2026-08-28T09:36:30.6477809Z' while content on disk has modification time of '2026-08-28T09:36:38.049Z'
Number of updated asset objects reloaded before import = 0
Number of asset objects unloaded after import = 0
========================================================================
Received Import Request.
  Time of request: 2026-08-28T09:36:48.4391846Z
  Time since last request: 0.0065804 seconds.
  importAddress: GUID: baf0f69da3098924ab85d19272b38c0e - Path: Assets/Scripts/Logistics/Inserter.cs - Importer: PreviewImporter
Importing 'GUID: baf0f69da3098924ab85d19272b38c0e - Path: Assets/Scripts/Logistics/Inserter.cs - Importer: PreviewImporter' with importer (PreviewImporter)
Imported 'GUID: baf0f69da3098924ab85d19272b38c0e' -> (Import Result ID: '00000000000000000000000000000000') in 0.001 seconds
Import Error Code:(4)
Message: Build asset version error: assets/scripts/logistics/inserter.cs in SourceAssetDB has modification time of '2026-08-28T09:36:30.6477809Z' while content on disk has modification time of '2026-08-28T09:36:38.049Z'
  ERROR: Build asset version error: assets/scripts/logistics/inserter.cs in SourceAssetDB has modification time of '2026-08-28T09:36:30.6477809Z' while content on disk has modification time of '2026-08-28T09:36:38.049Z'
Number of updated asset objects reloaded before import = 0
Number of asset objects unloaded after import = 0
========================================================================
Received Import Request.
  Time of request: 2026-08-28T09:36:48.4559006Z
  Time since last request: 0.004194 seconds.
  importAddress: GUID: baf0f69da3098924ab85d19272b38c0e - Path: Assets/Scripts/Logistics/Inserter.cs - Importer: PreviewImporter
Importing 'GUID: baf0f69da3098924ab85d19272b38c0e - Path: Assets/Scripts/Logistics/Inserter.cs - Importer: PreviewImporter' with importer (PreviewImporter)
Imported 'GUID: baf0f69da3098924ab85d19272b38c0e' -> (Import Result ID: '00000000000000000000000000000000') in 0.000 seconds
Import Error Code:(4)
Message: Build asset version error: assets/scripts/logistics/inserter.cs in SourceAssetDB has modification time of '2026-08-28T09:36:30.6477809Z' while content on disk has modification time of '2026-08-28T09:36:38.049Z'
  ERROR: Build asset version error: assets/scripts/logistics/inserter.cs in SourceAssetDB has modification time of '2026-08-28T09:36:30.6477809Z' while content on disk has modification time of '2026-08-28T09:36:38.049Z'
Number of updated asset objects reloaded before import = 0
Number of asset objects unloaded after import = 0
========================================================================
Received Import Request.
  Time of request: 2026-08-28T09:36:48.4722484Z
  Time since last request: 0.0051632 seconds.
  importAddress: GUID: baf0f69da3098924ab85d19272b38c0e - Path: Assets/Scripts/Logistics/Inserter.cs - Importer: PreviewImporter
Importing 'GUID: baf0f69da3098924ab85d19272b38c0e - Path: Assets/Scripts/Logistics/Inserter.cs - Importer: PreviewImporter' with importer (PreviewImporter)
Imported 'GUID: baf0f69da3098924ab85d19272b38c0e' -> (Import Result ID: '00000000000000000000000000000000') in 0.000 seconds
Import Error Code:(4)
Message: Build asset version error: assets/scripts/logistics/inserter.cs in SourceAssetDB has modification time of '2026-08-28T09:36:30.6477809Z' while content on disk has modification time of '2026-08-28T09:36:38.049Z'
  ERROR: Build asset version error: assets/scripts/logistics/inserter.cs in SourceAssetDB has modification time of '2026-08-28T09:36:30.6477809Z' while content on disk has modification time of '2026-08-28T09:36:38.049Z'
Number of updated asset objects reloaded before import = 0
Number of asset objects unloaded after import = 0
========================================================================
Received Import Request.
  Time of request: 2026-08-28T09:36:48.4882654Z
  Time since last request: 0.0048747 seconds.
  importAddress: GUID: baf0f69da3098924ab85d19272b38c0e - Path: Assets/Scripts/Logistics/Inserter.cs - Importer: PreviewImporter
Importing 'GUID: baf0f69da3098924ab85d19272b38c0e - Path: Assets/Scripts/Logistics/Inserter.cs - Importer: PreviewImporter' with importer (PreviewImporter)
Imported 'GUID: baf0f69da3098924ab85d19272b38c0e' -> (Import Result ID: '00000000000000000000000000000000') in 0.000 seconds
Import Error Code:(4)
Message: Build asset version error: assets/scripts/logistics/inserter.cs in SourceAssetDB has modification time of '2026-08-28T09:36:30.6477809Z' while content on disk has modification time of '2026-08-28T09:36:38.049Z'
  ERROR: Build asset version error: assets/scripts/logistics/inserter.cs in SourceAssetDB has modification time of '2026-08-28T09:36:30.6477809Z' while content on disk has modification time of '2026-08-28T09:36:38.049Z'
Number of updated asset objects reloaded before import = 0
Number of asset objects unloaded after import = 0
========================================================================
Received Import Request.
  Time of request: 2026-08-28T09:36:48.5046857Z
  Time since last request: 0.0051969 seconds.
  importAddress: GUID: baf0f69da3098924ab85d19272b38c0e - Path: Assets/Scripts/Logistics/Inserter.cs - Importer: PreviewImporter
Importing 'GUID: baf0f69da3098924ab85d19272b38c0e - Path: Assets/Scripts/Logistics/Inserter.cs - Importer: PreviewImporter' with importer (PreviewImporter)
Imported 'GUID: baf0f69da3098924ab85d19272b38c0e' -> (Import Result ID: '00000000000000000000000000000000') in 0.000 seconds
Import Error Code:(4)
Message: Build asset version error: assets/scripts/logistics/inserter.cs in SourceAssetDB has modification time of '2026-08-28T09:36:30.6477809Z' while content on disk has modification time of '2026-08-28T09:36:38.049Z'
  ERROR: Build asset version error: assets/scripts/logistics/inserter.cs in SourceAssetDB has modification time of '2026-08-28T09:36:30.6477809Z' while content on disk has modification time of '2026-08-28T09:36:38.049Z'
Number of updated asset objects reloaded before import = 0
Number of asset objects unloaded after import = 0
========================================================================
Received Import Request.
  Time of request: 2026-08-28T09:36:48.521945Z
  Time since last request: 0.0061393 seconds.
  importAddress: GUID: baf0f69da3098924ab85d19272b38c0e - Path: Assets/Scripts/Logistics/Inserter.cs - Importer: PreviewImporter
Importing 'GUID: baf0f69da3098924ab85d19272b38c0e - Path: Assets/Scripts/Logistics/Inserter.cs - Importer: PreviewImporter' with importer (PreviewImporter)
Imported 'GUID: baf0f69da3098924ab85d19272b38c0e' -> (Import Result ID: '00000000000000000000000000000000') in 0.000 seconds
Import Error Code:(4)
Message: Build asset version error: assets/scripts/logistics/inserter.cs in SourceAssetDB has modification time of '2026-08-28T09:36:30.6477809Z' while content on disk has modification time of '2026-08-28T09:36:38.049Z'
  ERROR: Build asset version error: assets/scripts/logistics/inserter.cs in SourceAssetDB has modification time of '2026-08-28T09:36:30.6477809Z' while content on disk has modification time of '2026-08-28T09:36:38.049Z'
Number of updated asset objects reloaded before import = 0
Number of asset objects unloaded after import = 0
========================================================================
Received Import Request.
  Time of request: 2026-08-28T09:36:48.5384489Z
  Time since last request: 0.0051753 seconds.
  importAddress: GUID: baf0f69da3098924ab85d19272b38c0e - Path: Assets/Scripts/Logistics/Inserter.cs - Importer: PreviewImporter
Importing 'GUID: baf0f69da3098924ab85d19272b38c0e - Path: Assets/Scripts/Logistics/Inserter.cs - Importer: PreviewImporter' with importer (PreviewImporter)
Imported 'GUID: baf0f69da3098924ab85d19272b38c0e' -> (Import Result ID: '00000000000000000000000000000000') in 0.000 seconds
Import Error Code:(4)
Message: Build asset version error: assets/scripts/logistics/inserter.cs in SourceAssetDB has modification time of '2026-08-28T09:36:30.6477809Z' while content on disk has modification time of '2026-08-28T09:36:38.049Z'
  ERROR: Build asset version error: assets/scripts/logistics/inserter.cs in SourceAssetDB has modification time of '2026-08-28T09:36:30.6477809Z' while content on disk has modification time of '2026-08-28T09:36:38.049Z'
Number of updated asset objects reloaded before import = 0
Number of asset objects unloaded after import = 0
========================================================================
Received Import Request.
  Time of request: 2026-08-28T09:36:48.5543836Z
  Time since last request: 0.0051591 seconds.
  importAddress: GUID: baf0f69da3098924ab85d19272b38c0e - Path: Assets/Scripts/Logistics/Inserter.cs - Importer: PreviewImporter
Importing 'GUID: baf0f69da3098924ab85d19272b38c0e - Path: Assets/Scripts/Logistics/Inserter.cs - Importer: PreviewImporter' with importer (PreviewImporter)
Imported 'GUID: baf0f69da3098924ab85d19272b38c0e' -> (Import Result ID: '00000000000000000000000000000000') in 0.000 seconds
Import Error Code:(4)
Message: Build asset version error: assets/scripts/logistics/inserter.cs in SourceAssetDB has modification time of '2026-08-28T09:36:30.6477809Z' while content on disk has modification time of '2026-08-28T09:36:38.049Z'
  ERROR: Build asset version error: assets/scripts/logistics/inserter.cs in SourceAssetDB has modification time of '2026-08-28T09:36:30.6477809Z' while content on disk has modification time of '2026-08-28T09:36:38.049Z'
Number of updated asset objects reloaded before import = 0
Number of asset objects unloaded after import = 0
========================================================================
Received Import Request.
  Time of request: 2026-08-28T09:36:48.571171Z
  Time since last request: 0.0055291 seconds.
  importAddress: GUID: baf0f69da3098924ab85d19272b38c0e - Path: Assets/Scripts/Logistics/Inserter.cs - Importer: PreviewImporter
Importing 'GUID: baf0f69da3098924ab85d19272b38c0e - Path: Assets/Scripts/Logistics/Inserter.cs - Importer: PreviewImporter' with importer (PreviewImporter)
Imported 'GUID: baf0f69da3098924ab85d19272b38c0e' -> (Import Result ID: '00000000000000000000000000000000') in 0.000 seconds
Import Error Code:(4)
Message: Build asset version error: assets/scripts/logistics/inserter.cs in SourceAssetDB has modification time of '2026-08-28T09:36:30.6477809Z' while content on disk has modification time of '2026-08-28T09:36:38.049Z'
  ERROR: Build asset version error: assets/scripts/logistics/inserter.cs in SourceAssetDB has modification time of '2026-08-28T09:36:30.6477809Z' while content on disk has modification time of '2026-08-28T09:36:38.049Z'
Number of updated asset objects reloaded before import = 0
Number of asset objects unloaded after import = 0
========================================================================
Received Import Request.
  Time of request: 2026-08-28T09:36:48.5874748Z
  Time since last request: 0.0051256 seconds.
  importAddress: GUID: baf0f69da3098924ab85d19272b38c0e - Path: Assets/Scripts/Logistics/Inserter.cs - Importer: PreviewImporter
Importing 'GUID: baf0f69da3098924ab85d19272b38c0e - Path: Assets/Scripts/Logistics/Inserter.cs - Importer: PreviewImporter' with importer (PreviewImporter)
Imported 'GUID: baf0f69da3098924ab85d19272b38c0e' -> (Import Result ID: '00000000000000000000000000000000') in 0.000 seconds
Import Error Code:(4)
Message: Build asset version error: assets/scripts/logistics/inserter.cs in SourceAssetDB has modification time of '2026-08-28T09:36:30.6477809Z' while content on disk has modification time of '2026-08-28T09:36:38.049Z'
  ERROR: Build asset version error: assets/scripts/logistics/inserter.cs in SourceAssetDB has modification time of '2026-08-28T09:36:30.6477809Z' while content on disk has modification time of '2026-08-28T09:36:38.049Z'
Number of updated asset objects reloaded before import = 0
Number of asset objects unloaded after import = 0
========================================================================
Received Import Request.
  Time of request: 2026-08-28T09:36:48.604203Z
  Time since last request: 0.0052626 seconds.
  importAddress: GUID: baf0f69da3098924ab85d19272b38c0e - Path: Assets/Scripts/Logistics/Inserter.cs - Importer: PreviewImporter
Importing 'GUID: baf0f69da3098924ab85d19272b38c0e - Path: Assets/Scripts/Logistics/Inserter.cs - Importer: PreviewImporter' with importer (PreviewImporter)
Imported 'GUID: baf0f69da3098924ab85d19272b38c0e' -> (Import Result ID: '00000000000000000000000000000000') in 0.000 seconds
Import Error Code:(4)
Message: Build asset version error: assets/scripts/logistics/inserter.cs in SourceAssetDB has modification time of '2026-08-28T09:36:30.6477809Z' while content on disk has modification time of '2026-08-28T09:36:38.049Z'
  ERROR: Build asset version error: assets/scripts/logistics/inserter.cs in SourceAssetDB has modification time of '2026-08-28T09:36:30.6477809Z' while content on disk has modification time of '2026-08-28T09:36:38.049Z'
Number of updated asset objects reloaded before import = 0
Number of asset objects unloaded after import = 0
========================================================================
Received Import Request.
  Time of request: 2026-08-28T09:36:48.6212757Z
  Time since last request: 0.0055528 seconds.
  importAddress: GUID: baf0f69da3098924ab85d19272b38c0e - Path: Assets/Scripts/Logistics/Inserter.cs - Importer: PreviewImporter
Importing 'GUID: baf0f69da3098924ab85d19272b38c0e - Path: Assets/Scripts/Logistics/Inserter.cs - Importer: PreviewImporter' with importer (PreviewImporter)
Imported 'GUID: baf0f69da3098924ab85d19272b38c0e' -> (Import Result ID: '00000000000000000000000000000000') in 0.000 seconds
Import Error Code:(4)
Message: Build asset version error: assets/scripts/logistics/inserter.cs in SourceAssetDB has modification time of '2026-08-28T09:36:30.6477809Z' while content on disk has modification time of '2026-08-28T09:36:38.049Z'
  ERROR: Build asset version error: assets/scripts/logistics/inserter.cs in SourceAssetDB has modification time of '2026-08-28T09:36:30.6477809Z' while content on disk has modification time of '2026-08-28T09:36:38.049Z'
Number of updated asset objects reloaded before import = 0
Number of asset objects unloaded after import = 0
========================================================================
Received Import Request.
  Time of request: 2026-08-28T09:36:48.6372683Z
  Time since last request: 0.0048357 seconds.
  importAddress: GUID: baf0f69da3098924ab85d19272b38c0e - Path: Assets/Scripts/Logistics/Inserter.cs - Importer: PreviewImporter
Importing 'GUID: baf0f69da3098924ab85d19272b38c0e - Path: Assets/Scripts/Logistics/Inserter.cs - Importer: PreviewImporter' with importer (PreviewImporter)
Imported 'GUID: baf0f69da3098924ab85d19272b38c0e' -> (Import Result ID: '00000000000000000000000000000000') in 0.001 seconds
Import Error Code:(4)
Message: Build asset version error: assets/scripts/logistics/inserter.cs in SourceAssetDB has modification time of '2026-08-28T09:36:30.6477809Z' while content on disk has modification time of '2026-08-28T09:36:38.049Z'
  ERROR: Build asset version error: assets/scripts/logistics/inserter.cs in SourceAssetDB has modification time of '2026-08-28T09:36:30.6477809Z' while content on disk has modification time of '2026-08-28T09:36:38.049Z'
Number of updated asset objects reloaded before import = 0
Number of asset objects unloaded after import = 0
========================================================================
Received Import Request.
  Time of request: 2026-08-28T09:36:48.6555827Z
  Time since last request: 0.0053009 seconds.
  importAddress: GUID: baf0f69da3098924ab85d19272b38c0e - Path: Assets/Scripts/Logistics/Inserter.cs - Importer: PreviewImporter
Importing 'GUID: baf0f69da3098924ab85d19272b38c0e - Path: Assets/Scripts/Logistics/Inserter.cs - Importer: PreviewImporter' with importer (PreviewImporter)
Imported 'GUID: baf0f69da3098924ab85d19272b38c0e' -> (Import Result ID: '00000000000000000000000000000000') in 0.000 seconds
Import Error Code:(4)
Message: Build asset version error: assets/scripts/logistics/inserter.cs in SourceAssetDB has modification time of '2026-08-28T09:36:30.6477809Z' while content on disk has modification time of '2026-08-28T09:36:38.049Z'
  ERROR: Build asset version error: assets/scripts/logistics/inserter.cs in SourceAssetDB has modification time of '2026-08-28T09:36:30.6477809Z' while content on disk has modification time of '2026-08-28T09:36:38.049Z'
Number of updated asset objects reloaded before import = 0
Number of asset objects unloaded after import = 0
========================================================================
Received Import Request.
  Time of request: 2026-08-28T09:36:48.6719177Z
  Time since last request: 0.004724 seconds.
  importAddress: GUID: baf0f69da3098924ab85d19272b38c0e - Path: Assets/Scripts/Logistics/Inserter.cs - Importer: PreviewImporter
Importing 'GUID: baf0f69da3098924ab85d19272b38c0e - Path: Assets/Scripts/Logistics/Inserter.cs - Importer: PreviewImporter' with importer (PreviewImporter)
Imported 'GUID: baf0f69da3098924ab85d19272b38c0e' -> (Import Result ID: '00000000000000000000000000000000') in 0.000 seconds
Import Error Code:(4)
Message: Build asset version error: assets/scripts/logistics/inserter.cs in SourceAssetDB has modification time of '2026-08-28T09:36:30.6477809Z' while content on disk has modification time of '2026-08-28T09:36:38.049Z'
  ERROR: Build asset version error: assets/scripts/logistics/inserter.cs in SourceAssetDB has modification time of '2026-08-28T09:36:30.6477809Z' while content on disk has modification time of '2026-08-28T09:36:38.049Z'
Number of updated asset objects reloaded before import = 0
Number of asset objects unloaded after import = 0
========================================================================
Received Import Request.
  Time of request: 2026-08-28T09:36:48.6880297Z
  Time since last request: 0.0038117 seconds.
  importAddress: GUID: baf0f69da3098924ab85d19272b38c0e - Path: Assets/Scripts/Logistics/Inserter.cs - Importer: PreviewImporter
Importing 'GUID: baf0f69da3098924ab85d19272b38c0e - Path: Assets/Scripts/Logistics/Inserter.cs - Importer: PreviewImporter' with importer (PreviewImporter)
Imported 'GUID: baf0f69da3098924ab85d19272b38c0e' -> (Import Result ID: '00000000000000000000000000000000') in 0.000 seconds
Import Error Code:(4)
Message: Build asset version error: assets/scripts/logistics/inserter.cs in SourceAssetDB has modification time of '2026-08-28T09:36:30.6477809Z' while content on disk has modification time of '2026-08-28T09:36:38.049Z'
  ERROR: Build asset version error: assets/scripts/logistics/inserter.cs in SourceAssetDB has modification time of '2026-08-28T09:36:30.6477809Z' while content on disk has modification time of '2026-08-28T09:36:38.049Z'
Number of updated asset objects reloaded before import = 0
Number of asset objects unloaded after import = 0
========================================================================
Received Import Request.
  Time of request: 2026-08-28T09:36:48.7044062Z
  Time since last request: 0.0049943 seconds.
  importAddress: GUID: baf0f69da3098924ab85d19272b38c0e - Path: Assets/Scripts/Logistics/Inserter.cs - Importer: PreviewImporter
Importing 'GUID: baf0f69da3098924ab85d19272b38c0e - Path: Assets/Scripts/Logistics/Inserter.cs - Importer: PreviewImporter' with importer (PreviewImporter)
Imported 'GUID: baf0f69da3098924ab85d19272b38c0e' -> (Import Result ID: '00000000000000000000000000000000') in 0.000 seconds
Import Error Code:(4)
Message: Build asset version error: assets/scripts/logistics/inserter.cs in SourceAssetDB has modification time of '2026-08-28T09:36:30.6477809Z' while content on disk has modification time of '2026-08-28T09:36:38.049Z'
  ERROR: Build asset version error: assets/scripts/logistics/inserter.cs in SourceAssetDB has modification time of '2026-08-28T09:36:30.6477809Z' while content on disk has modification time of '2026-08-28T09:36:38.049Z'
Number of updated asset objects reloaded before import = 0
Number of asset objects unloaded after import = 0
========================================================================
Received Import Request.
  Time of request: 2026-08-28T09:36:48.7208693Z
  Time since last request: 0.005102 seconds.
  importAddress: GUID: baf0f69da3098924ab85d19272b38c0e - Path: Assets/Scripts/Logistics/Inserter.cs - Importer: PreviewImporter
Importing 'GUID: baf0f69da3098924ab85d19272b38c0e - Path: Assets/Scripts/Logistics/Inserter.cs - Importer: PreviewImporter' with importer (PreviewImporter)
Imported 'GUID: baf0f69da3098924ab85d19272b38c0e' -> (Import Result ID: '00000000000000000000000000000000') in 0.000 seconds
Import Error Code:(4)
Message: Build asset version error: assets/scripts/logistics/inserter.cs in SourceAssetDB has modification time of '2026-08-28T09:36:30.6477809Z' while content on disk has modification time of '2026-08-28T09:36:38.049Z'
  ERROR: Build asset version error: assets/scripts/logistics/inserter.cs in SourceAssetDB has modification time of '2026-08-28T09:36:30.6477809Z' while content on disk has modification time of '2026-08-28T09:36:38.049Z'
Number of updated asset objects reloaded before import = 0
Number of asset objects unloaded after import = 0
========================================================================
Received Import Request.
  Time of request: 2026-08-28T09:36:48.7377965Z
  Time since last request: 0.0059643 seconds.
  importAddress: GUID: baf0f69da3098924ab85d19272b38c0e - Path: Assets/Scripts/Logistics/Inserter.cs - Importer: PreviewImporter
Importing 'GUID: baf0f69da3098924ab85d19272b38c0e - Path: Assets/Scripts/Logistics/Inserter.cs - Importer: PreviewImporter' with importer (PreviewImporter)
Imported 'GUID: baf0f69da3098924ab85d19272b38c0e' -> (Import Result ID: '00000000000000000000000000000000') in 0.000 seconds
Import Error Code:(4)
Message: Build asset version error: assets/scripts/logistics/inserter.cs in SourceAssetDB has modification time of '2026-08-28T09:36:30.6477809Z' while content on disk has modification time of '2026-08-28T09:36:38.049Z'
  ERROR: Build asset version error: assets/scripts/logistics/inserter.cs in SourceAssetDB has modification time of '2026-08-28T09:36:30.6477809Z' while content on disk has modification time of '2026-08-28T09:36:38.049Z'
Number of updated asset objects reloaded before import = 0
Number of asset objects unloaded after import = 0
========================================================================
Received Import Request.
  Time of request: 2026-08-28T09:36:48.7540281Z
  Time since last request: 0.005082 seconds.
  importAddress: GUID: baf0f69da3098924ab85d19272b38c0e - Path: Assets/Scripts/Logistics/Inserter.cs - Importer: PreviewImporter
Importing 'GUID: baf0f69da3098924ab85d19272b38c0e - Path: Assets/Scripts/Logistics/Inserter.cs - Importer: PreviewImporter' with importer (PreviewImporter)
Imported 'GUID: baf0f69da3098924ab85d19272b38c0e' -> (Import Result ID: '00000000000000000000000000000000') in 0.000 seconds
Import Error Code:(4)
Message: Build asset version error: assets/scripts/logistics/inserter.cs in SourceAssetDB has modification time of '2026-08-28T09:36:30.6477809Z' while content on disk has modification time of '2026-08-28T09:36:38.049Z'
  ERROR: Build asset version error: assets/scripts/logistics/inserter.cs in SourceAssetDB has modification time of '2026-08-28T09:36:30.6477809Z' while content on disk has modification time of '2026-08-28T09:36:38.049Z'
Number of updated asset objects reloaded before import = 0
Number of asset objects unloaded after import = 0
========================================================================
Received Import Request.
  Time of request: 2026-08-28T09:36:48.7713275Z
  Time since last request: 0.0058347 seconds.
  importAddress: GUID: baf0f69da3098924ab85d19272b38c0e - Path: Assets/Scripts/Logistics/Inserter.cs - Importer: PreviewImporter
Importing 'GUID: baf0f69da3098924ab85d19272b38c0e - Path: Assets/Scripts/Logistics/Inserter.cs - Importer: PreviewImporter' with importer (PreviewImporter)
Imported 'GUID: baf0f69da3098924ab85d19272b38c0e' -> (Import Result ID: '00000000000000000000000000000000') in 0.000 seconds
Import Error Code:(4)
Message: Build asset version error: assets/scripts/logistics/inserter.cs in SourceAssetDB has modification time of '2026-08-28T09:36:30.6477809Z' while content on disk has modification time of '2026-08-28T09:36:38.049Z'
  ERROR: Build asset version error: assets/scripts/logistics/inserter.cs in SourceAssetDB has modification time of '2026-08-28T09:36:30.6477809Z' while content on disk has modification time of '2026-08-28T09:36:38.049Z'
Number of updated asset objects reloaded before import = 0
Number of asset objects unloaded after import = 0
========================================================================
Received Import Request.
  Time of request: 2026-08-28T09:36:48.788604Z
  Time since last request: 0.0065723 seconds.
  importAddress: GUID: baf0f69da3098924ab85d19272b38c0e - Path: Assets/Scripts/Logistics/Inserter.cs - Importer: PreviewImporter
Importing 'GUID: baf0f69da3098924ab85d19272b38c0e - Path: Assets/Scripts/Logistics/Inserter.cs - Importer: PreviewImporter' with importer (PreviewImporter)
Imported 'GUID: baf0f69da3098924ab85d19272b38c0e' -> (Import Result ID: '00000000000000000000000000000000') in 0.000 seconds
Import Error Code:(4)
Message: Build asset version error: assets/scripts/logistics/inserter.cs in SourceAssetDB has modification time of '2026-08-28T09:36:30.6477809Z' while content on disk has modification time of '2026-08-28T09:36:38.049Z'
  ERROR: Build asset version error: assets/scripts/logistics/inserter.cs in SourceAssetDB has modification time of '2026-08-28T09:36:30.6477809Z' while content on disk has modification time of '2026-08-28T09:36:38.049Z'
Number of updated asset objects reloaded before import = 0
Number of asset objects unloaded after import = 0
========================================================================
Received Import Request.
  Time of request: 2026-08-28T09:36:48.8050125Z
  Time since last request: 0.0056679 seconds.
  importAddress: GUID: baf0f69da3098924ab85d19272b38c0e - Path: Assets/Scripts/Logistics/Inserter.cs - Importer: PreviewImporter
Importing 'GUID: baf0f69da3098924ab85d19272b38c0e - Path: Assets/Scripts/Logistics/Inserter.cs - Importer: PreviewImporter' with importer (PreviewImporter)
Imported 'GUID: baf0f69da3098924ab85d19272b38c0e' -> (Import Result ID: '00000000000000000000000000000000') in 0.000 seconds
Import Error Code:(4)
Message: Build asset version error: assets/scripts/logistics/inserter.cs in SourceAssetDB has modification time of '2026-08-28T09:36:30.6477809Z' while content on disk has modification time of '2026-08-28T09:36:38.049Z'
  ERROR: Build asset version error: assets/scripts/logistics/inserter.cs in SourceAssetDB has modification time of '2026-08-28T09:36:30.6477809Z' while content on disk has modification time of '2026-08-28T09:36:38.049Z'
Number of updated asset objects reloaded before import = 0
Number of asset objects unloaded after import = 0
========================================================================
Received Import Request.
  Time of request: 2026-08-28T09:36:48.8220618Z
  Time since last request: 0.0059882 seconds.
  importAddress: GUID: baf0f69da3098924ab85d19272b38c0e - Path: Assets/Scripts/Logistics/Inserter.cs - Importer: PreviewImporter
Importing 'GUID: baf0f69da3098924ab85d19272b38c0e - Path: Assets/Scripts/Logistics/Inserter.cs - Importer: PreviewImporter' with importer (PreviewImporter)
Imported 'GUID: baf0f69da3098924ab85d19272b38c0e' -> (Import Result ID: '00000000000000000000000000000000') in 0.000 seconds
Import Error Code:(4)
Message: Build asset version error: assets/scripts/logistics/inserter.cs in SourceAssetDB has modification time of '2026-08-28T09:36:30.6477809Z' while content on disk has modification time of '2026-08-28T09:36:38.049Z'
  ERROR: Build asset version error: assets/scripts/logistics/inserter.cs in SourceAssetDB has modification time of '2026-08-28T09:36:30.6477809Z' while content on disk has modification time of '2026-08-28T09:36:38.049Z'
Number of updated asset objects reloaded before import = 0
Number of asset objects unloaded after import = 0
========================================================================
Received Import Request.
  Time of request: 2026-08-28T09:36:48.8383618Z
  Time since last request: 0.0051457 seconds.
  importAddress: GUID: baf0f69da3098924ab85d19272b38c0e - Path: Assets/Scripts/Logistics/Inserter.cs - Importer: PreviewImporter
Importing 'GUID: baf0f69da3098924ab85d19272b38c0e - Path: Assets/Scripts/Logistics/Inserter.cs - Importer: PreviewImporter' with importer (PreviewImporter)
Imported 'GUID: baf0f69da3098924ab85d19272b38c0e' -> (Import Result ID: '00000000000000000000000000000000') in 0.000 seconds
Import Error Code:(4)
Message: Build asset version error: assets/scripts/logistics/inserter.cs in SourceAssetDB has modification time of '2026-08-28T09:36:30.6477809Z' while content on disk has modification time of '2026-08-28T09:36:38.049Z'
  ERROR: Build asset version error: assets/scripts/logistics/inserter.cs in SourceAssetDB has modification time of '2026-08-28T09:36:30.6477809Z' while content on disk has modification time of '2026-08-28T09:36:38.049Z'
Number of updated asset objects reloaded before import = 0
Number of asset objects unloaded after import = 0
========================================================================
Received Import Request.
  Time of request: 2026-08-28T09:36:48.8550994Z
  Time since last request: 0.0050718 seconds.
  importAddress: GUID: baf0f69da3098924ab85d19272b38c0e - Path: Assets/Scripts/Logistics/Inserter.cs - Importer: PreviewImporter
Importing 'GUID: baf0f69da3098924ab85d19272b38c0e - Path: Assets/Scripts/Logistics/Inserter.cs - Importer: PreviewImporter' with importer (PreviewImporter)
Imported 'GUID: baf0f69da3098924ab85d19272b38c0e' -> (Import Result ID: '00000000000000000000000000000000') in 0.000 seconds
Import Error Code:(4)
Message: Build asset version error: assets/scripts/logistics/inserter.cs in SourceAssetDB has modification time of '2026-08-28T09:36:30.6477809Z' while content on disk has modification time of '2026-08-28T09:36:38.049Z'
  ERROR: Build asset version error: assets/scripts/logistics/inserter.cs in SourceAssetDB has modification time of '2026-08-28T09:36:30.6477809Z' while content on disk has modification time of '2026-08-28T09:36:38.049Z'
Number of updated asset objects reloaded before import = 0
Number of asset objects unloaded after import = 0
========================================================================
Received Import Request.
  Time of request: 2026-08-28T09:36:48.8716508Z
  Time since last request: 0.0053746 seconds.
  importAddress: GUID: baf0f69da3098924ab85d19272b38c0e - Path: Assets/Scripts/Logistics/Inserter.cs - Importer: PreviewImporter
Importing 'GUID: baf0f69da3098924ab85d19272b38c0e - Path: Assets/Scripts/Logistics/Inserter.cs - Importer: PreviewImporter' with importer (PreviewImporter)
Imported 'GUID: baf0f69da3098924ab85d19272b38c0e' -> (Import Result ID: '00000000000000000000000000000000') in 0.000 seconds
Import Error Code:(4)
Message: Build asset version error: assets/scripts/logistics/inserter.cs in SourceAssetDB has modification time of '2026-08-28T09:36:30.6477809Z' while content on disk has modification time of '2026-08-28T09:36:38.049Z'
  ERROR: Build asset version error: assets/scripts/logistics/inserter.cs in SourceAssetDB has modification time of '2026-08-28T09:36:30.6477809Z' while content on disk has modification time of '2026-08-28T09:36:38.049Z'
Number of updated asset objects reloaded before import = 0
Number of asset objects unloaded after import = 0
========================================================================
Received Import Request.
  Time of request: 2026-08-28T09:36:48.888211Z
  Time since last request: 0.0052846 seconds.
  importAddress: GUID: baf0f69da3098924ab85d19272b38c0e - Path: Assets/Scripts/Logistics/Inserter.cs - Importer: PreviewImporter
Importing 'GUID: baf0f69da3098924ab85d19272b38c0e - Path: Assets/Scripts/Logistics/Inserter.cs - Importer: PreviewImporter' with importer (PreviewImporter)
Imported 'GUID: baf0f69da3098924ab85d19272b38c0e' -> (Import Result ID: '00000000000000000000000000000000') in 0.000 seconds
Import Error Code:(4)
Message: Build asset version error: assets/scripts/logistics/inserter.cs in SourceAssetDB has modification time of '2026-08-28T09:36:30.6477809Z' while content on disk has modification time of '2026-08-28T09:36:38.049Z'
  ERROR: Build asset version error: assets/scripts/logistics/inserter.cs in SourceAssetDB has modification time of '2026-08-28T09:36:30.6477809Z' while content on disk has modification time of '2026-08-28T09:36:38.049Z'
Number of updated asset objects reloaded before import = 0
Number of asset objects unloaded after import = 0
========================================================================
Received Import Request.
  Time of request: 2026-08-28T09:36:48.9047269Z
  Time since last request: 0.0051429 seconds.
  importAddress: GUID: baf0f69da3098924ab85d19272b38c0e - Path: Assets/Scripts/Logistics/Inserter.cs - Importer: PreviewImporter
Importing 'GUID: baf0f69da3098924ab85d19272b38c0e - Path: Assets/Scripts/Logistics/Inserter.cs - Importer: PreviewImporter' with importer (PreviewImporter)
Imported 'GUID: baf0f69da3098924ab85d19272b38c0e' -> (Import Result ID: '00000000000000000000000000000000') in 0.000 seconds
Import Error Code:(4)
Message: Build asset version error: assets/scripts/logistics/inserter.cs in SourceAssetDB has modification time of '2026-08-28T09:36:30.6477809Z' while content on disk has modification time of '2026-08-28T09:36:38.049Z'
  ERROR: Build asset version error: assets/scripts/logistics/inserter.cs in SourceAssetDB has modification time of '2026-08-28T09:36:30.6477809Z' while content on disk has modification time of '2026-08-28T09:36:38.049Z'
Number of updated asset objects reloaded before import = 0
Number of asset objects unloaded after import = 0
========================================================================
Received Import Request.
  Time of request: 2026-08-28T09:36:48.9214125Z
  Time since last request: 0.0054722 seconds.
  importAddress: GUID: baf0f69da3098924ab85d19272b38c0e - Path: Assets/Scripts/Logistics/Inserter.cs - Importer: PreviewImporter
Importing 'GUID: baf0f69da3098924ab85d19272b38c0e - Path: Assets/Scripts/Logistics/Inserter.cs - Importer: PreviewImporter' with importer (PreviewImporter)
Imported 'GUID: baf0f69da3098924ab85d19272b38c0e' -> (Import Result ID: '00000000000000000000000000000000') in 0.000 seconds
Import Error Code:(4)
Message: Build asset version error: assets/scripts/logistics/inserter.cs in SourceAssetDB has modification time of '2026-08-28T09:36:30.6477809Z' while content on disk has modification time of '2026-08-28T09:36:38.049Z'
  ERROR: Build asset version error: assets/scripts/logistics/inserter.cs in SourceAssetDB has modification time of '2026-08-28T09:36:30.6477809Z' while content on disk has modification time of '2026-08-28T09:36:38.049Z'
Number of updated asset objects reloaded before import = 0
Number of asset objects unloaded after import = 0
========================================================================
Received Import Request.
  Time of request: 2026-08-28T09:36:48.9381648Z
  Time since last request: 0.0060327 seconds.
  importAddress: GUID: baf0f69da3098924ab85d19272b38c0e - Path: Assets/Scripts/Logistics/Inserter.cs - Importer: PreviewImporter
Importing 'GUID: baf0f69da3098924ab85d19272b38c0e - Path: Assets/Scripts/Logistics/Inserter.cs - Importer: PreviewImporter' with importer (PreviewImporter)
Imported 'GUID: baf0f69da3098924ab85d19272b38c0e' -> (Import Result ID: '00000000000000000000000000000000') in 0.000 seconds
Import Error Code:(4)
Message: Build asset version error: assets/scripts/logistics/inserter.cs in SourceAssetDB has modification time of '2026-08-28T09:36:30.6477809Z' while content on disk has modification time of '2026-08-28T09:36:38.049Z'
  ERROR: Build asset version error: assets/scripts/logistics/inserter.cs in SourceAssetDB has modification time of '2026-08-28T09:36:30.6477809Z' while content on disk has modification time of '2026-08-28T09:36:38.049Z'
Number of updated asset objects reloaded before import = 0
Number of asset objects unloaded after import = 0
========================================================================
Received Import Request.
  Time of request: 2026-08-28T09:36:48.9552064Z
  Time since last request: 0.0061869 seconds.
  importAddress: GUID: baf0f69da3098924ab85d19272b38c0e - Path: Assets/Scripts/Logistics/Inserter.cs - Importer: PreviewImporter
Importing 'GUID: baf0f69da3098924ab85d19272b38c0e - Path: Assets/Scripts/Logistics/Inserter.cs - Importer: PreviewImporter' with importer (PreviewImporter)
Imported 'GUID: baf0f69da3098924ab85d19272b38c0e' -> (Import Result ID: '00000000000000000000000000000000') in 0.000 seconds
Import Error Code:(4)
Message: Build asset version error: assets/scripts/logistics/inserter.cs in SourceAssetDB has modification time of '2026-08-28T09:36:30.6477809Z' while content on disk has modification time of '2026-08-28T09:36:38.049Z'
  ERROR: Build asset version error: assets/scripts/logistics/inserter.cs in SourceAssetDB has modification time of '2026-08-28T09:36:30.6477809Z' while content on disk has modification time of '2026-08-28T09:36:38.049Z'
Number of updated asset objects reloaded before import = 0
Number of asset objects unloaded after import = 0
========================================================================
Received Import Request.
  Time of request: 2026-08-28T09:36:48.9726343Z
  Time since last request: 0.0056528 seconds.
  importAddress: GUID: baf0f69da3098924ab85d19272b38c0e - Path: Assets/Scripts/Logistics/Inserter.cs - Importer: PreviewImporter
Importing 'GUID: baf0f69da3098924ab85d19272b38c0e - Path: Assets/Scripts/Logistics/Inserter.cs - Importer: PreviewImporter' with importer (PreviewImporter)
Imported 'GUID: baf0f69da3098924ab85d19272b38c0e' -> (Import Result ID: '00000000000000000000000000000000') in 0.000 seconds
Import Error Code:(4)
Message: Build asset version error: assets/scripts/logistics/inserter.cs in SourceAssetDB has modification time of '2026-08-28T09:36:30.6477809Z' while content on disk has modification time of '2026-08-28T09:36:38.049Z'
  ERROR: Build asset version error: assets/scripts/logistics/inserter.cs in SourceAssetDB has modification time of '2026-08-28T09:36:30.6477809Z' while content on disk has modification time of '2026-08-28T09:36:38.049Z'
Number of updated asset objects reloaded before import = 0
Number of asset objects unloaded after import = 0
========================================================================
Received Import Request.
  Time of request: 2026-08-28T09:36:48.989476Z
  Time since last request: 0.0059469 seconds.
  importAddress: GUID: baf0f69da3098924ab85d19272b38c0e - Path: Assets/Scripts/Logistics/Inserter.cs - Importer: PreviewImporter
Importing 'GUID: baf0f69da3098924ab85d19272b38c0e - Path: Assets/Scripts/Logistics/Inserter.cs - Importer: PreviewImporter' with importer (PreviewImporter)
Imported 'GUID: baf0f69da3098924ab85d19272b38c0e' -> (Import Result ID: '00000000000000000000000000000000') in 0.001 seconds
Import Error Code:(4)
Message: Build asset version error: assets/scripts/logistics/inserter.cs in SourceAssetDB has modification time of '2026-08-28T09:36:30.6477809Z' while content on disk has modification time of '2026-08-28T09:36:38.049Z'
  ERROR: Build asset version error: assets/scripts/logistics/inserter.cs in SourceAssetDB has modification time of '2026-08-28T09:36:30.6477809Z' while content on disk has modification time of '2026-08-28T09:36:38.049Z'
Number of updated asset objects reloaded before import = 0
Number of asset objects unloaded after import = 0
========================================================================
Received Import Request.
  Time of request: 2026-08-28T09:36:49.0059458Z
  Time since last request: 0.0055019 seconds.
  importAddress: GUID: baf0f69da3098924ab85d19272b38c0e - Path: Assets/Scripts/Logistics/Inserter.cs - Importer: PreviewImporter
Importing 'GUID: baf0f69da3098924ab85d19272b38c0e - Path: Assets/Scripts/Logistics/Inserter.cs - Importer: PreviewImporter' with importer (PreviewImporter)
Imported 'GUID: baf0f69da3098924ab85d19272b38c0e' -> (Import Result ID: '00000000000000000000000000000000') in 0.000 seconds
Import Error Code:(4)
Message: Build asset version error: assets/scripts/logistics/inserter.cs in SourceAssetDB has modification time of '2026-08-28T09:36:30.6477809Z' while content on disk has modification time of '2026-08-28T09:36:38.049Z'
  ERROR: Build asset version error: assets/scripts/logistics/inserter.cs in SourceAssetDB has modification time of '2026-08-28T09:36:30.6477809Z' while content on disk has modification time of '2026-08-28T09:36:38.049Z'
Number of updated asset objects reloaded before import = 0
Number of asset objects unloaded after import = 0
========================================================================
Received Import Request.
  Time of request: 2026-08-28T09:36:49.0243107Z
  Time since last request: 0.0073682 seconds.
  importAddress: GUID: baf0f69da3098924ab85d19272b38c0e - Path: Assets/Scripts/Logistics/Inserter.cs - Importer: PreviewImporter
Importing 'GUID: baf0f69da3098924ab85d19272b38c0e - Path: Assets/Scripts/Logistics/Inserter.cs - Importer: PreviewImporter' with importer (PreviewImporter)
Imported 'GUID: baf0f69da3098924ab85d19272b38c0e' -> (Import Result ID: '00000000000000000000000000000000') in 0.000 seconds
Import Error Code:(4)
Message: Build asset version error: assets/scripts/logistics/inserter.cs in SourceAssetDB has modification time of '2026-08-28T09:36:30.6477809Z' while content on disk has modification time of '2026-08-28T09:36:38.049Z'
  ERROR: Build asset version error: assets/scripts/logistics/inserter.cs in SourceAssetDB has modification time of '2026-08-28T09:36:30.6477809Z' while content on disk has modification time of '2026-08-28T09:36:38.049Z'
Number of updated asset objects reloaded before import = 0
Number of asset objects unloaded after import = 0
========================================================================
Received Import Request.
  Time of request: 2026-08-28T09:36:49.041824Z
  Time since last request: 0.006023 seconds.
  importAddress: GUID: baf0f69da3098924ab85d19272b38c0e - Path: Assets/Scripts/Logistics/Inserter.cs - Importer: PreviewImporter
Importing 'GUID: baf0f69da3098924ab85d19272b38c0e - Path: Assets/Scripts/Logistics/Inserter.cs - Importer: PreviewImporter' with importer (PreviewImporter)
Imported 'GUID: baf0f69da3098924ab85d19272b38c0e' -> (Import Result ID: '00000000000000000000000000000000') in 0.000 seconds
Import Error Code:(4)
Message: Build asset version error: assets/scripts/logistics/inserter.cs in SourceAssetDB has modification time of '2026-08-28T09:36:30.6477809Z' while content on disk has modification time of '2026-08-28T09:36:38.049Z'
  ERROR: Build asset version error: assets/scripts/logistics/inserter.cs in SourceAssetDB has modification time of '2026-08-28T09:36:30.6477809Z' while content on disk has modification time of '2026-08-28T09:36:38.049Z'
Number of updated asset objects reloaded before import = 0
Number of asset objects unloaded after import = 0
========================================================================
Received Import Request.
  Time of request: 2026-08-28T09:36:49.0593949Z
  Time since last request: 0.0062796 seconds.
  importAddress: GUID: baf0f69da3098924ab85d19272b38c0e - Path: Assets/Scripts/Logistics/Inserter.cs - Importer: PreviewImporter
Importing 'GUID: baf0f69da3098924ab85d19272b38c0e - Path: Assets/Scripts/Logistics/Inserter.cs - Importer: PreviewImporter' with importer (PreviewImporter)
Imported 'GUID: baf0f69da3098924ab85d19272b38c0e' -> (Import Result ID: '00000000000000000000000000000000') in 0.001 seconds
Import Error Code:(4)
Message: Build asset version error: assets/scripts/logistics/inserter.cs in SourceAssetDB has modification time of '2026-08-28T09:36:30.6477809Z' while content on disk has modification time of '2026-08-28T09:36:38.049Z'
  ERROR: Build asset version error: assets/scripts/logistics/inserter.cs in SourceAssetDB has modification time of '2026-08-28T09:36:30.6477809Z' while content on disk has modification time of '2026-08-28T09:36:38.049Z'
Number of updated asset objects reloaded before import = 0
Number of asset objects unloaded after import = 0
========================================================================
Received Import Request.
  Time of request: 2026-08-28T09:36:49.0768199Z
  Time since last request: 0.0058646 seconds.
  importAddress: GUID: baf0f69da3098924ab85d19272b38c0e - Path: Assets/Scripts/Logistics/Inserter.cs - Importer: PreviewImporter
Importing 'GUID: baf0f69da3098924ab85d19272b38c0e - Path: Assets/Scripts/Logistics/Inserter.cs - Importer: PreviewImporter' with importer (PreviewImporter)
Imported 'GUID: baf0f69da3098924ab85d19272b38c0e' -> (Import Result ID: '00000000000000000000000000000000') in 0.000 seconds
Import Error Code:(4)
Message: Build asset version error: assets/scripts/logistics/inserter.cs in SourceAssetDB has modification time of '2026-08-28T09:36:30.6477809Z' while content on disk has modification time of '2026-08-28T09:36:38.049Z'
  ERROR: Build asset version error: assets/scripts/logistics/inserter.cs in SourceAssetDB has modification time of '2026-08-28T09:36:30.6477809Z' while content on disk has modification time of '2026-08-28T09:36:38.049Z'
Number of updated asset objects reloaded before import = 0
Number of asset objects unloaded after import = 0
========================================================================
Received Import Request.
  Time of request: 2026-08-28T09:36:49.0935573Z
  Time since last request: 0.006042 seconds.
  importAddress: GUID: baf0f69da3098924ab85d19272b38c0e - Path: Assets/Scripts/Logistics/Inserter.cs - Importer: PreviewImporter
Importing 'GUID: baf0f69da3098924ab85d19272b38c0e - Path: Assets/Scripts/Logistics/Inserter.cs - Importer: PreviewImporter' with importer (PreviewImporter)
Imported 'GUID: baf0f69da3098924ab85d19272b38c0e' -> (Import Result ID: '00000000000000000000000000000000') in 0.000 seconds
Import Error Code:(4)
Message: Build asset version error: assets/scripts/logistics/inserter.cs in SourceAssetDB has modification time of '2026-08-28T09:36:30.6477809Z' while content on disk has modification time of '2026-08-28T09:36:38.049Z'
  ERROR: Build asset version error: assets/scripts/logistics/inserter.cs in SourceAssetDB has modification time of '2026-08-28T09:36:30.6477809Z' while content on disk has modification time of '2026-08-28T09:36:38.049Z'
Number of updated asset objects reloaded before import = 0
Number of asset objects unloaded after import = 0
========================================================================
Received Import Request.
  Time of request: 2026-08-28T09:36:49.1103812Z
  Time since last request: 0.0055699 seconds.
  importAddress: GUID: baf0f69da3098924ab85d19272b38c0e - Path: Assets/Scripts/Logistics/Inserter.cs - Importer: PreviewImporter
Importing 'GUID: baf0f69da3098924ab85d19272b38c0e - Path: Assets/Scripts/Logistics/Inserter.cs - Importer: PreviewImporter' with importer (PreviewImporter)
Imported 'GUID: baf0f69da3098924ab85d19272b38c0e' -> (Import Result ID: '00000000000000000000000000000000') in 0.000 seconds
Import Error Code:(4)
Message: Build asset version error: assets/scripts/logistics/inserter.cs in SourceAssetDB has modification time of '2026-08-28T09:36:30.6477809Z' while content on disk has modification time of '2026-08-28T09:36:38.049Z'
  ERROR: Build asset version error: assets/scripts/logistics/inserter.cs in SourceAssetDB has modification time of '2026-08-28T09:36:30.6477809Z' while content on disk has modification time of '2026-08-28T09:36:38.049Z'
Number of updated asset objects reloaded before import = 0
Number of asset objects unloaded after import = 0
========================================================================
Received Import Request.
  Time of request: 2026-08-28T09:36:49.1268918Z
  Time since last request: 0.0056748 seconds.
  importAddress: GUID: baf0f69da3098924ab85d19272b38c0e - Path: Assets/Scripts/Logistics/Inserter.cs - Importer: PreviewImporter
Importing 'GUID: baf0f69da3098924ab85d19272b38c0e - Path: Assets/Scripts/Logistics/Inserter.cs - Importer: PreviewImporter' with importer (PreviewImporter)
Imported 'GUID: baf0f69da3098924ab85d19272b38c0e' -> (Import Result ID: '00000000000000000000000000000000') in 0.001 seconds
Import Error Code:(4)
Message: Build asset version error: assets/scripts/logistics/inserter.cs in SourceAssetDB has modification time of '2026-08-28T09:36:30.6477809Z' while content on disk has modification time of '2026-08-28T09:36:38.049Z'
  ERROR: Build asset version error: assets/scripts/logistics/inserter.cs in SourceAssetDB has modification time of '2026-08-28T09:36:30.6477809Z' while content on disk has modification time of '2026-08-28T09:36:38.049Z'
Number of updated asset objects reloaded before import = 0
Number of asset objects unloaded after import = 0
========================================================================
Received Import Request.
  Time of request: 2026-08-28T09:36:49.1465693Z
  Time since last request: 0.0058187 seconds.
  importAddress: GUID: baf0f69da3098924ab85d19272b38c0e - Path: Assets/Scripts/Logistics/Inserter.cs - Importer: PreviewImporter
Importing 'GUID: baf0f69da3098924ab85d19272b38c0e - Path: Assets/Scripts/Logistics/Inserter.cs - Importer: PreviewImporter' with importer (PreviewImporter)
Imported 'GUID: baf0f69da3098924ab85d19272b38c0e' -> (Import Result ID: '00000000000000000000000000000000') in 0.000 seconds
Import Error Code:(4)
Message: Build asset version error: assets/scripts/logistics/inserter.cs in SourceAssetDB has modification time of '2026-08-28T09:36:30.6477809Z' while content on disk has modification time of '2026-08-28T09:36:38.049Z'
  ERROR: Build asset version error: assets/scripts/logistics/inserter.cs in SourceAssetDB has modification time of '2026-08-28T09:36:30.6477809Z' while content on disk has modification time of '2026-08-28T09:36:38.049Z'
Number of updated asset objects reloaded before import = 0
Number of asset objects unloaded after import = 0
========================================================================
Received Import Request.
  Time of request: 2026-08-28T09:36:49.1639735Z
  Time since last request: 0.0059999 seconds.
  importAddress: GUID: baf0f69da3098924ab85d19272b38c0e - Path: Assets/Scripts/Logistics/Inserter.cs - Importer: PreviewImporter
Importing 'GUID: baf0f69da3098924ab85d19272b38c0e - Path: Assets/Scripts/Logistics/Inserter.cs - Importer: PreviewImporter' with importer (PreviewImporter)
Imported 'GUID: baf0f69da3098924ab85d19272b38c0e' -> (Import Result ID: '00000000000000000000000000000000') in 0.000 seconds
Import Error Code:(4)
Message: Build asset version error: assets/scripts/logistics/inserter.cs in SourceAssetDB has modification time of '2026-08-28T09:36:30.6477809Z' while content on disk has modification time of '2026-08-28T09:36:38.049Z'
  ERROR: Build asset version error: assets/scripts/logistics/inserter.cs in SourceAssetDB has modification time of '2026-08-28T09:36:30.6477809Z' while content on disk has modification time of '2026-08-28T09:36:38.049Z'
Number of updated asset objects reloaded before import = 0
Number of asset objects unloaded after import = 0
========================================================================
Received Import Request.
  Time of request: 2026-08-28T09:36:49.1814337Z
  Time since last request: 0.0059101 seconds.
  importAddress: GUID: baf0f69da3098924ab85d19272b38c0e - Path: Assets/Scripts/Logistics/Inserter.cs - Importer: PreviewImporter
Importing 'GUID: baf0f69da3098924ab85d19272b38c0e - Path: Assets/Scripts/Logistics/Inserter.cs - Importer: PreviewImporter' with importer (PreviewImporter)
Imported 'GUID: baf0f69da3098924ab85d19272b38c0e' -> (Import Result ID: '00000000000000000000000000000000') in 0.000 seconds
Import Error Code:(4)
Message: Build asset version error: assets/scripts/logistics/inserter.cs in SourceAssetDB has modification time of '2026-08-28T09:36:30.6477809Z' while content on disk has modification time of '2026-08-28T09:36:38.049Z'
  ERROR: Build asset version error: assets/scripts/logistics/inserter.cs in SourceAssetDB has modification time of '2026-08-28T09:36:30.6477809Z' while content on disk has modification time of '2026-08-28T09:36:38.049Z'
Number of updated asset objects reloaded before import = 0
Number of asset objects unloaded after import = 0
========================================================================
Received Import Request.
  Time of request: 2026-08-28T09:36:49.1975271Z
  Time since last request: 0.0053079 seconds.
  importAddress: GUID: baf0f69da3098924ab85d19272b38c0e - Path: Assets/Scripts/Logistics/Inserter.cs - Importer: PreviewImporter
Importing 'GUID: baf0f69da3098924ab85d19272b38c0e - Path: Assets/Scripts/Logistics/Inserter.cs - Importer: PreviewImporter' with importer (PreviewImporter)
Imported 'GUID: baf0f69da3098924ab85d19272b38c0e' -> (Import Result ID: '00000000000000000000000000000000') in 0.000 seconds
Import Error Code:(4)
Message: Build asset version error: assets/scripts/logistics/inserter.cs in SourceAssetDB has modification time of '2026-08-28T09:36:30.6477809Z' while content on disk has modification time of '2026-08-28T09:36:38.049Z'
  ERROR: Build asset version error: assets/scripts/logistics/inserter.cs in SourceAssetDB has modification time of '2026-08-28T09:36:30.6477809Z' while content on disk has modification time of '2026-08-28T09:36:38.049Z'
Number of updated asset objects reloaded before import = 0
Number of asset objects unloaded after import = 0
========================================================================
Received Import Request.
  Time of request: 2026-08-28T09:36:49.2143357Z
  Time since last request: 0.0052158 seconds.
  importAddress: GUID: baf0f69da3098924ab85d19272b38c0e - Path: Assets/Scripts/Logistics/Inserter.cs - Importer: PreviewImporter
Importing 'GUID: baf0f69da3098924ab85d19272b38c0e - Path: Assets/Scripts/Logistics/Inserter.cs - Importer: PreviewImporter' with importer (PreviewImporter)
Imported 'GUID: baf0f69da3098924ab85d19272b38c0e' -> (Import Result ID: '00000000000000000000000000000000') in 0.000 seconds
Import Error Code:(4)
Message: Build asset version error: assets/scripts/logistics/inserter.cs in SourceAssetDB has modification time of '2026-08-28T09:36:30.6477809Z' while content on disk has modification time of '2026-08-28T09:36:38.049Z'
  ERROR: Build asset version error: assets/scripts/logistics/inserter.cs in SourceAssetDB has modification time of '2026-08-28T09:36:30.6477809Z' while content on disk has modification time of '2026-08-28T09:36:38.049Z'
Number of updated asset objects reloaded before import = 0
Number of asset objects unloaded after import = 0
========================================================================
Received Import Request.
  Time of request: 2026-08-28T09:36:49.231085Z
  Time since last request: 0.0051502 seconds.
  importAddress: GUID: baf0f69da3098924ab85d19272b38c0e - Path: Assets/Scripts/Logistics/Inserter.cs - Importer: PreviewImporter
Importing 'GUID: baf0f69da3098924ab85d19272b38c0e - Path: Assets/Scripts/Logistics/Inserter.cs - Importer: PreviewImporter' with importer (PreviewImporter)
Imported 'GUID: baf0f69da3098924ab85d19272b38c0e' -> (Import Result ID: '00000000000000000000000000000000') in 0.000 seconds
Import Error Code:(4)
Message: Build asset version error: assets/scripts/logistics/inserter.cs in SourceAssetDB has modification time of '2026-08-28T09:36:30.6477809Z' while content on disk has modification time of '2026-08-28T09:36:38.049Z'
  ERROR: Build asset version error: assets/scripts/logistics/inserter.cs in SourceAssetDB has modification time of '2026-08-28T09:36:30.6477809Z' while content on disk has modification time of '2026-08-28T09:36:38.049Z'
Number of updated asset objects reloaded before import = 0
Number of asset objects unloaded after import = 0
========================================================================
Received Prepare
AcceleratorClientConnectionCallback - disconnected - :0
Begin MonoManager ReloadAssembly
Symbol file LoadedFromMemory is not a mono symbol file
Symbol file LoadedFromMemory is not a mono symbol file
Refreshing native plugins compatible for Editor in 2.53 ms, found 5 plugins.
Native extension for WindowsStandalone target not found
Native extension for WebGL target not found
[Package Manager] Failed to launch server process. Reason: Unity was launched with the -noUpm command-line argument
[Package Manager] Unable to send message (not connected to server process).
[Package Manager] Cannot connect to Unity Package Manager local server
Refreshing native plugins compatible for Editor in 2.51 ms, found 5 plugins.
[Package Manager] Failed to launch server process. Reason: Unity was launched with the -noUpm command-line argument
[Package Manager] Unable to send message (not connected to server process).
[Package Manager] Cannot connect to Unity Package Manager local server
[Licensing::Client] Error: Code 404 while processing request (status: Found 0 entitlement groups and 0 free entitlements matching requested entitlement ids)
ScheduleIndexationOnStartup MainProcess:False IndexOnStartup:True
Mono: successfully reloaded assembly
- Finished resetting the current domain, in  1.641 seconds
Domain Reload Profiling: 2838ms
	BeginReloadAssembly (288ms)
		DisableScriptedObjects (8ms)
		CreateAndSetChildDomain (107ms)
	RebuildCommonClasses (9ms)
	RebuildNativeTypeToScriptingClass (15ms)
	initialDomainReloadingComplete (103ms)
	LoadAllAssembliesAndSetupDomain (781ms)
		LoadAssemblies (378ms)
		AnalyzeDomain (351ms)
			TypeCache.Refresh (16ms)
			BuildScriptInfoCaches (328ms)
			ResolveRequiredComponents (5ms)
	FinalizeReload (1642ms)
		SetupLoadedEditorAssemblies (0ms)
			BeforeProcessingInitializeOnLoad (133ms)
			ProcessInitializeOnLoadAttributes (791ms)
			ProcessInitializeOnLoadMethodAttributes (447ms)
			AfterProcessingInitializeOnLoad (5ms)
		AwakeInstancesAfterBackupRestoration (33ms)
Refreshing native plugins compatible for Editor in 2.37 ms, found 5 plugins.
Unloading 65 Unused Serialized files (Serialized files now loaded: 0)
Unloading 10282 unused Assets / (22.3 MB). Loaded Objects now: 11316.
Memory consumption went from 485.5 MB to 463.2 MB.
Total: 29.326900 ms (FindLiveObjects: 1.001200 ms CreateObjectMapping: 4.397400 ms MarkObjects: 17.571500 ms  DeleteObjects: 6.355800 ms)

Prepare: number of updated asset objects reloaded= 0
========================================================================
Received Import Request.
  Time of request: 2026-08-28T09:36:58.8935545Z
  Time since last request: 9.6485235 seconds.
  importAddress: GUID: baf0f69da3098924ab85d19272b38c0e - Path: Assets/Scripts/Logistics/Inserter.cs - Importer: PreviewImporter
Importing 'GUID: baf0f69da3098924ab85d19272b38c0e - Path: Assets/Scripts/Logistics/Inserter.cs - Importer: PreviewImporter' with importer (PreviewImporter)
Imported 'GUID: baf0f69da3098924ab85d19272b38c0e' -> (Import Result ID: '09ff6b653bb366066360b3829fa2a4e1') in 0.001 seconds [static and dynamic dependencies]. Details - ImportResultOutputID=cca2cb0ee73e15bc80d3c3fe8de81092 DependenciesID=f9a170315e58cd39d43805082517f62f StaticDependenciesID=b3fd9c5d7d6ebe6a0a5f58bcb8a5d0c7 
Number of updated asset objects reloaded before import = 0
Number of asset objects unloaded after import = 0
========================================================================
Received Import Request.
  Time of request: 2026-08-28T09:37:00.9008194Z
  Time since last request: 1.9946675 seconds.
  importAddress: GUID: baf0f69da3098924ab85d19272b38c0e - Path: Assets/Scripts/Logistics/Inserter.cs - Importer: ScriptedImporter/UnityEditor.QuickSearchModule:UnityEditor.Search:ASIAI0B
Importing 'GUID: baf0f69da3098924ab85d19272b38c0e - Path: Assets/Scripts/Logistics/Inserter.cs - Importer: ScriptedImporter/UnityEditor.QuickSearchModule:UnityEditor.Search:ASIAI0B' with importer (ScriptedImporter : UnityEditor.QuickSearchModule:UnityEditor.Search:ASIAI0B)
Imported 'GUID: baf0f69da3098924ab85d19272b38c0e' -> (Import Result ID: '0de71d267ed5fa453daee2c17fb90b79') in 0.052 seconds [static and dynamic dependencies]. Details - ImportResultOutputID=385b664204fe588e3b8efb9523100a44 DependenciesID=81ecbe89e82b4b842a0f3bc0b46d114a StaticDependenciesID=ff3e68376b6a9f2ddcda336d546a932c 
Number of updated asset objects reloaded before import = 0
Number of asset objects unloaded after import = 0
========================================================================
Received Prepare
AcceleratorClientConnectionCallback - disconnected - :0
Refreshing native plugins compatible for Editor in 2.50 ms, found 5 plugins.
Unloading 65 Unused Serialized files (Serialized files now loaded: 0)
Unloading 10263 unused Assets / (20.6 MB). Loaded Objects now: 11317.
Memory consumption went from 486.2 MB to 465.6 MB.
Total: 24.285000 ms (FindLiveObjects: 0.886200 ms CreateObjectMapping: 4.353800 ms MarkObjects: 13.475900 ms  DeleteObjects: 5.567100 ms)

Prepare: number of updated asset objects reloaded= 0
========================================================================
Received Import Request.
  Time of request: 2026-08-28T09:37:06.5375164Z
  Time since last request: 5.5743323 seconds.
  importAddress: GUID: 8d25f3d6ae46a7e4d9d49860443f3881 - Path: Assets/Editor/InserterPrefabCreator.cs - Importer: PreviewImporter
Importing 'GUID: 8d25f3d6ae46a7e4d9d49860443f3881 - Path: Assets/Editor/InserterPrefabCreator.cs - Importer: PreviewImporter' with importer (PreviewImporter)
Imported 'GUID: 8d25f3d6ae46a7e4d9d49860443f3881' -> (Import Result ID: '44fa6accca39dffeb5b167dd9c03bc38') in 0.001 seconds [static and dynamic dependencies]. Details - ImportResultOutputID=6890241c8a5249fd563a94dd0db3d693 DependenciesID=b807cfe82320f08a81830e7afe919ca6 StaticDependenciesID=0f47650b56d3761f077a171e7599d0d0 
Number of updated asset objects reloaded before import = 0
Number of asset objects unloaded after import = 0
========================================================================
Received Import Request.
  Time of request: 2026-08-28T09:37:06.8017196Z
  Time since last request: 0.2518653 seconds.
  importAddress: GUID: 8d25f3d6ae46a7e4d9d49860443f3881 - Path: Assets/Editor/InserterPrefabCreator.cs - Importer: ScriptedImporter/UnityEditor.QuickSearchModule:UnityEditor.Search:ASIAI0B
Importing 'GUID: 8d25f3d6ae46a7e4d9d49860443f3881 - Path: Assets/Editor/InserterPrefabCreator.cs - Importer: ScriptedImporter/UnityEditor.QuickSearchModule:UnityEditor.Search:ASIAI0B' with importer (ScriptedImporter : UnityEditor.QuickSearchModule:UnityEditor.Search:ASIAI0B)
Imported 'GUID: 8d25f3d6ae46a7e4d9d49860443f3881' -> (Import Result ID: '017401f749e9d158afd6ebf6f13b2148') in 0.004 seconds [static and dynamic dependencies]. Details - ImportResultOutputID=a066ae5bfc6c6b85c64fac33e2bf432a DependenciesID=16cf8a901dff6269afbebed107d42451 StaticDependenciesID=02b96010eeb17cd533bf6c5f1a6d7c0d 
Number of updated asset objects reloaded before import = 0
Number of asset objects unloaded after import = 0
========================================================================
Received Prepare
AcceleratorClientConnectionCallback - disconnected - :0
Begin MonoManager ReloadAssembly
Symbol file LoadedFromMemory is not a mono symbol file
Symbol file LoadedFromMemory is not a mono symbol file
Refreshing native plugins compatible for Editor in 3.95 ms, found 5 plugins.
Native extension for WindowsStandalone target not found
Native extension for WebGL target not found
[Package Manager] Failed to launch server process. Reason: Unity was launched with the -noUpm command-line argument
[Package Manager] Unable to send message (not connected to server process).
[Package Manager] Cannot connect to Unity Package Manager local server
Refreshing native plugins compatible for Editor in 3.63 ms, found 5 plugins.
[Package Manager] Failed to launch server process. Reason: Unity was launched with the -noUpm command-line argument
[Package Manager] Unable to send message (not connected to server process).
[Package Manager] Cannot connect to Unity Package Manager local server
[Licensing::Client] Error: Code 404 while processing request (status: Found 0 entitlement groups and 0 free entitlements matching requested entitlement ids)
ScheduleIndexationOnStartup MainProcess:False IndexOnStartup:True
Mono: successfully reloaded assembly
- Finished resetting the current domain, in  2.072 seconds
Domain Reload Profiling: 3476ms
	BeginReloadAssembly (319ms)
		DisableScriptedObjects (12ms)
		CreateAndSetChildDomain (110ms)
	RebuildCommonClasses (14ms)
	RebuildNativeTypeToScriptingClass (24ms)
	initialDomainReloadingComplete (99ms)
	LoadAllAssembliesAndSetupDomain (946ms)
		LoadAssemblies (469ms)
		AnalyzeDomain (438ms)
			TypeCache.Refresh (17ms)
			BuildScriptInfoCaches (413ms)
			ResolveRequiredComponents (5ms)
	FinalizeReload (2073ms)
		SetupLoadedEditorAssemblies (0ms)
			InitializePlatformSupportModulesInManaged (3ms)
			BeforeProcessingInitializeOnLoad (171ms)
			ProcessInitializeOnLoadAttributes (983ms)
			ProcessInitializeOnLoadMethodAttributes (583ms)
			AfterProcessingInitializeOnLoad (6ms)
		AwakeInstancesAfterBackupRestoration (26ms)
Refreshing native plugins compatible for Editor in 2.72 ms, found 5 plugins.
Unloading 65 Unused Serialized files (Serialized files now loaded: 0)
Unloading 10283 unused Assets / (17.5 MB). Loaded Objects now: 11320.
Memory consumption went from 489.1 MB to 471.5 MB.
Total: 24.974400 ms (FindLiveObjects: 0.980700 ms CreateObjectMapping: 4.792900 ms MarkObjects: 14.572900 ms  DeleteObjects: 4.626900 ms)

Prepare: number of updated asset objects reloaded= 0
========================================================================
Received Import Request.
  Time of request: 2026-08-28T09:37:18.9523322Z
  Time since last request: 12.1359807 seconds.
  importAddress: GUID: 8d25f3d6ae46a7e4d9d49860443f3881 - Path: Assets/Editor/InserterPrefabCreator.cs - Importer: PreviewImporter
Importing 'GUID: 8d25f3d6ae46a7e4d9d49860443f3881 - Path: Assets/Editor/InserterPrefabCreator.cs - Importer: PreviewImporter' with importer (PreviewImporter)
Imported 'GUID: 8d25f3d6ae46a7e4d9d49860443f3881' -> (Import Result ID: '00000000000000000000000000000000') in 0.001 seconds
Import Error Code:(4)
Message: Build asset version error: assets/editor/inserterprefabcreator.cs in SourceAssetDB has modification time of '2026-08-28T09:37:05.6295931Z' while content on disk has modification time of '2026-08-28T09:37:11.192Z'
  ERROR: Build asset version error: assets/editor/inserterprefabcreator.cs in SourceAssetDB has modification time of '2026-08-28T09:37:05.6295931Z' while content on disk has modification time of '2026-08-28T09:37:11.192Z'
Number of updated asset objects reloaded before import = 0
Number of asset objects unloaded after import = 0
========================================================================
Received Import Request.
  Time of request: 2026-08-28T09:37:18.971996Z
  Time since last request: 0.0027612 seconds.
  importAddress: GUID: 8d25f3d6ae46a7e4d9d49860443f3881 - Path: Assets/Editor/InserterPrefabCreator.cs - Importer: PreviewImporter
Importing 'GUID: 8d25f3d6ae46a7e4d9d49860443f3881 - Path: Assets/Editor/InserterPrefabCreator.cs - Importer: PreviewImporter' with importer (PreviewImporter)
Imported 'GUID: 8d25f3d6ae46a7e4d9d49860443f3881' -> (Import Result ID: '00000000000000000000000000000000') in 0.003 seconds
Import Error Code:(4)
Message: Build asset version error: assets/editor/inserterprefabcreator.cs in SourceAssetDB has modification time of '2026-08-28T09:37:05.6295931Z' while content on disk has modification time of '2026-08-28T09:37:11.192Z'
  ERROR: Build asset version error: assets/editor/inserterprefabcreator.cs in SourceAssetDB has modification time of '2026-08-28T09:37:05.6295931Z' while content on disk has modification time of '2026-08-28T09:37:11.192Z'
Number of updated asset objects reloaded before import = 0
Number of asset objects unloaded after import = 0
========================================================================
Received Import Request.
  Time of request: 2026-08-28T09:37:19.0037905Z
  Time since last request: 0.0146002 seconds.
  importAddress: GUID: 8d25f3d6ae46a7e4d9d49860443f3881 - Path: Assets/Editor/InserterPrefabCreator.cs - Importer: PreviewImporter
Importing 'GUID: 8d25f3d6ae46a7e4d9d49860443f3881 - Path: Assets/Editor/InserterPrefabCreator.cs - Importer: PreviewImporter' with importer (PreviewImporter)
Imported 'GUID: 8d25f3d6ae46a7e4d9d49860443f3881' -> (Import Result ID: '00000000000000000000000000000000') in 0.001 seconds
Import Error Code:(4)
Message: Build asset version error: assets/editor/inserterprefabcreator.cs in SourceAssetDB has modification time of '2026-08-28T09:37:05.6295931Z' while content on disk has modification time of '2026-08-28T09:37:11.192Z'
  ERROR: Build asset version error: assets/editor/inserterprefabcreator.cs in SourceAssetDB has modification time of '2026-08-28T09:37:05.6295931Z' while content on disk has modification time of '2026-08-28T09:37:11.192Z'
Number of updated asset objects reloaded before import = 0
Number of asset objects unloaded after import = 0
========================================================================
Received Import Request.
  Time of request: 2026-08-28T09:37:19.0213965Z
  Time since last request: 0.0030949 seconds.
  importAddress: GUID: 8d25f3d6ae46a7e4d9d49860443f3881 - Path: Assets/Editor/InserterPrefabCreator.cs - Importer: PreviewImporter
Importing 'GUID: 8d25f3d6ae46a7e4d9d49860443f3881 - Path: Assets/Editor/InserterPrefabCreator.cs - Importer: PreviewImporter' with importer (PreviewImporter)
Imported 'GUID: 8d25f3d6ae46a7e4d9d49860443f3881' -> (Import Result ID: '00000000000000000000000000000000') in 0.001 seconds
Import Error Code:(4)
Message: Build asset version error: assets/editor/inserterprefabcreator.cs in SourceAssetDB has modification time of '2026-08-28T09:37:05.6295931Z' while content on disk has modification time of '2026-08-28T09:37:11.192Z'
  ERROR: Build asset version error: assets/editor/inserterprefabcreator.cs in SourceAssetDB has modification time of '2026-08-28T09:37:05.6295931Z' while content on disk has modification time of '2026-08-28T09:37:11.192Z'
Number of updated asset objects reloaded before import = 0
Number of asset objects unloaded after import = 0
========================================================================
Received Import Request.
  Time of request: 2026-08-28T09:37:19.043919Z
  Time since last request: 0.0073672 seconds.
  importAddress: GUID: 8d25f3d6ae46a7e4d9d49860443f3881 - Path: Assets/Editor/InserterPrefabCreator.cs - Importer: PreviewImporter
Importing 'GUID: 8d25f3d6ae46a7e4d9d49860443f3881 - Path: Assets/Editor/InserterPrefabCreator.cs - Importer: PreviewImporter' with importer (PreviewImporter)
Imported 'GUID: 8d25f3d6ae46a7e4d9d49860443f3881' -> (Import Result ID: '00000000000000000000000000000000') in 0.000 seconds
Import Error Code:(4)
Message: Build asset version error: assets/editor/inserterprefabcreator.cs in SourceAssetDB has modification time of '2026-08-28T09:37:05.6295931Z' while content on disk has modification time of '2026-08-28T09:37:11.192Z'
  ERROR: Build asset version error: assets/editor/inserterprefabcreator.cs in SourceAssetDB has modification time of '2026-08-28T09:37:05.6295931Z' while content on disk has modification time of '2026-08-28T09:37:11.192Z'
Number of updated asset objects reloaded before import = 0
Number of asset objects unloaded after import = 0
========================================================================
Received Import Request.
  Time of request: 2026-08-28T09:37:19.0597687Z
  Time since last request: 0.0033508 seconds.
  importAddress: GUID: 8d25f3d6ae46a7e4d9d49860443f3881 - Path: Assets/Editor/InserterPrefabCreator.cs - Importer: PreviewImporter
Importing 'GUID: 8d25f3d6ae46a7e4d9d49860443f3881 - Path: Assets/Editor/InserterPrefabCreator.cs - Importer: PreviewImporter' with importer (PreviewImporter)
Imported 'GUID: 8d25f3d6ae46a7e4d9d49860443f3881' -> (Import Result ID: '00000000000000000000000000000000') in 0.000 seconds
Import Error Code:(4)
Message: Build asset version error: assets/editor/inserterprefabcreator.cs in SourceAssetDB has modification time of '2026-08-28T09:37:05.6295931Z' while content on disk has modification time of '2026-08-28T09:37:11.192Z'
  ERROR: Build asset version error: assets/editor/inserterprefabcreator.cs in SourceAssetDB has modification time of '2026-08-28T09:37:05.6295931Z' while content on disk has modification time of '2026-08-28T09:37:11.192Z'
Number of updated asset objects reloaded before import = 0
Number of asset objects unloaded after import = 0
========================================================================
Received Import Request.
  Time of request: 2026-08-28T09:37:19.0754412Z
  Time since last request: 0.0045472 seconds.
  importAddress: GUID: 8d25f3d6ae46a7e4d9d49860443f3881 - Path: Assets/Editor/InserterPrefabCreator.cs - Importer: PreviewImporter
Importing 'GUID: 8d25f3d6ae46a7e4d9d49860443f3881 - Path: Assets/Editor/InserterPrefabCreator.cs - Importer: PreviewImporter' with importer (PreviewImporter)
Imported 'GUID: 8d25f3d6ae46a7e4d9d49860443f3881' -> (Import Result ID: '00000000000000000000000000000000') in 0.000 seconds
Import Error Code:(4)
Message: Build asset version error: assets/editor/inserterprefabcreator.cs in SourceAssetDB has modification time of '2026-08-28T09:37:05.6295931Z' while content on disk has modification time of '2026-08-28T09:37:11.192Z'
  ERROR: Build asset version error: assets/editor/inserterprefabcreator.cs in SourceAssetDB has modification time of '2026-08-28T09:37:05.6295931Z' while content on disk has modification time of '2026-08-28T09:37:11.192Z'
Number of updated asset objects reloaded before import = 0
Number of asset objects unloaded after import = 0
========================================================================
Received Import Request.
  Time of request: 2026-08-28T09:37:19.0915585Z
  Time since last request: 0.0052608 seconds.
  importAddress: GUID: 8d25f3d6ae46a7e4d9d49860443f3881 - Path: Assets/Editor/InserterPrefabCreator.cs - Importer: PreviewImporter
Importing 'GUID: 8d25f3d6ae46a7e4d9d49860443f3881 - Path: Assets/Editor/InserterPrefabCreator.cs - Importer: PreviewImporter' with importer (PreviewImporter)
Imported 'GUID: 8d25f3d6ae46a7e4d9d49860443f3881' -> (Import Result ID: '00000000000000000000000000000000') in 0.000 seconds
Import Error Code:(4)
Message: Build asset version error: assets/editor/inserterprefabcreator.cs in SourceAssetDB has modification time of '2026-08-28T09:37:05.6295931Z' while content on disk has modification time of '2026-08-28T09:37:11.192Z'
  ERROR: Build asset version error: assets/editor/inserterprefabcreator.cs in SourceAssetDB has modification time of '2026-08-28T09:37:05.6295931Z' while content on disk has modification time of '2026-08-28T09:37:11.192Z'
Number of updated asset objects reloaded before import = 0
Number of asset objects unloaded after import = 0
========================================================================
Received Import Request.
  Time of request: 2026-08-28T09:37:19.1071299Z
  Time since last request: 0.0046901 seconds.
  importAddress: GUID: 8d25f3d6ae46a7e4d9d49860443f3881 - Path: Assets/Editor/InserterPrefabCreator.cs - Importer: PreviewImporter
Importing 'GUID: 8d25f3d6ae46a7e4d9d49860443f3881 - Path: Assets/Editor/InserterPrefabCreator.cs - Importer: PreviewImporter' with importer (PreviewImporter)
Imported 'GUID: 8d25f3d6ae46a7e4d9d49860443f3881' -> (Import Result ID: '00000000000000000000000000000000') in 0.000 seconds
Import Error Code:(4)
Message: Build asset version error: assets/editor/inserterprefabcreator.cs in SourceAssetDB has modification time of '2026-08-28T09:37:05.6295931Z' while content on disk has modification time of '2026-08-28T09:37:11.192Z'
  ERROR: Build asset version error: assets/editor/inserterprefabcreator.cs in SourceAssetDB has modification time of '2026-08-28T09:37:05.6295931Z' while content on disk has modification time of '2026-08-28T09:37:11.192Z'
Number of updated asset objects reloaded before import = 0
Number of asset objects unloaded after import = 0
========================================================================
Received Import Request.
  Time of request: 2026-08-28T09:37:19.1234312Z
  Time since last request: 0.0050094 seconds.
  importAddress: GUID: 8d25f3d6ae46a7e4d9d49860443f3881 - Path: Assets/Editor/InserterPrefabCreator.cs - Importer: PreviewImporter
Importing 'GUID: 8d25f3d6ae46a7e4d9d49860443f3881 - Path: Assets/Editor/InserterPrefabCreator.cs - Importer: PreviewImporter' with importer (PreviewImporter)
Imported 'GUID: 8d25f3d6ae46a7e4d9d49860443f3881' -> (Import Result ID: '00000000000000000000000000000000') in 0.000 seconds
Import Error Code:(4)
Message: Build asset version error: assets/editor/inserterprefabcreator.cs in SourceAssetDB has modification time of '2026-08-28T09:37:05.6295931Z' while content on disk has modification time of '2026-08-28T09:37:11.192Z'
  ERROR: Build asset version error: assets/editor/inserterprefabcreator.cs in SourceAssetDB has modification time of '2026-08-28T09:37:05.6295931Z' while content on disk has modification time of '2026-08-28T09:37:11.192Z'
Number of updated asset objects reloaded before import = 0
Number of asset objects unloaded after import = 0
========================================================================
Received Import Request.
  Time of request: 2026-08-28T09:37:19.1406459Z
  Time since last request: 0.0052961 seconds.
  importAddress: GUID: 8d25f3d6ae46a7e4d9d49860443f3881 - Path: Assets/Editor/InserterPrefabCreator.cs - Importer: PreviewImporter
Importing 'GUID: 8d25f3d6ae46a7e4d9d49860443f3881 - Path: Assets/Editor/InserterPrefabCreator.cs - Importer: PreviewImporter' with importer (PreviewImporter)
Imported 'GUID: 8d25f3d6ae46a7e4d9d49860443f3881' -> (Import Result ID: '00000000000000000000000000000000') in 0.000 seconds
Import Error Code:(4)
Message: Build asset version error: assets/editor/inserterprefabcreator.cs in SourceAssetDB has modification time of '2026-08-28T09:37:05.6295931Z' while content on disk has modification time of '2026-08-28T09:37:11.192Z'
  ERROR: Build asset version error: assets/editor/inserterprefabcreator.cs in SourceAssetDB has modification time of '2026-08-28T09:37:05.6295931Z' while content on disk has modification time of '2026-08-28T09:37:11.192Z'
Number of updated asset objects reloaded before import = 0
Number of asset objects unloaded after import = 0
========================================================================
Received Import Request.
  Time of request: 2026-08-28T09:37:19.1599185Z
  Time since last request: 0.0072811 seconds.
  importAddress: GUID: 8d25f3d6ae46a7e4d9d49860443f3881 - Path: Assets/Editor/InserterPrefabCreator.cs - Importer: PreviewImporter
Importing 'GUID: 8d25f3d6ae46a7e4d9d49860443f3881 - Path: Assets/Editor/InserterPrefabCreator.cs - Importer: PreviewImporter' with importer (PreviewImporter)
Imported 'GUID: 8d25f3d6ae46a7e4d9d49860443f3881' -> (Import Result ID: '00000000000000000000000000000000') in 0.000 seconds
Import Error Code:(4)
Message: Build asset version error: assets/editor/inserterprefabcreator.cs in SourceAssetDB has modification time of '2026-08-28T09:37:05.6295931Z' while content on disk has modification time of '2026-08-28T09:37:11.192Z'
  ERROR: Build asset version error: assets/editor/inserterprefabcreator.cs in SourceAssetDB has modification time of '2026-08-28T09:37:05.6295931Z' while content on disk has modification time of '2026-08-28T09:37:11.192Z'
Number of updated asset objects reloaded before import = 0
Number of asset objects unloaded after import = 0
========================================================================
Received Import Request.
  Time of request: 2026-08-28T09:37:19.177899Z
  Time since last request: 0.0054716 seconds.
  importAddress: GUID: 8d25f3d6ae46a7e4d9d49860443f3881 - Path: Assets/Editor/InserterPrefabCreator.cs - Importer: PreviewImporter
Importing 'GUID: 8d25f3d6ae46a7e4d9d49860443f3881 - Path: Assets/Editor/InserterPrefabCreator.cs - Importer: PreviewImporter' with importer (PreviewImporter)
Imported 'GUID: 8d25f3d6ae46a7e4d9d49860443f3881' -> (Import Result ID: '00000000000000000000000000000000') in 0.000 seconds
Import Error Code:(4)
Message: Build asset version error: assets/editor/inserterprefabcreator.cs in SourceAssetDB has modification time of '2026-08-28T09:37:05.6295931Z' while content on disk has modification time of '2026-08-28T09:37:11.192Z'
  ERROR: Build asset version error: assets/editor/inserterprefabcreator.cs in SourceAssetDB has modification time of '2026-08-28T09:37:05.6295931Z' while content on disk has modification time of '2026-08-28T09:37:11.192Z'
Number of updated asset objects reloaded before import = 0
Number of asset objects unloaded after import = 0
========================================================================
Received Import Request.
  Time of request: 2026-08-28T09:37:19.1948957Z
  Time since last request: 0.0050237 seconds.
  importAddress: GUID: 8d25f3d6ae46a7e4d9d49860443f3881 - Path: Assets/Editor/InserterPrefabCreator.cs - Importer: PreviewImporter
Importing 'GUID: 8d25f3d6ae46a7e4d9d49860443f3881 - Path: Assets/Editor/InserterPrefabCreator.cs - Importer: PreviewImporter' with importer (PreviewImporter)
Imported 'GUID: 8d25f3d6ae46a7e4d9d49860443f3881' -> (Import Result ID: '00000000000000000000000000000000') in 0.000 seconds
Import Error Code:(4)
Message: Build asset version error: assets/editor/inserterprefabcreator.cs in SourceAssetDB has modification time of '2026-08-28T09:37:05.6295931Z' while content on disk has modification time of '2026-08-28T09:37:11.192Z'
  ERROR: Build asset version error: assets/editor/inserterprefabcreator.cs in SourceAssetDB has modification time of '2026-08-28T09:37:05.6295931Z' while content on disk has modification time of '2026-08-28T09:37:11.192Z'
Number of updated asset objects reloaded before import = 0
Number of asset objects unloaded after import = 0
========================================================================
Received Import Request.
  Time of request: 2026-08-28T09:37:19.213325Z
  Time since last request: 0.0057274 seconds.
  importAddress: GUID: 8d25f3d6ae46a7e4d9d49860443f3881 - Path: Assets/Editor/InserterPrefabCreator.cs - Importer: PreviewImporter
Importing 'GUID: 8d25f3d6ae46a7e4d9d49860443f3881 - Path: Assets/Editor/InserterPrefabCreator.cs - Importer: PreviewImporter' with importer (PreviewImporter)
Imported 'GUID: 8d25f3d6ae46a7e4d9d49860443f3881' -> (Import Result ID: '00000000000000000000000000000000') in 0.001 seconds
Import Error Code:(4)
Message: Build asset version error: assets/editor/inserterprefabcreator.cs in SourceAssetDB has modification time of '2026-08-28T09:37:05.6295931Z' while content on disk has modification time of '2026-08-28T09:37:11.192Z'
  ERROR: Build asset version error: assets/editor/inserterprefabcreator.cs in SourceAssetDB has modification time of '2026-08-28T09:37:05.6295931Z' while content on disk has modification time of '2026-08-28T09:37:11.192Z'
Number of updated asset objects reloaded before import = 0
Number of asset objects unloaded after import = 0
========================================================================
Received Import Request.
  Time of request: 2026-08-28T09:37:19.2319436Z
  Time since last request: 0.0051935 seconds.
  importAddress: GUID: 8d25f3d6ae46a7e4d9d49860443f3881 - Path: Assets/Editor/InserterPrefabCreator.cs - Importer: PreviewImporter
Importing 'GUID: 8d25f3d6ae46a7e4d9d49860443f3881 - Path: Assets/Editor/InserterPrefabCreator.cs - Importer: PreviewImporter' with importer (PreviewImporter)
Imported 'GUID: 8d25f3d6ae46a7e4d9d49860443f3881' -> (Import Result ID: '00000000000000000000000000000000') in 0.000 seconds
Import Error Code:(4)
Message: Build asset version error: assets/editor/inserterprefabcreator.cs in SourceAssetDB has modification time of '2026-08-28T09:37:05.6295931Z' while content on disk has modification time of '2026-08-28T09:37:11.192Z'
  ERROR: Build asset version error: assets/editor/inserterprefabcreator.cs in SourceAssetDB has modification time of '2026-08-28T09:37:05.6295931Z' while content on disk has modification time of '2026-08-28T09:37:11.192Z'
Number of updated asset objects reloaded before import = 0
Number of asset objects unloaded after import = 0
========================================================================
Received Import Request.
  Time of request: 2026-08-28T09:37:19.2524327Z
  Time since last request: 0.0085439 seconds.
  importAddress: GUID: 8d25f3d6ae46a7e4d9d49860443f3881 - Path: Assets/Editor/InserterPrefabCreator.cs - Importer: PreviewImporter
Importing 'GUID: 8d25f3d6ae46a7e4d9d49860443f3881 - Path: Assets/Editor/InserterPrefabCreator.cs - Importer: PreviewImporter' with importer (PreviewImporter)
Imported 'GUID: 8d25f3d6ae46a7e4d9d49860443f3881' -> (Import Result ID: '00000000000000000000000000000000') in 0.000 seconds
Import Error Code:(4)
Message: Build asset version error: assets/editor/inserterprefabcreator.cs in SourceAssetDB has modification time of '2026-08-28T09:37:05.6295931Z' while content on disk has modification time of '2026-08-28T09:37:11.192Z'
  ERROR: Build asset version error: assets/editor/inserterprefabcreator.cs in SourceAssetDB has modification time of '2026-08-28T09:37:05.6295931Z' while content on disk has modification time of '2026-08-28T09:37:11.192Z'
Number of updated asset objects reloaded before import = 0
Number of asset objects unloaded after import = 0
========================================================================
Received Import Request.
  Time of request: 2026-08-28T09:37:19.2700867Z
  Time since last request: 0.0059468 seconds.
  importAddress: GUID: 8d25f3d6ae46a7e4d9d49860443f3881 - Path: Assets/Editor/InserterPrefabCreator.cs - Importer: PreviewImporter
Importing 'GUID: 8d25f3d6ae46a7e4d9d49860443f3881 - Path: Assets/Editor/InserterPrefabCreator.cs - Importer: PreviewImporter' with importer (PreviewImporter)
Imported 'GUID: 8d25f3d6ae46a7e4d9d49860443f3881' -> (Import Result ID: '00000000000000000000000000000000') in 0.000 seconds
Import Error Code:(4)
Message: Build asset version error: assets/editor/inserterprefabcreator.cs in SourceAssetDB has modification time of '2026-08-28T09:37:05.6295931Z' while content on disk has modification time of '2026-08-28T09:37:11.192Z'
  ERROR: Build asset version error: assets/editor/inserterprefabcreator.cs in SourceAssetDB has modification time of '2026-08-28T09:37:05.6295931Z' while content on disk has modification time of '2026-08-28T09:37:11.192Z'
Number of updated asset objects reloaded before import = 0
Number of asset objects unloaded after import = 0
========================================================================
Received Import Request.
  Time of request: 2026-08-28T09:37:19.2875749Z
  Time since last request: 0.0055249 seconds.
  importAddress: GUID: 8d25f3d6ae46a7e4d9d49860443f3881 - Path: Assets/Editor/InserterPrefabCreator.cs - Importer: PreviewImporter
Importing 'GUID: 8d25f3d6ae46a7e4d9d49860443f3881 - Path: Assets/Editor/InserterPrefabCreator.cs - Importer: PreviewImporter' with importer (PreviewImporter)
Imported 'GUID: 8d25f3d6ae46a7e4d9d49860443f3881' -> (Import Result ID: '00000000000000000000000000000000') in 0.001 seconds
Import Error Code:(4)
Message: Build asset version error: assets/editor/inserterprefabcreator.cs in SourceAssetDB has modification time of '2026-08-28T09:37:05.6295931Z' while content on disk has modification time of '2026-08-28T09:37:11.192Z'
  ERROR: Build asset version error: assets/editor/inserterprefabcreator.cs in SourceAssetDB has modification time of '2026-08-28T09:37:05.6295931Z' while content on disk has modification time of '2026-08-28T09:37:11.192Z'
Number of updated asset objects reloaded before import = 0
Number of asset objects unloaded after import = 0
========================================================================
Received Import Request.
  Time of request: 2026-08-28T09:37:19.3047335Z
  Time since last request: 0.0054426 seconds.
  importAddress: GUID: 8d25f3d6ae46a7e4d9d49860443f3881 - Path: Assets/Editor/InserterPrefabCreator.cs - Importer: PreviewImporter
Importing 'GUID: 8d25f3d6ae46a7e4d9d49860443f3881 - Path: Assets/Editor/InserterPrefabCreator.cs - Importer: PreviewImporter' with importer (PreviewImporter)
Imported 'GUID: 8d25f3d6ae46a7e4d9d49860443f3881' -> (Import Result ID: '00000000000000000000000000000000') in 0.000 seconds
Import Error Code:(4)
Message: Build asset version error: assets/editor/inserterprefabcreator.cs in SourceAssetDB has modification time of '2026-08-28T09:37:05.6295931Z' while content on disk has modification time of '2026-08-28T09:37:11.192Z'
  ERROR: Build asset version error: assets/editor/inserterprefabcreator.cs in SourceAssetDB has modification time of '2026-08-28T09:37:05.6295931Z' while content on disk has modification time of '2026-08-28T09:37:11.192Z'
Number of updated asset objects reloaded before import = 0
Number of asset objects unloaded after import = 0
========================================================================
Received Import Request.
  Time of request: 2026-08-28T09:37:19.3219784Z
  Time since last request: 0.0051425 seconds.
  importAddress: GUID: 8d25f3d6ae46a7e4d9d49860443f3881 - Path: Assets/Editor/InserterPrefabCreator.cs - Importer: PreviewImporter
Importing 'GUID: 8d25f3d6ae46a7e4d9d49860443f3881 - Path: Assets/Editor/InserterPrefabCreator.cs - Importer: PreviewImporter' with importer (PreviewImporter)
Imported 'GUID: 8d25f3d6ae46a7e4d9d49860443f3881' -> (Import Result ID: '00000000000000000000000000000000') in 0.000 seconds
Import Error Code:(4)
Message: Build asset version error: assets/editor/inserterprefabcreator.cs in SourceAssetDB has modification time of '2026-08-28T09:37:05.6295931Z' while content on disk has modification time of '2026-08-28T09:37:11.192Z'
  ERROR: Build asset version error: assets/editor/inserterprefabcreator.cs in SourceAssetDB has modification time of '2026-08-28T09:37:05.6295931Z' while content on disk has modification time of '2026-08-28T09:37:11.192Z'
Number of updated asset objects reloaded before import = 0
Number of asset objects unloaded after import = 0
========================================================================
Received Import Request.
  Time of request: 2026-08-28T09:37:19.3397266Z
  Time since last request: 0.0059488 seconds.
  importAddress: GUID: 8d25f3d6ae46a7e4d9d49860443f3881 - Path: Assets/Editor/InserterPrefabCreator.cs - Importer: PreviewImporter
Importing 'GUID: 8d25f3d6ae46a7e4d9d49860443f3881 - Path: Assets/Editor/InserterPrefabCreator.cs - Importer: PreviewImporter' with importer (PreviewImporter)
Imported 'GUID: 8d25f3d6ae46a7e4d9d49860443f3881' -> (Import Result ID: '00000000000000000000000000000000') in 0.000 seconds
Import Error Code:(4)
Message: Build asset version error: assets/editor/inserterprefabcreator.cs in SourceAssetDB has modification time of '2026-08-28T09:37:05.6295931Z' while content on disk has modification time of '2026-08-28T09:37:11.192Z'
  ERROR: Build asset version error: assets/editor/inserterprefabcreator.cs in SourceAssetDB has modification time of '2026-08-28T09:37:05.6295931Z' while content on disk has modification time of '2026-08-28T09:37:11.192Z'
Number of updated asset objects reloaded before import = 0
Number of asset objects unloaded after import = 0
========================================================================
Received Import Request.
  Time of request: 2026-08-28T09:37:19.3565131Z
  Time since last request: 0.0055233 seconds.
  importAddress: GUID: 8d25f3d6ae46a7e4d9d49860443f3881 - Path: Assets/Editor/InserterPrefabCreator.cs - Importer: PreviewImporter
Importing 'GUID: 8d25f3d6ae46a7e4d9d49860443f3881 - Path: Assets/Editor/InserterPrefabCreator.cs - Importer: PreviewImporter' with importer (PreviewImporter)
Imported 'GUID: 8d25f3d6ae46a7e4d9d49860443f3881' -> (Import Result ID: '00000000000000000000000000000000') in 0.000 seconds
Import Error Code:(4)
Message: Build asset version error: assets/editor/inserterprefabcreator.cs in SourceAssetDB has modification time of '2026-08-28T09:37:05.6295931Z' while content on disk has modification time of '2026-08-28T09:37:11.192Z'
  ERROR: Build asset version error: assets/editor/inserterprefabcreator.cs in SourceAssetDB has modification time of '2026-08-28T09:37:05.6295931Z' while content on disk has modification time of '2026-08-28T09:37:11.192Z'
Number of updated asset objects reloaded before import = 0
Number of asset objects unloaded after import = 0
========================================================================
Received Import Request.
  Time of request: 2026-08-28T09:37:19.3737137Z
  Time since last request: 0.0056763 seconds.
  importAddress: GUID: 8d25f3d6ae46a7e4d9d49860443f3881 - Path: Assets/Editor/InserterPrefabCreator.cs - Importer: PreviewImporter
Importing 'GUID: 8d25f3d6ae46a7e4d9d49860443f3881 - Path: Assets/Editor/InserterPrefabCreator.cs - Importer: PreviewImporter' with importer (PreviewImporter)
Imported 'GUID: 8d25f3d6ae46a7e4d9d49860443f3881' -> (Import Result ID: '00000000000000000000000000000000') in 0.000 seconds
Import Error Code:(4)
Message: Build asset version error: assets/editor/inserterprefabcreator.cs in SourceAssetDB has modification time of '2026-08-28T09:37:05.6295931Z' while content on disk has modification time of '2026-08-28T09:37:11.192Z'
  ERROR: Build asset version error: assets/editor/inserterprefabcreator.cs in SourceAssetDB has modification time of '2026-08-28T09:37:05.6295931Z' while content on disk has modification time of '2026-08-28T09:37:11.192Z'
Number of updated asset objects reloaded before import = 0
Number of asset objects unloaded after import = 0
========================================================================
Received Import Request.
  Time of request: 2026-08-28T09:37:19.3912616Z
  Time since last request: 0.0047062 seconds.
  importAddress: GUID: 8d25f3d6ae46a7e4d9d49860443f3881 - Path: Assets/Editor/InserterPrefabCreator.cs - Importer: PreviewImporter
Importing 'GUID: 8d25f3d6ae46a7e4d9d49860443f3881 - Path: Assets/Editor/InserterPrefabCreator.cs - Importer: PreviewImporter' with importer (PreviewImporter)
Imported 'GUID: 8d25f3d6ae46a7e4d9d49860443f3881' -> (Import Result ID: '00000000000000000000000000000000') in 0.000 seconds
Import Error Code:(4)
Message: Build asset version error: assets/editor/inserterprefabcreator.cs in SourceAssetDB has modification time of '2026-08-28T09:37:05.6295931Z' while content on disk has modification time of '2026-08-28T09:37:11.192Z'
  ERROR: Build asset version error: assets/editor/inserterprefabcreator.cs in SourceAssetDB has modification time of '2026-08-28T09:37:05.6295931Z' while content on disk has modification time of '2026-08-28T09:37:11.192Z'
Number of updated asset objects reloaded before import = 0
Number of asset objects unloaded after import = 0
========================================================================
Received Import Request.
  Time of request: 2026-08-28T09:37:19.4079465Z
  Time since last request: 0.004541 seconds.
  importAddress: GUID: 8d25f3d6ae46a7e4d9d49860443f3881 - Path: Assets/Editor/InserterPrefabCreator.cs - Importer: PreviewImporter
Importing 'GUID: 8d25f3d6ae46a7e4d9d49860443f3881 - Path: Assets/Editor/InserterPrefabCreator.cs - Importer: PreviewImporter' with importer (PreviewImporter)
Imported 'GUID: 8d25f3d6ae46a7e4d9d49860443f3881' -> (Import Result ID: '00000000000000000000000000000000') in 0.000 seconds
Import Error Code:(4)
Message: Build asset version error: assets/editor/inserterprefabcreator.cs in SourceAssetDB has modification time of '2026-08-28T09:37:05.6295931Z' while content on disk has modification time of '2026-08-28T09:37:11.192Z'
  ERROR: Build asset version error: assets/editor/inserterprefabcreator.cs in SourceAssetDB has modification time of '2026-08-28T09:37:05.6295931Z' while content on disk has modification time of '2026-08-28T09:37:11.192Z'
Number of updated asset objects reloaded before import = 0
Number of asset objects unloaded after import = 0
========================================================================
Received Import Request.
  Time of request: 2026-08-28T09:37:19.4240116Z
  Time since last request: 0.0051872 seconds.
  importAddress: GUID: 8d25f3d6ae46a7e4d9d49860443f3881 - Path: Assets/Editor/InserterPrefabCreator.cs - Importer: PreviewImporter
Importing 'GUID: 8d25f3d6ae46a7e4d9d49860443f3881 - Path: Assets/Editor/InserterPrefabCreator.cs - Importer: PreviewImporter' with importer (PreviewImporter)
Imported 'GUID: 8d25f3d6ae46a7e4d9d49860443f3881' -> (Import Result ID: '00000000000000000000000000000000') in 0.000 seconds
Import Error Code:(4)
Message: Build asset version error: assets/editor/inserterprefabcreator.cs in SourceAssetDB has modification time of '2026-08-28T09:37:05.6295931Z' while content on disk has modification time of '2026-08-28T09:37:11.192Z'
  ERROR: Build asset version error: assets/editor/inserterprefabcreator.cs in SourceAssetDB has modification time of '2026-08-28T09:37:05.6295931Z' while content on disk has modification time of '2026-08-28T09:37:11.192Z'
Number of updated asset objects reloaded before import = 0
Number of asset objects unloaded after import = 0
========================================================================
Received Import Request.
  Time of request: 2026-08-28T09:37:19.4399628Z
  Time since last request: 0.0050099 seconds.
  importAddress: GUID: 8d25f3d6ae46a7e4d9d49860443f3881 - Path: Assets/Editor/InserterPrefabCreator.cs - Importer: PreviewImporter
Importing 'GUID: 8d25f3d6ae46a7e4d9d49860443f3881 - Path: Assets/Editor/InserterPrefabCreator.cs - Importer: PreviewImporter' with importer (PreviewImporter)
Imported 'GUID: 8d25f3d6ae46a7e4d9d49860443f3881' -> (Import Result ID: '00000000000000000000000000000000') in 0.000 seconds
Import Error Code:(4)
Message: Build asset version error: assets/editor/inserterprefabcreator.cs in SourceAssetDB has modification time of '2026-08-28T09:37:05.6295931Z' while content on disk has modification time of '2026-08-28T09:37:11.192Z'
  ERROR: Build asset version error: assets/editor/inserterprefabcreator.cs in SourceAssetDB has modification time of '2026-08-28T09:37:05.6295931Z' while content on disk has modification time of '2026-08-28T09:37:11.192Z'
Number of updated asset objects reloaded before import = 0
Number of asset objects unloaded after import = 0
========================================================================
Received Import Request.
  Time of request: 2026-08-28T09:37:19.457146Z
  Time since last request: 0.0049602 seconds.
  importAddress: GUID: 8d25f3d6ae46a7e4d9d49860443f3881 - Path: Assets/Editor/InserterPrefabCreator.cs - Importer: PreviewImporter
Importing 'GUID: 8d25f3d6ae46a7e4d9d49860443f3881 - Path: Assets/Editor/InserterPrefabCreator.cs - Importer: PreviewImporter' with importer (PreviewImporter)
Imported 'GUID: 8d25f3d6ae46a7e4d9d49860443f3881' -> (Import Result ID: '00000000000000000000000000000000') in 0.000 seconds
Import Error Code:(4)
Message: Build asset version error: assets/editor/inserterprefabcreator.cs in SourceAssetDB has modification time of '2026-08-28T09:37:05.6295931Z' while content on disk has modification time of '2026-08-28T09:37:11.192Z'
  ERROR: Build asset version error: assets/editor/inserterprefabcreator.cs in SourceAssetDB has modification time of '2026-08-28T09:37:05.6295931Z' while content on disk has modification time of '2026-08-28T09:37:11.192Z'
Number of updated asset objects reloaded before import = 0
Number of asset objects unloaded after import = 0
========================================================================
Received Import Request.
  Time of request: 2026-08-28T09:37:19.4730245Z
  Time since last request: 0.0049981 seconds.
  importAddress: GUID: 8d25f3d6ae46a7e4d9d49860443f3881 - Path: Assets/Editor/InserterPrefabCreator.cs - Importer: PreviewImporter
Importing 'GUID: 8d25f3d6ae46a7e4d9d49860443f3881 - Path: Assets/Editor/InserterPrefabCreator.cs - Importer: PreviewImporter' with importer (PreviewImporter)
Imported 'GUID: 8d25f3d6ae46a7e4d9d49860443f3881' -> (Import Result ID: '00000000000000000000000000000000') in 0.000 seconds
Import Error Code:(4)
Message: Build asset version error: assets/editor/inserterprefabcreator.cs in SourceAssetDB has modification time of '2026-08-28T09:37:05.6295931Z' while content on disk has modification time of '2026-08-28T09:37:11.192Z'
  ERROR: Build asset version error: assets/editor/inserterprefabcreator.cs in SourceAssetDB has modification time of '2026-08-28T09:37:05.6295931Z' while content on disk has modification time of '2026-08-28T09:37:11.192Z'
Number of updated asset objects reloaded before import = 0
Number of asset objects unloaded after import = 0
========================================================================
Received Import Request.
  Time of request: 2026-08-28T09:37:19.4894853Z
  Time since last request: 0.0053241 seconds.
  importAddress: GUID: 8d25f3d6ae46a7e4d9d49860443f3881 - Path: Assets/Editor/InserterPrefabCreator.cs - Importer: PreviewImporter
Importing 'GUID: 8d25f3d6ae46a7e4d9d49860443f3881 - Path: Assets/Editor/InserterPrefabCreator.cs - Importer: PreviewImporter' with importer (PreviewImporter)
Imported 'GUID: 8d25f3d6ae46a7e4d9d49860443f3881' -> (Import Result ID: '00000000000000000000000000000000') in 0.001 seconds
Import Error Code:(4)
Message: Build asset version error: assets/editor/inserterprefabcreator.cs in SourceAssetDB has modification time of '2026-08-28T09:37:05.6295931Z' while content on disk has modification time of '2026-08-28T09:37:11.192Z'
  ERROR: Build asset version error: assets/editor/inserterprefabcreator.cs in SourceAssetDB has modification time of '2026-08-28T09:37:05.6295931Z' while content on disk has modification time of '2026-08-28T09:37:11.192Z'
Number of updated asset objects reloaded before import = 0
Number of asset objects unloaded after import = 0
========================================================================
Received Import Request.
  Time of request: 2026-08-28T09:37:19.5060509Z
  Time since last request: 0.0050387 seconds.
  importAddress: GUID: 8d25f3d6ae46a7e4d9d49860443f3881 - Path: Assets/Editor/InserterPrefabCreator.cs - Importer: PreviewImporter
Importing 'GUID: 8d25f3d6ae46a7e4d9d49860443f3881 - Path: Assets/Editor/InserterPrefabCreator.cs - Importer: PreviewImporter' with importer (PreviewImporter)
Imported 'GUID: 8d25f3d6ae46a7e4d9d49860443f3881' -> (Import Result ID: '00000000000000000000000000000000') in 0.000 seconds
Import Error Code:(4)
Message: Build asset version error: assets/editor/inserterprefabcreator.cs in SourceAssetDB has modification time of '2026-08-28T09:37:05.6295931Z' while content on disk has modification time of '2026-08-28T09:37:11.192Z'
  ERROR: Build asset version error: assets/editor/inserterprefabcreator.cs in SourceAssetDB has modification time of '2026-08-28T09:37:05.6295931Z' while content on disk has modification time of '2026-08-28T09:37:11.192Z'
Number of updated asset objects reloaded before import = 0
Number of asset objects unloaded after import = 0
========================================================================
Received Import Request.
  Time of request: 2026-08-28T09:37:19.5228378Z
  Time since last request: 0.0053343 seconds.
  importAddress: GUID: 8d25f3d6ae46a7e4d9d49860443f3881 - Path: Assets/Editor/InserterPrefabCreator.cs - Importer: PreviewImporter
Importing 'GUID: 8d25f3d6ae46a7e4d9d49860443f3881 - Path: Assets/Editor/InserterPrefabCreator.cs - Importer: PreviewImporter' with importer (PreviewImporter)
Imported 'GUID: 8d25f3d6ae46a7e4d9d49860443f3881' -> (Import Result ID: '00000000000000000000000000000000') in 0.000 seconds
Import Error Code:(4)
Message: Build asset version error: assets/editor/inserterprefabcreator.cs in SourceAssetDB has modification time of '2026-08-28T09:37:05.6295931Z' while content on disk has modification time of '2026-08-28T09:37:11.192Z'
  ERROR: Build asset version error: assets/editor/inserterprefabcreator.cs in SourceAssetDB has modification time of '2026-08-28T09:37:05.6295931Z' while content on disk has modification time of '2026-08-28T09:37:11.192Z'
Number of updated asset objects reloaded before import = 0
Number of asset objects unloaded after import = 0
========================================================================
Received Import Request.
  Time of request: 2026-08-28T09:37:19.5391878Z
  Time since last request: 0.0051547 seconds.
  importAddress: GUID: 8d25f3d6ae46a7e4d9d49860443f3881 - Path: Assets/Editor/InserterPrefabCreator.cs - Importer: PreviewImporter
Importing 'GUID: 8d25f3d6ae46a7e4d9d49860443f3881 - Path: Assets/Editor/InserterPrefabCreator.cs - Importer: PreviewImporter' with importer (PreviewImporter)
Imported 'GUID: 8d25f3d6ae46a7e4d9d49860443f3881' -> (Import Result ID: '00000000000000000000000000000000') in 0.001 seconds
Import Error Code:(4)
Message: Build asset version error: assets/editor/inserterprefabcreator.cs in SourceAssetDB has modification time of '2026-08-28T09:37:05.6295931Z' while content on disk has modification time of '2026-08-28T09:37:11.192Z'
  ERROR: Build asset version error: assets/editor/inserterprefabcreator.cs in SourceAssetDB has modification time of '2026-08-28T09:37:05.6295931Z' while content on disk has modification time of '2026-08-28T09:37:11.192Z'
Number of updated asset objects reloaded before import = 0
Number of asset objects unloaded after import = 0
========================================================================
Received Import Request.
  Time of request: 2026-08-28T09:37:19.5553356Z
  Time since last request: 0.0048272 seconds.
  importAddress: GUID: 8d25f3d6ae46a7e4d9d49860443f3881 - Path: Assets/Editor/InserterPrefabCreator.cs - Importer: PreviewImporter
Importing 'GUID: 8d25f3d6ae46a7e4d9d49860443f3881 - Path: Assets/Editor/InserterPrefabCreator.cs - Importer: PreviewImporter' with importer (PreviewImporter)
Imported 'GUID: 8d25f3d6ae46a7e4d9d49860443f3881' -> (Import Result ID: '00000000000000000000000000000000') in 0.000 seconds
Import Error Code:(4)
Message: Build asset version error: assets/editor/inserterprefabcreator.cs in SourceAssetDB has modification time of '2026-08-28T09:37:05.6295931Z' while content on disk has modification time of '2026-08-28T09:37:11.192Z'
  ERROR: Build asset version error: assets/editor/inserterprefabcreator.cs in SourceAssetDB has modification time of '2026-08-28T09:37:05.6295931Z' while content on disk has modification time of '2026-08-28T09:37:11.192Z'
Number of updated asset objects reloaded before import = 0
Number of asset objects unloaded after import = 0
========================================================================
Received Import Request.
  Time of request: 2026-08-28T09:37:19.5717231Z
  Time since last request: 0.0052761 seconds.
  importAddress: GUID: 8d25f3d6ae46a7e4d9d49860443f3881 - Path: Assets/Editor/InserterPrefabCreator.cs - Importer: PreviewImporter
Importing 'GUID: 8d25f3d6ae46a7e4d9d49860443f3881 - Path: Assets/Editor/InserterPrefabCreator.cs - Importer: PreviewImporter' with importer (PreviewImporter)
Imported 'GUID: 8d25f3d6ae46a7e4d9d49860443f3881' -> (Import Result ID: '00000000000000000000000000000000') in 0.001 seconds
Import Error Code:(4)
Message: Build asset version error: assets/editor/inserterprefabcreator.cs in SourceAssetDB has modification time of '2026-08-28T09:37:05.6295931Z' while content on disk has modification time of '2026-08-28T09:37:11.192Z'
  ERROR: Build asset version error: assets/editor/inserterprefabcreator.cs in SourceAssetDB has modification time of '2026-08-28T09:37:05.6295931Z' while content on disk has modification time of '2026-08-28T09:37:11.192Z'
Number of updated asset objects reloaded before import = 0
Number of asset objects unloaded after import = 0
========================================================================
Received Import Request.
  Time of request: 2026-08-28T09:37:19.5879296Z
  Time since last request: 0.0003739 seconds.
  importAddress: GUID: 8d25f3d6ae46a7e4d9d49860443f3881 - Path: Assets/Editor/InserterPrefabCreator.cs - Importer: PreviewImporter
Importing 'GUID: 8d25f3d6ae46a7e4d9d49860443f3881 - Path: Assets/Editor/InserterPrefabCreator.cs - Importer: PreviewImporter' with importer (PreviewImporter)
Imported 'GUID: 8d25f3d6ae46a7e4d9d49860443f3881' -> (Import Result ID: '00000000000000000000000000000000') in 0.001 seconds
Import Error Code:(4)
Message: Build asset version error: assets/editor/inserterprefabcreator.cs in SourceAssetDB has modification time of '2026-08-28T09:37:05.6295931Z' while content on disk has modification time of '2026-08-28T09:37:11.192Z'
  ERROR: Build asset version error: assets/editor/inserterprefabcreator.cs in SourceAssetDB has modification time of '2026-08-28T09:37:05.6295931Z' while content on disk has modification time of '2026-08-28T09:37:11.192Z'
Number of updated asset objects reloaded before import = 0
Number of asset objects unloaded after import = 0
========================================================================
Received Import Request.
  Time of request: 2026-08-28T09:37:19.6112896Z
  Time since last request: 0.0064069 seconds.
  importAddress: GUID: 8d25f3d6ae46a7e4d9d49860443f3881 - Path: Assets/Editor/InserterPrefabCreator.cs - Importer: PreviewImporter
Importing 'GUID: 8d25f3d6ae46a7e4d9d49860443f3881 - Path: Assets/Editor/InserterPrefabCreator.cs - Importer: PreviewImporter' with importer (PreviewImporter)
Imported 'GUID: 8d25f3d6ae46a7e4d9d49860443f3881' -> (Import Result ID: '00000000000000000000000000000000') in 0.000 seconds
Import Error Code:(4)
Message: Build asset version error: assets/editor/inserterprefabcreator.cs in SourceAssetDB has modification time of '2026-08-28T09:37:05.6295931Z' while content on disk has modification time of '2026-08-28T09:37:11.192Z'
  ERROR: Build asset version error: assets/editor/inserterprefabcreator.cs in SourceAssetDB has modification time of '2026-08-28T09:37:05.6295931Z' while content on disk has modification time of '2026-08-28T09:37:11.192Z'
Number of updated asset objects reloaded before import = 0
Number of asset objects unloaded after import = 0
========================================================================
Received Import Request.
  Time of request: 2026-08-28T09:37:19.6268434Z
  Time since last request: 0.0047957 seconds.
  importAddress: GUID: 8d25f3d6ae46a7e4d9d49860443f3881 - Path: Assets/Editor/InserterPrefabCreator.cs - Importer: PreviewImporter
Importing 'GUID: 8d25f3d6ae46a7e4d9d49860443f3881 - Path: Assets/Editor/InserterPrefabCreator.cs - Importer: PreviewImporter' with importer (PreviewImporter)
Imported 'GUID: 8d25f3d6ae46a7e4d9d49860443f3881' -> (Import Result ID: '00000000000000000000000000000000') in 0.000 seconds
Import Error Code:(4)
Message: Build asset version error: assets/editor/inserterprefabcreator.cs in SourceAssetDB has modification time of '2026-08-28T09:37:05.6295931Z' while content on disk has modification time of '2026-08-28T09:37:11.192Z'
  ERROR: Build asset version error: assets/editor/inserterprefabcreator.cs in SourceAssetDB has modification time of '2026-08-28T09:37:05.6295931Z' while content on disk has modification time of '2026-08-28T09:37:11.192Z'
Number of updated asset objects reloaded before import = 0
Number of asset objects unloaded after import = 0
========================================================================
Received Import Request.
  Time of request: 2026-08-28T09:37:19.6428735Z
  Time since last request: 0.0052102 seconds.
  importAddress: GUID: 8d25f3d6ae46a7e4d9d49860443f3881 - Path: Assets/Editor/InserterPrefabCreator.cs - Importer: PreviewImporter
Importing 'GUID: 8d25f3d6ae46a7e4d9d49860443f3881 - Path: Assets/Editor/InserterPrefabCreator.cs - Importer: PreviewImporter' with importer (PreviewImporter)
Imported 'GUID: 8d25f3d6ae46a7e4d9d49860443f3881' -> (Import Result ID: '00000000000000000000000000000000') in 0.000 seconds
Import Error Code:(4)
Message: Build asset version error: assets/editor/inserterprefabcreator.cs in SourceAssetDB has modification time of '2026-08-28T09:37:05.6295931Z' while content on disk has modification time of '2026-08-28T09:37:11.192Z'
  ERROR: Build asset version error: assets/editor/inserterprefabcreator.cs in SourceAssetDB has modification time of '2026-08-28T09:37:05.6295931Z' while content on disk has modification time of '2026-08-28T09:37:11.192Z'
Number of updated asset objects reloaded before import = 0
Number of asset objects unloaded after import = 0
========================================================================
Received Import Request.
  Time of request: 2026-08-28T09:37:19.6590271Z
  Time since last request: 0.0046715 seconds.
  importAddress: GUID: 8d25f3d6ae46a7e4d9d49860443f3881 - Path: Assets/Editor/InserterPrefabCreator.cs - Importer: PreviewImporter
Importing 'GUID: 8d25f3d6ae46a7e4d9d49860443f3881 - Path: Assets/Editor/InserterPrefabCreator.cs - Importer: PreviewImporter' with importer (PreviewImporter)
Imported 'GUID: 8d25f3d6ae46a7e4d9d49860443f3881' -> (Import Result ID: '00000000000000000000000000000000') in 0.000 seconds
Import Error Code:(4)
Message: Build asset version error: assets/editor/inserterprefabcreator.cs in SourceAssetDB has modification time of '2026-08-28T09:37:05.6295931Z' while content on disk has modification time of '2026-08-28T09:37:11.192Z'
  ERROR: Build asset version error: assets/editor/inserterprefabcreator.cs in SourceAssetDB has modification time of '2026-08-28T09:37:05.6295931Z' while content on disk has modification time of '2026-08-28T09:37:11.192Z'
Number of updated asset objects reloaded before import = 0
Number of asset objects unloaded after import = 0
========================================================================
Received Import Request.
  Time of request: 2026-08-28T09:37:19.6752312Z
  Time since last request: 0.0047873 seconds.
  importAddress: GUID: 8d25f3d6ae46a7e4d9d49860443f3881 - Path: Assets/Editor/InserterPrefabCreator.cs - Importer: PreviewImporter
Importing 'GUID: 8d25f3d6ae46a7e4d9d49860443f3881 - Path: Assets/Editor/InserterPrefabCreator.cs - Importer: PreviewImporter' with importer (PreviewImporter)
Imported 'GUID: 8d25f3d6ae46a7e4d9d49860443f3881' -> (Import Result ID: '00000000000000000000000000000000') in 0.000 seconds
Import Error Code:(4)
Message: Build asset version error: assets/editor/inserterprefabcreator.cs in SourceAssetDB has modification time of '2026-08-28T09:37:05.6295931Z' while content on disk has modification time of '2026-08-28T09:37:11.192Z'
  ERROR: Build asset version error: assets/editor/inserterprefabcreator.cs in SourceAssetDB has modification time of '2026-08-28T09:37:05.6295931Z' while content on disk has modification time of '2026-08-28T09:37:11.192Z'
Number of updated asset objects reloaded before import = 0
Number of asset objects unloaded after import = 0
========================================================================
Received Import Request.
  Time of request: 2026-08-28T09:37:19.6914171Z
  Time since last request: 0.0049964 seconds.
  importAddress: GUID: 8d25f3d6ae46a7e4d9d49860443f3881 - Path: Assets/Editor/InserterPrefabCreator.cs - Importer: PreviewImporter
Importing 'GUID: 8d25f3d6ae46a7e4d9d49860443f3881 - Path: Assets/Editor/InserterPrefabCreator.cs - Importer: PreviewImporter' with importer (PreviewImporter)
Imported 'GUID: 8d25f3d6ae46a7e4d9d49860443f3881' -> (Import Result ID: '00000000000000000000000000000000') in 0.000 seconds
Import Error Code:(4)
Message: Build asset version error: assets/editor/inserterprefabcreator.cs in SourceAssetDB has modification time of '2026-08-28T09:37:05.6295931Z' while content on disk has modification time of '2026-08-28T09:37:11.192Z'
  ERROR: Build asset version error: assets/editor/inserterprefabcreator.cs in SourceAssetDB has modification time of '2026-08-28T09:37:05.6295931Z' while content on disk has modification time of '2026-08-28T09:37:11.192Z'
Number of updated asset objects reloaded before import = 0
Number of asset objects unloaded after import = 0
========================================================================
Received Import Request.
  Time of request: 2026-08-28T09:37:19.7084625Z
  Time since last request: 0.0047668 seconds.
  importAddress: GUID: 8d25f3d6ae46a7e4d9d49860443f3881 - Path: Assets/Editor/InserterPrefabCreator.cs - Importer: PreviewImporter
Importing 'GUID: 8d25f3d6ae46a7e4d9d49860443f3881 - Path: Assets/Editor/InserterPrefabCreator.cs - Importer: PreviewImporter' with importer (PreviewImporter)
Imported 'GUID: 8d25f3d6ae46a7e4d9d49860443f3881' -> (Import Result ID: '00000000000000000000000000000000') in 0.000 seconds
Import Error Code:(4)
Message: Build asset version error: assets/editor/inserterprefabcreator.cs in SourceAssetDB has modification time of '2026-08-28T09:37:05.6295931Z' while content on disk has modification time of '2026-08-28T09:37:11.192Z'
  ERROR: Build asset version error: assets/editor/inserterprefabcreator.cs in SourceAssetDB has modification time of '2026-08-28T09:37:05.6295931Z' while content on disk has modification time of '2026-08-28T09:37:11.192Z'
Number of updated asset objects reloaded before import = 0
Number of asset objects unloaded after import = 0
========================================================================
Received Import Request.
  Time of request: 2026-08-28T09:37:19.7251734Z
  Time since last request: 0.005368 seconds.
  importAddress: GUID: 8d25f3d6ae46a7e4d9d49860443f3881 - Path: Assets/Editor/InserterPrefabCreator.cs - Importer: PreviewImporter
Importing 'GUID: 8d25f3d6ae46a7e4d9d49860443f3881 - Path: Assets/Editor/InserterPrefabCreator.cs - Importer: PreviewImporter' with importer (PreviewImporter)
Imported 'GUID: 8d25f3d6ae46a7e4d9d49860443f3881' -> (Import Result ID: '00000000000000000000000000000000') in 0.000 seconds
Import Error Code:(4)
Message: Build asset version error: assets/editor/inserterprefabcreator.cs in SourceAssetDB has modification time of '2026-08-28T09:37:05.6295931Z' while content on disk has modification time of '2026-08-28T09:37:11.192Z'
  ERROR: Build asset version error: assets/editor/inserterprefabcreator.cs in SourceAssetDB has modification time of '2026-08-28T09:37:05.6295931Z' while content on disk has modification time of '2026-08-28T09:37:11.192Z'
Number of updated asset objects reloaded before import = 0
Number of asset objects unloaded after import = 0
========================================================================
Received Import Request.
  Time of request: 2026-08-28T09:37:19.7417479Z
  Time since last request: 0.0048895 seconds.
  importAddress: GUID: 8d25f3d6ae46a7e4d9d49860443f3881 - Path: Assets/Editor/InserterPrefabCreator.cs - Importer: PreviewImporter
Importing 'GUID: 8d25f3d6ae46a7e4d9d49860443f3881 - Path: Assets/Editor/InserterPrefabCreator.cs - Importer: PreviewImporter' with importer (PreviewImporter)
Imported 'GUID: 8d25f3d6ae46a7e4d9d49860443f3881' -> (Import Result ID: '00000000000000000000000000000000') in 0.000 seconds
Import Error Code:(4)
Message: Build asset version error: assets/editor/inserterprefabcreator.cs in SourceAssetDB has modification time of '2026-08-28T09:37:05.6295931Z' while content on disk has modification time of '2026-08-28T09:37:11.192Z'
  ERROR: Build asset version error: assets/editor/inserterprefabcreator.cs in SourceAssetDB has modification time of '2026-08-28T09:37:05.6295931Z' while content on disk has modification time of '2026-08-28T09:37:11.192Z'
Number of updated asset objects reloaded before import = 0
Number of asset objects unloaded after import = 0
========================================================================
Received Import Request.
  Time of request: 2026-08-28T09:37:19.7579025Z
  Time since last request: 0.0046602 seconds.
  importAddress: GUID: 8d25f3d6ae46a7e4d9d49860443f3881 - Path: Assets/Editor/InserterPrefabCreator.cs - Importer: PreviewImporter
Importing 'GUID: 8d25f3d6ae46a7e4d9d49860443f3881 - Path: Assets/Editor/InserterPrefabCreator.cs - Importer: PreviewImporter' with importer (PreviewImporter)
Imported 'GUID: 8d25f3d6ae46a7e4d9d49860443f3881' -> (Import Result ID: '00000000000000000000000000000000') in 0.000 seconds
Import Error Code:(4)
Message: Build asset version error: assets/editor/inserterprefabcreator.cs in SourceAssetDB has modification time of '2026-08-28T09:37:05.6295931Z' while content on disk has modification time of '2026-08-28T09:37:11.192Z'
  ERROR: Build asset version error: assets/editor/inserterprefabcreator.cs in SourceAssetDB has modification time of '2026-08-28T09:37:05.6295931Z' while content on disk has modification time of '2026-08-28T09:37:11.192Z'
Number of updated asset objects reloaded before import = 0
Number of asset objects unloaded after import = 0
========================================================================
Received Import Request.
  Time of request: 2026-08-28T09:37:19.7744838Z
  Time since last request: 0.0051321 seconds.
  importAddress: GUID: 8d25f3d6ae46a7e4d9d49860443f3881 - Path: Assets/Editor/InserterPrefabCreator.cs - Importer: PreviewImporter
Importing 'GUID: 8d25f3d6ae46a7e4d9d49860443f3881 - Path: Assets/Editor/InserterPrefabCreator.cs - Importer: PreviewImporter' with importer (PreviewImporter)
Imported 'GUID: 8d25f3d6ae46a7e4d9d49860443f3881' -> (Import Result ID: '00000000000000000000000000000000') in 0.000 seconds
Import Error Code:(4)
Message: Build asset version error: assets/editor/inserterprefabcreator.cs in SourceAssetDB has modification time of '2026-08-28T09:37:05.6295931Z' while content on disk has modification time of '2026-08-28T09:37:11.192Z'
  ERROR: Build asset version error: assets/editor/inserterprefabcreator.cs in SourceAssetDB has modification time of '2026-08-28T09:37:05.6295931Z' while content on disk has modification time of '2026-08-28T09:37:11.192Z'
Number of updated asset objects reloaded before import = 0
Number of asset objects unloaded after import = 0
========================================================================
Received Import Request.
  Time of request: 2026-08-28T09:37:19.7919061Z
  Time since last request: 0.0054533 seconds.
  importAddress: GUID: 8d25f3d6ae46a7e4d9d49860443f3881 - Path: Assets/Editor/InserterPrefabCreator.cs - Importer: PreviewImporter
Importing 'GUID: 8d25f3d6ae46a7e4d9d49860443f3881 - Path: Assets/Editor/InserterPrefabCreator.cs - Importer: PreviewImporter' with importer (PreviewImporter)
Imported 'GUID: 8d25f3d6ae46a7e4d9d49860443f3881' -> (Import Result ID: '00000000000000000000000000000000') in 0.000 seconds
Import Error Code:(4)
Message: Build asset version error: assets/editor/inserterprefabcreator.cs in SourceAssetDB has modification time of '2026-08-28T09:37:05.6295931Z' while content on disk has modification time of '2026-08-28T09:37:11.192Z'
  ERROR: Build asset version error: assets/editor/inserterprefabcreator.cs in SourceAssetDB has modification time of '2026-08-28T09:37:05.6295931Z' while content on disk has modification time of '2026-08-28T09:37:11.192Z'
Number of updated asset objects reloaded before import = 0
Number of asset objects unloaded after import = 0
========================================================================
Received Import Request.
  Time of request: 2026-08-28T09:37:19.8089288Z
  Time since last request: 0.0053906 seconds.
  importAddress: GUID: 8d25f3d6ae46a7e4d9d49860443f3881 - Path: Assets/Editor/InserterPrefabCreator.cs - Importer: PreviewImporter
Importing 'GUID: 8d25f3d6ae46a7e4d9d49860443f3881 - Path: Assets/Editor/InserterPrefabCreator.cs - Importer: PreviewImporter' with importer (PreviewImporter)
Imported 'GUID: 8d25f3d6ae46a7e4d9d49860443f3881' -> (Import Result ID: '00000000000000000000000000000000') in 0.000 seconds
Import Error Code:(4)
Message: Build asset version error: assets/editor/inserterprefabcreator.cs in SourceAssetDB has modification time of '2026-08-28T09:37:05.6295931Z' while content on disk has modification time of '2026-08-28T09:37:11.192Z'
  ERROR: Build asset version error: assets/editor/inserterprefabcreator.cs in SourceAssetDB has modification time of '2026-08-28T09:37:05.6295931Z' while content on disk has modification time of '2026-08-28T09:37:11.192Z'
Number of updated asset objects reloaded before import = 0
Number of asset objects unloaded after import = 0
========================================================================
Received Import Request.
  Time of request: 2026-08-28T09:37:19.8260142Z
  Time since last request: 0.0053701 seconds.
  importAddress: GUID: 8d25f3d6ae46a7e4d9d49860443f3881 - Path: Assets/Editor/InserterPrefabCreator.cs - Importer: PreviewImporter
Importing 'GUID: 8d25f3d6ae46a7e4d9d49860443f3881 - Path: Assets/Editor/InserterPrefabCreator.cs - Importer: PreviewImporter' with importer (PreviewImporter)
Imported 'GUID: 8d25f3d6ae46a7e4d9d49860443f3881' -> (Import Result ID: '00000000000000000000000000000000') in 0.000 seconds
Import Error Code:(4)
Message: Build asset version error: assets/editor/inserterprefabcreator.cs in SourceAssetDB has modification time of '2026-08-28T09:37:05.6295931Z' while content on disk has modification time of '2026-08-28T09:37:11.192Z'
  ERROR: Build asset version error: assets/editor/inserterprefabcreator.cs in SourceAssetDB has modification time of '2026-08-28T09:37:05.6295931Z' while content on disk has modification time of '2026-08-28T09:37:11.192Z'
Number of updated asset objects reloaded before import = 0
Number of asset objects unloaded after import = 0
========================================================================
Received Import Request.
  Time of request: 2026-08-28T09:37:19.8431928Z
  Time since last request: 0.0056866 seconds.
  importAddress: GUID: 8d25f3d6ae46a7e4d9d49860443f3881 - Path: Assets/Editor/InserterPrefabCreator.cs - Importer: PreviewImporter
Importing 'GUID: 8d25f3d6ae46a7e4d9d49860443f3881 - Path: Assets/Editor/InserterPrefabCreator.cs - Importer: PreviewImporter' with importer (PreviewImporter)
Imported 'GUID: 8d25f3d6ae46a7e4d9d49860443f3881' -> (Import Result ID: '00000000000000000000000000000000') in 0.000 seconds
Import Error Code:(4)
Message: Build asset version error: assets/editor/inserterprefabcreator.cs in SourceAssetDB has modification time of '2026-08-28T09:37:05.6295931Z' while content on disk has modification time of '2026-08-28T09:37:11.192Z'
  ERROR: Build asset version error: assets/editor/inserterprefabcreator.cs in SourceAssetDB has modification time of '2026-08-28T09:37:05.6295931Z' while content on disk has modification time of '2026-08-28T09:37:11.192Z'
Number of updated asset objects reloaded before import = 0
Number of asset objects unloaded after import = 0
========================================================================
Received Import Request.
  Time of request: 2026-08-28T09:37:19.8605147Z
  Time since last request: 0.0058524 seconds.
  importAddress: GUID: 8d25f3d6ae46a7e4d9d49860443f3881 - Path: Assets/Editor/InserterPrefabCreator.cs - Importer: PreviewImporter
Importing 'GUID: 8d25f3d6ae46a7e4d9d49860443f3881 - Path: Assets/Editor/InserterPrefabCreator.cs - Importer: PreviewImporter' with importer (PreviewImporter)
Imported 'GUID: 8d25f3d6ae46a7e4d9d49860443f3881' -> (Import Result ID: '00000000000000000000000000000000') in 0.000 seconds
Import Error Code:(4)
Message: Build asset version error: assets/editor/inserterprefabcreator.cs in SourceAssetDB has modification time of '2026-08-28T09:37:05.6295931Z' while content on disk has modification time of '2026-08-28T09:37:11.192Z'
  ERROR: Build asset version error: assets/editor/inserterprefabcreator.cs in SourceAssetDB has modification time of '2026-08-28T09:37:05.6295931Z' while content on disk has modification time of '2026-08-28T09:37:11.192Z'
Number of updated asset objects reloaded before import = 0
Number of asset objects unloaded after import = 0
========================================================================
Received Import Request.
  Time of request: 2026-08-28T09:37:19.8778442Z
  Time since last request: 0.0057356 seconds.
  importAddress: GUID: 8d25f3d6ae46a7e4d9d49860443f3881 - Path: Assets/Editor/InserterPrefabCreator.cs - Importer: PreviewImporter
Importing 'GUID: 8d25f3d6ae46a7e4d9d49860443f3881 - Path: Assets/Editor/InserterPrefabCreator.cs - Importer: PreviewImporter' with importer (PreviewImporter)
Imported 'GUID: 8d25f3d6ae46a7e4d9d49860443f3881' -> (Import Result ID: '00000000000000000000000000000000') in 0.000 seconds
Import Error Code:(4)
Message: Build asset version error: assets/editor/inserterprefabcreator.cs in SourceAssetDB has modification time of '2026-08-28T09:37:05.6295931Z' while content on disk has modification time of '2026-08-28T09:37:11.192Z'
  ERROR: Build asset version error: assets/editor/inserterprefabcreator.cs in SourceAssetDB has modification time of '2026-08-28T09:37:05.6295931Z' while content on disk has modification time of '2026-08-28T09:37:11.192Z'
Number of updated asset objects reloaded before import = 0
Number of asset objects unloaded after import = 0
========================================================================
Received Import Request.
  Time of request: 2026-08-28T09:37:19.8947939Z
  Time since last request: 0.0050965 seconds.
  importAddress: GUID: 8d25f3d6ae46a7e4d9d49860443f3881 - Path: Assets/Editor/InserterPrefabCreator.cs - Importer: PreviewImporter
Importing 'GUID: 8d25f3d6ae46a7e4d9d49860443f3881 - Path: Assets/Editor/InserterPrefabCreator.cs - Importer: PreviewImporter' with importer (PreviewImporter)
Imported 'GUID: 8d25f3d6ae46a7e4d9d49860443f3881' -> (Import Result ID: '00000000000000000000000000000000') in 0.000 seconds
Import Error Code:(4)
Message: Build asset version error: assets/editor/inserterprefabcreator.cs in SourceAssetDB has modification time of '2026-08-28T09:37:05.6295931Z' while content on disk has modification time of '2026-08-28T09:37:11.192Z'
  ERROR: Build asset version error: assets/editor/inserterprefabcreator.cs in SourceAssetDB has modification time of '2026-08-28T09:37:05.6295931Z' while content on disk has modification time of '2026-08-28T09:37:11.192Z'
Number of updated asset objects reloaded before import = 0
Number of asset objects unloaded after import = 0
========================================================================
Received Import Request.
  Time of request: 2026-08-28T09:37:19.9109769Z
  Time since last request: 0.0040081 seconds.
  importAddress: GUID: 8d25f3d6ae46a7e4d9d49860443f3881 - Path: Assets/Editor/InserterPrefabCreator.cs - Importer: PreviewImporter
Importing 'GUID: 8d25f3d6ae46a7e4d9d49860443f3881 - Path: Assets/Editor/InserterPrefabCreator.cs - Importer: PreviewImporter' with importer (PreviewImporter)
Imported 'GUID: 8d25f3d6ae46a7e4d9d49860443f3881' -> (Import Result ID: '00000000000000000000000000000000') in 0.000 seconds
Import Error Code:(4)
Message: Build asset version error: assets/editor/inserterprefabcreator.cs in SourceAssetDB has modification time of '2026-08-28T09:37:05.6295931Z' while content on disk has modification time of '2026-08-28T09:37:11.192Z'
  ERROR: Build asset version error: assets/editor/inserterprefabcreator.cs in SourceAssetDB has modification time of '2026-08-28T09:37:05.6295931Z' while content on disk has modification time of '2026-08-28T09:37:11.192Z'
Number of updated asset objects reloaded before import = 0
Number of asset objects unloaded after import = 0
========================================================================
Received Import Request.
  Time of request: 2026-08-28T09:37:19.9279532Z
  Time since last request: 0.0057222 seconds.
  importAddress: GUID: 8d25f3d6ae46a7e4d9d49860443f3881 - Path: Assets/Editor/InserterPrefabCreator.cs - Importer: PreviewImporter
Importing 'GUID: 8d25f3d6ae46a7e4d9d49860443f3881 - Path: Assets/Editor/InserterPrefabCreator.cs - Importer: PreviewImporter' with importer (PreviewImporter)
Imported 'GUID: 8d25f3d6ae46a7e4d9d49860443f3881' -> (Import Result ID: '00000000000000000000000000000000') in 0.000 seconds
Import Error Code:(4)
Message: Build asset version error: assets/editor/inserterprefabcreator.cs in SourceAssetDB has modification time of '2026-08-28T09:37:05.6295931Z' while content on disk has modification time of '2026-08-28T09:37:11.192Z'
  ERROR: Build asset version error: assets/editor/inserterprefabcreator.cs in SourceAssetDB has modification time of '2026-08-28T09:37:05.6295931Z' while content on disk has modification time of '2026-08-28T09:37:11.192Z'
Number of updated asset objects reloaded before import = 0
Number of asset objects unloaded after import = 0
========================================================================
Received Import Request.
  Time of request: 2026-08-28T09:37:19.9449288Z
  Time since last request: 0.0057404 seconds.
  importAddress: GUID: 8d25f3d6ae46a7e4d9d49860443f3881 - Path: Assets/Editor/InserterPrefabCreator.cs - Importer: PreviewImporter
Importing 'GUID: 8d25f3d6ae46a7e4d9d49860443f3881 - Path: Assets/Editor/InserterPrefabCreator.cs - Importer: PreviewImporter' with importer (PreviewImporter)
Imported 'GUID: 8d25f3d6ae46a7e4d9d49860443f3881' -> (Import Result ID: '00000000000000000000000000000000') in 0.000 seconds
Import Error Code:(4)
Message: Build asset version error: assets/editor/inserterprefabcreator.cs in SourceAssetDB has modification time of '2026-08-28T09:37:05.6295931Z' while content on disk has modification time of '2026-08-28T09:37:11.192Z'
  ERROR: Build asset version error: assets/editor/inserterprefabcreator.cs in SourceAssetDB has modification time of '2026-08-28T09:37:05.6295931Z' while content on disk has modification time of '2026-08-28T09:37:11.192Z'
Number of updated asset objects reloaded before import = 0
Number of asset objects unloaded after import = 0
========================================================================
Received Import Request.
  Time of request: 2026-08-28T09:37:19.9608891Z
  Time since last request: 0.0046798 seconds.
  importAddress: GUID: 8d25f3d6ae46a7e4d9d49860443f3881 - Path: Assets/Editor/InserterPrefabCreator.cs - Importer: PreviewImporter
Importing 'GUID: 8d25f3d6ae46a7e4d9d49860443f3881 - Path: Assets/Editor/InserterPrefabCreator.cs - Importer: PreviewImporter' with importer (PreviewImporter)
Imported 'GUID: 8d25f3d6ae46a7e4d9d49860443f3881' -> (Import Result ID: '00000000000000000000000000000000') in 0.000 seconds
Import Error Code:(4)
Message: Build asset version error: assets/editor/inserterprefabcreator.cs in SourceAssetDB has modification time of '2026-08-28T09:37:05.6295931Z' while content on disk has modification time of '2026-08-28T09:37:11.192Z'
  ERROR: Build asset version error: assets/editor/inserterprefabcreator.cs in SourceAssetDB has modification time of '2026-08-28T09:37:05.6295931Z' while content on disk has modification time of '2026-08-28T09:37:11.192Z'
Number of updated asset objects reloaded before import = 0
Number of asset objects unloaded after import = 0
========================================================================
Received Import Request.
  Time of request: 2026-08-28T09:37:19.9784156Z
  Time since last request: 0.0060511 seconds.
  importAddress: GUID: 8d25f3d6ae46a7e4d9d49860443f3881 - Path: Assets/Editor/InserterPrefabCreator.cs - Importer: PreviewImporter
Importing 'GUID: 8d25f3d6ae46a7e4d9d49860443f3881 - Path: Assets/Editor/InserterPrefabCreator.cs - Importer: PreviewImporter' with importer (PreviewImporter)
Imported 'GUID: 8d25f3d6ae46a7e4d9d49860443f3881' -> (Import Result ID: '00000000000000000000000000000000') in 0.000 seconds
Import Error Code:(4)
Message: Build asset version error: assets/editor/inserterprefabcreator.cs in SourceAssetDB has modification time of '2026-08-28T09:37:05.6295931Z' while content on disk has modification time of '2026-08-28T09:37:11.192Z'
  ERROR: Build asset version error: assets/editor/inserterprefabcreator.cs in SourceAssetDB has modification time of '2026-08-28T09:37:05.6295931Z' while content on disk has modification time of '2026-08-28T09:37:11.192Z'
Number of updated asset objects reloaded before import = 0
Number of asset objects unloaded after import = 0
========================================================================
Received Import Request.
  Time of request: 2026-08-28T09:37:19.9959579Z
  Time since last request: 0.0059999 seconds.
  importAddress: GUID: 8d25f3d6ae46a7e4d9d49860443f3881 - Path: Assets/Editor/InserterPrefabCreator.cs - Importer: PreviewImporter
Importing 'GUID: 8d25f3d6ae46a7e4d9d49860443f3881 - Path: Assets/Editor/InserterPrefabCreator.cs - Importer: PreviewImporter' with importer (PreviewImporter)
Imported 'GUID: 8d25f3d6ae46a7e4d9d49860443f3881' -> (Import Result ID: '00000000000000000000000000000000') in 0.000 seconds
Import Error Code:(4)
Message: Build asset version error: assets/editor/inserterprefabcreator.cs in SourceAssetDB has modification time of '2026-08-28T09:37:05.6295931Z' while content on disk has modification time of '2026-08-28T09:37:11.192Z'
  ERROR: Build asset version error: assets/editor/inserterprefabcreator.cs in SourceAssetDB has modification time of '2026-08-28T09:37:05.6295931Z' while content on disk has modification time of '2026-08-28T09:37:11.192Z'
Number of updated asset objects reloaded before import = 0
Number of asset objects unloaded after import = 0
========================================================================
Received Import Request.
  Time of request: 2026-08-28T09:37:20.0132668Z
  Time since last request: 0.0053875 seconds.
  importAddress: GUID: 8d25f3d6ae46a7e4d9d49860443f3881 - Path: Assets/Editor/InserterPrefabCreator.cs - Importer: PreviewImporter
Importing 'GUID: 8d25f3d6ae46a7e4d9d49860443f3881 - Path: Assets/Editor/InserterPrefabCreator.cs - Importer: PreviewImporter' with importer (PreviewImporter)
Imported 'GUID: 8d25f3d6ae46a7e4d9d49860443f3881' -> (Import Result ID: '00000000000000000000000000000000') in 0.000 seconds
Import Error Code:(4)
Message: Build asset version error: assets/editor/inserterprefabcreator.cs in SourceAssetDB has modification time of '2026-08-28T09:37:05.6295931Z' while content on disk has modification time of '2026-08-28T09:37:11.192Z'
  ERROR: Build asset version error: assets/editor/inserterprefabcreator.cs in SourceAssetDB has modification time of '2026-08-28T09:37:05.6295931Z' while content on disk has modification time of '2026-08-28T09:37:11.192Z'
Number of updated asset objects reloaded before import = 0
Number of asset objects unloaded after import = 0
========================================================================
Received Import Request.
  Time of request: 2026-08-28T09:37:20.0305924Z
  Time since last request: 0.0057815 seconds.
  importAddress: GUID: 8d25f3d6ae46a7e4d9d49860443f3881 - Path: Assets/Editor/InserterPrefabCreator.cs - Importer: PreviewImporter
Importing 'GUID: 8d25f3d6ae46a7e4d9d49860443f3881 - Path: Assets/Editor/InserterPrefabCreator.cs - Importer: PreviewImporter' with importer (PreviewImporter)
Imported 'GUID: 8d25f3d6ae46a7e4d9d49860443f3881' -> (Import Result ID: '00000000000000000000000000000000') in 0.000 seconds
Import Error Code:(4)
Message: Build asset version error: assets/editor/inserterprefabcreator.cs in SourceAssetDB has modification time of '2026-08-28T09:37:05.6295931Z' while content on disk has modification time of '2026-08-28T09:37:11.192Z'
  ERROR: Build asset version error: assets/editor/inserterprefabcreator.cs in SourceAssetDB has modification time of '2026-08-28T09:37:05.6295931Z' while content on disk has modification time of '2026-08-28T09:37:11.192Z'
Number of updated asset objects reloaded before import = 0
Number of asset objects unloaded after import = 0
========================================================================
Received Import Request.
  Time of request: 2026-08-28T09:37:20.0483229Z
  Time since last request: 0.0060158 seconds.
  importAddress: GUID: 8d25f3d6ae46a7e4d9d49860443f3881 - Path: Assets/Editor/InserterPrefabCreator.cs - Importer: PreviewImporter
Importing 'GUID: 8d25f3d6ae46a7e4d9d49860443f3881 - Path: Assets/Editor/InserterPrefabCreator.cs - Importer: PreviewImporter' with importer (PreviewImporter)
Imported 'GUID: 8d25f3d6ae46a7e4d9d49860443f3881' -> (Import Result ID: '00000000000000000000000000000000') in 0.000 seconds
Import Error Code:(4)
Message: Build asset version error: assets/editor/inserterprefabcreator.cs in SourceAssetDB has modification time of '2026-08-28T09:37:05.6295931Z' while content on disk has modification time of '2026-08-28T09:37:11.192Z'
  ERROR: Build asset version error: assets/editor/inserterprefabcreator.cs in SourceAssetDB has modification time of '2026-08-28T09:37:05.6295931Z' while content on disk has modification time of '2026-08-28T09:37:11.192Z'
Number of updated asset objects reloaded before import = 0
Number of asset objects unloaded after import = 0
========================================================================
Received Import Request.
  Time of request: 2026-08-28T09:37:20.0658305Z
  Time since last request: 0.0053632 seconds.
  importAddress: GUID: 8d25f3d6ae46a7e4d9d49860443f3881 - Path: Assets/Editor/InserterPrefabCreator.cs - Importer: PreviewImporter
Importing 'GUID: 8d25f3d6ae46a7e4d9d49860443f3881 - Path: Assets/Editor/InserterPrefabCreator.cs - Importer: PreviewImporter' with importer (PreviewImporter)
Imported 'GUID: 8d25f3d6ae46a7e4d9d49860443f3881' -> (Import Result ID: '00000000000000000000000000000000') in 0.000 seconds
Import Error Code:(4)
Message: Build asset version error: assets/editor/inserterprefabcreator.cs in SourceAssetDB has modification time of '2026-08-28T09:37:05.6295931Z' while content on disk has modification time of '2026-08-28T09:37:11.192Z'
  ERROR: Build asset version error: assets/editor/inserterprefabcreator.cs in SourceAssetDB has modification time of '2026-08-28T09:37:05.6295931Z' while content on disk has modification time of '2026-08-28T09:37:11.192Z'
Number of updated asset objects reloaded before import = 0
Number of asset objects unloaded after import = 0
========================================================================
Received Import Request.
  Time of request: 2026-08-28T09:37:20.0836079Z
  Time since last request: 0.0058984 seconds.
  importAddress: GUID: 8d25f3d6ae46a7e4d9d49860443f3881 - Path: Assets/Editor/InserterPrefabCreator.cs - Importer: PreviewImporter
Importing 'GUID: 8d25f3d6ae46a7e4d9d49860443f3881 - Path: Assets/Editor/InserterPrefabCreator.cs - Importer: PreviewImporter' with importer (PreviewImporter)
Imported 'GUID: 8d25f3d6ae46a7e4d9d49860443f3881' -> (Import Result ID: '00000000000000000000000000000000') in 0.000 seconds
Import Error Code:(4)
Message: Build asset version error: assets/editor/inserterprefabcreator.cs in SourceAssetDB has modification time of '2026-08-28T09:37:05.6295931Z' while content on disk has modification time of '2026-08-28T09:37:11.192Z'
  ERROR: Build asset version error: assets/editor/inserterprefabcreator.cs in SourceAssetDB has modification time of '2026-08-28T09:37:05.6295931Z' while content on disk has modification time of '2026-08-28T09:37:11.192Z'
Number of updated asset objects reloaded before import = 0
Number of asset objects unloaded after import = 0
========================================================================
Received Import Request.
  Time of request: 2026-08-28T09:37:20.101579Z
  Time since last request: 0.0060272 seconds.
  importAddress: GUID: 8d25f3d6ae46a7e4d9d49860443f3881 - Path: Assets/Editor/InserterPrefabCreator.cs - Importer: PreviewImporter
Importing 'GUID: 8d25f3d6ae46a7e4d9d49860443f3881 - Path: Assets/Editor/InserterPrefabCreator.cs - Importer: PreviewImporter' with importer (PreviewImporter)
Imported 'GUID: 8d25f3d6ae46a7e4d9d49860443f3881' -> (Import Result ID: '00000000000000000000000000000000') in 0.000 seconds
Import Error Code:(4)
Message: Build asset version error: assets/editor/inserterprefabcreator.cs in SourceAssetDB has modification time of '2026-08-28T09:37:05.6295931Z' while content on disk has modification time of '2026-08-28T09:37:11.192Z'
  ERROR: Build asset version error: assets/editor/inserterprefabcreator.cs in SourceAssetDB has modification time of '2026-08-28T09:37:05.6295931Z' while content on disk has modification time of '2026-08-28T09:37:11.192Z'
Number of updated asset objects reloaded before import = 0
Number of asset objects unloaded after import = 0
========================================================================
Received Import Request.
  Time of request: 2026-08-28T09:37:20.1193536Z
  Time since last request: 0.005393 seconds.
  importAddress: GUID: 8d25f3d6ae46a7e4d9d49860443f3881 - Path: Assets/Editor/InserterPrefabCreator.cs - Importer: PreviewImporter
Importing 'GUID: 8d25f3d6ae46a7e4d9d49860443f3881 - Path: Assets/Editor/InserterPrefabCreator.cs - Importer: PreviewImporter' with importer (PreviewImporter)
Imported 'GUID: 8d25f3d6ae46a7e4d9d49860443f3881' -> (Import Result ID: '00000000000000000000000000000000') in 0.000 seconds
Import Error Code:(4)
Message: Build asset version error: assets/editor/inserterprefabcreator.cs in SourceAssetDB has modification time of '2026-08-28T09:37:05.6295931Z' while content on disk has modification time of '2026-08-28T09:37:11.192Z'
  ERROR: Build asset version error: assets/editor/inserterprefabcreator.cs in SourceAssetDB has modification time of '2026-08-28T09:37:05.6295931Z' while content on disk has modification time of '2026-08-28T09:37:11.192Z'
Number of updated asset objects reloaded before import = 0
Number of asset objects unloaded after import = 0
========================================================================
Received Import Request.
  Time of request: 2026-08-28T09:37:20.135747Z
  Time since last request: 0.0053152 seconds.
  importAddress: GUID: 8d25f3d6ae46a7e4d9d49860443f3881 - Path: Assets/Editor/InserterPrefabCreator.cs - Importer: PreviewImporter
Importing 'GUID: 8d25f3d6ae46a7e4d9d49860443f3881 - Path: Assets/Editor/InserterPrefabCreator.cs - Importer: PreviewImporter' with importer (PreviewImporter)
Imported 'GUID: 8d25f3d6ae46a7e4d9d49860443f3881' -> (Import Result ID: '00000000000000000000000000000000') in 0.000 seconds
Import Error Code:(4)
Message: Build asset version error: assets/editor/inserterprefabcreator.cs in SourceAssetDB has modification time of '2026-08-28T09:37:05.6295931Z' while content on disk has modification time of '2026-08-28T09:37:11.192Z'
  ERROR: Build asset version error: assets/editor/inserterprefabcreator.cs in SourceAssetDB has modification time of '2026-08-28T09:37:05.6295931Z' while content on disk has modification time of '2026-08-28T09:37:11.192Z'
Number of updated asset objects reloaded before import = 0
Number of asset objects unloaded after import = 0
========================================================================
Received Import Request.
  Time of request: 2026-08-28T09:37:20.1526419Z
  Time since last request: 0.0058805 seconds.
  importAddress: GUID: 8d25f3d6ae46a7e4d9d49860443f3881 - Path: Assets/Editor/InserterPrefabCreator.cs - Importer: PreviewImporter
Importing 'GUID: 8d25f3d6ae46a7e4d9d49860443f3881 - Path: Assets/Editor/InserterPrefabCreator.cs - Importer: PreviewImporter' with importer (PreviewImporter)
Imported 'GUID: 8d25f3d6ae46a7e4d9d49860443f3881' -> (Import Result ID: '00000000000000000000000000000000') in 0.000 seconds
Import Error Code:(4)
Message: Build asset version error: assets/editor/inserterprefabcreator.cs in SourceAssetDB has modification time of '2026-08-28T09:37:05.6295931Z' while content on disk has modification time of '2026-08-28T09:37:11.192Z'
  ERROR: Build asset version error: assets/editor/inserterprefabcreator.cs in SourceAssetDB has modification time of '2026-08-28T09:37:05.6295931Z' while content on disk has modification time of '2026-08-28T09:37:11.192Z'
Number of updated asset objects reloaded before import = 0
Number of asset objects unloaded after import = 0
========================================================================
Received Import Request.
  Time of request: 2026-08-28T09:37:20.1698225Z
  Time since last request: 0.00567 seconds.
  importAddress: GUID: 8d25f3d6ae46a7e4d9d49860443f3881 - Path: Assets/Editor/InserterPrefabCreator.cs - Importer: PreviewImporter
Importing 'GUID: 8d25f3d6ae46a7e4d9d49860443f3881 - Path: Assets/Editor/InserterPrefabCreator.cs - Importer: PreviewImporter' with importer (PreviewImporter)
Imported 'GUID: 8d25f3d6ae46a7e4d9d49860443f3881' -> (Import Result ID: '00000000000000000000000000000000') in 0.001 seconds
Import Error Code:(4)
Message: Build asset version error: assets/editor/inserterprefabcreator.cs in SourceAssetDB has modification time of '2026-08-28T09:37:05.6295931Z' while content on disk has modification time of '2026-08-28T09:37:11.192Z'
  ERROR: Build asset version error: assets/editor/inserterprefabcreator.cs in SourceAssetDB has modification time of '2026-08-28T09:37:05.6295931Z' while content on disk has modification time of '2026-08-28T09:37:11.192Z'
Number of updated asset objects reloaded before import = 0
Number of asset objects unloaded after import = 0
========================================================================
Received Import Request.
  Time of request: 2026-08-28T09:37:20.1885481Z
  Time since last request: 0.0061936 seconds.
  importAddress: GUID: 8d25f3d6ae46a7e4d9d49860443f3881 - Path: Assets/Editor/InserterPrefabCreator.cs - Importer: PreviewImporter
Importing 'GUID: 8d25f3d6ae46a7e4d9d49860443f3881 - Path: Assets/Editor/InserterPrefabCreator.cs - Importer: PreviewImporter' with importer (PreviewImporter)
Imported 'GUID: 8d25f3d6ae46a7e4d9d49860443f3881' -> (Import Result ID: '00000000000000000000000000000000') in 0.000 seconds
Import Error Code:(4)
Message: Build asset version error: assets/editor/inserterprefabcreator.cs in SourceAssetDB has modification time of '2026-08-28T09:37:05.6295931Z' while content on disk has modification time of '2026-08-28T09:37:11.192Z'
  ERROR: Build asset version error: assets/editor/inserterprefabcreator.cs in SourceAssetDB has modification time of '2026-08-28T09:37:05.6295931Z' while content on disk has modification time of '2026-08-28T09:37:11.192Z'
Number of updated asset objects reloaded before import = 0
Number of asset objects unloaded after import = 0
========================================================================
Received Import Request.
  Time of request: 2026-08-28T09:37:20.2061301Z
  Time since last request: 0.0059 seconds.
  importAddress: GUID: 8d25f3d6ae46a7e4d9d49860443f3881 - Path: Assets/Editor/InserterPrefabCreator.cs - Importer: PreviewImporter
Importing 'GUID: 8d25f3d6ae46a7e4d9d49860443f3881 - Path: Assets/Editor/InserterPrefabCreator.cs - Importer: PreviewImporter' with importer (PreviewImporter)
Imported 'GUID: 8d25f3d6ae46a7e4d9d49860443f3881' -> (Import Result ID: '00000000000000000000000000000000') in 0.000 seconds
Import Error Code:(4)
Message: Build asset version error: assets/editor/inserterprefabcreator.cs in SourceAssetDB has modification time of '2026-08-28T09:37:05.6295931Z' while content on disk has modification time of '2026-08-28T09:37:11.192Z'
  ERROR: Build asset version error: assets/editor/inserterprefabcreator.cs in SourceAssetDB has modification time of '2026-08-28T09:37:05.6295931Z' while content on disk has modification time of '2026-08-28T09:37:11.192Z'
Number of updated asset objects reloaded before import = 0
Number of asset objects unloaded after import = 0
========================================================================
Received Import Request.
  Time of request: 2026-08-28T09:37:20.2235886Z
  Time since last request: 0.00593 seconds.
  importAddress: GUID: 8d25f3d6ae46a7e4d9d49860443f3881 - Path: Assets/Editor/InserterPrefabCreator.cs - Importer: PreviewImporter
Importing 'GUID: 8d25f3d6ae46a7e4d9d49860443f3881 - Path: Assets/Editor/InserterPrefabCreator.cs - Importer: PreviewImporter' with importer (PreviewImporter)
Imported 'GUID: 8d25f3d6ae46a7e4d9d49860443f3881' -> (Import Result ID: '00000000000000000000000000000000') in 0.000 seconds
Import Error Code:(4)
Message: Build asset version error: assets/editor/inserterprefabcreator.cs in SourceAssetDB has modification time of '2026-08-28T09:37:05.6295931Z' while content on disk has modification time of '2026-08-28T09:37:11.192Z'
  ERROR: Build asset version error: assets/editor/inserterprefabcreator.cs in SourceAssetDB has modification time of '2026-08-28T09:37:05.6295931Z' while content on disk has modification time of '2026-08-28T09:37:11.192Z'
Number of updated asset objects reloaded before import = 0
Number of asset objects unloaded after import = 0
========================================================================
Received Import Request.
  Time of request: 2026-08-28T09:37:20.2410637Z
  Time since last request: 0.0058445 seconds.
  importAddress: GUID: 8d25f3d6ae46a7e4d9d49860443f3881 - Path: Assets/Editor/InserterPrefabCreator.cs - Importer: PreviewImporter
Importing 'GUID: 8d25f3d6ae46a7e4d9d49860443f3881 - Path: Assets/Editor/InserterPrefabCreator.cs - Importer: PreviewImporter' with importer (PreviewImporter)
Imported 'GUID: 8d25f3d6ae46a7e4d9d49860443f3881' -> (Import Result ID: '00000000000000000000000000000000') in 0.000 seconds
Import Error Code:(4)
Message: Build asset version error: assets/editor/inserterprefabcreator.cs in SourceAssetDB has modification time of '2026-08-28T09:37:05.6295931Z' while content on disk has modification time of '2026-08-28T09:37:11.192Z'
  ERROR: Build asset version error: assets/editor/inserterprefabcreator.cs in SourceAssetDB has modification time of '2026-08-28T09:37:05.6295931Z' while content on disk has modification time of '2026-08-28T09:37:11.192Z'
Number of updated asset objects reloaded before import = 0
Number of asset objects unloaded after import = 0
========================================================================
Received Import Request.
  Time of request: 2026-08-28T09:37:20.2585069Z
  Time since last request: 0.005822 seconds.
  importAddress: GUID: 8d25f3d6ae46a7e4d9d49860443f3881 - Path: Assets/Editor/InserterPrefabCreator.cs - Importer: PreviewImporter
Importing 'GUID: 8d25f3d6ae46a7e4d9d49860443f3881 - Path: Assets/Editor/InserterPrefabCreator.cs - Importer: PreviewImporter' with importer (PreviewImporter)
Imported 'GUID: 8d25f3d6ae46a7e4d9d49860443f3881' -> (Import Result ID: '00000000000000000000000000000000') in 0.001 seconds
Import Error Code:(4)
Message: Build asset version error: assets/editor/inserterprefabcreator.cs in SourceAssetDB has modification time of '2026-08-28T09:37:05.6295931Z' while content on disk has modification time of '2026-08-28T09:37:11.192Z'
  ERROR: Build asset version error: assets/editor/inserterprefabcreator.cs in SourceAssetDB has modification time of '2026-08-28T09:37:05.6295931Z' while content on disk has modification time of '2026-08-28T09:37:11.192Z'
Number of updated asset objects reloaded before import = 0
Number of asset objects unloaded after import = 0
========================================================================
Received Import Request.
  Time of request: 2026-08-28T09:37:20.2761926Z
  Time since last request: 0.0060473 seconds.
  importAddress: GUID: 8d25f3d6ae46a7e4d9d49860443f3881 - Path: Assets/Editor/InserterPrefabCreator.cs - Importer: PreviewImporter
Importing 'GUID: 8d25f3d6ae46a7e4d9d49860443f3881 - Path: Assets/Editor/InserterPrefabCreator.cs - Importer: PreviewImporter' with importer (PreviewImporter)
Imported 'GUID: 8d25f3d6ae46a7e4d9d49860443f3881' -> (Import Result ID: '00000000000000000000000000000000') in 0.000 seconds
Import Error Code:(4)
Message: Build asset version error: assets/editor/inserterprefabcreator.cs in SourceAssetDB has modification time of '2026-08-28T09:37:05.6295931Z' while content on disk has modification time of '2026-08-28T09:37:11.192Z'
  ERROR: Build asset version error: assets/editor/inserterprefabcreator.cs in SourceAssetDB has modification time of '2026-08-28T09:37:05.6295931Z' while content on disk has modification time of '2026-08-28T09:37:11.192Z'
Number of updated asset objects reloaded before import = 0
Number of asset objects unloaded after import = 0
========================================================================
Received Import Request.
  Time of request: 2026-08-28T09:37:20.2935651Z
  Time since last request: 0.0058683 seconds.
  importAddress: GUID: 8d25f3d6ae46a7e4d9d49860443f3881 - Path: Assets/Editor/InserterPrefabCreator.cs - Importer: PreviewImporter
Importing 'GUID: 8d25f3d6ae46a7e4d9d49860443f3881 - Path: Assets/Editor/InserterPrefabCreator.cs - Importer: PreviewImporter' with importer (PreviewImporter)
Imported 'GUID: 8d25f3d6ae46a7e4d9d49860443f3881' -> (Import Result ID: '00000000000000000000000000000000') in 0.000 seconds
Import Error Code:(4)
Message: Build asset version error: assets/editor/inserterprefabcreator.cs in SourceAssetDB has modification time of '2026-08-28T09:37:05.6295931Z' while content on disk has modification time of '2026-08-28T09:37:11.192Z'
  ERROR: Build asset version error: assets/editor/inserterprefabcreator.cs in SourceAssetDB has modification time of '2026-08-28T09:37:05.6295931Z' while content on disk has modification time of '2026-08-28T09:37:11.192Z'
Number of updated asset objects reloaded before import = 0
Number of asset objects unloaded after import = 0
========================================================================
Received Import Request.
  Time of request: 2026-08-28T09:37:20.3103896Z
  Time since last request: 0.0059051 seconds.
  importAddress: GUID: 8d25f3d6ae46a7e4d9d49860443f3881 - Path: Assets/Editor/InserterPrefabCreator.cs - Importer: PreviewImporter
Importing 'GUID: 8d25f3d6ae46a7e4d9d49860443f3881 - Path: Assets/Editor/InserterPrefabCreator.cs - Importer: PreviewImporter' with importer (PreviewImporter)
Imported 'GUID: 8d25f3d6ae46a7e4d9d49860443f3881' -> (Import Result ID: '00000000000000000000000000000000') in 0.000 seconds
Import Error Code:(4)
Message: Build asset version error: assets/editor/inserterprefabcreator.cs in SourceAssetDB has modification time of '2026-08-28T09:37:05.6295931Z' while content on disk has modification time of '2026-08-28T09:37:11.192Z'
  ERROR: Build asset version error: assets/editor/inserterprefabcreator.cs in SourceAssetDB has modification time of '2026-08-28T09:37:05.6295931Z' while content on disk has modification time of '2026-08-28T09:37:11.192Z'
Number of updated asset objects reloaded before import = 0
Number of asset objects unloaded after import = 0
========================================================================
Received Import Request.
  Time of request: 2026-08-28T09:37:20.327301Z
  Time since last request: 0.0052895 seconds.
  importAddress: GUID: 8d25f3d6ae46a7e4d9d49860443f3881 - Path: Assets/Editor/InserterPrefabCreator.cs - Importer: PreviewImporter
Importing 'GUID: 8d25f3d6ae46a7e4d9d49860443f3881 - Path: Assets/Editor/InserterPrefabCreator.cs - Importer: PreviewImporter' with importer (PreviewImporter)
Imported 'GUID: 8d25f3d6ae46a7e4d9d49860443f3881' -> (Import Result ID: '00000000000000000000000000000000') in 0.000 seconds
Import Error Code:(4)
Message: Build asset version error: assets/editor/inserterprefabcreator.cs in SourceAssetDB has modification time of '2026-08-28T09:37:05.6295931Z' while content on disk has modification time of '2026-08-28T09:37:11.192Z'
  ERROR: Build asset version error: assets/editor/inserterprefabcreator.cs in SourceAssetDB has modification time of '2026-08-28T09:37:05.6295931Z' while content on disk has modification time of '2026-08-28T09:37:11.192Z'
Number of updated asset objects reloaded before import = 0
Number of asset objects unloaded after import = 0
========================================================================
Received Import Request.
  Time of request: 2026-08-28T09:37:20.344823Z
  Time since last request: 0.0063355 seconds.
  importAddress: GUID: 8d25f3d6ae46a7e4d9d49860443f3881 - Path: Assets/Editor/InserterPrefabCreator.cs - Importer: PreviewImporter
Importing 'GUID: 8d25f3d6ae46a7e4d9d49860443f3881 - Path: Assets/Editor/InserterPrefabCreator.cs - Importer: PreviewImporter' with importer (PreviewImporter)
Imported 'GUID: 8d25f3d6ae46a7e4d9d49860443f3881' -> (Import Result ID: '00000000000000000000000000000000') in 0.000 seconds
Import Error Code:(4)
Message: Build asset version error: assets/editor/inserterprefabcreator.cs in SourceAssetDB has modification time of '2026-08-28T09:37:05.6295931Z' while content on disk has modification time of '2026-08-28T09:37:11.192Z'
  ERROR: Build asset version error: assets/editor/inserterprefabcreator.cs in SourceAssetDB has modification time of '2026-08-28T09:37:05.6295931Z' while content on disk has modification time of '2026-08-28T09:37:11.192Z'
Number of updated asset objects reloaded before import = 0
Number of asset objects unloaded after import = 0
========================================================================
Received Import Request.
  Time of request: 2026-08-28T09:37:20.362324Z
  Time since last request: 0.005526 seconds.
  importAddress: GUID: 8d25f3d6ae46a7e4d9d49860443f3881 - Path: Assets/Editor/InserterPrefabCreator.cs - Importer: PreviewImporter
Importing 'GUID: 8d25f3d6ae46a7e4d9d49860443f3881 - Path: Assets/Editor/InserterPrefabCreator.cs - Importer: PreviewImporter' with importer (PreviewImporter)
Imported 'GUID: 8d25f3d6ae46a7e4d9d49860443f3881' -> (Import Result ID: '00000000000000000000000000000000') in 0.000 seconds
Import Error Code:(4)
Message: Build asset version error: assets/editor/inserterprefabcreator.cs in SourceAssetDB has modification time of '2026-08-28T09:37:05.6295931Z' while content on disk has modification time of '2026-08-28T09:37:11.192Z'
  ERROR: Build asset version error: assets/editor/inserterprefabcreator.cs in SourceAssetDB has modification time of '2026-08-28T09:37:05.6295931Z' while content on disk has modification time of '2026-08-28T09:37:11.192Z'
Number of updated asset objects reloaded before import = 0
Number of asset objects unloaded after import = 0
========================================================================
Received Import Request.
  Time of request: 2026-08-28T09:37:20.3786945Z
  Time since last request: 0.0049886 seconds.
  importAddress: GUID: 8d25f3d6ae46a7e4d9d49860443f3881 - Path: Assets/Editor/InserterPrefabCreator.cs - Importer: PreviewImporter
Importing 'GUID: 8d25f3d6ae46a7e4d9d49860443f3881 - Path: Assets/Editor/InserterPrefabCreator.cs - Importer: PreviewImporter' with importer (PreviewImporter)
Imported 'GUID: 8d25f3d6ae46a7e4d9d49860443f3881' -> (Import Result ID: '00000000000000000000000000000000') in 0.000 seconds
Import Error Code:(4)
Message: Build asset version error: assets/editor/inserterprefabcreator.cs in SourceAssetDB has modification time of '2026-08-28T09:37:05.6295931Z' while content on disk has modification time of '2026-08-28T09:37:11.192Z'
  ERROR: Build asset version error: assets/editor/inserterprefabcreator.cs in SourceAssetDB has modification time of '2026-08-28T09:37:05.6295931Z' while content on disk has modification time of '2026-08-28T09:37:11.192Z'
Number of updated asset objects reloaded before import = 0
Number of asset objects unloaded after import = 0
========================================================================
Received Import Request.
  Time of request: 2026-08-28T09:37:20.3950488Z
  Time since last request: 0.0052107 seconds.
  importAddress: GUID: 8d25f3d6ae46a7e4d9d49860443f3881 - Path: Assets/Editor/InserterPrefabCreator.cs - Importer: PreviewImporter
Importing 'GUID: 8d25f3d6ae46a7e4d9d49860443f3881 - Path: Assets/Editor/InserterPrefabCreator.cs - Importer: PreviewImporter' with importer (PreviewImporter)
Imported 'GUID: 8d25f3d6ae46a7e4d9d49860443f3881' -> (Import Result ID: '00000000000000000000000000000000') in 0.000 seconds
Import Error Code:(4)
Message: Build asset version error: assets/editor/inserterprefabcreator.cs in SourceAssetDB has modification time of '2026-08-28T09:37:05.6295931Z' while content on disk has modification time of '2026-08-28T09:37:11.192Z'
  ERROR: Build asset version error: assets/editor/inserterprefabcreator.cs in SourceAssetDB has modification time of '2026-08-28T09:37:05.6295931Z' while content on disk has modification time of '2026-08-28T09:37:11.192Z'
Number of updated asset objects reloaded before import = 0
Number of asset objects unloaded after import = 0
========================================================================
Received Import Request.
  Time of request: 2026-08-28T09:37:20.4114883Z
  Time since last request: 0.0053214 seconds.
  importAddress: GUID: 8d25f3d6ae46a7e4d9d49860443f3881 - Path: Assets/Editor/InserterPrefabCreator.cs - Importer: PreviewImporter
Importing 'GUID: 8d25f3d6ae46a7e4d9d49860443f3881 - Path: Assets/Editor/InserterPrefabCreator.cs - Importer: PreviewImporter' with importer (PreviewImporter)
Imported 'GUID: 8d25f3d6ae46a7e4d9d49860443f3881' -> (Import Result ID: '00000000000000000000000000000000') in 0.000 seconds
Import Error Code:(4)
Message: Build asset version error: assets/editor/inserterprefabcreator.cs in SourceAssetDB has modification time of '2026-08-28T09:37:05.6295931Z' while content on disk has modification time of '2026-08-28T09:37:11.192Z'
  ERROR: Build asset version error: assets/editor/inserterprefabcreator.cs in SourceAssetDB has modification time of '2026-08-28T09:37:05.6295931Z' while content on disk has modification time of '2026-08-28T09:37:11.192Z'
Number of updated asset objects reloaded before import = 0
Number of asset objects unloaded after import = 0
========================================================================
Received Import Request.
  Time of request: 2026-08-28T09:37:20.4280403Z
  Time since last request: 0.0050217 seconds.
  importAddress: GUID: 8d25f3d6ae46a7e4d9d49860443f3881 - Path: Assets/Editor/InserterPrefabCreator.cs - Importer: PreviewImporter
Importing 'GUID: 8d25f3d6ae46a7e4d9d49860443f3881 - Path: Assets/Editor/InserterPrefabCreator.cs - Importer: PreviewImporter' with importer (PreviewImporter)
Imported 'GUID: 8d25f3d6ae46a7e4d9d49860443f3881' -> (Import Result ID: '00000000000000000000000000000000') in 0.000 seconds
Import Error Code:(4)
Message: Build asset version error: assets/editor/inserterprefabcreator.cs in SourceAssetDB has modification time of '2026-08-28T09:37:05.6295931Z' while content on disk has modification time of '2026-08-28T09:37:11.192Z'
  ERROR: Build asset version error: assets/editor/inserterprefabcreator.cs in SourceAssetDB has modification time of '2026-08-28T09:37:05.6295931Z' while content on disk has modification time of '2026-08-28T09:37:11.192Z'
Number of updated asset objects reloaded before import = 0
Number of asset objects unloaded after import = 0
========================================================================
Received Import Request.
  Time of request: 2026-08-28T09:37:20.4457465Z
  Time since last request: 0.0060106 seconds.
  importAddress: GUID: 8d25f3d6ae46a7e4d9d49860443f3881 - Path: Assets/Editor/InserterPrefabCreator.cs - Importer: PreviewImporter
Importing 'GUID: 8d25f3d6ae46a7e4d9d49860443f3881 - Path: Assets/Editor/InserterPrefabCreator.cs - Importer: PreviewImporter' with importer (PreviewImporter)
Imported 'GUID: 8d25f3d6ae46a7e4d9d49860443f3881' -> (Import Result ID: '00000000000000000000000000000000') in 0.000 seconds
Import Error Code:(4)
Message: Build asset version error: assets/editor/inserterprefabcreator.cs in SourceAssetDB has modification time of '2026-08-28T09:37:05.6295931Z' while content on disk has modification time of '2026-08-28T09:37:11.192Z'
  ERROR: Build asset version error: assets/editor/inserterprefabcreator.cs in SourceAssetDB has modification time of '2026-08-28T09:37:05.6295931Z' while content on disk has modification time of '2026-08-28T09:37:11.192Z'
Number of updated asset objects reloaded before import = 0
Number of asset objects unloaded after import = 0
========================================================================
Received Import Request.
  Time of request: 2026-08-28T09:37:20.4629159Z
  Time since last request: 0.0055611 seconds.
  importAddress: GUID: 8d25f3d6ae46a7e4d9d49860443f3881 - Path: Assets/Editor/InserterPrefabCreator.cs - Importer: PreviewImporter
Importing 'GUID: 8d25f3d6ae46a7e4d9d49860443f3881 - Path: Assets/Editor/InserterPrefabCreator.cs - Importer: PreviewImporter' with importer (PreviewImporter)
Imported 'GUID: 8d25f3d6ae46a7e4d9d49860443f3881' -> (Import Result ID: '00000000000000000000000000000000') in 0.000 seconds
Import Error Code:(4)
Message: Build asset version error: assets/editor/inserterprefabcreator.cs in SourceAssetDB has modification time of '2026-08-28T09:37:05.6295931Z' while content on disk has modification time of '2026-08-28T09:37:11.192Z'
  ERROR: Build asset version error: assets/editor/inserterprefabcreator.cs in SourceAssetDB has modification time of '2026-08-28T09:37:05.6295931Z' while content on disk has modification time of '2026-08-28T09:37:11.192Z'
Number of updated asset objects reloaded before import = 0
Number of asset objects unloaded after import = 0
========================================================================
Received Import Request.
  Time of request: 2026-08-28T09:37:20.4800299Z
  Time since last request: 0.0056463 seconds.
  importAddress: GUID: 8d25f3d6ae46a7e4d9d49860443f3881 - Path: Assets/Editor/InserterPrefabCreator.cs - Importer: PreviewImporter
Importing 'GUID: 8d25f3d6ae46a7e4d9d49860443f3881 - Path: Assets/Editor/InserterPrefabCreator.cs - Importer: PreviewImporter' with importer (PreviewImporter)
Imported 'GUID: 8d25f3d6ae46a7e4d9d49860443f3881' -> (Import Result ID: '00000000000000000000000000000000') in 0.000 seconds
Import Error Code:(4)
Message: Build asset version error: assets/editor/inserterprefabcreator.cs in SourceAssetDB has modification time of '2026-08-28T09:37:05.6295931Z' while content on disk has modification time of '2026-08-28T09:37:11.192Z'
  ERROR: Build asset version error: assets/editor/inserterprefabcreator.cs in SourceAssetDB has modification time of '2026-08-28T09:37:05.6295931Z' while content on disk has modification time of '2026-08-28T09:37:11.192Z'
Number of updated asset objects reloaded before import = 0
Number of asset objects unloaded after import = 0
========================================================================
Received Import Request.
  Time of request: 2026-08-28T09:37:20.4969763Z
  Time since last request: 0.0056063 seconds.
  importAddress: GUID: 8d25f3d6ae46a7e4d9d49860443f3881 - Path: Assets/Editor/InserterPrefabCreator.cs - Importer: PreviewImporter
Importing 'GUID: 8d25f3d6ae46a7e4d9d49860443f3881 - Path: Assets/Editor/InserterPrefabCreator.cs - Importer: PreviewImporter' with importer (PreviewImporter)
Imported 'GUID: 8d25f3d6ae46a7e4d9d49860443f3881' -> (Import Result ID: '00000000000000000000000000000000') in 0.000 seconds
Import Error Code:(4)
Message: Build asset version error: assets/editor/inserterprefabcreator.cs in SourceAssetDB has modification time of '2026-08-28T09:37:05.6295931Z' while content on disk has modification time of '2026-08-28T09:37:11.192Z'
  ERROR: Build asset version error: assets/editor/inserterprefabcreator.cs in SourceAssetDB has modification time of '2026-08-28T09:37:05.6295931Z' while content on disk has modification time of '2026-08-28T09:37:11.192Z'
Number of updated asset objects reloaded before import = 0
Number of asset objects unloaded after import = 0
========================================================================
Received Import Request.
  Time of request: 2026-08-28T09:37:20.5131526Z
  Time since last request: 0.004939 seconds.
  importAddress: GUID: 8d25f3d6ae46a7e4d9d49860443f3881 - Path: Assets/Editor/InserterPrefabCreator.cs - Importer: PreviewImporter
Importing 'GUID: 8d25f3d6ae46a7e4d9d49860443f3881 - Path: Assets/Editor/InserterPrefabCreator.cs - Importer: PreviewImporter' with importer (PreviewImporter)
Imported 'GUID: 8d25f3d6ae46a7e4d9d49860443f3881' -> (Import Result ID: '00000000000000000000000000000000') in 0.001 seconds
Import Error Code:(4)
Message: Build asset version error: assets/editor/inserterprefabcreator.cs in SourceAssetDB has modification time of '2026-08-28T09:37:05.6295931Z' while content on disk has modification time of '2026-08-28T09:37:11.192Z'
  ERROR: Build asset version error: assets/editor/inserterprefabcreator.cs in SourceAssetDB has modification time of '2026-08-28T09:37:05.6295931Z' while content on disk has modification time of '2026-08-28T09:37:11.192Z'
Number of updated asset objects reloaded before import = 0
Number of asset objects unloaded after import = 0
========================================================================
Received Import Request.
  Time of request: 2026-08-28T09:37:20.5298869Z
  Time since last request: 0.005468 seconds.
  importAddress: GUID: 8d25f3d6ae46a7e4d9d49860443f3881 - Path: Assets/Editor/InserterPrefabCreator.cs - Importer: PreviewImporter
Importing 'GUID: 8d25f3d6ae46a7e4d9d49860443f3881 - Path: Assets/Editor/InserterPrefabCreator.cs - Importer: PreviewImporter' with importer (PreviewImporter)
Imported 'GUID: 8d25f3d6ae46a7e4d9d49860443f3881' -> (Import Result ID: '00000000000000000000000000000000') in 0.000 seconds
Import Error Code:(4)
Message: Build asset version error: assets/editor/inserterprefabcreator.cs in SourceAssetDB has modification time of '2026-08-28T09:37:05.6295931Z' while content on disk has modification time of '2026-08-28T09:37:11.192Z'
  ERROR: Build asset version error: assets/editor/inserterprefabcreator.cs in SourceAssetDB has modification time of '2026-08-28T09:37:05.6295931Z' while content on disk has modification time of '2026-08-28T09:37:11.192Z'
Number of updated asset objects reloaded before import = 0
Number of asset objects unloaded after import = 0
========================================================================
Received Import Request.
  Time of request: 2026-08-28T09:37:20.5454769Z
  Time since last request: 0.0046566 seconds.
  importAddress: GUID: 8d25f3d6ae46a7e4d9d49860443f3881 - Path: Assets/Editor/InserterPrefabCreator.cs - Importer: PreviewImporter
Importing 'GUID: 8d25f3d6ae46a7e4d9d49860443f3881 - Path: Assets/Editor/InserterPrefabCreator.cs - Importer: PreviewImporter' with importer (PreviewImporter)
Imported 'GUID: 8d25f3d6ae46a7e4d9d49860443f3881' -> (Import Result ID: '00000000000000000000000000000000') in 0.000 seconds
Import Error Code:(4)
Message: Build asset version error: assets/editor/inserterprefabcreator.cs in SourceAssetDB has modification time of '2026-08-28T09:37:05.6295931Z' while content on disk has modification time of '2026-08-28T09:37:11.192Z'
  ERROR: Build asset version error: assets/editor/inserterprefabcreator.cs in SourceAssetDB has modification time of '2026-08-28T09:37:05.6295931Z' while content on disk has modification time of '2026-08-28T09:37:11.192Z'
Number of updated asset objects reloaded before import = 0
Number of asset objects unloaded after import = 0
========================================================================
Received Import Request.
  Time of request: 2026-08-28T09:37:20.5611111Z
  Time since last request: 0.0047994 seconds.
  importAddress: GUID: 8d25f3d6ae46a7e4d9d49860443f3881 - Path: Assets/Editor/InserterPrefabCreator.cs - Importer: PreviewImporter
Importing 'GUID: 8d25f3d6ae46a7e4d9d49860443f3881 - Path: Assets/Editor/InserterPrefabCreator.cs - Importer: PreviewImporter' with importer (PreviewImporter)
Imported 'GUID: 8d25f3d6ae46a7e4d9d49860443f3881' -> (Import Result ID: '00000000000000000000000000000000') in 0.000 seconds
Import Error Code:(4)
Message: Build asset version error: assets/editor/inserterprefabcreator.cs in SourceAssetDB has modification time of '2026-08-28T09:37:05.6295931Z' while content on disk has modification time of '2026-08-28T09:37:11.192Z'
  ERROR: Build asset version error: assets/editor/inserterprefabcreator.cs in SourceAssetDB has modification time of '2026-08-28T09:37:05.6295931Z' while content on disk has modification time of '2026-08-28T09:37:11.192Z'
Number of updated asset objects reloaded before import = 0
Number of asset objects unloaded after import = 0
========================================================================
Received Import Request.
  Time of request: 2026-08-28T09:37:20.5777112Z
  Time since last request: 0.0046542 seconds.
  importAddress: GUID: 8d25f3d6ae46a7e4d9d49860443f3881 - Path: Assets/Editor/InserterPrefabCreator.cs - Importer: PreviewImporter
Importing 'GUID: 8d25f3d6ae46a7e4d9d49860443f3881 - Path: Assets/Editor/InserterPrefabCreator.cs - Importer: PreviewImporter' with importer (PreviewImporter)
Imported 'GUID: 8d25f3d6ae46a7e4d9d49860443f3881' -> (Import Result ID: '00000000000000000000000000000000') in 0.000 seconds
Import Error Code:(4)
Message: Build asset version error: assets/editor/inserterprefabcreator.cs in SourceAssetDB has modification time of '2026-08-28T09:37:05.6295931Z' while content on disk has modification time of '2026-08-28T09:37:11.192Z'
  ERROR: Build asset version error: assets/editor/inserterprefabcreator.cs in SourceAssetDB has modification time of '2026-08-28T09:37:05.6295931Z' while content on disk has modification time of '2026-08-28T09:37:11.192Z'
Number of updated asset objects reloaded before import = 0
Number of asset objects unloaded after import = 0
========================================================================
Received Import Request.
  Time of request: 2026-08-28T09:37:20.595099Z
  Time since last request: 0.0060955 seconds.
  importAddress: GUID: 8d25f3d6ae46a7e4d9d49860443f3881 - Path: Assets/Editor/InserterPrefabCreator.cs - Importer: PreviewImporter
Importing 'GUID: 8d25f3d6ae46a7e4d9d49860443f3881 - Path: Assets/Editor/InserterPrefabCreator.cs - Importer: PreviewImporter' with importer (PreviewImporter)
Imported 'GUID: 8d25f3d6ae46a7e4d9d49860443f3881' -> (Import Result ID: '00000000000000000000000000000000') in 0.001 seconds
Import Error Code:(4)
Message: Build asset version error: assets/editor/inserterprefabcreator.cs in SourceAssetDB has modification time of '2026-08-28T09:37:05.6295931Z' while content on disk has modification time of '2026-08-28T09:37:11.192Z'
  ERROR: Build asset version error: assets/editor/inserterprefabcreator.cs in SourceAssetDB has modification time of '2026-08-28T09:37:05.6295931Z' while content on disk has modification time of '2026-08-28T09:37:11.192Z'
Number of updated asset objects reloaded before import = 0
Number of asset objects unloaded after import = 0
========================================================================
Received Import Request.
  Time of request: 2026-08-28T09:37:20.6153484Z
  Time since last request: 0.0072001 seconds.
  importAddress: GUID: 8d25f3d6ae46a7e4d9d49860443f3881 - Path: Assets/Editor/InserterPrefabCreator.cs - Importer: PreviewImporter
Importing 'GUID: 8d25f3d6ae46a7e4d9d49860443f3881 - Path: Assets/Editor/InserterPrefabCreator.cs - Importer: PreviewImporter' with importer (PreviewImporter)
Imported 'GUID: 8d25f3d6ae46a7e4d9d49860443f3881' -> (Import Result ID: '00000000000000000000000000000000') in 0.000 seconds
Import Error Code:(4)
Message: Build asset version error: assets/editor/inserterprefabcreator.cs in SourceAssetDB has modification time of '2026-08-28T09:37:05.6295931Z' while content on disk has modification time of '2026-08-28T09:37:11.192Z'
  ERROR: Build asset version error: assets/editor/inserterprefabcreator.cs in SourceAssetDB has modification time of '2026-08-28T09:37:05.6295931Z' while content on disk has modification time of '2026-08-28T09:37:11.192Z'
Number of updated asset objects reloaded before import = 0
Number of asset objects unloaded after import = 0
========================================================================
Received Import Request.
  Time of request: 2026-08-28T09:37:20.6343644Z
  Time since last request: 0.0058964 seconds.
  importAddress: GUID: 8d25f3d6ae46a7e4d9d49860443f3881 - Path: Assets/Editor/InserterPrefabCreator.cs - Importer: PreviewImporter
Importing 'GUID: 8d25f3d6ae46a7e4d9d49860443f3881 - Path: Assets/Editor/InserterPrefabCreator.cs - Importer: PreviewImporter' with importer (PreviewImporter)
Imported 'GUID: 8d25f3d6ae46a7e4d9d49860443f3881' -> (Import Result ID: '00000000000000000000000000000000') in 0.000 seconds
Import Error Code:(4)
Message: Build asset version error: assets/editor/inserterprefabcreator.cs in SourceAssetDB has modification time of '2026-08-28T09:37:05.6295931Z' while content on disk has modification time of '2026-08-28T09:37:11.192Z'
  ERROR: Build asset version error: assets/editor/inserterprefabcreator.cs in SourceAssetDB has modification time of '2026-08-28T09:37:05.6295931Z' while content on disk has modification time of '2026-08-28T09:37:11.192Z'
Number of updated asset objects reloaded before import = 0
Number of asset objects unloaded after import = 0
========================================================================
Received Import Request.
  Time of request: 2026-08-28T09:37:20.6526817Z
  Time since last request: 0.0059994 seconds.
  importAddress: GUID: 8d25f3d6ae46a7e4d9d49860443f3881 - Path: Assets/Editor/InserterPrefabCreator.cs - Importer: PreviewImporter
Importing 'GUID: 8d25f3d6ae46a7e4d9d49860443f3881 - Path: Assets/Editor/InserterPrefabCreator.cs - Importer: PreviewImporter' with importer (PreviewImporter)
Imported 'GUID: 8d25f3d6ae46a7e4d9d49860443f3881' -> (Import Result ID: '00000000000000000000000000000000') in 0.000 seconds
Import Error Code:(4)
Message: Build asset version error: assets/editor/inserterprefabcreator.cs in SourceAssetDB has modification time of '2026-08-28T09:37:05.6295931Z' while content on disk has modification time of '2026-08-28T09:37:11.192Z'
  ERROR: Build asset version error: assets/editor/inserterprefabcreator.cs in SourceAssetDB has modification time of '2026-08-28T09:37:05.6295931Z' while content on disk has modification time of '2026-08-28T09:37:11.192Z'
Number of updated asset objects reloaded before import = 0
Number of asset objects unloaded after import = 0
========================================================================
Received Import Request.
  Time of request: 2026-08-28T09:37:20.6734284Z
  Time since last request: 0.0077212 seconds.
  importAddress: GUID: 8d25f3d6ae46a7e4d9d49860443f3881 - Path: Assets/Editor/InserterPrefabCreator.cs - Importer: PreviewImporter
Importing 'GUID: 8d25f3d6ae46a7e4d9d49860443f3881 - Path: Assets/Editor/InserterPrefabCreator.cs - Importer: PreviewImporter' with importer (PreviewImporter)
Imported 'GUID: 8d25f3d6ae46a7e4d9d49860443f3881' -> (Import Result ID: '00000000000000000000000000000000') in 0.000 seconds
Import Error Code:(4)
Message: Build asset version error: assets/editor/inserterprefabcreator.cs in SourceAssetDB has modification time of '2026-08-28T09:37:05.6295931Z' while content on disk has modification time of '2026-08-28T09:37:11.192Z'
  ERROR: Build asset version error: assets/editor/inserterprefabcreator.cs in SourceAssetDB has modification time of '2026-08-28T09:37:05.6295931Z' while content on disk has modification time of '2026-08-28T09:37:11.192Z'
Number of updated asset objects reloaded before import = 0
Number of asset objects unloaded after import = 0
========================================================================
Received Import Request.
  Time of request: 2026-08-28T09:37:20.6915059Z
  Time since last request: 0.0061969 seconds.
  importAddress: GUID: 8d25f3d6ae46a7e4d9d49860443f3881 - Path: Assets/Editor/InserterPrefabCreator.cs - Importer: PreviewImporter
Importing 'GUID: 8d25f3d6ae46a7e4d9d49860443f3881 - Path: Assets/Editor/InserterPrefabCreator.cs - Importer: PreviewImporter' with importer (PreviewImporter)
Imported 'GUID: 8d25f3d6ae46a7e4d9d49860443f3881' -> (Import Result ID: '00000000000000000000000000000000') in 0.001 seconds
Import Error Code:(4)
Message: Build asset version error: assets/editor/inserterprefabcreator.cs in SourceAssetDB has modification time of '2026-08-28T09:37:05.6295931Z' while content on disk has modification time of '2026-08-28T09:37:11.192Z'
  ERROR: Build asset version error: assets/editor/inserterprefabcreator.cs in SourceAssetDB has modification time of '2026-08-28T09:37:05.6295931Z' while content on disk has modification time of '2026-08-28T09:37:11.192Z'
Number of updated asset objects reloaded before import = 0
Number of asset objects unloaded after import = 0
========================================================================
Received Import Request.
  Time of request: 2026-08-28T09:37:20.7097713Z
  Time since last request: 0.0057137 seconds.
  importAddress: GUID: 8d25f3d6ae46a7e4d9d49860443f3881 - Path: Assets/Editor/InserterPrefabCreator.cs - Importer: PreviewImporter
Importing 'GUID: 8d25f3d6ae46a7e4d9d49860443f3881 - Path: Assets/Editor/InserterPrefabCreator.cs - Importer: PreviewImporter' with importer (PreviewImporter)
Imported 'GUID: 8d25f3d6ae46a7e4d9d49860443f3881' -> (Import Result ID: '00000000000000000000000000000000') in 0.001 seconds
Import Error Code:(4)
Message: Build asset version error: assets/editor/inserterprefabcreator.cs in SourceAssetDB has modification time of '2026-08-28T09:37:05.6295931Z' while content on disk has modification time of '2026-08-28T09:37:11.192Z'
  ERROR: Build asset version error: assets/editor/inserterprefabcreator.cs in SourceAssetDB has modification time of '2026-08-28T09:37:05.6295931Z' while content on disk has modification time of '2026-08-28T09:37:11.192Z'
Number of updated asset objects reloaded before import = 0
Number of asset objects unloaded after import = 0
========================================================================
Received Import Request.
  Time of request: 2026-08-28T09:37:20.7431843Z
  Time since last request: 0.0086852 seconds.
  importAddress: GUID: 8d25f3d6ae46a7e4d9d49860443f3881 - Path: Assets/Editor/InserterPrefabCreator.cs - Importer: PreviewImporter
Importing 'GUID: 8d25f3d6ae46a7e4d9d49860443f3881 - Path: Assets/Editor/InserterPrefabCreator.cs - Importer: PreviewImporter' with importer (PreviewImporter)
Imported 'GUID: 8d25f3d6ae46a7e4d9d49860443f3881' -> (Import Result ID: '00000000000000000000000000000000') in 0.001 seconds
Import Error Code:(4)
Message: Build asset version error: assets/editor/inserterprefabcreator.cs in SourceAssetDB has modification time of '2026-08-28T09:37:05.6295931Z' while content on disk has modification time of '2026-08-28T09:37:11.192Z'
  ERROR: Build asset version error: assets/editor/inserterprefabcreator.cs in SourceAssetDB has modification time of '2026-08-28T09:37:05.6295931Z' while content on disk has modification time of '2026-08-28T09:37:11.192Z'
Number of updated asset objects reloaded before import = 0
Number of asset objects unloaded after import = 0
========================================================================
Received Import Request.
  Time of request: 2026-08-28T09:37:20.784168Z
  Time since last request: 0.0102607 seconds.
  importAddress: GUID: 8d25f3d6ae46a7e4d9d49860443f3881 - Path: Assets/Editor/InserterPrefabCreator.cs - Importer: PreviewImporter
Importing 'GUID: 8d25f3d6ae46a7e4d9d49860443f3881 - Path: Assets/Editor/InserterPrefabCreator.cs - Importer: PreviewImporter' with importer (PreviewImporter)
Imported 'GUID: 8d25f3d6ae46a7e4d9d49860443f3881' -> (Import Result ID: '00000000000000000000000000000000') in 0.001 seconds
Import Error Code:(4)
Message: Build asset version error: assets/editor/inserterprefabcreator.cs in SourceAssetDB has modification time of '2026-08-28T09:37:05.6295931Z' while content on disk has modification time of '2026-08-28T09:37:11.192Z'
  ERROR: Build asset version error: assets/editor/inserterprefabcreator.cs in SourceAssetDB has modification time of '2026-08-28T09:37:05.6295931Z' while content on disk has modification time of '2026-08-28T09:37:11.192Z'
Number of updated asset objects reloaded before import = 0
Number of asset objects unloaded after import = 0
========================================================================
Received Import Request.
  Time of request: 2026-08-28T09:37:20.8060802Z
  Time since last request: 0.0084383 seconds.
  importAddress: GUID: 8d25f3d6ae46a7e4d9d49860443f3881 - Path: Assets/Editor/InserterPrefabCreator.cs - Importer: PreviewImporter
Importing 'GUID: 8d25f3d6ae46a7e4d9d49860443f3881 - Path: Assets/Editor/InserterPrefabCreator.cs - Importer: PreviewImporter' with importer (PreviewImporter)
Imported 'GUID: 8d25f3d6ae46a7e4d9d49860443f3881' -> (Import Result ID: '00000000000000000000000000000000') in 0.001 seconds
Import Error Code:(4)
Message: Build asset version error: assets/editor/inserterprefabcreator.cs in SourceAssetDB has modification time of '2026-08-28T09:37:05.6295931Z' while content on disk has modification time of '2026-08-28T09:37:11.192Z'
  ERROR: Build asset version error: assets/editor/inserterprefabcreator.cs in SourceAssetDB has modification time of '2026-08-28T09:37:05.6295931Z' while content on disk has modification time of '2026-08-28T09:37:11.192Z'
Number of updated asset objects reloaded before import = 0
Number of asset objects unloaded after import = 0
========================================================================
Received Import Request.
  Time of request: 2026-08-28T09:37:20.8285185Z
  Time since last request: 0.0078784 seconds.
  importAddress: GUID: 8d25f3d6ae46a7e4d9d49860443f3881 - Path: Assets/Editor/InserterPrefabCreator.cs - Importer: PreviewImporter
Importing 'GUID: 8d25f3d6ae46a7e4d9d49860443f3881 - Path: Assets/Editor/InserterPrefabCreator.cs - Importer: PreviewImporter' with importer (PreviewImporter)
Imported 'GUID: 8d25f3d6ae46a7e4d9d49860443f3881' -> (Import Result ID: '00000000000000000000000000000000') in 0.001 seconds
Import Error Code:(4)
Message: Build asset version error: assets/editor/inserterprefabcreator.cs in SourceAssetDB has modification time of '2026-08-28T09:37:05.6295931Z' while content on disk has modification time of '2026-08-28T09:37:11.192Z'
  ERROR: Build asset version error: assets/editor/inserterprefabcreator.cs in SourceAssetDB has modification time of '2026-08-28T09:37:05.6295931Z' while content on disk has modification time of '2026-08-28T09:37:11.192Z'
Number of updated asset objects reloaded before import = 0
Number of asset objects unloaded after import = 0
========================================================================
Received Import Request.
  Time of request: 2026-08-28T09:37:20.8489779Z
  Time since last request: 0.006533 seconds.
  importAddress: GUID: 8d25f3d6ae46a7e4d9d49860443f3881 - Path: Assets/Editor/InserterPrefabCreator.cs - Importer: PreviewImporter
Importing 'GUID: 8d25f3d6ae46a7e4d9d49860443f3881 - Path: Assets/Editor/InserterPrefabCreator.cs - Importer: PreviewImporter' with importer (PreviewImporter)
Imported 'GUID: 8d25f3d6ae46a7e4d9d49860443f3881' -> (Import Result ID: '00000000000000000000000000000000') in 0.000 seconds
Import Error Code:(4)
Message: Build asset version error: assets/editor/inserterprefabcreator.cs in SourceAssetDB has modification time of '2026-08-28T09:37:05.6295931Z' while content on disk has modification time of '2026-08-28T09:37:11.192Z'
  ERROR: Build asset version error: assets/editor/inserterprefabcreator.cs in SourceAssetDB has modification time of '2026-08-28T09:37:05.6295931Z' while content on disk has modification time of '2026-08-28T09:37:11.192Z'
Number of updated asset objects reloaded before import = 0
Number of asset objects unloaded after import = 0
========================================================================
Received Import Request.
  Time of request: 2026-08-28T09:37:20.86939Z
  Time since last request: 0.0068021 seconds.
  importAddress: GUID: 8d25f3d6ae46a7e4d9d49860443f3881 - Path: Assets/Editor/InserterPrefabCreator.cs - Importer: PreviewImporter
Importing 'GUID: 8d25f3d6ae46a7e4d9d49860443f3881 - Path: Assets/Editor/InserterPrefabCreator.cs - Importer: PreviewImporter' with importer (PreviewImporter)
Imported 'GUID: 8d25f3d6ae46a7e4d9d49860443f3881' -> (Import Result ID: '00000000000000000000000000000000') in 0.001 seconds
Import Error Code:(4)
Message: Build asset version error: assets/editor/inserterprefabcreator.cs in SourceAssetDB has modification time of '2026-08-28T09:37:05.6295931Z' while content on disk has modification time of '2026-08-28T09:37:11.192Z'
  ERROR: Build asset version error: assets/editor/inserterprefabcreator.cs in SourceAssetDB has modification time of '2026-08-28T09:37:05.6295931Z' while content on disk has modification time of '2026-08-28T09:37:11.192Z'
Number of updated asset objects reloaded before import = 0
Number of asset objects unloaded after import = 0
========================================================================
Received Import Request.
  Time of request: 2026-08-28T09:37:20.895386Z
  Time since last request: 0.009587 seconds.
  importAddress: GUID: 8d25f3d6ae46a7e4d9d49860443f3881 - Path: Assets/Editor/InserterPrefabCreator.cs - Importer: PreviewImporter
Importing 'GUID: 8d25f3d6ae46a7e4d9d49860443f3881 - Path: Assets/Editor/InserterPrefabCreator.cs - Importer: PreviewImporter' with importer (PreviewImporter)
Imported 'GUID: 8d25f3d6ae46a7e4d9d49860443f3881' -> (Import Result ID: '00000000000000000000000000000000') in 0.001 seconds
Import Error Code:(4)
Message: Build asset version error: assets/editor/inserterprefabcreator.cs in SourceAssetDB has modification time of '2026-08-28T09:37:05.6295931Z' while content on disk has modification time of '2026-08-28T09:37:11.192Z'
  ERROR: Build asset version error: assets/editor/inserterprefabcreator.cs in SourceAssetDB has modification time of '2026-08-28T09:37:05.6295931Z' while content on disk has modification time of '2026-08-28T09:37:11.192Z'
Number of updated asset objects reloaded before import = 0
Number of asset objects unloaded after import = 0
========================================================================
Received Import Request.
  Time of request: 2026-08-28T09:37:20.9244998Z
  Time since last request: 0.0111335 seconds.
  importAddress: GUID: 8d25f3d6ae46a7e4d9d49860443f3881 - Path: Assets/Editor/InserterPrefabCreator.cs - Importer: PreviewImporter
Importing 'GUID: 8d25f3d6ae46a7e4d9d49860443f3881 - Path: Assets/Editor/InserterPrefabCreator.cs - Importer: PreviewImporter' with importer (PreviewImporter)
Imported 'GUID: 8d25f3d6ae46a7e4d9d49860443f3881' -> (Import Result ID: '00000000000000000000000000000000') in 0.001 seconds
Import Error Code:(4)
Message: Build asset version error: assets/editor/inserterprefabcreator.cs in SourceAssetDB has modification time of '2026-08-28T09:37:05.6295931Z' while content on disk has modification time of '2026-08-28T09:37:11.192Z'
  ERROR: Build asset version error: assets/editor/inserterprefabcreator.cs in SourceAssetDB has modification time of '2026-08-28T09:37:05.6295931Z' while content on disk has modification time of '2026-08-28T09:37:11.192Z'
Number of updated asset objects reloaded before import = 0
Number of asset objects unloaded after import = 0
========================================================================
Received Import Request.
  Time of request: 2026-08-28T09:37:20.9479296Z
  Time since last request: 0.0065069 seconds.
  importAddress: GUID: 8d25f3d6ae46a7e4d9d49860443f3881 - Path: Assets/Editor/InserterPrefabCreator.cs - Importer: PreviewImporter
Importing 'GUID: 8d25f3d6ae46a7e4d9d49860443f3881 - Path: Assets/Editor/InserterPrefabCreator.cs - Importer: PreviewImporter' with importer (PreviewImporter)
Imported 'GUID: 8d25f3d6ae46a7e4d9d49860443f3881' -> (Import Result ID: '00000000000000000000000000000000') in 0.001 seconds
Import Error Code:(4)
Message: Build asset version error: assets/editor/inserterprefabcreator.cs in SourceAssetDB has modification time of '2026-08-28T09:37:05.6295931Z' while content on disk has modification time of '2026-08-28T09:37:11.192Z'
  ERROR: Build asset version error: assets/editor/inserterprefabcreator.cs in SourceAssetDB has modification time of '2026-08-28T09:37:05.6295931Z' while content on disk has modification time of '2026-08-28T09:37:11.192Z'
Number of updated asset objects reloaded before import = 0
Number of asset objects unloaded after import = 0
========================================================================
Received Import Request.
  Time of request: 2026-08-28T09:37:20.9681971Z
  Time since last request: 0.0061069 seconds.
  importAddress: GUID: 8d25f3d6ae46a7e4d9d49860443f3881 - Path: Assets/Editor/InserterPrefabCreator.cs - Importer: PreviewImporter
Importing 'GUID: 8d25f3d6ae46a7e4d9d49860443f3881 - Path: Assets/Editor/InserterPrefabCreator.cs - Importer: PreviewImporter' with importer (PreviewImporter)
Imported 'GUID: 8d25f3d6ae46a7e4d9d49860443f3881' -> (Import Result ID: '00000000000000000000000000000000') in 0.000 seconds
Import Error Code:(4)
Message: Build asset version error: assets/editor/inserterprefabcreator.cs in SourceAssetDB has modification time of '2026-08-28T09:37:05.6295931Z' while content on disk has modification time of '2026-08-28T09:37:11.192Z'
  ERROR: Build asset version error: assets/editor/inserterprefabcreator.cs in SourceAssetDB has modification time of '2026-08-28T09:37:05.6295931Z' while content on disk has modification time of '2026-08-28T09:37:11.192Z'
Number of updated asset objects reloaded before import = 0
Number of asset objects unloaded after import = 0
========================================================================
Received Import Request.
  Time of request: 2026-08-28T09:37:20.9864023Z
  Time since last request: 0.0053583 seconds.
  importAddress: GUID: 8d25f3d6ae46a7e4d9d49860443f3881 - Path: Assets/Editor/InserterPrefabCreator.cs - Importer: PreviewImporter
Importing 'GUID: 8d25f3d6ae46a7e4d9d49860443f3881 - Path: Assets/Editor/InserterPrefabCreator.cs - Importer: PreviewImporter' with importer (PreviewImporter)
Imported 'GUID: 8d25f3d6ae46a7e4d9d49860443f3881' -> (Import Result ID: '00000000000000000000000000000000') in 0.001 seconds
Import Error Code:(4)
Message: Build asset version error: assets/editor/inserterprefabcreator.cs in SourceAssetDB has modification time of '2026-08-28T09:37:05.6295931Z' while content on disk has modification time of '2026-08-28T09:37:11.192Z'
  ERROR: Build asset version error: assets/editor/inserterprefabcreator.cs in SourceAssetDB has modification time of '2026-08-28T09:37:05.6295931Z' while content on disk has modification time of '2026-08-28T09:37:11.192Z'
Number of updated asset objects reloaded before import = 0
Number of asset objects unloaded after import = 0
========================================================================
Received Import Request.
  Time of request: 2026-08-28T09:37:21.0044809Z
  Time since last request: 0.0054318 seconds.
  importAddress: GUID: 8d25f3d6ae46a7e4d9d49860443f3881 - Path: Assets/Editor/InserterPrefabCreator.cs - Importer: PreviewImporter
Importing 'GUID: 8d25f3d6ae46a7e4d9d49860443f3881 - Path: Assets/Editor/InserterPrefabCreator.cs - Importer: PreviewImporter' with importer (PreviewImporter)
Imported 'GUID: 8d25f3d6ae46a7e4d9d49860443f3881' -> (Import Result ID: '00000000000000000000000000000000') in 0.000 seconds
Import Error Code:(4)
Message: Build asset version error: assets/editor/inserterprefabcreator.cs in SourceAssetDB has modification time of '2026-08-28T09:37:05.6295931Z' while content on disk has modification time of '2026-08-28T09:37:11.192Z'
  ERROR: Build asset version error: assets/editor/inserterprefabcreator.cs in SourceAssetDB has modification time of '2026-08-28T09:37:05.6295931Z' while content on disk has modification time of '2026-08-28T09:37:11.192Z'
Number of updated asset objects reloaded before import = 0
Number of asset objects unloaded after import = 0
========================================================================
Received Import Request.
  Time of request: 2026-08-28T09:37:21.0235003Z
  Time since last request: 0.006319 seconds.
  importAddress: GUID: 8d25f3d6ae46a7e4d9d49860443f3881 - Path: Assets/Editor/InserterPrefabCreator.cs - Importer: PreviewImporter
Importing 'GUID: 8d25f3d6ae46a7e4d9d49860443f3881 - Path: Assets/Editor/InserterPrefabCreator.cs - Importer: PreviewImporter' with importer (PreviewImporter)
Imported 'GUID: 8d25f3d6ae46a7e4d9d49860443f3881' -> (Import Result ID: '00000000000000000000000000000000') in 0.000 seconds
Import Error Code:(4)
Message: Build asset version error: assets/editor/inserterprefabcreator.cs in SourceAssetDB has modification time of '2026-08-28T09:37:05.6295931Z' while content on disk has modification time of '2026-08-28T09:37:11.192Z'
  ERROR: Build asset version error: assets/editor/inserterprefabcreator.cs in SourceAssetDB has modification time of '2026-08-28T09:37:05.6295931Z' while content on disk has modification time of '2026-08-28T09:37:11.192Z'
Number of updated asset objects reloaded before import = 0
Number of asset objects unloaded after import = 0
========================================================================
Received Import Request.
  Time of request: 2026-08-28T09:37:21.0403604Z
  Time since last request: 0.0050346 seconds.
  importAddress: GUID: 8d25f3d6ae46a7e4d9d49860443f3881 - Path: Assets/Editor/InserterPrefabCreator.cs - Importer: PreviewImporter
Importing 'GUID: 8d25f3d6ae46a7e4d9d49860443f3881 - Path: Assets/Editor/InserterPrefabCreator.cs - Importer: PreviewImporter' with importer (PreviewImporter)
Imported 'GUID: 8d25f3d6ae46a7e4d9d49860443f3881' -> (Import Result ID: '00000000000000000000000000000000') in 0.000 seconds
Import Error Code:(4)
Message: Build asset version error: assets/editor/inserterprefabcreator.cs in SourceAssetDB has modification time of '2026-08-28T09:37:05.6295931Z' while content on disk has modification time of '2026-08-28T09:37:11.192Z'
  ERROR: Build asset version error: assets/editor/inserterprefabcreator.cs in SourceAssetDB has modification time of '2026-08-28T09:37:05.6295931Z' while content on disk has modification time of '2026-08-28T09:37:11.192Z'
Number of updated asset objects reloaded before import = 0
Number of asset objects unloaded after import = 0
========================================================================
Received Import Request.
  Time of request: 2026-08-28T09:37:21.0572491Z
  Time since last request: 0.0050041 seconds.
  importAddress: GUID: 8d25f3d6ae46a7e4d9d49860443f3881 - Path: Assets/Editor/InserterPrefabCreator.cs - Importer: PreviewImporter
Importing 'GUID: 8d25f3d6ae46a7e4d9d49860443f3881 - Path: Assets/Editor/InserterPrefabCreator.cs - Importer: PreviewImporter' with importer (PreviewImporter)
Imported 'GUID: 8d25f3d6ae46a7e4d9d49860443f3881' -> (Import Result ID: '00000000000000000000000000000000') in 0.001 seconds
Import Error Code:(4)
Message: Build asset version error: assets/editor/inserterprefabcreator.cs in SourceAssetDB has modification time of '2026-08-28T09:37:05.6295931Z' while content on disk has modification time of '2026-08-28T09:37:11.192Z'
  ERROR: Build asset version error: assets/editor/inserterprefabcreator.cs in SourceAssetDB has modification time of '2026-08-28T09:37:05.6295931Z' while content on disk has modification time of '2026-08-28T09:37:11.192Z'
Number of updated asset objects reloaded before import = 0
Number of asset objects unloaded after import = 0
========================================================================
Received Import Request.
  Time of request: 2026-08-28T09:37:21.0750797Z
  Time since last request: 0.0056232 seconds.
  importAddress: GUID: 8d25f3d6ae46a7e4d9d49860443f3881 - Path: Assets/Editor/InserterPrefabCreator.cs - Importer: PreviewImporter
Importing 'GUID: 8d25f3d6ae46a7e4d9d49860443f3881 - Path: Assets/Editor/InserterPrefabCreator.cs - Importer: PreviewImporter' with importer (PreviewImporter)
Imported 'GUID: 8d25f3d6ae46a7e4d9d49860443f3881' -> (Import Result ID: '00000000000000000000000000000000') in 0.001 seconds
Import Error Code:(4)
Message: Build asset version error: assets/editor/inserterprefabcreator.cs in SourceAssetDB has modification time of '2026-08-28T09:37:05.6295931Z' while content on disk has modification time of '2026-08-28T09:37:11.192Z'
  ERROR: Build asset version error: assets/editor/inserterprefabcreator.cs in SourceAssetDB has modification time of '2026-08-28T09:37:05.6295931Z' while content on disk has modification time of '2026-08-28T09:37:11.192Z'
Number of updated asset objects reloaded before import = 0
Number of asset objects unloaded after import = 0
========================================================================
Received Import Request.
  Time of request: 2026-08-28T09:37:21.0921746Z
  Time since last request: 0.0048799 seconds.
  importAddress: GUID: 8d25f3d6ae46a7e4d9d49860443f3881 - Path: Assets/Editor/InserterPrefabCreator.cs - Importer: PreviewImporter
Importing 'GUID: 8d25f3d6ae46a7e4d9d49860443f3881 - Path: Assets/Editor/InserterPrefabCreator.cs - Importer: PreviewImporter' with importer (PreviewImporter)
Imported 'GUID: 8d25f3d6ae46a7e4d9d49860443f3881' -> (Import Result ID: '00000000000000000000000000000000') in 0.000 seconds
Import Error Code:(4)
Message: Build asset version error: assets/editor/inserterprefabcreator.cs in SourceAssetDB has modification time of '2026-08-28T09:37:05.6295931Z' while content on disk has modification time of '2026-08-28T09:37:11.192Z'
  ERROR: Build asset version error: assets/editor/inserterprefabcreator.cs in SourceAssetDB has modification time of '2026-08-28T09:37:05.6295931Z' while content on disk has modification time of '2026-08-28T09:37:11.192Z'
Number of updated asset objects reloaded before import = 0
Number of asset objects unloaded after import = 0
========================================================================
Received Import Request.
  Time of request: 2026-08-28T09:37:21.1087675Z
  Time since last request: 0.0051988 seconds.
  importAddress: GUID: 8d25f3d6ae46a7e4d9d49860443f3881 - Path: Assets/Editor/InserterPrefabCreator.cs - Importer: PreviewImporter
Importing 'GUID: 8d25f3d6ae46a7e4d9d49860443f3881 - Path: Assets/Editor/InserterPrefabCreator.cs - Importer: PreviewImporter' with importer (PreviewImporter)
Imported 'GUID: 8d25f3d6ae46a7e4d9d49860443f3881' -> (Import Result ID: '00000000000000000000000000000000') in 0.000 seconds
Import Error Code:(4)
Message: Build asset version error: assets/editor/inserterprefabcreator.cs in SourceAssetDB has modification time of '2026-08-28T09:37:05.6295931Z' while content on disk has modification time of '2026-08-28T09:37:11.192Z'
  ERROR: Build asset version error: assets/editor/inserterprefabcreator.cs in SourceAssetDB has modification time of '2026-08-28T09:37:05.6295931Z' while content on disk has modification time of '2026-08-28T09:37:11.192Z'
Number of updated asset objects reloaded before import = 0
Number of asset objects unloaded after import = 0
========================================================================
Received Import Request.
  Time of request: 2026-08-28T09:37:21.1263408Z
  Time since last request: 0.0056296 seconds.
  importAddress: GUID: 8d25f3d6ae46a7e4d9d49860443f3881 - Path: Assets/Editor/InserterPrefabCreator.cs - Importer: PreviewImporter
Importing 'GUID: 8d25f3d6ae46a7e4d9d49860443f3881 - Path: Assets/Editor/InserterPrefabCreator.cs - Importer: PreviewImporter' with importer (PreviewImporter)
Imported 'GUID: 8d25f3d6ae46a7e4d9d49860443f3881' -> (Import Result ID: '00000000000000000000000000000000') in 0.001 seconds
Import Error Code:(4)
Message: Build asset version error: assets/editor/inserterprefabcreator.cs in SourceAssetDB has modification time of '2026-08-28T09:37:05.6295931Z' while content on disk has modification time of '2026-08-28T09:37:11.192Z'
  ERROR: Build asset version error: assets/editor/inserterprefabcreator.cs in SourceAssetDB has modification time of '2026-08-28T09:37:05.6295931Z' while content on disk has modification time of '2026-08-28T09:37:11.192Z'
Number of updated asset objects reloaded before import = 0
Number of asset objects unloaded after import = 0
========================================================================
Received Import Request.
  Time of request: 2026-08-28T09:37:21.1438407Z
  Time since last request: 0.0037646 seconds.
  importAddress: GUID: 8d25f3d6ae46a7e4d9d49860443f3881 - Path: Assets/Editor/InserterPrefabCreator.cs - Importer: PreviewImporter
Importing 'GUID: 8d25f3d6ae46a7e4d9d49860443f3881 - Path: Assets/Editor/InserterPrefabCreator.cs - Importer: PreviewImporter' with importer (PreviewImporter)
Imported 'GUID: 8d25f3d6ae46a7e4d9d49860443f3881' -> (Import Result ID: '00000000000000000000000000000000') in 0.000 seconds
Import Error Code:(4)
Message: Build asset version error: assets/editor/inserterprefabcreator.cs in SourceAssetDB has modification time of '2026-08-28T09:37:05.6295931Z' while content on disk has modification time of '2026-08-28T09:37:11.192Z'
  ERROR: Build asset version error: assets/editor/inserterprefabcreator.cs in SourceAssetDB has modification time of '2026-08-28T09:37:05.6295931Z' while content on disk has modification time of '2026-08-28T09:37:11.192Z'
Number of updated asset objects reloaded before import = 0
Number of asset objects unloaded after import = 0
========================================================================
Received Import Request.
  Time of request: 2026-08-28T09:37:21.1631264Z
  Time since last request: 0.0062187 seconds.
  importAddress: GUID: 8d25f3d6ae46a7e4d9d49860443f3881 - Path: Assets/Editor/InserterPrefabCreator.cs - Importer: PreviewImporter
Importing 'GUID: 8d25f3d6ae46a7e4d9d49860443f3881 - Path: Assets/Editor/InserterPrefabCreator.cs - Importer: PreviewImporter' with importer (PreviewImporter)
Imported 'GUID: 8d25f3d6ae46a7e4d9d49860443f3881' -> (Import Result ID: '00000000000000000000000000000000') in 0.000 seconds
Import Error Code:(4)
Message: Build asset version error: assets/editor/inserterprefabcreator.cs in SourceAssetDB has modification time of '2026-08-28T09:37:05.6295931Z' while content on disk has modification time of '2026-08-28T09:37:11.192Z'
  ERROR: Build asset version error: assets/editor/inserterprefabcreator.cs in SourceAssetDB has modification time of '2026-08-28T09:37:05.6295931Z' while content on disk has modification time of '2026-08-28T09:37:11.192Z'
Number of updated asset objects reloaded before import = 0
Number of asset objects unloaded after import = 0
========================================================================
Received Import Request.
  Time of request: 2026-08-28T09:37:21.1841294Z
  Time since last request: 0.0062763 seconds.
  importAddress: GUID: 8d25f3d6ae46a7e4d9d49860443f3881 - Path: Assets/Editor/InserterPrefabCreator.cs - Importer: PreviewImporter
Importing 'GUID: 8d25f3d6ae46a7e4d9d49860443f3881 - Path: Assets/Editor/InserterPrefabCreator.cs - Importer: PreviewImporter' with importer (PreviewImporter)
Imported 'GUID: 8d25f3d6ae46a7e4d9d49860443f3881' -> (Import Result ID: '00000000000000000000000000000000') in 0.000 seconds
Import Error Code:(4)
Message: Build asset version error: assets/editor/inserterprefabcreator.cs in SourceAssetDB has modification time of '2026-08-28T09:37:05.6295931Z' while content on disk has modification time of '2026-08-28T09:37:11.192Z'
  ERROR: Build asset version error: assets/editor/inserterprefabcreator.cs in SourceAssetDB has modification time of '2026-08-28T09:37:05.6295931Z' while content on disk has modification time of '2026-08-28T09:37:11.192Z'
Number of updated asset objects reloaded before import = 0
Number of asset objects unloaded after import = 0
========================================================================
Received Import Request.
  Time of request: 2026-08-28T09:37:21.202096Z
  Time since last request: 0.0051354 seconds.
  importAddress: GUID: 8d25f3d6ae46a7e4d9d49860443f3881 - Path: Assets/Editor/InserterPrefabCreator.cs - Importer: PreviewImporter
Importing 'GUID: 8d25f3d6ae46a7e4d9d49860443f3881 - Path: Assets/Editor/InserterPrefabCreator.cs - Importer: PreviewImporter' with importer (PreviewImporter)
Imported 'GUID: 8d25f3d6ae46a7e4d9d49860443f3881' -> (Import Result ID: '00000000000000000000000000000000') in 0.001 seconds
Import Error Code:(4)
Message: Build asset version error: assets/editor/inserterprefabcreator.cs in SourceAssetDB has modification time of '2026-08-28T09:37:05.6295931Z' while content on disk has modification time of '2026-08-28T09:37:11.192Z'
  ERROR: Build asset version error: assets/editor/inserterprefabcreator.cs in SourceAssetDB has modification time of '2026-08-28T09:37:05.6295931Z' while content on disk has modification time of '2026-08-28T09:37:11.192Z'
Number of updated asset objects reloaded before import = 0
Number of asset objects unloaded after import = 0
========================================================================
Received Import Request.
  Time of request: 2026-08-28T09:37:21.2214121Z
  Time since last request: 0.0065454 seconds.
  importAddress: GUID: 8d25f3d6ae46a7e4d9d49860443f3881 - Path: Assets/Editor/InserterPrefabCreator.cs - Importer: PreviewImporter
Importing 'GUID: 8d25f3d6ae46a7e4d9d49860443f3881 - Path: Assets/Editor/InserterPrefabCreator.cs - Importer: PreviewImporter' with importer (PreviewImporter)
Imported 'GUID: 8d25f3d6ae46a7e4d9d49860443f3881' -> (Import Result ID: '00000000000000000000000000000000') in 0.000 seconds
Import Error Code:(4)
Message: Build asset version error: assets/editor/inserterprefabcreator.cs in SourceAssetDB has modification time of '2026-08-28T09:37:05.6295931Z' while content on disk has modification time of '2026-08-28T09:37:11.192Z'
  ERROR: Build asset version error: assets/editor/inserterprefabcreator.cs in SourceAssetDB has modification time of '2026-08-28T09:37:05.6295931Z' while content on disk has modification time of '2026-08-28T09:37:11.192Z'
Number of updated asset objects reloaded before import = 0
Number of asset objects unloaded after import = 0
========================================================================
Received Import Request.
  Time of request: 2026-08-28T09:37:21.2407121Z
  Time since last request: 0.0054824 seconds.
  importAddress: GUID: 8d25f3d6ae46a7e4d9d49860443f3881 - Path: Assets/Editor/InserterPrefabCreator.cs - Importer: PreviewImporter
Importing 'GUID: 8d25f3d6ae46a7e4d9d49860443f3881 - Path: Assets/Editor/InserterPrefabCreator.cs - Importer: PreviewImporter' with importer (PreviewImporter)
Imported 'GUID: 8d25f3d6ae46a7e4d9d49860443f3881' -> (Import Result ID: '00000000000000000000000000000000') in 0.000 seconds
Import Error Code:(4)
Message: Build asset version error: assets/editor/inserterprefabcreator.cs in SourceAssetDB has modification time of '2026-08-28T09:37:05.6295931Z' while content on disk has modification time of '2026-08-28T09:37:11.192Z'
  ERROR: Build asset version error: assets/editor/inserterprefabcreator.cs in SourceAssetDB has modification time of '2026-08-28T09:37:05.6295931Z' while content on disk has modification time of '2026-08-28T09:37:11.192Z'
Number of updated asset objects reloaded before import = 0
Number of asset objects unloaded after import = 0
========================================================================
Received Import Request.
  Time of request: 2026-08-28T09:37:21.2584636Z
  Time since last request: 0.0061813 seconds.
  importAddress: GUID: 8d25f3d6ae46a7e4d9d49860443f3881 - Path: Assets/Editor/InserterPrefabCreator.cs - Importer: PreviewImporter
Importing 'GUID: 8d25f3d6ae46a7e4d9d49860443f3881 - Path: Assets/Editor/InserterPrefabCreator.cs - Importer: PreviewImporter' with importer (PreviewImporter)
Imported 'GUID: 8d25f3d6ae46a7e4d9d49860443f3881' -> (Import Result ID: '00000000000000000000000000000000') in 0.001 seconds
Import Error Code:(4)
Message: Build asset version error: assets/editor/inserterprefabcreator.cs in SourceAssetDB has modification time of '2026-08-28T09:37:05.6295931Z' while content on disk has modification time of '2026-08-28T09:37:11.192Z'
  ERROR: Build asset version error: assets/editor/inserterprefabcreator.cs in SourceAssetDB has modification time of '2026-08-28T09:37:05.6295931Z' while content on disk has modification time of '2026-08-28T09:37:11.192Z'
Number of updated asset objects reloaded before import = 0
Number of asset objects unloaded after import = 0
========================================================================
Received Import Request.
  Time of request: 2026-08-28T09:37:21.2763352Z
  Time since last request: 0.0057086 seconds.
  importAddress: GUID: 8d25f3d6ae46a7e4d9d49860443f3881 - Path: Assets/Editor/InserterPrefabCreator.cs - Importer: PreviewImporter
Importing 'GUID: 8d25f3d6ae46a7e4d9d49860443f3881 - Path: Assets/Editor/InserterPrefabCreator.cs - Importer: PreviewImporter' with importer (PreviewImporter)
Imported 'GUID: 8d25f3d6ae46a7e4d9d49860443f3881' -> (Import Result ID: '00000000000000000000000000000000') in 0.001 seconds
Import Error Code:(4)
Message: Build asset version error: assets/editor/inserterprefabcreator.cs in SourceAssetDB has modification time of '2026-08-28T09:37:05.6295931Z' while content on disk has modification time of '2026-08-28T09:37:11.192Z'
  ERROR: Build asset version error: assets/editor/inserterprefabcreator.cs in SourceAssetDB has modification time of '2026-08-28T09:37:05.6295931Z' while content on disk has modification time of '2026-08-28T09:37:11.192Z'
Number of updated asset objects reloaded before import = 0
Number of asset objects unloaded after import = 0
========================================================================
Received Import Request.
  Time of request: 2026-08-28T09:37:21.2931539Z
  Time since last request: 0.0048379 seconds.
  importAddress: GUID: 8d25f3d6ae46a7e4d9d49860443f3881 - Path: Assets/Editor/InserterPrefabCreator.cs - Importer: PreviewImporter
Importing 'GUID: 8d25f3d6ae46a7e4d9d49860443f3881 - Path: Assets/Editor/InserterPrefabCreator.cs - Importer: PreviewImporter' with importer (PreviewImporter)
Imported 'GUID: 8d25f3d6ae46a7e4d9d49860443f3881' -> (Import Result ID: '00000000000000000000000000000000') in 0.001 seconds
Import Error Code:(4)
Message: Build asset version error: assets/editor/inserterprefabcreator.cs in SourceAssetDB has modification time of '2026-08-28T09:37:05.6295931Z' while content on disk has modification time of '2026-08-28T09:37:11.192Z'
  ERROR: Build asset version error: assets/editor/inserterprefabcreator.cs in SourceAssetDB has modification time of '2026-08-28T09:37:05.6295931Z' while content on disk has modification time of '2026-08-28T09:37:11.192Z'
Number of updated asset objects reloaded before import = 0
Number of asset objects unloaded after import = 0
========================================================================
Received Import Request.
  Time of request: 2026-08-28T09:37:21.3091313Z
  Time since last request: 0.00462 seconds.
  importAddress: GUID: 8d25f3d6ae46a7e4d9d49860443f3881 - Path: Assets/Editor/InserterPrefabCreator.cs - Importer: PreviewImporter
Importing 'GUID: 8d25f3d6ae46a7e4d9d49860443f3881 - Path: Assets/Editor/InserterPrefabCreator.cs - Importer: PreviewImporter' with importer (PreviewImporter)
Imported 'GUID: 8d25f3d6ae46a7e4d9d49860443f3881' -> (Import Result ID: '00000000000000000000000000000000') in 0.000 seconds
Import Error Code:(4)
Message: Build asset version error: assets/editor/inserterprefabcreator.cs in SourceAssetDB has modification time of '2026-08-28T09:37:05.6295931Z' while content on disk has modification time of '2026-08-28T09:37:11.192Z'
  ERROR: Build asset version error: assets/editor/inserterprefabcreator.cs in SourceAssetDB has modification time of '2026-08-28T09:37:05.6295931Z' while content on disk has modification time of '2026-08-28T09:37:11.192Z'
Number of updated asset objects reloaded before import = 0
Number of asset objects unloaded after import = 0
========================================================================
Received Import Request.
  Time of request: 2026-08-28T09:37:21.3261814Z
  Time since last request: 0.0059711 seconds.
  importAddress: GUID: 8d25f3d6ae46a7e4d9d49860443f3881 - Path: Assets/Editor/InserterPrefabCreator.cs - Importer: PreviewImporter
Importing 'GUID: 8d25f3d6ae46a7e4d9d49860443f3881 - Path: Assets/Editor/InserterPrefabCreator.cs - Importer: PreviewImporter' with importer (PreviewImporter)
Imported 'GUID: 8d25f3d6ae46a7e4d9d49860443f3881' -> (Import Result ID: '00000000000000000000000000000000') in 0.000 seconds
Import Error Code:(4)
Message: Build asset version error: assets/editor/inserterprefabcreator.cs in SourceAssetDB has modification time of '2026-08-28T09:37:05.6295931Z' while content on disk has modification time of '2026-08-28T09:37:11.192Z'
  ERROR: Build asset version error: assets/editor/inserterprefabcreator.cs in SourceAssetDB has modification time of '2026-08-28T09:37:05.6295931Z' while content on disk has modification time of '2026-08-28T09:37:11.192Z'
Number of updated asset objects reloaded before import = 0
Number of asset objects unloaded after import = 0
========================================================================
Received Import Request.
  Time of request: 2026-08-28T09:37:21.3420809Z
  Time since last request: 0.0050119 seconds.
  importAddress: GUID: 8d25f3d6ae46a7e4d9d49860443f3881 - Path: Assets/Editor/InserterPrefabCreator.cs - Importer: PreviewImporter
Importing 'GUID: 8d25f3d6ae46a7e4d9d49860443f3881 - Path: Assets/Editor/InserterPrefabCreator.cs - Importer: PreviewImporter' with importer (PreviewImporter)
Imported 'GUID: 8d25f3d6ae46a7e4d9d49860443f3881' -> (Import Result ID: '00000000000000000000000000000000') in 0.000 seconds
Import Error Code:(4)
Message: Build asset version error: assets/editor/inserterprefabcreator.cs in SourceAssetDB has modification time of '2026-08-28T09:37:05.6295931Z' while content on disk has modification time of '2026-08-28T09:37:11.192Z'
  ERROR: Build asset version error: assets/editor/inserterprefabcreator.cs in SourceAssetDB has modification time of '2026-08-28T09:37:05.6295931Z' while content on disk has modification time of '2026-08-28T09:37:11.192Z'
Number of updated asset objects reloaded before import = 0
Number of asset objects unloaded after import = 0
========================================================================
Received Import Request.
  Time of request: 2026-08-28T09:37:21.3588671Z
  Time since last request: 0.0053244 seconds.
  importAddress: GUID: 8d25f3d6ae46a7e4d9d49860443f3881 - Path: Assets/Editor/InserterPrefabCreator.cs - Importer: PreviewImporter
Importing 'GUID: 8d25f3d6ae46a7e4d9d49860443f3881 - Path: Assets/Editor/InserterPrefabCreator.cs - Importer: PreviewImporter' with importer (PreviewImporter)
Imported 'GUID: 8d25f3d6ae46a7e4d9d49860443f3881' -> (Import Result ID: '00000000000000000000000000000000') in 0.001 seconds
Import Error Code:(4)
Message: Build asset version error: assets/editor/inserterprefabcreator.cs in SourceAssetDB has modification time of '2026-08-28T09:37:05.6295931Z' while content on disk has modification time of '2026-08-28T09:37:11.192Z'
  ERROR: Build asset version error: assets/editor/inserterprefabcreator.cs in SourceAssetDB has modification time of '2026-08-28T09:37:05.6295931Z' while content on disk has modification time of '2026-08-28T09:37:11.192Z'
Number of updated asset objects reloaded before import = 0
Number of asset objects unloaded after import = 0
========================================================================
Received Import Request.
  Time of request: 2026-08-28T09:37:21.3757856Z
  Time since last request: 0.0053105 seconds.
  importAddress: GUID: 8d25f3d6ae46a7e4d9d49860443f3881 - Path: Assets/Editor/InserterPrefabCreator.cs - Importer: PreviewImporter
Importing 'GUID: 8d25f3d6ae46a7e4d9d49860443f3881 - Path: Assets/Editor/InserterPrefabCreator.cs - Importer: PreviewImporter' with importer (PreviewImporter)
Imported 'GUID: 8d25f3d6ae46a7e4d9d49860443f3881' -> (Import Result ID: '00000000000000000000000000000000') in 0.001 seconds
Import Error Code:(4)
Message: Build asset version error: assets/editor/inserterprefabcreator.cs in SourceAssetDB has modification time of '2026-08-28T09:37:05.6295931Z' while content on disk has modification time of '2026-08-28T09:37:11.192Z'
  ERROR: Build asset version error: assets/editor/inserterprefabcreator.cs in SourceAssetDB has modification time of '2026-08-28T09:37:05.6295931Z' while content on disk has modification time of '2026-08-28T09:37:11.192Z'
Number of updated asset objects reloaded before import = 0
Number of asset objects unloaded after import = 0
========================================================================
Received Import Request.
  Time of request: 2026-08-28T09:37:21.392231Z
  Time since last request: 0.0049927 seconds.
  importAddress: GUID: 8d25f3d6ae46a7e4d9d49860443f3881 - Path: Assets/Editor/InserterPrefabCreator.cs - Importer: PreviewImporter
Importing 'GUID: 8d25f3d6ae46a7e4d9d49860443f3881 - Path: Assets/Editor/InserterPrefabCreator.cs - Importer: PreviewImporter' with importer (PreviewImporter)
Imported 'GUID: 8d25f3d6ae46a7e4d9d49860443f3881' -> (Import Result ID: '00000000000000000000000000000000') in 0.000 seconds
Import Error Code:(4)
Message: Build asset version error: assets/editor/inserterprefabcreator.cs in SourceAssetDB has modification time of '2026-08-28T09:37:05.6295931Z' while content on disk has modification time of '2026-08-28T09:37:11.192Z'
  ERROR: Build asset version error: assets/editor/inserterprefabcreator.cs in SourceAssetDB has modification time of '2026-08-28T09:37:05.6295931Z' while content on disk has modification time of '2026-08-28T09:37:11.192Z'
Number of updated asset objects reloaded before import = 0
Number of asset objects unloaded after import = 0
========================================================================
Received Import Request.
  Time of request: 2026-08-28T09:37:21.4090816Z
  Time since last request: 0.0052154 seconds.
  importAddress: GUID: 8d25f3d6ae46a7e4d9d49860443f3881 - Path: Assets/Editor/InserterPrefabCreator.cs - Importer: PreviewImporter
Importing 'GUID: 8d25f3d6ae46a7e4d9d49860443f3881 - Path: Assets/Editor/InserterPrefabCreator.cs - Importer: PreviewImporter' with importer (PreviewImporter)
Imported 'GUID: 8d25f3d6ae46a7e4d9d49860443f3881' -> (Import Result ID: '00000000000000000000000000000000') in 0.000 seconds
Import Error Code:(4)
Message: Build asset version error: assets/editor/inserterprefabcreator.cs in SourceAssetDB has modification time of '2026-08-28T09:37:05.6295931Z' while content on disk has modification time of '2026-08-28T09:37:11.192Z'
  ERROR: Build asset version error: assets/editor/inserterprefabcreator.cs in SourceAssetDB has modification time of '2026-08-28T09:37:05.6295931Z' while content on disk has modification time of '2026-08-28T09:37:11.192Z'
Number of updated asset objects reloaded before import = 0
Number of asset objects unloaded after import = 0
========================================================================
Received Import Request.
  Time of request: 2026-08-28T09:37:21.4262299Z
  Time since last request: 0.0049135 seconds.
  importAddress: GUID: 8d25f3d6ae46a7e4d9d49860443f3881 - Path: Assets/Editor/InserterPrefabCreator.cs - Importer: PreviewImporter
Importing 'GUID: 8d25f3d6ae46a7e4d9d49860443f3881 - Path: Assets/Editor/InserterPrefabCreator.cs - Importer: PreviewImporter' with importer (PreviewImporter)
Imported 'GUID: 8d25f3d6ae46a7e4d9d49860443f3881' -> (Import Result ID: '00000000000000000000000000000000') in 0.000 seconds
Import Error Code:(4)
Message: Build asset version error: assets/editor/inserterprefabcreator.cs in SourceAssetDB has modification time of '2026-08-28T09:37:05.6295931Z' while content on disk has modification time of '2026-08-28T09:37:11.192Z'
  ERROR: Build asset version error: assets/editor/inserterprefabcreator.cs in SourceAssetDB has modification time of '2026-08-28T09:37:05.6295931Z' while content on disk has modification time of '2026-08-28T09:37:11.192Z'
Number of updated asset objects reloaded before import = 0
Number of asset objects unloaded after import = 0
========================================================================
Received Import Request.
  Time of request: 2026-08-28T09:37:21.4431682Z
  Time since last request: 0.0051381 seconds.
  importAddress: GUID: 8d25f3d6ae46a7e4d9d49860443f3881 - Path: Assets/Editor/InserterPrefabCreator.cs - Importer: PreviewImporter
Importing 'GUID: 8d25f3d6ae46a7e4d9d49860443f3881 - Path: Assets/Editor/InserterPrefabCreator.cs - Importer: PreviewImporter' with importer (PreviewImporter)
Imported 'GUID: 8d25f3d6ae46a7e4d9d49860443f3881' -> (Import Result ID: '00000000000000000000000000000000') in 0.000 seconds
Import Error Code:(4)
Message: Build asset version error: assets/editor/inserterprefabcreator.cs in SourceAssetDB has modification time of '2026-08-28T09:37:05.6295931Z' while content on disk has modification time of '2026-08-28T09:37:11.192Z'
  ERROR: Build asset version error: assets/editor/inserterprefabcreator.cs in SourceAssetDB has modification time of '2026-08-28T09:37:05.6295931Z' while content on disk has modification time of '2026-08-28T09:37:11.192Z'
Number of updated asset objects reloaded before import = 0
Number of asset objects unloaded after import = 0
========================================================================
Received Import Request.
  Time of request: 2026-08-28T09:37:21.4597461Z
  Time since last request: 0.0045975 seconds.
  importAddress: GUID: 8d25f3d6ae46a7e4d9d49860443f3881 - Path: Assets/Editor/InserterPrefabCreator.cs - Importer: PreviewImporter
Importing 'GUID: 8d25f3d6ae46a7e4d9d49860443f3881 - Path: Assets/Editor/InserterPrefabCreator.cs - Importer: PreviewImporter' with importer (PreviewImporter)
Imported 'GUID: 8d25f3d6ae46a7e4d9d49860443f3881' -> (Import Result ID: '00000000000000000000000000000000') in 0.001 seconds
Import Error Code:(4)
Message: Build asset version error: assets/editor/inserterprefabcreator.cs in SourceAssetDB has modification time of '2026-08-28T09:37:05.6295931Z' while content on disk has modification time of '2026-08-28T09:37:11.192Z'
  ERROR: Build asset version error: assets/editor/inserterprefabcreator.cs in SourceAssetDB has modification time of '2026-08-28T09:37:05.6295931Z' while content on disk has modification time of '2026-08-28T09:37:11.192Z'
Number of updated asset objects reloaded before import = 0
Number of asset objects unloaded after import = 0
========================================================================
Received Import Request.
  Time of request: 2026-08-28T09:37:21.5156878Z
  Time since last request: 0.0451254 seconds.
  importAddress: GUID: 8d25f3d6ae46a7e4d9d49860443f3881 - Path: Assets/Editor/InserterPrefabCreator.cs - Importer: PreviewImporter
Importing 'GUID: 8d25f3d6ae46a7e4d9d49860443f3881 - Path: Assets/Editor/InserterPrefabCreator.cs - Importer: PreviewImporter' with importer (PreviewImporter)
Imported 'GUID: 8d25f3d6ae46a7e4d9d49860443f3881' -> (Import Result ID: '00000000000000000000000000000000') in 0.000 seconds
Import Error Code:(4)
Message: Build asset version error: assets/editor/inserterprefabcreator.cs in SourceAssetDB has modification time of '2026-08-28T09:37:05.6295931Z' while content on disk has modification time of '2026-08-28T09:37:11.192Z'
  ERROR: Build asset version error: assets/editor/inserterprefabcreator.cs in SourceAssetDB has modification time of '2026-08-28T09:37:05.6295931Z' while content on disk has modification time of '2026-08-28T09:37:11.192Z'
Number of updated asset objects reloaded before import = 0
Number of asset objects unloaded after import = 0
========================================================================
Received Import Request.
  Time of request: 2026-08-28T09:37:21.5354741Z
  Time since last request: 0.0073655 seconds.
  importAddress: GUID: 8d25f3d6ae46a7e4d9d49860443f3881 - Path: Assets/Editor/InserterPrefabCreator.cs - Importer: PreviewImporter
Importing 'GUID: 8d25f3d6ae46a7e4d9d49860443f3881 - Path: Assets/Editor/InserterPrefabCreator.cs - Importer: PreviewImporter' with importer (PreviewImporter)
Imported 'GUID: 8d25f3d6ae46a7e4d9d49860443f3881' -> (Import Result ID: '00000000000000000000000000000000') in 0.000 seconds
Import Error Code:(4)
Message: Build asset version error: assets/editor/inserterprefabcreator.cs in SourceAssetDB has modification time of '2026-08-28T09:37:05.6295931Z' while content on disk has modification time of '2026-08-28T09:37:11.192Z'
  ERROR: Build asset version error: assets/editor/inserterprefabcreator.cs in SourceAssetDB has modification time of '2026-08-28T09:37:05.6295931Z' while content on disk has modification time of '2026-08-28T09:37:11.192Z'
Number of updated asset objects reloaded before import = 0
Number of asset objects unloaded after import = 0
========================================================================
Received Import Request.
  Time of request: 2026-08-28T09:37:21.5527373Z
  Time since last request: 0.005173 seconds.
  importAddress: GUID: 8d25f3d6ae46a7e4d9d49860443f3881 - Path: Assets/Editor/InserterPrefabCreator.cs - Importer: PreviewImporter
Importing 'GUID: 8d25f3d6ae46a7e4d9d49860443f3881 - Path: Assets/Editor/InserterPrefabCreator.cs - Importer: PreviewImporter' with importer (PreviewImporter)
Imported 'GUID: 8d25f3d6ae46a7e4d9d49860443f3881' -> (Import Result ID: '00000000000000000000000000000000') in 0.000 seconds
Import Error Code:(4)
Message: Build asset version error: assets/editor/inserterprefabcreator.cs in SourceAssetDB has modification time of '2026-08-28T09:37:05.6295931Z' while content on disk has modification time of '2026-08-28T09:37:11.192Z'
  ERROR: Build asset version error: assets/editor/inserterprefabcreator.cs in SourceAssetDB has modification time of '2026-08-28T09:37:05.6295931Z' while content on disk has modification time of '2026-08-28T09:37:11.192Z'
Number of updated asset objects reloaded before import = 0
Number of asset objects unloaded after import = 0
========================================================================
Received Import Request.
  Time of request: 2026-08-28T09:37:21.5689763Z
  Time since last request: 0.0048531 seconds.
  importAddress: GUID: 8d25f3d6ae46a7e4d9d49860443f3881 - Path: Assets/Editor/InserterPrefabCreator.cs - Importer: PreviewImporter
Importing 'GUID: 8d25f3d6ae46a7e4d9d49860443f3881 - Path: Assets/Editor/InserterPrefabCreator.cs - Importer: PreviewImporter' with importer (PreviewImporter)
Imported 'GUID: 8d25f3d6ae46a7e4d9d49860443f3881' -> (Import Result ID: '00000000000000000000000000000000') in 0.000 seconds
Import Error Code:(4)
Message: Build asset version error: assets/editor/inserterprefabcreator.cs in SourceAssetDB has modification time of '2026-08-28T09:37:05.6295931Z' while content on disk has modification time of '2026-08-28T09:37:11.192Z'
  ERROR: Build asset version error: assets/editor/inserterprefabcreator.cs in SourceAssetDB has modification time of '2026-08-28T09:37:05.6295931Z' while content on disk has modification time of '2026-08-28T09:37:11.192Z'
Number of updated asset objects reloaded before import = 0
Number of asset objects unloaded after import = 0
========================================================================
Received Import Request.
  Time of request: 2026-08-28T09:37:21.587239Z
  Time since last request: 0.0052217 seconds.
  importAddress: GUID: 8d25f3d6ae46a7e4d9d49860443f3881 - Path: Assets/Editor/InserterPrefabCreator.cs - Importer: PreviewImporter
Importing 'GUID: 8d25f3d6ae46a7e4d9d49860443f3881 - Path: Assets/Editor/InserterPrefabCreator.cs - Importer: PreviewImporter' with importer (PreviewImporter)
Imported 'GUID: 8d25f3d6ae46a7e4d9d49860443f3881' -> (Import Result ID: '00000000000000000000000000000000') in 0.001 seconds
Import Error Code:(4)
Message: Build asset version error: assets/editor/inserterprefabcreator.cs in SourceAssetDB has modification time of '2026-08-28T09:37:05.6295931Z' while content on disk has modification time of '2026-08-28T09:37:11.192Z'
  ERROR: Build asset version error: assets/editor/inserterprefabcreator.cs in SourceAssetDB has modification time of '2026-08-28T09:37:05.6295931Z' while content on disk has modification time of '2026-08-28T09:37:11.192Z'
Number of updated asset objects reloaded before import = 0
Number of asset objects unloaded after import = 0
========================================================================
Received Import Request.
  Time of request: 2026-08-28T09:37:21.6097946Z
  Time since last request: 0.0080123 seconds.
  importAddress: GUID: 8d25f3d6ae46a7e4d9d49860443f3881 - Path: Assets/Editor/InserterPrefabCreator.cs - Importer: PreviewImporter
Importing 'GUID: 8d25f3d6ae46a7e4d9d49860443f3881 - Path: Assets/Editor/InserterPrefabCreator.cs - Importer: PreviewImporter' with importer (PreviewImporter)
Imported 'GUID: 8d25f3d6ae46a7e4d9d49860443f3881' -> (Import Result ID: '00000000000000000000000000000000') in 0.000 seconds
Import Error Code:(4)
Message: Build asset version error: assets/editor/inserterprefabcreator.cs in SourceAssetDB has modification time of '2026-08-28T09:37:05.6295931Z' while content on disk has modification time of '2026-08-28T09:37:11.192Z'
  ERROR: Build asset version error: assets/editor/inserterprefabcreator.cs in SourceAssetDB has modification time of '2026-08-28T09:37:05.6295931Z' while content on disk has modification time of '2026-08-28T09:37:11.192Z'
Number of updated asset objects reloaded before import = 0
Number of asset objects unloaded after import = 0
========================================================================
Received Import Request.
  Time of request: 2026-08-28T09:37:21.6283663Z
  Time since last request: 0.0058327 seconds.
  importAddress: GUID: 8d25f3d6ae46a7e4d9d49860443f3881 - Path: Assets/Editor/InserterPrefabCreator.cs - Importer: PreviewImporter
Importing 'GUID: 8d25f3d6ae46a7e4d9d49860443f3881 - Path: Assets/Editor/InserterPrefabCreator.cs - Importer: PreviewImporter' with importer (PreviewImporter)
Imported 'GUID: 8d25f3d6ae46a7e4d9d49860443f3881' -> (Import Result ID: '00000000000000000000000000000000') in 0.000 seconds
Import Error Code:(4)
Message: Build asset version error: assets/editor/inserterprefabcreator.cs in SourceAssetDB has modification time of '2026-08-28T09:37:05.6295931Z' while content on disk has modification time of '2026-08-28T09:37:11.192Z'
  ERROR: Build asset version error: assets/editor/inserterprefabcreator.cs in SourceAssetDB has modification time of '2026-08-28T09:37:05.6295931Z' while content on disk has modification time of '2026-08-28T09:37:11.192Z'
Number of updated asset objects reloaded before import = 0
Number of asset objects unloaded after import = 0
========================================================================
Received Import Request.
  Time of request: 2026-08-28T09:37:21.6454016Z
  Time since last request: 0.005078 seconds.
  importAddress: GUID: 8d25f3d6ae46a7e4d9d49860443f3881 - Path: Assets/Editor/InserterPrefabCreator.cs - Importer: PreviewImporter
Importing 'GUID: 8d25f3d6ae46a7e4d9d49860443f3881 - Path: Assets/Editor/InserterPrefabCreator.cs - Importer: PreviewImporter' with importer (PreviewImporter)
Imported 'GUID: 8d25f3d6ae46a7e4d9d49860443f3881' -> (Import Result ID: '00000000000000000000000000000000') in 0.000 seconds
Import Error Code:(4)
Message: Build asset version error: assets/editor/inserterprefabcreator.cs in SourceAssetDB has modification time of '2026-08-28T09:37:05.6295931Z' while content on disk has modification time of '2026-08-28T09:37:11.192Z'
  ERROR: Build asset version error: assets/editor/inserterprefabcreator.cs in SourceAssetDB has modification time of '2026-08-28T09:37:05.6295931Z' while content on disk has modification time of '2026-08-28T09:37:11.192Z'
Number of updated asset objects reloaded before import = 0
Number of asset objects unloaded after import = 0
========================================================================
Received Import Request.
  Time of request: 2026-08-28T09:37:21.6633973Z
  Time since last request: 0.0053578 seconds.
  importAddress: GUID: 8d25f3d6ae46a7e4d9d49860443f3881 - Path: Assets/Editor/InserterPrefabCreator.cs - Importer: PreviewImporter
Importing 'GUID: 8d25f3d6ae46a7e4d9d49860443f3881 - Path: Assets/Editor/InserterPrefabCreator.cs - Importer: PreviewImporter' with importer (PreviewImporter)
Imported 'GUID: 8d25f3d6ae46a7e4d9d49860443f3881' -> (Import Result ID: '00000000000000000000000000000000') in 0.000 seconds
Import Error Code:(4)
Message: Build asset version error: assets/editor/inserterprefabcreator.cs in SourceAssetDB has modification time of '2026-08-28T09:37:05.6295931Z' while content on disk has modification time of '2026-08-28T09:37:11.192Z'
  ERROR: Build asset version error: assets/editor/inserterprefabcreator.cs in SourceAssetDB has modification time of '2026-08-28T09:37:05.6295931Z' while content on disk has modification time of '2026-08-28T09:37:11.192Z'
Number of updated asset objects reloaded before import = 0
Number of asset objects unloaded after import = 0
========================================================================
Received Import Request.
  Time of request: 2026-08-28T09:37:21.6812613Z
  Time since last request: 0.0062257 seconds.
  importAddress: GUID: 8d25f3d6ae46a7e4d9d49860443f3881 - Path: Assets/Editor/InserterPrefabCreator.cs - Importer: PreviewImporter
Importing 'GUID: 8d25f3d6ae46a7e4d9d49860443f3881 - Path: Assets/Editor/InserterPrefabCreator.cs - Importer: PreviewImporter' with importer (PreviewImporter)
Imported 'GUID: 8d25f3d6ae46a7e4d9d49860443f3881' -> (Import Result ID: '00000000000000000000000000000000') in 0.001 seconds
Import Error Code:(4)
Message: Build asset version error: assets/editor/inserterprefabcreator.cs in SourceAssetDB has modification time of '2026-08-28T09:37:05.6295931Z' while content on disk has modification time of '2026-08-28T09:37:11.192Z'
  ERROR: Build asset version error: assets/editor/inserterprefabcreator.cs in SourceAssetDB has modification time of '2026-08-28T09:37:05.6295931Z' while content on disk has modification time of '2026-08-28T09:37:11.192Z'
Number of updated asset objects reloaded before import = 0
Number of asset objects unloaded after import = 0
========================================================================
Received Import Request.
  Time of request: 2026-08-28T09:37:21.6988826Z
  Time since last request: 0.0056272 seconds.
  importAddress: GUID: 8d25f3d6ae46a7e4d9d49860443f3881 - Path: Assets/Editor/InserterPrefabCreator.cs - Importer: PreviewImporter
Importing 'GUID: 8d25f3d6ae46a7e4d9d49860443f3881 - Path: Assets/Editor/InserterPrefabCreator.cs - Importer: PreviewImporter' with importer (PreviewImporter)
Imported 'GUID: 8d25f3d6ae46a7e4d9d49860443f3881' -> (Import Result ID: '00000000000000000000000000000000') in 0.000 seconds
Import Error Code:(4)
Message: Build asset version error: assets/editor/inserterprefabcreator.cs in SourceAssetDB has modification time of '2026-08-28T09:37:05.6295931Z' while content on disk has modification time of '2026-08-28T09:37:11.192Z'
  ERROR: Build asset version error: assets/editor/inserterprefabcreator.cs in SourceAssetDB has modification time of '2026-08-28T09:37:05.6295931Z' while content on disk has modification time of '2026-08-28T09:37:11.192Z'
Number of updated asset objects reloaded before import = 0
Number of asset objects unloaded after import = 0
========================================================================
Received Import Request.
  Time of request: 2026-08-28T09:37:21.7162654Z
  Time since last request: 0.0058206 seconds.
  importAddress: GUID: 8d25f3d6ae46a7e4d9d49860443f3881 - Path: Assets/Editor/InserterPrefabCreator.cs - Importer: PreviewImporter
Importing 'GUID: 8d25f3d6ae46a7e4d9d49860443f3881 - Path: Assets/Editor/InserterPrefabCreator.cs - Importer: PreviewImporter' with importer (PreviewImporter)
Imported 'GUID: 8d25f3d6ae46a7e4d9d49860443f3881' -> (Import Result ID: '00000000000000000000000000000000') in 0.000 seconds
Import Error Code:(4)
Message: Build asset version error: assets/editor/inserterprefabcreator.cs in SourceAssetDB has modification time of '2026-08-28T09:37:05.6295931Z' while content on disk has modification time of '2026-08-28T09:37:11.192Z'
  ERROR: Build asset version error: assets/editor/inserterprefabcreator.cs in SourceAssetDB has modification time of '2026-08-28T09:37:05.6295931Z' while content on disk has modification time of '2026-08-28T09:37:11.192Z'
Number of updated asset objects reloaded before import = 0
Number of asset objects unloaded after import = 0
========================================================================
Received Import Request.
  Time of request: 2026-08-28T09:37:21.7337263Z
  Time since last request: 0.0058144 seconds.
  importAddress: GUID: 8d25f3d6ae46a7e4d9d49860443f3881 - Path: Assets/Editor/InserterPrefabCreator.cs - Importer: PreviewImporter
Importing 'GUID: 8d25f3d6ae46a7e4d9d49860443f3881 - Path: Assets/Editor/InserterPrefabCreator.cs - Importer: PreviewImporter' with importer (PreviewImporter)
Imported 'GUID: 8d25f3d6ae46a7e4d9d49860443f3881' -> (Import Result ID: '00000000000000000000000000000000') in 0.000 seconds
Import Error Code:(4)
Message: Build asset version error: assets/editor/inserterprefabcreator.cs in SourceAssetDB has modification time of '2026-08-28T09:37:05.6295931Z' while content on disk has modification time of '2026-08-28T09:37:11.192Z'
  ERROR: Build asset version error: assets/editor/inserterprefabcreator.cs in SourceAssetDB has modification time of '2026-08-28T09:37:05.6295931Z' while content on disk has modification time of '2026-08-28T09:37:11.192Z'
Number of updated asset objects reloaded before import = 0
Number of asset objects unloaded after import = 0
========================================================================
Received Import Request.
  Time of request: 2026-08-28T09:37:21.7512487Z
  Time since last request: 0.0057008 seconds.
  importAddress: GUID: 8d25f3d6ae46a7e4d9d49860443f3881 - Path: Assets/Editor/InserterPrefabCreator.cs - Importer: PreviewImporter
Importing 'GUID: 8d25f3d6ae46a7e4d9d49860443f3881 - Path: Assets/Editor/InserterPrefabCreator.cs - Importer: PreviewImporter' with importer (PreviewImporter)
Imported 'GUID: 8d25f3d6ae46a7e4d9d49860443f3881' -> (Import Result ID: '00000000000000000000000000000000') in 0.000 seconds
Import Error Code:(4)
Message: Build asset version error: assets/editor/inserterprefabcreator.cs in SourceAssetDB has modification time of '2026-08-28T09:37:05.6295931Z' while content on disk has modification time of '2026-08-28T09:37:11.192Z'
  ERROR: Build asset version error: assets/editor/inserterprefabcreator.cs in SourceAssetDB has modification time of '2026-08-28T09:37:05.6295931Z' while content on disk has modification time of '2026-08-28T09:37:11.192Z'
Number of updated asset objects reloaded before import = 0
Number of asset objects unloaded after import = 0
========================================================================
Received Import Request.
  Time of request: 2026-08-28T09:37:21.7694713Z
  Time since last request: 0.0060378 seconds.
  importAddress: GUID: 8d25f3d6ae46a7e4d9d49860443f3881 - Path: Assets/Editor/InserterPrefabCreator.cs - Importer: PreviewImporter
Importing 'GUID: 8d25f3d6ae46a7e4d9d49860443f3881 - Path: Assets/Editor/InserterPrefabCreator.cs - Importer: PreviewImporter' with importer (PreviewImporter)
Imported 'GUID: 8d25f3d6ae46a7e4d9d49860443f3881' -> (Import Result ID: '00000000000000000000000000000000') in 0.000 seconds
Import Error Code:(4)
Message: Build asset version error: assets/editor/inserterprefabcreator.cs in SourceAssetDB has modification time of '2026-08-28T09:37:05.6295931Z' while content on disk has modification time of '2026-08-28T09:37:11.192Z'
  ERROR: Build asset version error: assets/editor/inserterprefabcreator.cs in SourceAssetDB has modification time of '2026-08-28T09:37:05.6295931Z' while content on disk has modification time of '2026-08-28T09:37:11.192Z'
Number of updated asset objects reloaded before import = 0
Number of asset objects unloaded after import = 0
========================================================================
Received Import Request.
  Time of request: 2026-08-28T09:37:21.7901802Z
  Time since last request: 0.0092782 seconds.
  importAddress: GUID: 8d25f3d6ae46a7e4d9d49860443f3881 - Path: Assets/Editor/InserterPrefabCreator.cs - Importer: PreviewImporter
Importing 'GUID: 8d25f3d6ae46a7e4d9d49860443f3881 - Path: Assets/Editor/InserterPrefabCreator.cs - Importer: PreviewImporter' with importer (PreviewImporter)
Imported 'GUID: 8d25f3d6ae46a7e4d9d49860443f3881' -> (Import Result ID: '00000000000000000000000000000000') in 0.001 seconds
Import Error Code:(4)
Message: Build asset version error: assets/editor/inserterprefabcreator.cs in SourceAssetDB has modification time of '2026-08-28T09:37:05.6295931Z' while content on disk has modification time of '2026-08-28T09:37:11.192Z'
  ERROR: Build asset version error: assets/editor/inserterprefabcreator.cs in SourceAssetDB has modification time of '2026-08-28T09:37:05.6295931Z' while content on disk has modification time of '2026-08-28T09:37:11.192Z'
Number of updated asset objects reloaded before import = 0
Number of asset objects unloaded after import = 0
========================================================================
Received Import Request.
  Time of request: 2026-08-28T09:37:21.8078527Z
  Time since last request: 0.0060467 seconds.
  importAddress: GUID: 8d25f3d6ae46a7e4d9d49860443f3881 - Path: Assets/Editor/InserterPrefabCreator.cs - Importer: PreviewImporter
Importing 'GUID: 8d25f3d6ae46a7e4d9d49860443f3881 - Path: Assets/Editor/InserterPrefabCreator.cs - Importer: PreviewImporter' with importer (PreviewImporter)
Imported 'GUID: 8d25f3d6ae46a7e4d9d49860443f3881' -> (Import Result ID: '00000000000000000000000000000000') in 0.000 seconds
Import Error Code:(4)
Message: Build asset version error: assets/editor/inserterprefabcreator.cs in SourceAssetDB has modification time of '2026-08-28T09:37:05.6295931Z' while content on disk has modification time of '2026-08-28T09:37:11.192Z'
  ERROR: Build asset version error: assets/editor/inserterprefabcreator.cs in SourceAssetDB has modification time of '2026-08-28T09:37:05.6295931Z' while content on disk has modification time of '2026-08-28T09:37:11.192Z'
Number of updated asset objects reloaded before import = 0
Number of asset objects unloaded after import = 0
========================================================================
Received Import Request.
  Time of request: 2026-08-28T09:37:21.8248544Z
  Time since last request: 0.0052008 seconds.
  importAddress: GUID: 8d25f3d6ae46a7e4d9d49860443f3881 - Path: Assets/Editor/InserterPrefabCreator.cs - Importer: PreviewImporter
Importing 'GUID: 8d25f3d6ae46a7e4d9d49860443f3881 - Path: Assets/Editor/InserterPrefabCreator.cs - Importer: PreviewImporter' with importer (PreviewImporter)
Imported 'GUID: 8d25f3d6ae46a7e4d9d49860443f3881' -> (Import Result ID: '00000000000000000000000000000000') in 0.000 seconds
Import Error Code:(4)
Message: Build asset version error: assets/editor/inserterprefabcreator.cs in SourceAssetDB has modification time of '2026-08-28T09:37:05.6295931Z' while content on disk has modification time of '2026-08-28T09:37:11.192Z'
  ERROR: Build asset version error: assets/editor/inserterprefabcreator.cs in SourceAssetDB has modification time of '2026-08-28T09:37:05.6295931Z' while content on disk has modification time of '2026-08-28T09:37:11.192Z'
Number of updated asset objects reloaded before import = 0
Number of asset objects unloaded after import = 0
========================================================================
Received Import Request.
  Time of request: 2026-08-28T09:37:21.8423787Z
  Time since last request: 0.0060834 seconds.
  importAddress: GUID: 8d25f3d6ae46a7e4d9d49860443f3881 - Path: Assets/Editor/InserterPrefabCreator.cs - Importer: PreviewImporter
Importing 'GUID: 8d25f3d6ae46a7e4d9d49860443f3881 - Path: Assets/Editor/InserterPrefabCreator.cs - Importer: PreviewImporter' with importer (PreviewImporter)
Imported 'GUID: 8d25f3d6ae46a7e4d9d49860443f3881' -> (Import Result ID: '00000000000000000000000000000000') in 0.000 seconds
Import Error Code:(4)
Message: Build asset version error: assets/editor/inserterprefabcreator.cs in SourceAssetDB has modification time of '2026-08-28T09:37:05.6295931Z' while content on disk has modification time of '2026-08-28T09:37:11.192Z'
  ERROR: Build asset version error: assets/editor/inserterprefabcreator.cs in SourceAssetDB has modification time of '2026-08-28T09:37:05.6295931Z' while content on disk has modification time of '2026-08-28T09:37:11.192Z'
Number of updated asset objects reloaded before import = 0
Number of asset objects unloaded after import = 0
========================================================================
Received Import Request.
  Time of request: 2026-08-28T09:37:21.8594235Z
  Time since last request: 0.0056661 seconds.
  importAddress: GUID: 8d25f3d6ae46a7e4d9d49860443f3881 - Path: Assets/Editor/InserterPrefabCreator.cs - Importer: PreviewImporter
Importing 'GUID: 8d25f3d6ae46a7e4d9d49860443f3881 - Path: Assets/Editor/InserterPrefabCreator.cs - Importer: PreviewImporter' with importer (PreviewImporter)
Imported 'GUID: 8d25f3d6ae46a7e4d9d49860443f3881' -> (Import Result ID: '00000000000000000000000000000000') in 0.000 seconds
Import Error Code:(4)
Message: Build asset version error: assets/editor/inserterprefabcreator.cs in SourceAssetDB has modification time of '2026-08-28T09:37:05.6295931Z' while content on disk has modification time of '2026-08-28T09:37:11.192Z'
  ERROR: Build asset version error: assets/editor/inserterprefabcreator.cs in SourceAssetDB has modification time of '2026-08-28T09:37:05.6295931Z' while content on disk has modification time of '2026-08-28T09:37:11.192Z'
Number of updated asset objects reloaded before import = 0
Number of asset objects unloaded after import = 0
========================================================================
Received Import Request.
  Time of request: 2026-08-28T09:37:21.8763971Z
  Time since last request: 0.0053577 seconds.
  importAddress: GUID: 8d25f3d6ae46a7e4d9d49860443f3881 - Path: Assets/Editor/InserterPrefabCreator.cs - Importer: PreviewImporter
Importing 'GUID: 8d25f3d6ae46a7e4d9d49860443f3881 - Path: Assets/Editor/InserterPrefabCreator.cs - Importer: PreviewImporter' with importer (PreviewImporter)
Imported 'GUID: 8d25f3d6ae46a7e4d9d49860443f3881' -> (Import Result ID: '00000000000000000000000000000000') in 0.001 seconds
Import Error Code:(4)
Message: Build asset version error: assets/editor/inserterprefabcreator.cs in SourceAssetDB has modification time of '2026-08-28T09:37:05.6295931Z' while content on disk has modification time of '2026-08-28T09:37:11.192Z'
  ERROR: Build asset version error: assets/editor/inserterprefabcreator.cs in SourceAssetDB has modification time of '2026-08-28T09:37:05.6295931Z' while content on disk has modification time of '2026-08-28T09:37:11.192Z'
Number of updated asset objects reloaded before import = 0
Number of asset objects unloaded after import = 0
========================================================================
Received Import Request.
  Time of request: 2026-08-28T09:37:21.8928467Z
  Time since last request: 0.004796 seconds.
  importAddress: GUID: 8d25f3d6ae46a7e4d9d49860443f3881 - Path: Assets/Editor/InserterPrefabCreator.cs - Importer: PreviewImporter
Importing 'GUID: 8d25f3d6ae46a7e4d9d49860443f3881 - Path: Assets/Editor/InserterPrefabCreator.cs - Importer: PreviewImporter' with importer (PreviewImporter)
Imported 'GUID: 8d25f3d6ae46a7e4d9d49860443f3881' -> (Import Result ID: '00000000000000000000000000000000') in 0.000 seconds
Import Error Code:(4)
Message: Build asset version error: assets/editor/inserterprefabcreator.cs in SourceAssetDB has modification time of '2026-08-28T09:37:05.6295931Z' while content on disk has modification time of '2026-08-28T09:37:11.192Z'
  ERROR: Build asset version error: assets/editor/inserterprefabcreator.cs in SourceAssetDB has modification time of '2026-08-28T09:37:05.6295931Z' while content on disk has modification time of '2026-08-28T09:37:11.192Z'
Number of updated asset objects reloaded before import = 0
Number of asset objects unloaded after import = 0
========================================================================
Received Import Request.
  Time of request: 2026-08-28T09:37:21.9094815Z
  Time since last request: 0.0053994 seconds.
  importAddress: GUID: 8d25f3d6ae46a7e4d9d49860443f3881 - Path: Assets/Editor/InserterPrefabCreator.cs - Importer: PreviewImporter
Importing 'GUID: 8d25f3d6ae46a7e4d9d49860443f3881 - Path: Assets/Editor/InserterPrefabCreator.cs - Importer: PreviewImporter' with importer (PreviewImporter)
Imported 'GUID: 8d25f3d6ae46a7e4d9d49860443f3881' -> (Import Result ID: '00000000000000000000000000000000') in 0.000 seconds
Import Error Code:(4)
Message: Build asset version error: assets/editor/inserterprefabcreator.cs in SourceAssetDB has modification time of '2026-08-28T09:37:05.6295931Z' while content on disk has modification time of '2026-08-28T09:37:11.192Z'
  ERROR: Build asset version error: assets/editor/inserterprefabcreator.cs in SourceAssetDB has modification time of '2026-08-28T09:37:05.6295931Z' while content on disk has modification time of '2026-08-28T09:37:11.192Z'
Number of updated asset objects reloaded before import = 0
Number of asset objects unloaded after import = 0
========================================================================
Received Import Request.
  Time of request: 2026-08-28T09:37:21.9254784Z
  Time since last request: 0.0049938 seconds.
  importAddress: GUID: 8d25f3d6ae46a7e4d9d49860443f3881 - Path: Assets/Editor/InserterPrefabCreator.cs - Importer: PreviewImporter
Importing 'GUID: 8d25f3d6ae46a7e4d9d49860443f3881 - Path: Assets/Editor/InserterPrefabCreator.cs - Importer: PreviewImporter' with importer (PreviewImporter)
Imported 'GUID: 8d25f3d6ae46a7e4d9d49860443f3881' -> (Import Result ID: '00000000000000000000000000000000') in 0.000 seconds
Import Error Code:(4)
Message: Build asset version error: assets/editor/inserterprefabcreator.cs in SourceAssetDB has modification time of '2026-08-28T09:37:05.6295931Z' while content on disk has modification time of '2026-08-28T09:37:11.192Z'
  ERROR: Build asset version error: assets/editor/inserterprefabcreator.cs in SourceAssetDB has modification time of '2026-08-28T09:37:05.6295931Z' while content on disk has modification time of '2026-08-28T09:37:11.192Z'
Number of updated asset objects reloaded before import = 0
Number of asset objects unloaded after import = 0
========================================================================
Received Import Request.
  Time of request: 2026-08-28T09:37:21.9414082Z
  Time since last request: 0.0051325 seconds.
  importAddress: GUID: 8d25f3d6ae46a7e4d9d49860443f3881 - Path: Assets/Editor/InserterPrefabCreator.cs - Importer: PreviewImporter
Importing 'GUID: 8d25f3d6ae46a7e4d9d49860443f3881 - Path: Assets/Editor/InserterPrefabCreator.cs - Importer: PreviewImporter' with importer (PreviewImporter)
Imported 'GUID: 8d25f3d6ae46a7e4d9d49860443f3881' -> (Import Result ID: '00000000000000000000000000000000') in 0.000 seconds
Import Error Code:(4)
Message: Build asset version error: assets/editor/inserterprefabcreator.cs in SourceAssetDB has modification time of '2026-08-28T09:37:05.6295931Z' while content on disk has modification time of '2026-08-28T09:37:11.192Z'
  ERROR: Build asset version error: assets/editor/inserterprefabcreator.cs in SourceAssetDB has modification time of '2026-08-28T09:37:05.6295931Z' while content on disk has modification time of '2026-08-28T09:37:11.192Z'
Number of updated asset objects reloaded before import = 0
Number of asset objects unloaded after import = 0
========================================================================
Received Import Request.
  Time of request: 2026-08-28T09:37:21.95772Z
  Time since last request: 0.0052353 seconds.
  importAddress: GUID: 8d25f3d6ae46a7e4d9d49860443f3881 - Path: Assets/Editor/InserterPrefabCreator.cs - Importer: PreviewImporter
Importing 'GUID: 8d25f3d6ae46a7e4d9d49860443f3881 - Path: Assets/Editor/InserterPrefabCreator.cs - Importer: PreviewImporter' with importer (PreviewImporter)
Imported 'GUID: 8d25f3d6ae46a7e4d9d49860443f3881' -> (Import Result ID: '00000000000000000000000000000000') in 0.000 seconds
Import Error Code:(4)
Message: Build asset version error: assets/editor/inserterprefabcreator.cs in SourceAssetDB has modification time of '2026-08-28T09:37:05.6295931Z' while content on disk has modification time of '2026-08-28T09:37:11.192Z'
  ERROR: Build asset version error: assets/editor/inserterprefabcreator.cs in SourceAssetDB has modification time of '2026-08-28T09:37:05.6295931Z' while content on disk has modification time of '2026-08-28T09:37:11.192Z'
Number of updated asset objects reloaded before import = 0
Number of asset objects unloaded after import = 0
========================================================================
Received Import Request.
  Time of request: 2026-08-28T09:37:21.973831Z
  Time since last request: 0.0051485 seconds.
  importAddress: GUID: 8d25f3d6ae46a7e4d9d49860443f3881 - Path: Assets/Editor/InserterPrefabCreator.cs - Importer: PreviewImporter
Importing 'GUID: 8d25f3d6ae46a7e4d9d49860443f3881 - Path: Assets/Editor/InserterPrefabCreator.cs - Importer: PreviewImporter' with importer (PreviewImporter)
Imported 'GUID: 8d25f3d6ae46a7e4d9d49860443f3881' -> (Import Result ID: '00000000000000000000000000000000') in 0.000 seconds
Import Error Code:(4)
Message: Build asset version error: assets/editor/inserterprefabcreator.cs in SourceAssetDB has modification time of '2026-08-28T09:37:05.6295931Z' while content on disk has modification time of '2026-08-28T09:37:11.192Z'
  ERROR: Build asset version error: assets/editor/inserterprefabcreator.cs in SourceAssetDB has modification time of '2026-08-28T09:37:05.6295931Z' while content on disk has modification time of '2026-08-28T09:37:11.192Z'
Number of updated asset objects reloaded before import = 0
Number of asset objects unloaded after import = 0
========================================================================
Received Import Request.
  Time of request: 2026-08-28T09:37:21.9904299Z
  Time since last request: 0.005225 seconds.
  importAddress: GUID: 8d25f3d6ae46a7e4d9d49860443f3881 - Path: Assets/Editor/InserterPrefabCreator.cs - Importer: PreviewImporter
Importing 'GUID: 8d25f3d6ae46a7e4d9d49860443f3881 - Path: Assets/Editor/InserterPrefabCreator.cs - Importer: PreviewImporter' with importer (PreviewImporter)
Imported 'GUID: 8d25f3d6ae46a7e4d9d49860443f3881' -> (Import Result ID: '00000000000000000000000000000000') in 0.000 seconds
Import Error Code:(4)
Message: Build asset version error: assets/editor/inserterprefabcreator.cs in SourceAssetDB has modification time of '2026-08-28T09:37:05.6295931Z' while content on disk has modification time of '2026-08-28T09:37:11.192Z'
  ERROR: Build asset version error: assets/editor/inserterprefabcreator.cs in SourceAssetDB has modification time of '2026-08-28T09:37:05.6295931Z' while content on disk has modification time of '2026-08-28T09:37:11.192Z'
Number of updated asset objects reloaded before import = 0
Number of asset objects unloaded after import = 0
========================================================================
Received Import Request.
  Time of request: 2026-08-28T09:37:22.0067489Z
  Time since last request: 0.0051448 seconds.
  importAddress: GUID: 8d25f3d6ae46a7e4d9d49860443f3881 - Path: Assets/Editor/InserterPrefabCreator.cs - Importer: PreviewImporter
Importing 'GUID: 8d25f3d6ae46a7e4d9d49860443f3881 - Path: Assets/Editor/InserterPrefabCreator.cs - Importer: PreviewImporter' with importer (PreviewImporter)
Imported 'GUID: 8d25f3d6ae46a7e4d9d49860443f3881' -> (Import Result ID: '00000000000000000000000000000000') in 0.000 seconds
Import Error Code:(4)
Message: Build asset version error: assets/editor/inserterprefabcreator.cs in SourceAssetDB has modification time of '2026-08-28T09:37:05.6295931Z' while content on disk has modification time of '2026-08-28T09:37:11.192Z'
  ERROR: Build asset version error: assets/editor/inserterprefabcreator.cs in SourceAssetDB has modification time of '2026-08-28T09:37:05.6295931Z' while content on disk has modification time of '2026-08-28T09:37:11.192Z'
Number of updated asset objects reloaded before import = 0
Number of asset objects unloaded after import = 0
========================================================================
Received Import Request.
  Time of request: 2026-08-28T09:37:22.0314145Z
  Time since last request: 0.0134779 seconds.
  importAddress: GUID: 8d25f3d6ae46a7e4d9d49860443f3881 - Path: Assets/Editor/InserterPrefabCreator.cs - Importer: PreviewImporter
Importing 'GUID: 8d25f3d6ae46a7e4d9d49860443f3881 - Path: Assets/Editor/InserterPrefabCreator.cs - Importer: PreviewImporter' with importer (PreviewImporter)
Imported 'GUID: 8d25f3d6ae46a7e4d9d49860443f3881' -> (Import Result ID: '00000000000000000000000000000000') in 0.000 seconds
Import Error Code:(4)
Message: Build asset version error: assets/editor/inserterprefabcreator.cs in SourceAssetDB has modification time of '2026-08-28T09:37:05.6295931Z' while content on disk has modification time of '2026-08-28T09:37:11.192Z'
  ERROR: Build asset version error: assets/editor/inserterprefabcreator.cs in SourceAssetDB has modification time of '2026-08-28T09:37:05.6295931Z' while content on disk has modification time of '2026-08-28T09:37:11.192Z'
Number of updated asset objects reloaded before import = 0
Number of asset objects unloaded after import = 0
========================================================================
Received Import Request.
  Time of request: 2026-08-28T09:37:22.0571604Z
  Time since last request: 0.0095586 seconds.
  importAddress: GUID: 8d25f3d6ae46a7e4d9d49860443f3881 - Path: Assets/Editor/InserterPrefabCreator.cs - Importer: PreviewImporter
Importing 'GUID: 8d25f3d6ae46a7e4d9d49860443f3881 - Path: Assets/Editor/InserterPrefabCreator.cs - Importer: PreviewImporter' with importer (PreviewImporter)
Imported 'GUID: 8d25f3d6ae46a7e4d9d49860443f3881' -> (Import Result ID: '00000000000000000000000000000000') in 0.001 seconds
Import Error Code:(4)
Message: Build asset version error: assets/editor/inserterprefabcreator.cs in SourceAssetDB has modification time of '2026-08-28T09:37:05.6295931Z' while content on disk has modification time of '2026-08-28T09:37:11.192Z'
  ERROR: Build asset version error: assets/editor/inserterprefabcreator.cs in SourceAssetDB has modification time of '2026-08-28T09:37:05.6295931Z' while content on disk has modification time of '2026-08-28T09:37:11.192Z'
Number of updated asset objects reloaded before import = 0
Number of asset objects unloaded after import = 0
========================================================================
Received Import Request.
  Time of request: 2026-08-28T09:37:22.0788994Z
  Time since last request: 0.0084428 seconds.
  importAddress: GUID: 8d25f3d6ae46a7e4d9d49860443f3881 - Path: Assets/Editor/InserterPrefabCreator.cs - Importer: PreviewImporter
Importing 'GUID: 8d25f3d6ae46a7e4d9d49860443f3881 - Path: Assets/Editor/InserterPrefabCreator.cs - Importer: PreviewImporter' with importer (PreviewImporter)
Imported 'GUID: 8d25f3d6ae46a7e4d9d49860443f3881' -> (Import Result ID: '00000000000000000000000000000000') in 0.000 seconds
Import Error Code:(4)
Message: Build asset version error: assets/editor/inserterprefabcreator.cs in SourceAssetDB has modification time of '2026-08-28T09:37:05.6295931Z' while content on disk has modification time of '2026-08-28T09:37:11.192Z'
  ERROR: Build asset version error: assets/editor/inserterprefabcreator.cs in SourceAssetDB has modification time of '2026-08-28T09:37:05.6295931Z' while content on disk has modification time of '2026-08-28T09:37:11.192Z'
Number of updated asset objects reloaded before import = 0
Number of asset objects unloaded after import = 0
========================================================================
Received Import Request.
  Time of request: 2026-08-28T09:37:22.0986753Z
  Time since last request: 0.0050396 seconds.
  importAddress: GUID: 8d25f3d6ae46a7e4d9d49860443f3881 - Path: Assets/Editor/InserterPrefabCreator.cs - Importer: PreviewImporter
Importing 'GUID: 8d25f3d6ae46a7e4d9d49860443f3881 - Path: Assets/Editor/InserterPrefabCreator.cs - Importer: PreviewImporter' with importer (PreviewImporter)
Imported 'GUID: 8d25f3d6ae46a7e4d9d49860443f3881' -> (Import Result ID: '00000000000000000000000000000000') in 0.001 seconds
Import Error Code:(4)
Message: Build asset version error: assets/editor/inserterprefabcreator.cs in SourceAssetDB has modification time of '2026-08-28T09:37:05.6295931Z' while content on disk has modification time of '2026-08-28T09:37:11.192Z'
  ERROR: Build asset version error: assets/editor/inserterprefabcreator.cs in SourceAssetDB has modification time of '2026-08-28T09:37:05.6295931Z' while content on disk has modification time of '2026-08-28T09:37:11.192Z'
Number of updated asset objects reloaded before import = 0
Number of asset objects unloaded after import = 0
========================================================================
Received Import Request.
  Time of request: 2026-08-28T09:37:22.1186144Z
  Time since last request: 0.0053138 seconds.
  importAddress: GUID: 8d25f3d6ae46a7e4d9d49860443f3881 - Path: Assets/Editor/InserterPrefabCreator.cs - Importer: PreviewImporter
Importing 'GUID: 8d25f3d6ae46a7e4d9d49860443f3881 - Path: Assets/Editor/InserterPrefabCreator.cs - Importer: PreviewImporter' with importer (PreviewImporter)
Imported 'GUID: 8d25f3d6ae46a7e4d9d49860443f3881' -> (Import Result ID: '00000000000000000000000000000000') in 0.000 seconds
Import Error Code:(4)
Message: Build asset version error: assets/editor/inserterprefabcreator.cs in SourceAssetDB has modification time of '2026-08-28T09:37:05.6295931Z' while content on disk has modification time of '2026-08-28T09:37:11.192Z'
  ERROR: Build asset version error: assets/editor/inserterprefabcreator.cs in SourceAssetDB has modification time of '2026-08-28T09:37:05.6295931Z' while content on disk has modification time of '2026-08-28T09:37:11.192Z'
Number of updated asset objects reloaded before import = 0
Number of asset objects unloaded after import = 0
========================================================================
Received Prepare
AcceleratorClientConnectionCallback - disconnected - :0
Refreshing native plugins compatible for Editor in 8.93 ms, found 5 plugins.
Unloading 65 Unused Serialized files (Serialized files now loaded: 0)
Unloading 10263 unused Assets / (19.4 MB). Loaded Objects now: 11320.
Memory consumption went from 489.6 MB to 470.2 MB.
Total: 61.905600 ms (FindLiveObjects: 2.861900 ms CreateObjectMapping: 15.931900 ms MarkObjects: 35.654600 ms  DeleteObjects: 7.455900 ms)

Prepare: number of updated asset objects reloaded= 0
========================================================================
Received Prepare
AcceleratorClientConnectionCallback - disconnected - :0
[Licensing::Client] Successfully resolved entitlement details
Begin MonoManager ReloadAssembly
Symbol file LoadedFromMemory is not a mono symbol file
Symbol file LoadedFromMemory is not a mono symbol file
Refreshing native plugins compatible for Editor in 3.48 ms, found 5 plugins.
Native extension for WindowsStandalone target not found
Native extension for WebGL target not found
[Package Manager] Failed to launch server process. Reason: Unity was launched with the -noUpm command-line argument
[Package Manager] Unable to send message (not connected to server process).
[Package Manager] Cannot connect to Unity Package Manager local server
Refreshing native plugins compatible for Editor in 3.95 ms, found 5 plugins.
[Package Manager] Failed to launch server process. Reason: Unity was launched with the -noUpm command-line argument
[Package Manager] Unable to send message (not connected to server process).
[Package Manager] Cannot connect to Unity Package Manager local server
[Licensing::Client] Error: Code 404 while processing request (status: Found 0 entitlement groups and 0 free entitlements matching requested entitlement ids)
ScheduleIndexationOnStartup MainProcess:False IndexOnStartup:True
Mono: successfully reloaded assembly
- Finished resetting the current domain, in  1.980 seconds
Domain Reload Profiling: 3428ms
	BeginReloadAssembly (320ms)
		DisableScriptedObjects (9ms)
		CreateAndSetChildDomain (124ms)
	RebuildCommonClasses (22ms)
	RebuildNativeTypeToScriptingClass (24ms)
	initialDomainReloadingComplete (103ms)
	LoadAllAssembliesAndSetupDomain (978ms)
		LoadAssemblies (493ms)
		AnalyzeDomain (417ms)
			TypeCache.Refresh (23ms)
			BuildScriptInfoCaches (384ms)
			ResolveRequiredComponents (8ms)
	FinalizeReload (1982ms)
		SetupLoadedEditorAssemblies (0ms)
			BeforeProcessingInitializeOnLoad (156ms)
			ProcessInitializeOnLoadAttributes (955ms)
			ProcessInitializeOnLoadMethodAttributes (555ms)
			AfterProcessingInitializeOnLoad (5ms)
		AwakeInstancesAfterBackupRestoration (29ms)
Refreshing native plugins compatible for Editor in 2.41 ms, found 5 plugins.
Unloading 65 Unused Serialized files (Serialized files now loaded: 0)
Unloading 10283 unused Assets / (18.6 MB). Loaded Objects now: 11323.
Memory consumption went from 495.0 MB to 476.4 MB.
Total: 24.236400 ms (FindLiveObjects: 1.188300 ms CreateObjectMapping: 5.124800 ms MarkObjects: 12.630900 ms  DeleteObjects: 5.291300 ms)

Prepare: number of updated asset objects reloaded= 0
========================================================================
Received Prepare
AcceleratorClientConnectionCallback - disconnected - :0
Refreshing native plugins compatible for Editor in 3.71 ms, found 5 plugins.
Unloading 65 Unused Serialized files (Serialized files now loaded: 0)
Unloading 10263 unused Assets / (19.4 MB). Loaded Objects now: 11323.
Memory consumption went from 497.4 MB to 478.0 MB.
Total: 34.954100 ms (FindLiveObjects: 1.250900 ms CreateObjectMapping: 5.261100 ms MarkObjects: 20.290200 ms  DeleteObjects: 8.150800 ms)

Prepare: number of updated asset objects reloaded= 0
========================================================================
Received Prepare
AcceleratorClientConnectionCallback - disconnected - :0
Begin MonoManager ReloadAssembly
Symbol file LoadedFromMemory is not a mono symbol file
Symbol file LoadedFromMemory is not a mono symbol file
Refreshing native plugins compatible for Editor in 3.86 ms, found 5 plugins.
Native extension for WindowsStandalone target not found
Native extension for WebGL target not found
[Package Manager] Failed to launch server process. Reason: Unity was launched with the -noUpm command-line argument
[Package Manager] Unable to send message (not connected to server process).
[Package Manager] Cannot connect to Unity Package Manager local server
Refreshing native plugins compatible for Editor in 3.85 ms, found 5 plugins.
[Package Manager] Failed to launch server process. Reason: Unity was launched with the -noUpm command-line argument
[Package Manager] Unable to send message (not connected to server process).
[Package Manager] Cannot connect to Unity Package Manager local server
[Licensing::Client] Error: Code 404 while processing request (status: Found 0 entitlement groups and 0 free entitlements matching requested entitlement ids)
ScheduleIndexationOnStartup MainProcess:False IndexOnStartup:True
Mono: successfully reloaded assembly
- Finished resetting the current domain, in  2.144 seconds
Domain Reload Profiling: 3713ms
	BeginReloadAssembly (360ms)
		DisableScriptedObjects (20ms)
		CreateAndSetChildDomain (123ms)
	RebuildCommonClasses (10ms)
	RebuildNativeTypeToScriptingClass (19ms)
	initialDomainReloadingComplete (109ms)
	LoadAllAssembliesAndSetupDomain (1071ms)
		LoadAssemblies (488ms)
		AnalyzeDomain (512ms)
			TypeCache.Refresh (18ms)
			BuildScriptInfoCaches (486ms)
			ResolveRequiredComponents (5ms)
	FinalizeReload (2145ms)
		SetupLoadedEditorAssemblies (0ms)
			BeforeProcessingInitializeOnLoad (164ms)
			ProcessInitializeOnLoadAttributes (1028ms)
			ProcessInitializeOnLoadMethodAttributes (584ms)
			AfterProcessingInitializeOnLoad (9ms)
		AwakeInstancesAfterBackupRestoration (34ms)
Refreshing native plugins compatible for Editor in 3.42 ms, found 5 plugins.
Unloading 65 Unused Serialized files (Serialized files now loaded: 0)
Unloading 10283 unused Assets / (18.7 MB). Loaded Objects now: 11326.
Memory consumption went from 501.8 MB to 483.1 MB.
Total: 28.448900 ms (FindLiveObjects: 1.060400 ms CreateObjectMapping: 4.747900 ms MarkObjects: 17.186700 ms  DeleteObjects: 5.452500 ms)

Prepare: number of updated asset objects reloaded= 0
========================================================================
Received Prepare
AcceleratorClientConnectionCallback - disconnected - :0
Begin MonoManager ReloadAssembly
Symbol file LoadedFromMemory is not a mono symbol file
Symbol file LoadedFromMemory is not a mono symbol file
Refreshing native plugins compatible for Editor in 2.98 ms, found 5 plugins.
Native extension for WindowsStandalone target not found
Native extension for WebGL target not found
[Package Manager] Failed to launch server process. Reason: Unity was launched with the -noUpm command-line argument
[Package Manager] Unable to send message (not connected to server process).
[Package Manager] Cannot connect to Unity Package Manager local server
Refreshing native plugins compatible for Editor in 2.37 ms, found 5 plugins.
[Package Manager] Failed to launch server process. Reason: Unity was launched with the -noUpm command-line argument
[Package Manager] Unable to send message (not connected to server process).
[Package Manager] Cannot connect to Unity Package Manager local server
[Licensing::Client] Error: Code 404 while processing request (status: Found 0 entitlement groups and 0 free entitlements matching requested entitlement ids)
ScheduleIndexationOnStartup MainProcess:False IndexOnStartup:True
Mono: successfully reloaded assembly
- Finished resetting the current domain, in  1.938 seconds
Domain Reload Profiling: 3316ms
	BeginReloadAssembly (333ms)
		DisableScriptedObjects (10ms)
		CreateAndSetChildDomain (121ms)
	RebuildCommonClasses (14ms)
	RebuildNativeTypeToScriptingClass (19ms)
	initialDomainReloadingComplete (110ms)
	LoadAllAssembliesAndSetupDomain (900ms)
		LoadAssemblies (464ms)
		AnalyzeDomain (367ms)
			TypeCache.Refresh (19ms)
			BuildScriptInfoCaches (342ms)
			ResolveRequiredComponents (4ms)
	FinalizeReload (1939ms)
		SetupLoadedEditorAssemblies (0ms)
			InitializePlatformSupportModulesInManaged (3ms)
			BeforeProcessingInitializeOnLoad (158ms)
			ProcessInitializeOnLoadAttributes (932ms)
			ProcessInitializeOnLoadMethodAttributes (538ms)
			AfterProcessingInitializeOnLoad (6ms)
		AwakeInstancesAfterBackupRestoration (22ms)
Refreshing native plugins compatible for Editor in 4.19 ms, found 5 plugins.
Unloading 65 Unused Serialized files (Serialized files now loaded: 0)
Unloading 10283 unused Assets / (18.9 MB). Loaded Objects now: 11329.
Memory consumption went from 506.2 MB to 487.3 MB.
Total: 30.735700 ms (FindLiveObjects: 1.084200 ms CreateObjectMapping: 5.489200 ms MarkObjects: 18.035300 ms  DeleteObjects: 6.125700 ms)

Prepare: number of updated asset objects reloaded= 0
========================================================================
Received Prepare
AcceleratorClientConnectionCallback - disconnected - :0
[Licensing::Client] Successfully resolved entitlement details
Begin MonoManager ReloadAssembly
Symbol file LoadedFromMemory is not a mono symbol file
Symbol file LoadedFromMemory is not a mono symbol file
Refreshing native plugins compatible for Editor in 2.37 ms, found 5 plugins.
Native extension for WindowsStandalone target not found
Native extension for WebGL target not found
[Package Manager] Failed to launch server process. Reason: Unity was launched with the -noUpm command-line argument
[Package Manager] Unable to send message (not connected to server process).
[Package Manager] Cannot connect to Unity Package Manager local server
Refreshing native plugins compatible for Editor in 2.77 ms, found 5 plugins.
[Package Manager] Failed to launch server process. Reason: Unity was launched with the -noUpm command-line argument
[Package Manager] Unable to send message (not connected to server process).
[Package Manager] Cannot connect to Unity Package Manager local server
[Licensing::Client] Error: Code 404 while processing request (status: Found 0 entitlement groups and 0 free entitlements matching requested entitlement ids)
ScheduleIndexationOnStartup MainProcess:False IndexOnStartup:True
Mono: successfully reloaded assembly
- Finished resetting the current domain, in  1.700 seconds
Domain Reload Profiling: 2958ms
	BeginReloadAssembly (268ms)
		DisableScriptedObjects (9ms)
		CreateAndSetChildDomain (98ms)
	RebuildCommonClasses (9ms)
	RebuildNativeTypeToScriptingClass (15ms)
	initialDomainReloadingComplete (117ms)
	LoadAllAssembliesAndSetupDomain (849ms)
		LoadAssemblies (364ms)
		AnalyzeDomain (448ms)
			TypeCache.Refresh (14ms)
			BuildScriptInfoCaches (428ms)
			ResolveRequiredComponents (5ms)
	FinalizeReload (1701ms)
		SetupLoadedEditorAssemblies (0ms)
			BeforeProcessingInitializeOnLoad (146ms)
			ProcessInitializeOnLoadAttributes (831ms)
			ProcessInitializeOnLoadMethodAttributes (445ms)
			AfterProcessingInitializeOnLoad (5ms)
		AwakeInstancesAfterBackupRestoration (28ms)
Refreshing native plugins compatible for Editor in 3.41 ms, found 5 plugins.
Unloading 65 Unused Serialized files (Serialized files now loaded: 0)
Unloading 10283 unused Assets / (20.5 MB). Loaded Objects now: 11332.
Memory consumption went from 510.6 MB to 490.1 MB.
Total: 23.092400 ms (FindLiveObjects: 0.875600 ms CreateObjectMapping: 4.375300 ms MarkObjects: 12.480900 ms  DeleteObjects: 5.359800 ms)

Prepare: number of updated asset objects reloaded= 0
========================================================================
Received Prepare
AcceleratorClientConnectionCallback - disconnected - :0
Refreshing native plugins compatible for Editor in 3.17 ms, found 5 plugins.
Unloading 65 Unused Serialized files (Serialized files now loaded: 0)
Unloading 65 unused Assets / (13.7 MB). Loaded Objects now: 11332.
Memory consumption went from 505.5 MB to 491.8 MB.
Total: 17.183400 ms (FindLiveObjects: 0.516600 ms CreateObjectMapping: 1.641700 ms MarkObjects: 13.421400 ms  DeleteObjects: 1.602700 ms)

Prepare: number of updated asset objects reloaded= 0
========================================================================
Received Import Request.
  Time of request: 2026-08-28T09:38:55.3269329Z
  Time since last request: 93.19498489999999 seconds.
  importAddress: GUID: b3230f05a9d36fd4fbe5da1abade1841 - Path: Assets/Prefabs/Logistics/Inserters/Inserter.prefab - Importer: PreviewImporter
Importing 'GUID: b3230f05a9d36fd4fbe5da1abade1841 - Path: Assets/Prefabs/Logistics/Inserters/Inserter.prefab - Importer: PreviewImporter' with importer (PreviewImporter)
Imported 'GUID: b3230f05a9d36fd4fbe5da1abade1841' -> (Import Result ID: '93c4d850d694e0e4f4dc097b95f3c969') in 0.421 seconds [static and dynamic dependencies]. Details - ImportResultOutputID=3394ded69776131fc5bd9f74603af2dc DependenciesID=0060c105f54636c69198d46aae0aa190 StaticDependenciesID=288c746b5055af6dab2cf17ed1841dca 
Number of updated asset objects reloaded before import = 0
Number of asset objects unloaded after import = 44
========================================================================
Received Prepare
AcceleratorClientConnectionCallback - disconnected - :0
Refreshing native plugins compatible for Editor in 3.13 ms, found 5 plugins.
Unloading 65 Unused Serialized files (Serialized files now loaded: 0)
Unloading 10263 unused Assets / (19.0 MB). Loaded Objects now: 11453.
Memory consumption went from 0.51 GB to 502.5 MB.
Total: 37.448400 ms (FindLiveObjects: 1.257100 ms CreateObjectMapping: 6.883000 ms MarkObjects: 18.851900 ms  DeleteObjects: 10.455200 ms)

Prepare: number of updated asset objects reloaded= 0
========================================================================
Received Prepare
AcceleratorClientConnectionCallback - disconnected - :0
[Licensing::Client] Successfully resolved entitlement details
Begin MonoManager ReloadAssembly
Symbol file LoadedFromMemory is not a mono symbol file
Symbol file LoadedFromMemory is not a mono symbol file
Refreshing native plugins compatible for Editor in 3.44 ms, found 5 plugins.
Native extension for WindowsStandalone target not found
Native extension for WebGL target not found
[Package Manager] Failed to launch server process. Reason: Unity was launched with the -noUpm command-line argument
[Package Manager] Unable to send message (not connected to server process).
[Package Manager] Cannot connect to Unity Package Manager local server
Refreshing native plugins compatible for Editor in 2.75 ms, found 5 plugins.
[Package Manager] Failed to launch server process. Reason: Unity was launched with the -noUpm command-line argument
[Package Manager] Unable to send message (not connected to server process).
[Package Manager] Cannot connect to Unity Package Manager local server
[Licensing::Client] Error: Code 404 while processing request (status: Found 0 entitlement groups and 0 free entitlements matching requested entitlement ids)
ScheduleIndexationOnStartup MainProcess:False IndexOnStartup:True
Mono: successfully reloaded assembly
- Finished resetting the current domain, in  1.997 seconds
Domain Reload Profiling: 3390ms
	BeginReloadAssembly (348ms)
		DisableScriptedObjects (28ms)
		CreateAndSetChildDomain (126ms)
	RebuildCommonClasses (8ms)
	RebuildNativeTypeToScriptingClass (21ms)
	initialDomainReloadingComplete (100ms)
	LoadAllAssembliesAndSetupDomain (915ms)
		LoadAssemblies (461ms)
		AnalyzeDomain (406ms)
			TypeCache.Refresh (14ms)
			BuildScriptInfoCaches (385ms)
			ResolveRequiredComponents (5ms)
	FinalizeReload (1998ms)
		SetupLoadedEditorAssemblies (0ms)
			BeforeProcessingInitializeOnLoad (170ms)
			ProcessInitializeOnLoadAttributes (962ms)
			ProcessInitializeOnLoadMethodAttributes (551ms)
			AfterProcessingInitializeOnLoad (10ms)
		AwakeInstancesAfterBackupRestoration (33ms)
Refreshing native plugins compatible for Editor in 2.59 ms, found 5 plugins.
Unloading 65 Unused Serialized files (Serialized files now loaded: 0)
Unloading 10283 unused Assets / (22.0 MB). Loaded Objects now: 11365.
Memory consumption went from 0.51 GB to 496.7 MB.
Total: 28.331600 ms (FindLiveObjects: 1.016500 ms CreateObjectMapping: 4.448200 ms MarkObjects: 15.992200 ms  DeleteObjects: 6.873300 ms)

Prepare: number of updated asset objects reloaded= 0
========================================================================
Received Prepare
AcceleratorClientConnectionCallback - disconnected - :0
Refreshing native plugins compatible for Editor in 3.31 ms, found 5 plugins.
Unloading 65 Unused Serialized files (Serialized files now loaded: 0)
Unloading 10263 unused Assets / (18.6 MB). Loaded Objects now: 11365.
Memory consumption went from 0.51 GB to 502.4 MB.
Total: 31.365200 ms (FindLiveObjects: 1.226500 ms CreateObjectMapping: 5.975300 ms MarkObjects: 18.381000 ms  DeleteObjects: 5.780800 ms)

Prepare: number of updated asset objects reloaded= 0
========================================================================
Received Prepare
AcceleratorClientConnectionCallback - disconnected - :0
[Licensing::Client] Successfully resolved entitlement details
Begin MonoManager ReloadAssembly
Symbol file LoadedFromMemory is not a mono symbol file
Symbol file LoadedFromMemory is not a mono symbol file
Refreshing native plugins compatible for Editor in 3.13 ms, found 5 plugins.
Native extension for WindowsStandalone target not found
Native extension for WebGL target not found
[Package Manager] Failed to launch server process. Reason: Unity was launched with the -noUpm command-line argument
[Package Manager] Unable to send message (not connected to server process).
[Package Manager] Cannot connect to Unity Package Manager local server
Refreshing native plugins compatible for Editor in 2.58 ms, found 5 plugins.
[Package Manager] Failed to launch server process. Reason: Unity was launched with the -noUpm command-line argument
[Package Manager] Unable to send message (not connected to server process).
[Package Manager] Cannot connect to Unity Package Manager local server
[Licensing::Client] Error: Code 404 while processing request (status: Found 0 entitlement groups and 0 free entitlements matching requested entitlement ids)
ScheduleIndexationOnStartup MainProcess:False IndexOnStartup:True
Mono: successfully reloaded assembly
- Finished resetting the current domain, in  1.643 seconds
Domain Reload Profiling: 3000ms
	BeginReloadAssembly (325ms)
		DisableScriptedObjects (11ms)
		CreateAndSetChildDomain (120ms)
	RebuildCommonClasses (10ms)
	RebuildNativeTypeToScriptingClass (20ms)
	initialDomainReloadingComplete (101ms)
	LoadAllAssembliesAndSetupDomain (901ms)
		LoadAssemblies (447ms)
		AnalyzeDomain (390ms)
			TypeCache.Refresh (14ms)
			BuildScriptInfoCaches (366ms)
			ResolveRequiredComponents (7ms)
	FinalizeReload (1644ms)
		SetupLoadedEditorAssemblies (0ms)
			InitializePlatformSupportModulesInManaged (3ms)
			BeforeProcessingInitializeOnLoad (129ms)
			ProcessInitializeOnLoadAttributes (755ms)
			ProcessInitializeOnLoadMethodAttributes (436ms)
			AfterProcessingInitializeOnLoad (6ms)
		AwakeInstancesAfterBackupRestoration (25ms)
Refreshing native plugins compatible for Editor in 2.84 ms, found 5 plugins.
Unloading 65 Unused Serialized files (Serialized files now loaded: 0)
Unloading 10283 unused Assets / (20.1 MB). Loaded Objects now: 11368.
Memory consumption went from 0.51 GB to 503.2 MB.
Total: 24.579200 ms (FindLiveObjects: 1.044400 ms CreateObjectMapping: 4.375900 ms MarkObjects: 13.328500 ms  DeleteObjects: 5.829100 ms)

Prepare: number of updated asset objects reloaded= 0
========================================================================
Received Prepare
AcceleratorClientConnectionCallback - disconnected - :0
Refreshing native plugins compatible for Editor in 2.76 ms, found 5 plugins.
Unloading 65 Unused Serialized files (Serialized files now loaded: 0)
Unloading 65 unused Assets / (13.7 MB). Loaded Objects now: 11368.
Memory consumption went from 0.51 GB to 504.5 MB.
Total: 18.356800 ms (FindLiveObjects: 0.458100 ms CreateObjectMapping: 1.549300 ms MarkObjects: 14.373100 ms  DeleteObjects: 1.975200 ms)

Prepare: number of updated asset objects reloaded= 0
========================================================================
Received Import Request.
  Time of request: 2026-08-28T09:42:45.2168594Z
  Time since last request: 229.4548997 seconds.
  importAddress: GUID: b3230f05a9d36fd4fbe5da1abade1841 - Path: Assets/Prefabs/Logistics/Inserters/Inserter.prefab - Importer: PreviewImporter
Importing 'GUID: b3230f05a9d36fd4fbe5da1abade1841 - Path: Assets/Prefabs/Logistics/Inserters/Inserter.prefab - Importer: PreviewImporter' with importer (PreviewImporter)
Imported 'GUID: b3230f05a9d36fd4fbe5da1abade1841' -> (Import Result ID: '87a5a00668f7e6827fe70bcbe4a3e20a') in 0.381 seconds [static and dynamic dependencies]. Details - ImportResultOutputID=9555f06a4d12a244689da6731142b609 DependenciesID=1e7e31574a97c31a299e2c8b190cb2d3 StaticDependenciesID=f8c6dd35f334fc2117b106fa698642ce 
Number of updated asset objects reloaded before import = 0
Number of asset objects unloaded after import = 43
========================================================================
Received Prepare
AcceleratorClientConnectionCallback - disconnected - :0
[Licensing::Client] Successfully resolved entitlement details
Begin MonoManager ReloadAssembly
Symbol file LoadedFromMemory is not a mono symbol file
Symbol file LoadedFromMemory is not a mono symbol file
Refreshing native plugins compatible for Editor in 4.09 ms, found 5 plugins.
Native extension for WindowsStandalone target not found
Native extension for WebGL target not found
[Package Manager] Failed to launch server process. Reason: Unity was launched with the -noUpm command-line argument
[Package Manager] Unable to send message (not connected to server process).
[Package Manager] Cannot connect to Unity Package Manager local server
Refreshing native plugins compatible for Editor in 3.04 ms, found 5 plugins.
[Package Manager] Failed to launch server process. Reason: Unity was launched with the -noUpm command-line argument
[Package Manager] Unable to send message (not connected to server process).
[Package Manager] Cannot connect to Unity Package Manager local server
[Licensing::Client] Error: Code 404 while processing request (status: Found 0 entitlement groups and 0 free entitlements matching requested entitlement ids)
ScheduleIndexationOnStartup MainProcess:False IndexOnStartup:True
Mono: successfully reloaded assembly
- Finished resetting the current domain, in  1.915 seconds
Domain Reload Profiling: 2782ms
	BeginReloadAssembly (297ms)
		DisableScriptedObjects (22ms)
		CreateAndSetChildDomain (113ms)
	RebuildCommonClasses (9ms)
	RebuildNativeTypeToScriptingClass (15ms)
	initialDomainReloadingComplete (83ms)
	LoadAllAssembliesAndSetupDomain (462ms)
		LoadAssemblies (379ms)
		AnalyzeDomain (20ms)
			TypeCache.Refresh (10ms)
			ResolveRequiredComponents (6ms)
	FinalizeReload (1916ms)
		SetupLoadedEditorAssemblies (0ms)
			InitializePlatformSupportModulesInManaged (3ms)
			BeforeProcessingInitializeOnLoad (137ms)
			ProcessInitializeOnLoadAttributes (882ms)
			ProcessInitializeOnLoadMethodAttributes (570ms)
			AfterProcessingInitializeOnLoad (6ms)
		AwakeInstancesAfterBackupRestoration (33ms)
Refreshing native plugins compatible for Editor in 2.77 ms, found 5 plugins.
Unloading 65 Unused Serialized files (Serialized files now loaded: 0)
Unloading 10283 unused Assets / (20.0 MB). Loaded Objects now: 11391.
Memory consumption went from 0.52 GB to 0.50 GB.
Total: 29.455800 ms (FindLiveObjects: 1.032700 ms CreateObjectMapping: 4.916800 ms MarkObjects: 16.558300 ms  DeleteObjects: 6.947000 ms)

Prepare: number of updated asset objects reloaded= 0
========================================================================
Received Prepare
AcceleratorClientConnectionCallback - disconnected - :0
Refreshing native plugins compatible for Editor in 3.81 ms, found 5 plugins.
Unloading 65 Unused Serialized files (Serialized files now loaded: 0)
Unloading 10263 unused Assets / (21.0 MB). Loaded Objects now: 11391.
Memory consumption went from 0.52 GB to 0.50 GB.
Total: 26.405000 ms (FindLiveObjects: 0.945000 ms CreateObjectMapping: 4.655200 ms MarkObjects: 14.106400 ms  DeleteObjects: 6.697000 ms)

Prepare: number of updated asset objects reloaded= 0
========================================================================
Received Prepare
AcceleratorClientConnectionCallback - disconnected - :0
Begin MonoManager ReloadAssembly
Symbol file LoadedFromMemory is not a mono symbol file
Symbol file LoadedFromMemory is not a mono symbol file
Refreshing native plugins compatible for Editor in 2.75 ms, found 5 plugins.
Native extension for WindowsStandalone target not found
Native extension for WebGL target not found
[Package Manager] Failed to launch server process. Reason: Unity was launched with the -noUpm command-line argument
[Package Manager] Unable to send message (not connected to server process).
[Package Manager] Cannot connect to Unity Package Manager local server
Refreshing native plugins compatible for Editor in 2.78 ms, found 5 plugins.
[Package Manager] Failed to launch server process. Reason: Unity was launched with the -noUpm command-line argument
[Package Manager] Unable to send message (not connected to server process).
[Package Manager] Cannot connect to Unity Package Manager local server
[Licensing::Client] Error: Code 404 while processing request (status: Found 0 entitlement groups and 0 free entitlements matching requested entitlement ids)
ScheduleIndexationOnStartup MainProcess:False IndexOnStartup:True
Mono: successfully reloaded assembly
- Finished resetting the current domain, in  1.606 seconds
Domain Reload Profiling: 2758ms
	BeginReloadAssembly (290ms)
		DisableScriptedObjects (23ms)
		CreateAndSetChildDomain (104ms)
	RebuildCommonClasses (8ms)
	RebuildNativeTypeToScriptingClass (15ms)
	initialDomainReloadingComplete (83ms)
	LoadAllAssembliesAndSetupDomain (754ms)
		LoadAssemblies (372ms)
		AnalyzeDomain (328ms)
			TypeCache.Refresh (13ms)
			BuildScriptInfoCaches (308ms)
			ResolveRequiredComponents (5ms)
	FinalizeReload (1607ms)
		SetupLoadedEditorAssemblies (0ms)
			BeforeProcessingInitializeOnLoad (126ms)
			ProcessInitializeOnLoadAttributes (755ms)
			ProcessInitializeOnLoadMethodAttributes (433ms)
			AfterProcessingInitializeOnLoad (5ms)
		AwakeInstancesAfterBackupRestoration (23ms)
Refreshing native plugins compatible for Editor in 2.29 ms, found 5 plugins.
Unloading 65 Unused Serialized files (Serialized files now loaded: 0)
Unloading 10283 unused Assets / (20.5 MB). Loaded Objects now: 11394.
Memory consumption went from 0.53 GB to 0.50 GB.
Total: 24.158600 ms (FindLiveObjects: 0.922300 ms CreateObjectMapping: 4.491000 ms MarkObjects: 13.345400 ms  DeleteObjects: 5.398600 ms)

Prepare: number of updated asset objects reloaded= 0
========================================================================
Received Prepare
AcceleratorClientConnectionCallback - disconnected - :0
Refreshing native plugins compatible for Editor in 2.71 ms, found 5 plugins.
Unloading 65 Unused Serialized files (Serialized files now loaded: 0)
Unloading 65 unused Assets / (13.7 MB). Loaded Objects now: 11394.
Memory consumption went from 0.52 GB to 0.51 GB.
Total: 17.322600 ms (FindLiveObjects: 0.470600 ms CreateObjectMapping: 1.687400 ms MarkObjects: 13.523700 ms  DeleteObjects: 1.639400 ms)

Prepare: number of updated asset objects reloaded= 0
========================================================================
Received Prepare
AcceleratorClientConnectionCallback - disconnected - :0
Begin MonoManager ReloadAssembly
Symbol file LoadedFromMemory is not a mono symbol file
Symbol file LoadedFromMemory is not a mono symbol file
Refreshing native plugins compatible for Editor in 2.16 ms, found 5 plugins.
Native extension for WindowsStandalone target not found
Native extension for WebGL target not found
[Package Manager] Failed to launch server process. Reason: Unity was launched with the -noUpm command-line argument
[Package Manager] Unable to send message (not connected to server process).
[Package Manager] Cannot connect to Unity Package Manager local server
Refreshing native plugins compatible for Editor in 2.52 ms, found 5 plugins.
[Package Manager] Failed to launch server process. Reason: Unity was launched with the -noUpm command-line argument
[Package Manager] Unable to send message (not connected to server process).
[Package Manager] Cannot connect to Unity Package Manager local server
[Licensing::Client] Error: Code 404 while processing request (status: Found 0 entitlement groups and 0 free entitlements matching requested entitlement ids)
ScheduleIndexationOnStartup MainProcess:False IndexOnStartup:True
Mono: successfully reloaded assembly
- Finished resetting the current domain, in  1.753 seconds
Domain Reload Profiling: 2566ms
	BeginReloadAssembly (268ms)
		DisableScriptedObjects (9ms)
		CreateAndSetChildDomain (105ms)
	RebuildCommonClasses (8ms)
	RebuildNativeTypeToScriptingClass (14ms)
	initialDomainReloadingComplete (91ms)
	LoadAllAssembliesAndSetupDomain (430ms)
		LoadAssemblies (360ms)
		AnalyzeDomain (18ms)
			TypeCache.Refresh (9ms)
			ResolveRequiredComponents (5ms)
	FinalizeReload (1755ms)
		SetupLoadedEditorAssemblies (0ms)
			BeforeProcessingInitializeOnLoad (126ms)
			ProcessInitializeOnLoadAttributes (820ms)
			ProcessInitializeOnLoadMethodAttributes (524ms)
			AfterProcessingInitializeOnLoad (5ms)
		AwakeInstancesAfterBackupRestoration (29ms)
Refreshing native plugins compatible for Editor in 2.77 ms, found 5 plugins.
Unloading 65 Unused Serialized files (Serialized files now loaded: 0)
Unloading 10283 unused Assets / (21.1 MB). Loaded Objects now: 11397.
Memory consumption went from 0.53 GB to 0.51 GB.
Total: 28.378200 ms (FindLiveObjects: 1.074100 ms CreateObjectMapping: 5.660000 ms MarkObjects: 14.894400 ms  DeleteObjects: 6.748500 ms)

Prepare: number of updated asset objects reloaded= 0
========================================================================
Received Import Request.
  Time of request: 2026-08-28T09:45:24.0437959Z
  Time since last request: 158.43431459999999 seconds.
  importAddress: GUID: b3230f05a9d36fd4fbe5da1abade1841 - Path: Assets/Prefabs/Logistics/Inserters/Inserter.prefab - Importer: PreviewImporter
Importing 'GUID: b3230f05a9d36fd4fbe5da1abade1841 - Path: Assets/Prefabs/Logistics/Inserters/Inserter.prefab - Importer: PreviewImporter' with importer (PreviewImporter)
Imported 'GUID: b3230f05a9d36fd4fbe5da1abade1841' -> (Import Result ID: '26ff4c00c90cc9a703e0058a2332775c') in 0.385 seconds [static and dynamic dependencies]. Details - ImportResultOutputID=ef0487aacd9980fb1d0fe72db801f732 DependenciesID=f923c9c1d187dd2b35b3d40b2113c8f5 StaticDependenciesID=4dac38585ddce976817d8b517a4b4201 
Number of updated asset objects reloaded before import = 0
Number of asset objects unloaded after import = 43
========================================================================
Received Prepare
AcceleratorClientConnectionCallback - disconnected - :0
Refreshing native plugins compatible for Editor in 3.32 ms, found 5 plugins.
Unloading 65 Unused Serialized files (Serialized files now loaded: 0)
Unloading 10263 unused Assets / (19.9 MB). Loaded Objects now: 11508.
Memory consumption went from 0.51 GB to 506.6 MB.
Total: 33.068000 ms (FindLiveObjects: 1.368600 ms CreateObjectMapping: 5.497000 ms MarkObjects: 18.451200 ms  DeleteObjects: 7.736700 ms)

Prepare: number of updated asset objects reloaded= 0
========================================================================
Received Prepare
AcceleratorClientConnectionCallback - disconnected - :0
[Licensing::Client] Successfully resolved entitlement details
Begin MonoManager ReloadAssembly
Symbol file LoadedFromMemory is not a mono symbol file
Symbol file LoadedFromMemory is not a mono symbol file
Refreshing native plugins compatible for Editor in 2.82 ms, found 5 plugins.
Native extension for WindowsStandalone target not found
Native extension for WebGL target not found
[Package Manager] Failed to launch server process. Reason: Unity was launched with the -noUpm command-line argument
[Package Manager] Unable to send message (not connected to server process).
[Package Manager] Cannot connect to Unity Package Manager local server
Refreshing native plugins compatible for Editor in 3.80 ms, found 5 plugins.
[Package Manager] Failed to launch server process. Reason: Unity was launched with the -noUpm command-line argument
[Package Manager] Unable to send message (not connected to server process).
[Package Manager] Cannot connect to Unity Package Manager local server
[Licensing::Client] Error: Code 404 while processing request (status: Found 0 entitlement groups and 0 free entitlements matching requested entitlement ids)
ScheduleIndexationOnStartup MainProcess:False IndexOnStartup:True
Mono: successfully reloaded assembly
- Finished resetting the current domain, in  2.116 seconds
Domain Reload Profiling: 3577ms
	BeginReloadAssembly (372ms)
		DisableScriptedObjects (33ms)
		CreateAndSetChildDomain (123ms)
	RebuildCommonClasses (9ms)
	RebuildNativeTypeToScriptingClass (22ms)
	initialDomainReloadingComplete (103ms)
	LoadAllAssembliesAndSetupDomain (954ms)
		LoadAssemblies (471ms)
		AnalyzeDomain (420ms)
			TypeCache.Refresh (13ms)
			BuildScriptInfoCaches (399ms)
			ResolveRequiredComponents (6ms)
	FinalizeReload (2117ms)
		SetupLoadedEditorAssemblies (0ms)
			BeforeProcessingInitializeOnLoad (178ms)
			ProcessInitializeOnLoadAttributes (967ms)
			ProcessInitializeOnLoadMethodAttributes (574ms)
			AfterProcessingInitializeOnLoad (8ms)
		AwakeInstancesAfterBackupRestoration (40ms)
Refreshing native plugins compatible for Editor in 2.85 ms, found 5 plugins.
Unloading 65 Unused Serialized files (Serialized files now loaded: 0)
Unloading 10283 unused Assets / (21.0 MB). Loaded Objects now: 11420.
Memory consumption went from 0.51 GB to 503.4 MB.
Total: 32.391300 ms (FindLiveObjects: 1.208800 ms CreateObjectMapping: 6.344200 ms MarkObjects: 17.421500 ms  DeleteObjects: 7.415100 ms)

Prepare: number of updated asset objects reloaded= 0
========================================================================
Received Prepare
AcceleratorClientConnectionCallback - disconnected - :0
Refreshing native plugins compatible for Editor in 2.83 ms, found 5 plugins.
Unloading 65 Unused Serialized files (Serialized files now loaded: 0)
Unloading 10263 unused Assets / (18.9 MB). Loaded Objects now: 11420.
Memory consumption went from 0.51 GB to 507.8 MB.
Total: 28.204700 ms (FindLiveObjects: 1.193800 ms CreateObjectMapping: 5.489700 ms MarkObjects: 15.396500 ms  DeleteObjects: 6.123500 ms)

Prepare: number of updated asset objects reloaded= 0
========================================================================
Received Prepare
AcceleratorClientConnectionCallback - disconnected - :0
Begin MonoManager ReloadAssembly
Symbol file LoadedFromMemory is not a mono symbol file
Symbol file LoadedFromMemory is not a mono symbol file
Refreshing native plugins compatible for Editor in 2.88 ms, found 5 plugins.
Native extension for WindowsStandalone target not found
Native extension for WebGL target not found
[Package Manager] Failed to launch server process. Reason: Unity was launched with the -noUpm command-line argument
[Package Manager] Unable to send message (not connected to server process).
[Package Manager] Cannot connect to Unity Package Manager local server
Refreshing native plugins compatible for Editor in 4.48 ms, found 5 plugins.
[Package Manager] Failed to launch server process. Reason: Unity was launched with the -noUpm command-line argument
[Package Manager] Unable to send message (not connected to server process).
[Package Manager] Cannot connect to Unity Package Manager local server
[Licensing::Client] Error: Code 404 while processing request (status: Found 0 entitlement groups and 0 free entitlements matching requested entitlement ids)
ScheduleIndexationOnStartup MainProcess:False IndexOnStartup:True
Mono: successfully reloaded assembly
- Finished resetting the current domain, in  2.118 seconds
Domain Reload Profiling: 3524ms
	BeginReloadAssembly (327ms)
		DisableScriptedObjects (10ms)
		CreateAndSetChildDomain (117ms)
	RebuildCommonClasses (9ms)
	RebuildNativeTypeToScriptingClass (16ms)
	initialDomainReloadingComplete (100ms)
	LoadAllAssembliesAndSetupDomain (953ms)
		LoadAssemblies (500ms)
		AnalyzeDomain (405ms)
			TypeCache.Refresh (16ms)
			BuildScriptInfoCaches (380ms)
			ResolveRequiredComponents (7ms)
	FinalizeReload (2119ms)
		SetupLoadedEditorAssemblies (0ms)
			InitializePlatformSupportModulesInManaged (3ms)
			BeforeProcessingInitializeOnLoad (169ms)
			ProcessInitializeOnLoadAttributes (1012ms)
			ProcessInitializeOnLoadMethodAttributes (581ms)
			AfterProcessingInitializeOnLoad (5ms)
		AwakeInstancesAfterBackupRestoration (34ms)
Refreshing native plugins compatible for Editor in 4.07 ms, found 5 plugins.
Unloading 65 Unused Serialized files (Serialized files now loaded: 0)
Unloading 10283 unused Assets / (22.0 MB). Loaded Objects now: 11423.
Memory consumption went from 0.52 GB to 507.1 MB.
Total: 31.136100 ms (FindLiveObjects: 1.202600 ms CreateObjectMapping: 5.444500 ms MarkObjects: 16.677600 ms  DeleteObjects: 7.810200 ms)

Prepare: number of updated asset objects reloaded= 0
========================================================================
Received Prepare
AcceleratorClientConnectionCallback - disconnected - :0
Refreshing native plugins compatible for Editor in 3.05 ms, found 5 plugins.
Unloading 65 Unused Serialized files (Serialized files now loaded: 0)
Unloading 10263 unused Assets / (18.5 MB). Loaded Objects now: 11423.
Memory consumption went from 0.52 GB to 0.50 GB.
Total: 28.552600 ms (FindLiveObjects: 1.541900 ms CreateObjectMapping: 5.571100 ms MarkObjects: 15.438600 ms  DeleteObjects: 5.999900 ms)

Prepare: number of updated asset objects reloaded= 0
========================================================================
Received Prepare
AcceleratorClientConnectionCallback - disconnected - :0
Begin MonoManager ReloadAssembly
Symbol file LoadedFromMemory is not a mono symbol file
Symbol file LoadedFromMemory is not a mono symbol file
Refreshing native plugins compatible for Editor in 2.81 ms, found 5 plugins.
Native extension for WindowsStandalone target not found
Native extension for WebGL target not found
[Package Manager] Failed to launch server process. Reason: Unity was launched with the -noUpm command-line argument
[Package Manager] Unable to send message (not connected to server process).
[Package Manager] Cannot connect to Unity Package Manager local server
Refreshing native plugins compatible for Editor in 2.59 ms, found 5 plugins.
[Package Manager] Failed to launch server process. Reason: Unity was launched with the -noUpm command-line argument
[Package Manager] Unable to send message (not connected to server process).
[Package Manager] Cannot connect to Unity Package Manager local server
[Licensing::Client] Error: Code 404 while processing request (status: Found 0 entitlement groups and 0 free entitlements matching requested entitlement ids)
ScheduleIndexationOnStartup MainProcess:False IndexOnStartup:True
Mono: successfully reloaded assembly
- Finished resetting the current domain, in  1.820 seconds
Domain Reload Profiling: 3112ms
	BeginReloadAssembly (306ms)
		DisableScriptedObjects (10ms)
		CreateAndSetChildDomain (109ms)
	RebuildCommonClasses (8ms)
	RebuildNativeTypeToScriptingClass (17ms)
	initialDomainReloadingComplete (100ms)
	LoadAllAssembliesAndSetupDomain (859ms)
		LoadAssemblies (422ms)
		AnalyzeDomain (373ms)
			TypeCache.Refresh (13ms)
			BuildScriptInfoCaches (353ms)
			ResolveRequiredComponents (4ms)
	FinalizeReload (1821ms)
		SetupLoadedEditorAssemblies (0ms)
			InitializePlatformSupportModulesInManaged (3ms)
			BeforeProcessingInitializeOnLoad (163ms)
			ProcessInitializeOnLoadAttributes (842ms)
			ProcessInitializeOnLoadMethodAttributes (477ms)
			AfterProcessingInitializeOnLoad (9ms)
		AwakeInstancesAfterBackupRestoration (30ms)
Refreshing native plugins compatible for Editor in 2.47 ms, found 5 plugins.
Unloading 65 Unused Serialized files (Serialized files now loaded: 0)
Unloading 10283 unused Assets / (20.2 MB). Loaded Objects now: 11426.
Memory consumption went from 0.52 GB to 0.50 GB.
Total: 23.559700 ms (FindLiveObjects: 0.996700 ms CreateObjectMapping: 4.635000 ms MarkObjects: 12.902100 ms  DeleteObjects: 5.024200 ms)

Prepare: number of updated asset objects reloaded= 0
========================================================================
Received Prepare
AcceleratorClientConnectionCallback - disconnected - :0
Refreshing native plugins compatible for Editor in 2.89 ms, found 5 plugins.
Unloading 65 Unused Serialized files (Serialized files now loaded: 0)
Unloading 65 unused Assets / (13.7 MB). Loaded Objects now: 11426.
Memory consumption went from 0.52 GB to 0.50 GB.
Total: 17.565800 ms (FindLiveObjects: 0.556100 ms CreateObjectMapping: 1.820700 ms MarkObjects: 13.559700 ms  DeleteObjects: 1.628000 ms)

Prepare: number of updated asset objects reloaded= 0
========================================================================
Received Import Request.
  Time of request: 2026-08-28T09:48:13.3919132Z
  Time since last request: 168.95129220000001 seconds.
  importAddress: GUID: b3230f05a9d36fd4fbe5da1abade1841 - Path: Assets/Prefabs/Logistics/Inserters/Inserter.prefab - Importer: PreviewImporter
Importing 'GUID: b3230f05a9d36fd4fbe5da1abade1841 - Path: Assets/Prefabs/Logistics/Inserters/Inserter.prefab - Importer: PreviewImporter' with importer (PreviewImporter)
Imported 'GUID: b3230f05a9d36fd4fbe5da1abade1841' -> (Import Result ID: 'a893ecaf0b9d27d6c6f0d0902a308a18') in 0.380 seconds [static and dynamic dependencies]. Details - ImportResultOutputID=00d4618b33dd2637d54287d4d8be6e52 DependenciesID=3ca2637e19d4cb9c791eb26fbd5e8435 StaticDependenciesID=40edcf0669a425e484052549f44982de 
Number of updated asset objects reloaded before import = 0
Number of asset objects unloaded after import = 43
========================================================================
Received Prepare
AcceleratorClientConnectionCallback - disconnected - :0
Refreshing native plugins compatible for Editor in 2.75 ms, found 5 plugins.
Unloading 65 Unused Serialized files (Serialized files now loaded: 0)
Unloading 65 unused Assets / (13.7 MB). Loaded Objects now: 11537.
Memory consumption went from 0.52 GB to 0.51 GB.
Total: 17.881200 ms (FindLiveObjects: 0.527700 ms CreateObjectMapping: 1.538200 ms MarkObjects: 13.911000 ms  DeleteObjects: 1.903300 ms)

Prepare: number of updated asset objects reloaded= 0
========================================================================
Received Import Request.
  Time of request: 2026-08-28T09:48:27.4735766Z
  Time since last request: 13.6894066 seconds.
  importAddress: GUID: b3230f05a9d36fd4fbe5da1abade1841 - Path: Assets/Prefabs/Logistics/Inserters/Inserter.prefab - Importer: PreviewImporter
Importing 'GUID: b3230f05a9d36fd4fbe5da1abade1841 - Path: Assets/Prefabs/Logistics/Inserters/Inserter.prefab - Importer: PreviewImporter' with importer (PreviewImporter)
Imported 'GUID: b3230f05a9d36fd4fbe5da1abade1841' -> (Import Result ID: 'f791f4196b3311cbe1f349afb4bb2e21') in 0.020 seconds [static and dynamic dependencies]. Details - ImportResultOutputID=d1bc7945a3bbdbadc7c23f9c55de4872 DependenciesID=0d4e1d1f2b9521ebfc31736ce9a6a95b StaticDependenciesID=82ff3968f14fa5ca471738d6352e3c7f 
Number of updated asset objects reloaded before import = 0
Number of asset objects unloaded after import = 43
========================================================================
Received Prepare
AcceleratorClientConnectionCallback - disconnected - :0
[Licensing::Client] Successfully resolved entitlement details
Begin MonoManager ReloadAssembly
Symbol file LoadedFromMemory is not a mono symbol file
Symbol file LoadedFromMemory is not a mono symbol file
Refreshing native plugins compatible for Editor in 2.25 ms, found 5 plugins.
Native extension for WindowsStandalone target not found
Native extension for WebGL target not found
[Package Manager] Failed to launch server process. Reason: Unity was launched with the -noUpm command-line argument
[Package Manager] Unable to send message (not connected to server process).
[Package Manager] Cannot connect to Unity Package Manager local server
Refreshing native plugins compatible for Editor in 2.72 ms, found 5 plugins.
[Package Manager] Failed to launch server process. Reason: Unity was launched with the -noUpm command-line argument
[Package Manager] Unable to send message (not connected to server process).
[Package Manager] Cannot connect to Unity Package Manager local server
[Licensing::Client] Error: Code 404 while processing request (status: Found 0 entitlement groups and 0 free entitlements matching requested entitlement ids)
ScheduleIndexationOnStartup MainProcess:False IndexOnStartup:True
Mono: successfully reloaded assembly
- Finished resetting the current domain, in  1.777 seconds
Domain Reload Profiling: 2597ms
	BeginReloadAssembly (281ms)
		DisableScriptedObjects (21ms)
		CreateAndSetChildDomain (102ms)
	RebuildCommonClasses (8ms)
	RebuildNativeTypeToScriptingClass (15ms)
	initialDomainReloadingComplete (87ms)
	LoadAllAssembliesAndSetupDomain (428ms)
		LoadAssemblies (353ms)
		AnalyzeDomain (19ms)
			TypeCache.Refresh (9ms)
			ResolveRequiredComponents (6ms)
	FinalizeReload (1779ms)
		SetupLoadedEditorAssemblies (0ms)
			BeforeProcessingInitializeOnLoad (130ms)
			ProcessInitializeOnLoadAttributes (820ms)
			ProcessInitializeOnLoadMethodAttributes (542ms)
			AfterProcessingInitializeOnLoad (6ms)
		AwakeInstancesAfterBackupRestoration (27ms)
Refreshing native plugins compatible for Editor in 2.80 ms, found 5 plugins.
Unloading 65 Unused Serialized files (Serialized files now loaded: 0)
Unloading 10283 unused Assets / (21.2 MB). Loaded Objects now: 11449.
Memory consumption went from 0.52 GB to 511.5 MB.
Total: 29.216000 ms (FindLiveObjects: 1.074400 ms CreateObjectMapping: 5.307700 ms MarkObjects: 16.056400 ms  DeleteObjects: 6.776200 ms)

Prepare: number of updated asset objects reloaded= 0
========================================================================
Received Prepare
AcceleratorClientConnectionCallback - disconnected - :0
Refreshing native plugins compatible for Editor in 2.70 ms, found 5 plugins.
Unloading 65 Unused Serialized files (Serialized files now loaded: 0)
Unloading 10263 unused Assets / (20.3 MB). Loaded Objects now: 11449.
Memory consumption went from 0.52 GB to 0.50 GB.
Total: 26.040000 ms (FindLiveObjects: 0.998900 ms CreateObjectMapping: 4.740100 ms MarkObjects: 14.774400 ms  DeleteObjects: 5.524700 ms)

Prepare: number of updated asset objects reloaded= 0
========================================================================
Received Prepare
AcceleratorClientConnectionCallback - disconnected - :0
[Licensing::Client] Successfully resolved entitlement details
Begin MonoManager ReloadAssembly
Symbol file LoadedFromMemory is not a mono symbol file
Symbol file LoadedFromMemory is not a mono symbol file
Refreshing native plugins compatible for Editor in 2.60 ms, found 5 plugins.
Native extension for WindowsStandalone target not found
Native extension for WebGL target not found
[Package Manager] Failed to launch server process. Reason: Unity was launched with the -noUpm command-line argument
[Package Manager] Unable to send message (not connected to server process).
[Package Manager] Cannot connect to Unity Package Manager local server
Refreshing native plugins compatible for Editor in 2.56 ms, found 5 plugins.
[Package Manager] Failed to launch server process. Reason: Unity was launched with the -noUpm command-line argument
[Package Manager] Unable to send message (not connected to server process).
[Package Manager] Cannot connect to Unity Package Manager local server
[Licensing::Client] Error: Code 404 while processing request (status: Found 0 entitlement groups and 0 free entitlements matching requested entitlement ids)
ScheduleIndexationOnStartup MainProcess:False IndexOnStartup:True
Mono: successfully reloaded assembly
- Finished resetting the current domain, in  1.677 seconds
Domain Reload Profiling: 2861ms
	BeginReloadAssembly (323ms)
		DisableScriptedObjects (29ms)
		CreateAndSetChildDomain (120ms)
	RebuildCommonClasses (9ms)
	RebuildNativeTypeToScriptingClass (16ms)
	initialDomainReloadingComplete (83ms)
	LoadAllAssembliesAndSetupDomain (752ms)
		LoadAssemblies (378ms)
		AnalyzeDomain (340ms)
			TypeCache.Refresh (14ms)
			BuildScriptInfoCaches (320ms)
			ResolveRequiredComponents (5ms)
	FinalizeReload (1678ms)
		SetupLoadedEditorAssemblies (0ms)
			InitializePlatformSupportModulesInManaged (3ms)
			BeforeProcessingInitializeOnLoad (133ms)
			ProcessInitializeOnLoadAttributes (792ms)
			ProcessInitializeOnLoadMethodAttributes (450ms)
			AfterProcessingInitializeOnLoad (6ms)
		AwakeInstancesAfterBackupRestoration (25ms)
Refreshing native plugins compatible for Editor in 2.84 ms, found 5 plugins.
Unloading 65 Unused Serialized files (Serialized files now loaded: 0)
Unloading 10283 unused Assets / (20.1 MB). Loaded Objects now: 11452.
Memory consumption went from 0.52 GB to 0.50 GB.
Total: 23.916800 ms (FindLiveObjects: 0.954300 ms CreateObjectMapping: 4.453300 ms MarkObjects: 13.079600 ms  DeleteObjects: 5.427600 ms)

Prepare: number of updated asset objects reloaded= 0
========================================================================
Received Prepare
AcceleratorClientConnectionCallback - disconnected - :0
Begin MonoManager ReloadAssembly
Symbol file LoadedFromMemory is not a mono symbol file
Symbol file LoadedFromMemory is not a mono symbol file
Refreshing native plugins compatible for Editor in 2.52 ms, found 5 plugins.
Native extension for WindowsStandalone target not found
Native extension for WebGL target not found
[Package Manager] Failed to launch server process. Reason: Unity was launched with the -noUpm command-line argument
[Package Manager] Unable to send message (not connected to server process).
[Package Manager] Cannot connect to Unity Package Manager local server
Refreshing native plugins compatible for Editor in 3.18 ms, found 5 plugins.
[Package Manager] Failed to launch server process. Reason: Unity was launched with the -noUpm command-line argument
[Package Manager] Unable to send message (not connected to server process).
[Package Manager] Cannot connect to Unity Package Manager local server
[Licensing::Client] Error: Code 404 while processing request (status: Found 0 entitlement groups and 0 free entitlements matching requested entitlement ids)
ScheduleIndexationOnStartup MainProcess:False IndexOnStartup:True
Mono: successfully reloaded assembly
- Finished resetting the current domain, in  1.868 seconds
Domain Reload Profiling: 2713ms
	BeginReloadAssembly (275ms)
		DisableScriptedObjects (8ms)
		CreateAndSetChildDomain (100ms)
	RebuildCommonClasses (9ms)
	RebuildNativeTypeToScriptingClass (20ms)
	initialDomainReloadingComplete (83ms)
	LoadAllAssembliesAndSetupDomain (456ms)
		LoadAssemblies (375ms)
		AnalyzeDomain (23ms)
			TypeCache.Refresh (11ms)
			ResolveRequiredComponents (6ms)
	FinalizeReload (1870ms)
		SetupLoadedEditorAssemblies (0ms)
			BeforeProcessingInitializeOnLoad (129ms)
			ProcessInitializeOnLoadAttributes (895ms)
			ProcessInitializeOnLoadMethodAttributes (531ms)
			AfterProcessingInitializeOnLoad (6ms)
		AwakeInstancesAfterBackupRestoration (31ms)
Refreshing native plugins compatible for Editor in 2.92 ms, found 5 plugins.
Unloading 65 Unused Serialized files (Serialized files now loaded: 0)
Unloading 10283 unused Assets / (21.0 MB). Loaded Objects now: 11455.
Memory consumption went from 0.53 GB to 0.51 GB.
Total: 28.722400 ms (FindLiveObjects: 1.079900 ms CreateObjectMapping: 5.224500 ms MarkObjects: 15.569000 ms  DeleteObjects: 6.847700 ms)

Prepare: number of updated asset objects reloaded= 0
========================================================================
Received Prepare
AcceleratorClientConnectionCallback - disconnected - :0
Refreshing native plugins compatible for Editor in 3.25 ms, found 5 plugins.
Unloading 65 Unused Serialized files (Serialized files now loaded: 0)
Unloading 10263 unused Assets / (20.5 MB). Loaded Objects now: 11455.
Memory consumption went from 0.53 GB to 0.51 GB.
Total: 30.612200 ms (FindLiveObjects: 1.384700 ms CreateObjectMapping: 6.248100 ms MarkObjects: 16.862800 ms  DeleteObjects: 6.115000 ms)

Prepare: number of updated asset objects reloaded= 0
========================================================================
Received Prepare
AcceleratorClientConnectionCallback - disconnected - :0
[Licensing::Client] Successfully resolved entitlement details
Begin MonoManager ReloadAssembly
Symbol file LoadedFromMemory is not a mono symbol file
Symbol file LoadedFromMemory is not a mono symbol file
Refreshing native plugins compatible for Editor in 3.68 ms, found 5 plugins.
Native extension for WindowsStandalone target not found
Native extension for WebGL target not found
[Package Manager] Failed to launch server process. Reason: Unity was launched with the -noUpm command-line argument
[Package Manager] Unable to send message (not connected to server process).
[Package Manager] Cannot connect to Unity Package Manager local server
Refreshing native plugins compatible for Editor in 4.09 ms, found 5 plugins.
[Package Manager] Failed to launch server process. Reason: Unity was launched with the -noUpm command-line argument
[Package Manager] Unable to send message (not connected to server process).
[Package Manager] Cannot connect to Unity Package Manager local server
[Licensing::Client] Error: Code 404 while processing request (status: Found 0 entitlement groups and 0 free entitlements matching requested entitlement ids)
ScheduleIndexationOnStartup MainProcess:False IndexOnStartup:True
Mono: successfully reloaded assembly
- Finished resetting the current domain, in  2.052 seconds
Domain Reload Profiling: 3549ms
	BeginReloadAssembly (338ms)
		DisableScriptedObjects (14ms)
		CreateAndSetChildDomain (107ms)
	RebuildCommonClasses (10ms)
	RebuildNativeTypeToScriptingClass (17ms)
	initialDomainReloadingComplete (105ms)
	LoadAllAssembliesAndSetupDomain (1025ms)
		LoadAssemblies (479ms)
		AnalyzeDomain (480ms)
			TypeCache.Refresh (17ms)
			BuildScriptInfoCaches (453ms)
			ResolveRequiredComponents (7ms)
	FinalizeReload (2054ms)
		SetupLoadedEditorAssemblies (0ms)
			BeforeProcessingInitializeOnLoad (169ms)
			ProcessInitializeOnLoadAttributes (978ms)
			ProcessInitializeOnLoadMethodAttributes (554ms)
			AfterProcessingInitializeOnLoad (5ms)
		AwakeInstancesAfterBackupRestoration (34ms)
Refreshing native plugins compatible for Editor in 3.94 ms, found 5 plugins.
Unloading 65 Unused Serialized files (Serialized files now loaded: 0)
Unloading 10283 unused Assets / (23.2 MB). Loaded Objects now: 11458.
Memory consumption went from 0.53 GB to 0.51 GB.
Total: 31.720200 ms (FindLiveObjects: 1.273900 ms CreateObjectMapping: 5.554700 ms MarkObjects: 17.162700 ms  DeleteObjects: 7.726800 ms)

Prepare: number of updated asset objects reloaded= 0
========================================================================
Received Prepare
AcceleratorClientConnectionCallback - disconnected - :0
Refreshing native plugins compatible for Editor in 3.75 ms, found 5 plugins.
Unloading 65 Unused Serialized files (Serialized files now loaded: 0)
Unloading 10263 unused Assets / (18.6 MB). Loaded Objects now: 11458.
Memory consumption went from 0.53 GB to 0.52 GB.
Total: 29.669000 ms (FindLiveObjects: 1.278800 ms CreateObjectMapping: 5.775100 ms MarkObjects: 17.330200 ms  DeleteObjects: 5.283800 ms)

Prepare: number of updated asset objects reloaded= 0
========================================================================
Received Prepare
AcceleratorClientConnectionCallback - disconnected - :0
Begin MonoManager ReloadAssembly
Symbol file LoadedFromMemory is not a mono symbol file
Symbol file LoadedFromMemory is not a mono symbol file
Refreshing native plugins compatible for Editor in 2.33 ms, found 5 plugins.
Native extension for WindowsStandalone target not found
Native extension for WebGL target not found
[Package Manager] Failed to launch server process. Reason: Unity was launched with the -noUpm command-line argument
[Package Manager] Unable to send message (not connected to server process).
[Package Manager] Cannot connect to Unity Package Manager local server
Refreshing native plugins compatible for Editor in 3.88 ms, found 5 plugins.
[Package Manager] Failed to launch server process. Reason: Unity was launched with the -noUpm command-line argument
[Package Manager] Unable to send message (not connected to server process).
[Package Manager] Cannot connect to Unity Package Manager local server
[Licensing::Client] Error: Code 404 while processing request (status: Found 0 entitlement groups and 0 free entitlements matching requested entitlement ids)
ScheduleIndexationOnStartup MainProcess:False IndexOnStartup:True
Mono: successfully reloaded assembly
- Finished resetting the current domain, in  2.102 seconds
Domain Reload Profiling: 3559ms
	BeginReloadAssembly (336ms)
		DisableScriptedObjects (9ms)
		CreateAndSetChildDomain (133ms)
	RebuildCommonClasses (10ms)
	RebuildNativeTypeToScriptingClass (16ms)
	initialDomainReloadingComplete (100ms)
	LoadAllAssembliesAndSetupDomain (993ms)
		LoadAssemblies (459ms)
		AnalyzeDomain (474ms)
			TypeCache.Refresh (16ms)
			BuildScriptInfoCaches (449ms)
			ResolveRequiredComponents (7ms)
	FinalizeReload (2103ms)
		SetupLoadedEditorAssemblies (0ms)
			BeforeProcessingInitializeOnLoad (186ms)
			ProcessInitializeOnLoadAttributes (1015ms)
			ProcessInitializeOnLoadMethodAttributes (563ms)
			AfterProcessingInitializeOnLoad (9ms)
		AwakeInstancesAfterBackupRestoration (36ms)
Refreshing native plugins compatible for Editor in 3.49 ms, found 5 plugins.
Unloading 65 Unused Serialized files (Serialized files now loaded: 0)
Unloading 10283 unused Assets / (23.3 MB). Loaded Objects now: 11461.
Memory consumption went from 0.54 GB to 0.51 GB.
Total: 30.760200 ms (FindLiveObjects: 1.189100 ms CreateObjectMapping: 5.242900 ms MarkObjects: 16.488700 ms  DeleteObjects: 7.838000 ms)

Prepare: number of updated asset objects reloaded= 0
========================================================================
Received Prepare
AcceleratorClientConnectionCallback - disconnected - :0
Refreshing native plugins compatible for Editor in 2.59 ms, found 5 plugins.
Unloading 65 Unused Serialized files (Serialized files now loaded: 0)
Unloading 10263 unused Assets / (23.5 MB). Loaded Objects now: 11461.
Memory consumption went from 0.54 GB to 0.52 GB.
Total: 30.896300 ms (FindLiveObjects: 1.201400 ms CreateObjectMapping: 5.207000 ms MarkObjects: 16.658700 ms  DeleteObjects: 7.827600 ms)

Prepare: number of updated asset objects reloaded= 0
========================================================================
Received Prepare
AcceleratorClientConnectionCallback - disconnected - :0
Begin MonoManager ReloadAssembly
Symbol file LoadedFromMemory is not a mono symbol file
Symbol file LoadedFromMemory is not a mono symbol file
Refreshing native plugins compatible for Editor in 3.35 ms, found 5 plugins.
Native extension for WindowsStandalone target not found
Native extension for WebGL target not found
[Package Manager] Failed to launch server process. Reason: Unity was launched with the -noUpm command-line argument
[Package Manager] Unable to send message (not connected to server process).
[Package Manager] Cannot connect to Unity Package Manager local server
Refreshing native plugins compatible for Editor in 3.10 ms, found 5 plugins.
[Package Manager] Failed to launch server process. Reason: Unity was launched with the -noUpm command-line argument
[Package Manager] Unable to send message (not connected to server process).
[Package Manager] Cannot connect to Unity Package Manager local server
[Licensing::Client] Error: Code 404 while processing request (status: Found 0 entitlement groups and 0 free entitlements matching requested entitlement ids)
ScheduleIndexationOnStartup MainProcess:False IndexOnStartup:True
Mono: successfully reloaded assembly
- Finished resetting the current domain, in  1.995 seconds
Domain Reload Profiling: 3431ms
	BeginReloadAssembly (352ms)
		DisableScriptedObjects (13ms)
		CreateAndSetChildDomain (125ms)
	RebuildCommonClasses (11ms)
	RebuildNativeTypeToScriptingClass (25ms)
	initialDomainReloadingComplete (98ms)
	LoadAllAssembliesAndSetupDomain (950ms)
		LoadAssemblies (468ms)
		AnalyzeDomain (418ms)
			TypeCache.Refresh (14ms)
			BuildScriptInfoCaches (393ms)
			ResolveRequiredComponents (7ms)
	FinalizeReload (1995ms)
		SetupLoadedEditorAssemblies (0ms)
			InitializePlatformSupportModulesInManaged (3ms)
			BeforeProcessingInitializeOnLoad (179ms)
			ProcessInitializeOnLoadAttributes (994ms)
			ProcessInitializeOnLoadMethodAttributes (504ms)
			AfterProcessingInitializeOnLoad (6ms)
		AwakeInstancesAfterBackupRestoration (24ms)
Refreshing native plugins compatible for Editor in 2.46 ms, found 5 plugins.
Unloading 65 Unused Serialized files (Serialized files now loaded: 0)
Unloading 10283 unused Assets / (20.3 MB). Loaded Objects now: 11464.
Memory consumption went from 0.54 GB to 0.52 GB.
Total: 24.131300 ms (FindLiveObjects: 0.916500 ms CreateObjectMapping: 4.822800 ms MarkObjects: 13.268900 ms  DeleteObjects: 5.122100 ms)

Prepare: number of updated asset objects reloaded= 0
========================================================================
Received Prepare
AcceleratorClientConnectionCallback - disconnected - :0
Refreshing native plugins compatible for Editor in 3.40 ms, found 5 plugins.
Unloading 65 Unused Serialized files (Serialized files now loaded: 0)
Unloading 65 unused Assets / (13.7 MB). Loaded Objects now: 11464.
Memory consumption went from 0.54 GB to 0.52 GB.
Total: 16.575800 ms (FindLiveObjects: 0.515700 ms CreateObjectMapping: 1.601100 ms MarkObjects: 12.809800 ms  DeleteObjects: 1.647200 ms)

Prepare: number of updated asset objects reloaded= 0
========================================================================
Received Prepare
AcceleratorClientConnectionCallback - disconnected - :0
Begin MonoManager ReloadAssembly
Symbol file LoadedFromMemory is not a mono symbol file
Symbol file LoadedFromMemory is not a mono symbol file
Refreshing native plugins compatible for Editor in 2.15 ms, found 5 plugins.
Native extension for WindowsStandalone target not found
Native extension for WebGL target not found
[Package Manager] Failed to launch server process. Reason: Unity was launched with the -noUpm command-line argument
[Package Manager] Unable to send message (not connected to server process).
[Package Manager] Cannot connect to Unity Package Manager local server
Refreshing native plugins compatible for Editor in 3.27 ms, found 5 plugins.
[Package Manager] Failed to launch server process. Reason: Unity was launched with the -noUpm command-line argument
[Package Manager] Unable to send message (not connected to server process).
[Package Manager] Cannot connect to Unity Package Manager local server
[Licensing::Client] Error: Code 404 while processing request (status: Found 0 entitlement groups and 0 free entitlements matching requested entitlement ids)
ScheduleIndexationOnStartup MainProcess:False IndexOnStartup:True
Mono: successfully reloaded assembly
- Finished resetting the current domain, in  1.818 seconds
Domain Reload Profiling: 2631ms
	BeginReloadAssembly (266ms)
		DisableScriptedObjects (10ms)
		CreateAndSetChildDomain (101ms)
	RebuildCommonClasses (9ms)
	RebuildNativeTypeToScriptingClass (15ms)
	initialDomainReloadingComplete (85ms)
	LoadAllAssembliesAndSetupDomain (438ms)
		LoadAssemblies (354ms)
		AnalyzeDomain (19ms)
			TypeCache.Refresh (9ms)
			ResolveRequiredComponents (5ms)
	FinalizeReload (1819ms)
		SetupLoadedEditorAssemblies (0ms)
			BeforeProcessingInitializeOnLoad (124ms)
			ProcessInitializeOnLoadAttributes (850ms)
			ProcessInitializeOnLoadMethodAttributes (563ms)
			AfterProcessingInitializeOnLoad (6ms)
		AwakeInstancesAfterBackupRestoration (31ms)
Refreshing native plugins compatible for Editor in 2.70 ms, found 5 plugins.
Unloading 65 Unused Serialized files (Serialized files now loaded: 0)
Unloading 10283 unused Assets / (21.0 MB). Loaded Objects now: 11467.
Memory consumption went from 0.55 GB to 0.53 GB.
Total: 27.480300 ms (FindLiveObjects: 0.948300 ms CreateObjectMapping: 4.467700 ms MarkObjects: 15.168400 ms  DeleteObjects: 6.894700 ms)

Prepare: number of updated asset objects reloaded= 0
========================================================================
Received Import Request.
  Time of request: 2026-08-28T09:54:56.8075379Z
  Time since last request: 389.30298679999999 seconds.
  importAddress: GUID: b3230f05a9d36fd4fbe5da1abade1841 - Path: Assets/Prefabs/Logistics/Inserters/Inserter.prefab - Importer: PreviewImporter
Importing 'GUID: b3230f05a9d36fd4fbe5da1abade1841 - Path: Assets/Prefabs/Logistics/Inserters/Inserter.prefab - Importer: PreviewImporter' with importer (PreviewImporter)
Imported 'GUID: b3230f05a9d36fd4fbe5da1abade1841' -> (Import Result ID: '94df856440cd360d84f59eef073e1c81') in 0.389 seconds [static and dynamic dependencies]. Details - ImportResultOutputID=fc6e328f092815ba3279db58943bc4cc DependenciesID=9ee4da8af0bc6c0a78e382e87ab59d0e StaticDependenciesID=40b42afa5cd53440d24cce570663a3e5 
Number of updated asset objects reloaded before import = 0
Number of asset objects unloaded after import = 43
========================================================================
Received Prepare
AcceleratorClientConnectionCallback - disconnected - :0
Refreshing native plugins compatible for Editor in 3.33 ms, found 5 plugins.
Unloading 65 Unused Serialized files (Serialized files now loaded: 0)
Unloading 65 unused Assets / (13.7 MB). Loaded Objects now: 11578.
Memory consumption went from 0.52 GB to 0.51 GB.
Total: 17.881700 ms (FindLiveObjects: 0.541000 ms CreateObjectMapping: 1.535400 ms MarkObjects: 14.184200 ms  DeleteObjects: 1.620000 ms)

Prepare: number of updated asset objects reloaded= 0
========================================================================
Received Prepare
AcceleratorClientConnectionCallback - disconnected - :0
[Licensing::Client] Successfully resolved entitlement details
Begin MonoManager ReloadAssembly
Symbol file LoadedFromMemory is not a mono symbol file
Symbol file LoadedFromMemory is not a mono symbol file
Refreshing native plugins compatible for Editor in 2.34 ms, found 5 plugins.
Native extension for WindowsStandalone target not found
Native extension for WebGL target not found
[Package Manager] Failed to launch server process. Reason: Unity was launched with the -noUpm command-line argument
[Package Manager] Unable to send message (not connected to server process).
[Package Manager] Cannot connect to Unity Package Manager local server
Refreshing native plugins compatible for Editor in 2.91 ms, found 5 plugins.
[Package Manager] Failed to launch server process. Reason: Unity was launched with the -noUpm command-line argument
[Package Manager] Unable to send message (not connected to server process).
[Package Manager] Cannot connect to Unity Package Manager local server
[Licensing::Client] Error: Code 404 while processing request (status: Found 0 entitlement groups and 0 free entitlements matching requested entitlement ids)
ScheduleIndexationOnStartup MainProcess:False IndexOnStartup:True
Mono: successfully reloaded assembly
- Finished resetting the current domain, in  1.823 seconds
Domain Reload Profiling: 2676ms
	BeginReloadAssembly (296ms)
		DisableScriptedObjects (22ms)
		CreateAndSetChildDomain (105ms)
	RebuildCommonClasses (14ms)
	RebuildNativeTypeToScriptingClass (20ms)
	initialDomainReloadingComplete (84ms)
	LoadAllAssembliesAndSetupDomain (437ms)
		LoadAssemblies (377ms)
		AnalyzeDomain (19ms)
			TypeCache.Refresh (10ms)
			ResolveRequiredComponents (5ms)
	FinalizeReload (1824ms)
		SetupLoadedEditorAssemblies (0ms)
			BeforeProcessingInitializeOnLoad (129ms)
			ProcessInitializeOnLoadAttributes (859ms)
			ProcessInitializeOnLoadMethodAttributes (528ms)
			AfterProcessingInitializeOnLoad (6ms)
		AwakeInstancesAfterBackupRestoration (32ms)
Refreshing native plugins compatible for Editor in 2.88 ms, found 5 plugins.
Unloading 65 Unused Serialized files (Serialized files now loaded: 0)
Unloading 10283 unused Assets / (20.5 MB). Loaded Objects now: 11490.
Memory consumption went from 0.52 GB to 0.50 GB.
Total: 28.632900 ms (FindLiveObjects: 1.128800 ms CreateObjectMapping: 5.015100 ms MarkObjects: 16.053800 ms  DeleteObjects: 6.434400 ms)

Prepare: number of updated asset objects reloaded= 0
========================================================================
Received Prepare
AcceleratorClientConnectionCallback - disconnected - :0
Refreshing native plugins compatible for Editor in 2.42 ms, found 5 plugins.
Unloading 65 Unused Serialized files (Serialized files now loaded: 0)
Unloading 10263 unused Assets / (19.8 MB). Loaded Objects now: 11490.
Memory consumption went from 0.53 GB to 0.51 GB.
Total: 27.278400 ms (FindLiveObjects: 1.179600 ms CreateObjectMapping: 5.001800 ms MarkObjects: 15.177400 ms  DeleteObjects: 5.917400 ms)

Prepare: number of updated asset objects reloaded= 0
========================================================================
Received Prepare
AcceleratorClientConnectionCallback - disconnected - :0
[Licensing::Client] Successfully resolved entitlement details
Begin MonoManager ReloadAssembly
Symbol file LoadedFromMemory is not a mono symbol file
Symbol file LoadedFromMemory is not a mono symbol file
Refreshing native plugins compatible for Editor in 2.35 ms, found 5 plugins.
Native extension for WindowsStandalone target not found
Native extension for WebGL target not found
[Package Manager] Failed to launch server process. Reason: Unity was launched with the -noUpm command-line argument
[Package Manager] Unable to send message (not connected to server process).
[Package Manager] Cannot connect to Unity Package Manager local server
Refreshing native plugins compatible for Editor in 4.07 ms, found 5 plugins.
[Package Manager] Failed to launch server process. Reason: Unity was launched with the -noUpm command-line argument
[Package Manager] Unable to send message (not connected to server process).
[Package Manager] Cannot connect to Unity Package Manager local server
[Licensing::Client] Error: Code 404 while processing request (status: Found 0 entitlement groups and 0 free entitlements matching requested entitlement ids)
ScheduleIndexationOnStartup MainProcess:False IndexOnStartup:True
Mono: successfully reloaded assembly
- Finished resetting the current domain, in  1.946 seconds
Domain Reload Profiling: 3321ms
	BeginReloadAssembly (322ms)
		DisableScriptedObjects (12ms)
		CreateAndSetChildDomain (103ms)
	RebuildCommonClasses (9ms)
	RebuildNativeTypeToScriptingClass (18ms)
	initialDomainReloadingComplete (97ms)
	LoadAllAssembliesAndSetupDomain (928ms)
		LoadAssemblies (452ms)
		AnalyzeDomain (403ms)
			TypeCache.Refresh (17ms)
			BuildScriptInfoCaches (375ms)
			ResolveRequiredComponents (7ms)
	FinalizeReload (1947ms)
		SetupLoadedEditorAssemblies (0ms)
			BeforeProcessingInitializeOnLoad (162ms)
			ProcessInitializeOnLoadAttributes (915ms)
			ProcessInitializeOnLoadMethodAttributes (537ms)
			AfterProcessingInitializeOnLoad (7ms)
		AwakeInstancesAfterBackupRestoration (34ms)
Refreshing native plugins compatible for Editor in 3.00 ms, found 5 plugins.
Unloading 65 Unused Serialized files (Serialized files now loaded: 0)
Unloading 10283 unused Assets / (18.1 MB). Loaded Objects now: 11493.
Memory consumption went from 0.53 GB to 0.52 GB.
Total: 25.736600 ms (FindLiveObjects: 1.054600 ms CreateObjectMapping: 4.784300 ms MarkObjects: 15.177600 ms  DeleteObjects: 4.718500 ms)

Prepare: number of updated asset objects reloaded= 0
========================================================================
Received Prepare
AcceleratorClientConnectionCallback - disconnected - :0
Refreshing native plugins compatible for Editor in 2.58 ms, found 5 plugins.
Unloading 65 Unused Serialized files (Serialized files now loaded: 0)
Unloading 65 unused Assets / (13.7 MB). Loaded Objects now: 11493.
Memory consumption went from 0.53 GB to 0.52 GB.
Total: 17.919500 ms (FindLiveObjects: 0.546900 ms CreateObjectMapping: 1.741700 ms MarkObjects: 13.815600 ms  DeleteObjects: 1.814100 ms)

Prepare: number of updated asset objects reloaded= 0
========================================================================
Received Prepare
AcceleratorClientConnectionCallback - disconnected - :0
Begin MonoManager ReloadAssembly
Symbol file LoadedFromMemory is not a mono symbol file
Symbol file LoadedFromMemory is not a mono symbol file
Refreshing native plugins compatible for Editor in 2.39 ms, found 5 plugins.
Native extension for WindowsStandalone target not found
Native extension for WebGL target not found
[Package Manager] Failed to launch server process. Reason: Unity was launched with the -noUpm command-line argument
[Package Manager] Unable to send message (not connected to server process).
[Package Manager] Cannot connect to Unity Package Manager local server
Refreshing native plugins compatible for Editor in 2.46 ms, found 5 plugins.
[Package Manager] Failed to launch server process. Reason: Unity was launched with the -noUpm command-line argument
[Package Manager] Unable to send message (not connected to server process).
[Package Manager] Cannot connect to Unity Package Manager local server
[Licensing::Client] Error: Code 404 while processing request (status: Found 0 entitlement groups and 0 free entitlements matching requested entitlement ids)
ScheduleIndexationOnStartup MainProcess:False IndexOnStartup:True
Mono: successfully reloaded assembly
- Finished resetting the current domain, in  1.823 seconds
Domain Reload Profiling: 2659ms
	BeginReloadAssembly (280ms)
		DisableScriptedObjects (9ms)
		CreateAndSetChildDomain (110ms)
	RebuildCommonClasses (9ms)
	RebuildNativeTypeToScriptingClass (15ms)
	initialDomainReloadingComplete (87ms)
	LoadAllAssembliesAndSetupDomain (445ms)
		LoadAssemblies (373ms)
		AnalyzeDomain (18ms)
			TypeCache.Refresh (9ms)
			ResolveRequiredComponents (5ms)
	FinalizeReload (1824ms)
		SetupLoadedEditorAssemblies (0ms)
			BeforeProcessingInitializeOnLoad (142ms)
			ProcessInitializeOnLoadAttributes (852ms)
			ProcessInitializeOnLoadMethodAttributes (535ms)
			AfterProcessingInitializeOnLoad (5ms)
		AwakeInstancesAfterBackupRestoration (29ms)
Refreshing native plugins compatible for Editor in 2.98 ms, found 5 plugins.
Unloading 65 Unused Serialized files (Serialized files now loaded: 0)
Unloading 10283 unused Assets / (20.5 MB). Loaded Objects now: 11496.
Memory consumption went from 0.54 GB to 0.52 GB.
Total: 26.764300 ms (FindLiveObjects: 0.930300 ms CreateObjectMapping: 4.883800 ms MarkObjects: 14.840600 ms  DeleteObjects: 6.108400 ms)

Prepare: number of updated asset objects reloaded= 0
========================================================================
Received Import Request.
  Time of request: 2026-08-28T13:59:58.4071205Z
  Time since last request: 14701.1989281999995 seconds.
  importAddress: GUID: c779272f2d4f1944f938a3a44824a1b5 - Path: Assets/Materials/InserterBoom.mat - Importer: ScriptedImporter/UnityEditor.QuickSearchModule:UnityEditor.Search:ASIAI0B
Importing 'GUID: c779272f2d4f1944f938a3a44824a1b5 - Path: Assets/Materials/InserterBoom.mat - Importer: ScriptedImporter/UnityEditor.QuickSearchModule:UnityEditor.Search:ASIAI0B' with importer (ScriptedImporter : UnityEditor.QuickSearchModule:UnityEditor.Search:ASIAI0B)
Imported 'GUID: c779272f2d4f1944f938a3a44824a1b5' -> (Import Result ID: '2589106c1dca9715cb3f085c8ed28a8b') in 0.076 seconds [static and dynamic dependencies]. Details - ImportResultOutputID=cf5605b55966fda1c6a17d31e66094ae DependenciesID=77cd8c5c38ade30532082eb0c9bf5daf StaticDependenciesID=387f11e4374f8a943ea535d4149956ae 
Number of updated asset objects reloaded before import = 0
Number of asset objects unloaded after import = 2
========================================================================
Received Import Request.
  Time of request: 2026-08-28T13:59:58.5049112Z
  Time since last request: 0.0072682 seconds.
  importAddress: GUID: baf0f69da3098924ab85d19272b38c0e - Path: Assets/Scripts/Logistics/Inserter.cs - Importer: ScriptedImporter/UnityEditor.QuickSearchModule:UnityEditor.Search:ASIAI0B
Importing 'GUID: baf0f69da3098924ab85d19272b38c0e - Path: Assets/Scripts/Logistics/Inserter.cs - Importer: ScriptedImporter/UnityEditor.QuickSearchModule:UnityEditor.Search:ASIAI0B' with importer (ScriptedImporter : UnityEditor.QuickSearchModule:UnityEditor.Search:ASIAI0B)
Imported 'GUID: baf0f69da3098924ab85d19272b38c0e' -> (Import Result ID: '0867935342a4e8efcf07839a079d109a') in 0.026 seconds [static and dynamic dependencies]. Details - ImportResultOutputID=c0e6cbd92a64fd83178103e17214a76c DependenciesID=a8f7260b23f1e2c6b9382ccc026e90da StaticDependenciesID=bc385bd40a1429f40338e8d47ca2e516 
Number of updated asset objects reloaded before import = 0
Number of asset objects unloaded after import = 0
========================================================================
Received Import Request.
  Time of request: 2026-08-28T13:59:58.5442173Z
  Time since last request: 0.0004193 seconds.
  importAddress: GUID: 775e7df5767a0734aa95145b20ac1fcc - Path: Assets/Scripts/Core/PrefabManager.cs - Importer: ScriptedImporter/UnityEditor.QuickSearchModule:UnityEditor.Search:ASIAI0B
Importing 'GUID: 775e7df5767a0734aa95145b20ac1fcc - Path: Assets/Scripts/Core/PrefabManager.cs - Importer: ScriptedImporter/UnityEditor.QuickSearchModule:UnityEditor.Search:ASIAI0B' with importer (ScriptedImporter : UnityEditor.QuickSearchModule:UnityEditor.Search:ASIAI0B)
Imported 'GUID: 775e7df5767a0734aa95145b20ac1fcc' -> (Import Result ID: '0eb6b467ee503c34d35f7582167ecfc2') in 0.004 seconds [static and dynamic dependencies]. Details - ImportResultOutputID=ede0463f8efae8541e5949e0c28c11b1 DependenciesID=bbec330f52696aeae0fb4f9debbea35b StaticDependenciesID=6bc18e31fd42ee78921ebb7472582a09 
Number of updated asset objects reloaded before import = 0
Number of asset objects unloaded after import = 0
========================================================================
Received Import Request.
  Time of request: 2026-08-28T13:59:58.5630315Z
  Time since last request: 0.0003839 seconds.
  importAddress: GUID: 77be932cbbf5922409e603dc20de7d85 - Path: Assets/Scripts/Utlity/VisualsUtility.cs - Importer: ScriptedImporter/UnityEditor.QuickSearchModule:UnityEditor.Search:ASIAI0B
Importing 'GUID: 77be932cbbf5922409e603dc20de7d85 - Path: Assets/Scripts/Utlity/VisualsUtility.cs - Importer: ScriptedImporter/UnityEditor.QuickSearchModule:UnityEditor.Search:ASIAI0B' with importer (ScriptedImporter : UnityEditor.QuickSearchModule:UnityEditor.Search:ASIAI0B)
Imported 'GUID: 77be932cbbf5922409e603dc20de7d85' -> (Import Result ID: '8d332bb007c81bfcd918ab0bfdca4213') in 0.005 seconds [static and dynamic dependencies]. Details - ImportResultOutputID=cc21667b0f26607b23a19737840bd154 DependenciesID=62a70ffd0804ee9e984818d3e71b476e StaticDependenciesID=dfbabf071864fb99156606688017aaa4 
Number of updated asset objects reloaded before import = 0
Number of asset objects unloaded after import = 0
========================================================================
Received Import Request.
  Time of request: 2026-08-28T13:59:58.5814483Z
  Time since last request: 0.000389 seconds.
  importAddress: GUID: 17596862bc3cb7d479447c832df79269 - Path: Assets/Scripts/Core/GameManager.cs - Importer: ScriptedImporter/UnityEditor.QuickSearchModule:UnityEditor.Search:ASIAI0B
Importing 'GUID: 17596862bc3cb7d479447c832df79269 - Path: Assets/Scripts/Core/GameManager.cs - Importer: ScriptedImporter/UnityEditor.QuickSearchModule:UnityEditor.Search:ASIAI0B' with importer (ScriptedImporter : UnityEditor.QuickSearchModule:UnityEditor.Search:ASIAI0B)
Imported 'GUID: 17596862bc3cb7d479447c832df79269' -> (Import Result ID: '77ee5609a91bb1980213b1a7cd5d198a') in 0.004 seconds [static and dynamic dependencies]. Details - ImportResultOutputID=31b770767667de8a1d403f96dd72a413 DependenciesID=fd64fceb12b7fa5a6d19530b579cd014 StaticDependenciesID=eeda486978b0e93d374ced91747b67b7 
Number of updated asset objects reloaded before import = 0
Number of asset objects unloaded after import = 0
========================================================================
Received Import Request.
  Time of request: 2026-08-28T13:59:58.6004972Z
  Time since last request: 0.0004176 seconds.
  importAddress: GUID: 8d25f3d6ae46a7e4d9d49860443f3881 - Path: Assets/Editor/InserterPrefabCreator.cs - Importer: ScriptedImporter/UnityEditor.QuickSearchModule:UnityEditor.Search:ASIAI0B
Importing 'GUID: 8d25f3d6ae46a7e4d9d49860443f3881 - Path: Assets/Editor/InserterPrefabCreator.cs - Importer: ScriptedImporter/UnityEditor.QuickSearchModule:UnityEditor.Search:ASIAI0B' with importer (ScriptedImporter : UnityEditor.QuickSearchModule:UnityEditor.Search:ASIAI0B)
Imported 'GUID: 8d25f3d6ae46a7e4d9d49860443f3881' -> (Import Result ID: 'dc580c48057f27ca2561c6abe857cd10') in 0.005 seconds [static and dynamic dependencies]. Details - ImportResultOutputID=93956b8c8a527b50a941923b71df9805 DependenciesID=ee55e922ca0bb3191de2afcd9bf71b5e StaticDependenciesID=cf901187a96a0e80da3f88649de1eb8a 
Number of updated asset objects reloaded before import = 0
Number of asset objects unloaded after import = 0
========================================================================
Received Import Request.
  Time of request: 2026-08-28T13:59:58.6184376Z
  Time since last request: 0.0004213 seconds.
  importAddress: GUID: ed122a49127e42540ac03b95bc8e9f8e - Path: Assets/Materials/InserterTower.mat - Importer: ScriptedImporter/UnityEditor.QuickSearchModule:UnityEditor.Search:ASIAI0B
Importing 'GUID: ed122a49127e42540ac03b95bc8e9f8e - Path: Assets/Materials/InserterTower.mat - Importer: ScriptedImporter/UnityEditor.QuickSearchModule:UnityEditor.Search:ASIAI0B' with importer (ScriptedImporter : UnityEditor.QuickSearchModule:UnityEditor.Search:ASIAI0B)
Imported 'GUID: ed122a49127e42540ac03b95bc8e9f8e' -> (Import Result ID: 'bc894da746ed07d0583e133f1bb6e973') in 0.006 seconds [static and dynamic dependencies]. Details - ImportResultOutputID=630ae522e0861bd373b3ead82f7f3ee8 DependenciesID=2015b86ce8339b597c04bcd5c2f853c2 StaticDependenciesID=ccf937801330b1e90237ebe08a37da0a 
Number of updated asset objects reloaded before import = 0
Number of asset objects unloaded after import = 2
========================================================================
Received Prepare
AcceleratorClientConnectionCallback - disconnected - :0
Refreshing native plugins compatible for Editor in 2.72 ms, found 5 plugins.
Unloading 65 Unused Serialized files (Serialized files now loaded: 0)
Unloading 10264 unused Assets / (19.2 MB). Loaded Objects now: 11497.
Memory consumption went from 0.53 GB to 0.51 GB.
Total: 28.962400 ms (FindLiveObjects: 1.032800 ms CreateObjectMapping: 5.145100 ms MarkObjects: 17.243500 ms  DeleteObjects: 5.538200 ms)

Prepare: number of updated asset objects reloaded= 0
========================================================================
Received Prepare
AcceleratorClientConnectionCallback - disconnected - :0
[Licensing::Client] Successfully resolved entitlement details
Begin MonoManager ReloadAssembly
Symbol file LoadedFromMemory is not a mono symbol file
Symbol file LoadedFromMemory is not a mono symbol file
Refreshing native plugins compatible for Editor in 3.14 ms, found 5 plugins.
Native extension for WindowsStandalone target not found
Native extension for WebGL target not found
[Package Manager] Failed to launch server process. Reason: Unity was launched with the -noUpm command-line argument
[Package Manager] Unable to send message (not connected to server process).
[Package Manager] Cannot connect to Unity Package Manager local server
Refreshing native plugins compatible for Editor in 4.00 ms, found 5 plugins.
[Package Manager] Failed to launch server process. Reason: Unity was launched with the -noUpm command-line argument
[Package Manager] Unable to send message (not connected to server process).
[Package Manager] Cannot connect to Unity Package Manager local server
[Licensing::Client] Error: Code 404 while processing request (status: Found 0 entitlement groups and 0 free entitlements matching requested entitlement ids)
ScheduleIndexationOnStartup MainProcess:False IndexOnStartup:True
Mono: successfully reloaded assembly
- Finished resetting the current domain, in  2.726 seconds
Domain Reload Profiling: 4296ms
	BeginReloadAssembly (370ms)
		DisableScriptedObjects (12ms)
		CreateAndSetChildDomain (130ms)
	RebuildCommonClasses (16ms)
	RebuildNativeTypeToScriptingClass (25ms)
	initialDomainReloadingComplete (124ms)
	LoadAllAssembliesAndSetupDomain (1034ms)
		LoadAssemblies (559ms)
		AnalyzeDomain (424ms)
			TypeCache.Refresh (15ms)
			BuildScriptInfoCaches (401ms)
			ResolveRequiredComponents (5ms)
	FinalizeReload (2727ms)
		SetupLoadedEditorAssemblies (0ms)
			InitializePlatformSupportModulesInManaged (3ms)
			BeforeProcessingInitializeOnLoad (177ms)
			ProcessInitializeOnLoadAttributes (1271ms)
			ProcessInitializeOnLoadMethodAttributes (928ms)
			AfterProcessingInitializeOnLoad (10ms)
		AwakeInstancesAfterBackupRestoration (31ms)
Refreshing native plugins compatible for Editor in 3.54 ms, found 5 plugins.
Unloading 65 Unused Serialized files (Serialized files now loaded: 0)
Unloading 10284 unused Assets / (19.9 MB). Loaded Objects now: 11500.
Memory consumption went from 0.53 GB to 0.51 GB.
Total: 32.494700 ms (FindLiveObjects: 1.185800 ms CreateObjectMapping: 5.168800 ms MarkObjects: 18.835100 ms  DeleteObjects: 7.303300 ms)

Prepare: number of updated asset objects reloaded= 0
========================================================================
Received Prepare
AcceleratorClientConnectionCallback - disconnected - :0
Begin MonoManager ReloadAssembly
Symbol file LoadedFromMemory is not a mono symbol file
Symbol file LoadedFromMemory is not a mono symbol file
Refreshing native plugins compatible for Editor in 2.46 ms, found 5 plugins.
Native extension for WindowsStandalone target not found
Native extension for WebGL target not found
[Package Manager] Failed to launch server process. Reason: Unity was launched with the -noUpm command-line argument
[Package Manager] Unable to send message (not connected to server process).
[Package Manager] Cannot connect to Unity Package Manager local server
Refreshing native plugins compatible for Editor in 2.72 ms, found 5 plugins.
[Package Manager] Failed to launch server process. Reason: Unity was launched with the -noUpm command-line argument
[Package Manager] Unable to send message (not connected to server process).
[Package Manager] Cannot connect to Unity Package Manager local server
[Licensing::Client] Error: Code 404 while processing request (status: Found 0 entitlement groups and 0 free entitlements matching requested entitlement ids)
ScheduleIndexationOnStartup MainProcess:False IndexOnStartup:True
Mono: successfully reloaded assembly
- Finished resetting the current domain, in  1.817 seconds
Domain Reload Profiling: 3364ms
	BeginReloadAssembly (388ms)
		DisableScriptedObjects (25ms)
		CreateAndSetChildDomain (144ms)
	RebuildCommonClasses (13ms)
	RebuildNativeTypeToScriptingClass (16ms)
	initialDomainReloadingComplete (108ms)
	LoadAllAssembliesAndSetupDomain (1022ms)
		LoadAssemblies (500ms)
		AnalyzeDomain (445ms)
			TypeCache.Refresh (18ms)
			BuildScriptInfoCaches (417ms)
			ResolveRequiredComponents (7ms)
	FinalizeReload (1818ms)
		SetupLoadedEditorAssemblies (0ms)
			BeforeProcessingInitializeOnLoad (153ms)
			ProcessInitializeOnLoadAttributes (873ms)
			ProcessInitializeOnLoadMethodAttributes (479ms)
			AfterProcessingInitializeOnLoad (4ms)
		AwakeInstancesAfterBackupRestoration (34ms)
Refreshing native plugins compatible for Editor in 2.45 ms, found 5 plugins.
Unloading 65 Unused Serialized files (Serialized files now loaded: 0)
Unloading 10284 unused Assets / (20.2 MB). Loaded Objects now: 11503.
Memory consumption went from 0.54 GB to 0.52 GB.
Total: 22.949300 ms (FindLiveObjects: 0.918100 ms CreateObjectMapping: 4.206600 ms MarkObjects: 12.724200 ms  DeleteObjects: 5.099200 ms)

Prepare: number of updated asset objects reloaded= 0
========================================================================
Received Prepare
AcceleratorClientConnectionCallback - disconnected - :0
Refreshing native plugins compatible for Editor in 2.52 ms, found 5 plugins.
Unloading 65 Unused Serialized files (Serialized files now loaded: 0)
Unloading 10265 unused Assets / (20.4 MB). Loaded Objects now: 11504.
Memory consumption went from 0.54 GB to 0.52 GB.
Total: 27.704300 ms (FindLiveObjects: 1.049300 ms CreateObjectMapping: 4.581000 ms MarkObjects: 15.173300 ms  DeleteObjects: 6.899100 ms)

Prepare: number of updated asset objects reloaded= 0
========================================================================
Received Prepare
AcceleratorClientConnectionCallback - disconnected - :0
Begin MonoManager ReloadAssembly
Symbol file LoadedFromMemory is not a mono symbol file
Symbol file LoadedFromMemory is not a mono symbol file
Refreshing native plugins compatible for Editor in 3.75 ms, found 5 plugins.
Native extension for WindowsStandalone target not found
Native extension for WebGL target not found
[Package Manager] Failed to launch server process. Reason: Unity was launched with the -noUpm command-line argument
[Package Manager] Unable to send message (not connected to server process).
[Package Manager] Cannot connect to Unity Package Manager local server
Refreshing native plugins compatible for Editor in 3.25 ms, found 5 plugins.
[Package Manager] Failed to launch server process. Reason: Unity was launched with the -noUpm command-line argument
[Package Manager] Unable to send message (not connected to server process).
[Package Manager] Cannot connect to Unity Package Manager local server
[Licensing::Client] Error: Code 404 while processing request (status: Found 0 entitlement groups and 0 free entitlements matching requested entitlement ids)
ScheduleIndexationOnStartup MainProcess:False IndexOnStartup:True
Mono: successfully reloaded assembly
- Finished resetting the current domain, in  2.368 seconds
Domain Reload Profiling: 3960ms
	BeginReloadAssembly (371ms)
		DisableScriptedObjects (10ms)
		CreateAndSetChildDomain (141ms)
	RebuildCommonClasses (17ms)
	RebuildNativeTypeToScriptingClass (23ms)
	initialDomainReloadingComplete (120ms)
	LoadAllAssembliesAndSetupDomain (1061ms)
		LoadAssemblies (524ms)
		AnalyzeDomain (465ms)
			TypeCache.Refresh (17ms)
			BuildScriptInfoCaches (438ms)
			ResolveRequiredComponents (7ms)
	FinalizeReload (2369ms)
		SetupLoadedEditorAssemblies (0ms)
			InitializePlatformSupportModulesInManaged (3ms)
			BeforeProcessingInitializeOnLoad (202ms)
			ProcessInitializeOnLoadAttributes (1155ms)
			ProcessInitializeOnLoadMethodAttributes (628ms)
			AfterProcessingInitializeOnLoad (7ms)
		AwakeInstancesAfterBackupRestoration (45ms)
Refreshing native plugins compatible for Editor in 2.83 ms, found 5 plugins.
Unloading 65 Unused Serialized files (Serialized files now loaded: 0)
Unloading 10285 unused Assets / (20.1 MB). Loaded Objects now: 11507.
Memory consumption went from 0.54 GB to 0.52 GB.
Total: 32.159200 ms (FindLiveObjects: 1.349300 ms CreateObjectMapping: 6.206300 ms MarkObjects: 17.376100 ms  DeleteObjects: 7.226500 ms)

Prepare: number of updated asset objects reloaded= 0
Editor requested this worker to shutdown with reason: Scaling down because of idle timeout
AcceleratorClientConnectionCallback - disconnected - :0
AssetImportWorker is now disconnected from the server
Process exiting
Exiting without the bug reporter. Application will terminate with return code 0