[Licensing::Module] Trying to connect to existing licensing client channel...
Built from '6000.5/staging' branch; Version is '6000.5.8f1 (5cb7df797b7d) revision 6076383'; Using compiler version '194234433'; Build Type 'Release'
[Licensing::IpcConnector] Successfully connected to: "LicenseClient-Len" at "2026-08-28T05:52:13.8532677Z"
OS: 'Windows 11  (10.0.26200) Core' Language: 'en' Physical Memory: 32632 MB
BatchMode: 0, IsHumanControllingUs: 1, StartBugReporterOnCrash: 1, Is64bit: 1
System  architecture: x64
Process architecture: x64
Date: 2026-08-28T05:52:13Z
[Licensing::Client] Error: HandshakeResponse reported an error:
	ResponseCode: 505
	ResponseStatus: Unsupported protocol version '1.18.1'.
[Licensing::Module] Error: Failed to handshake to channel: "LicenseClient-Len"
[Licensing::IpcConnector] LicenseClient-Len channel disconnected successfully.
[Licensing::IpcConnector] Channel LicenseClient-Len-6000.5.8 doesn't exist
[Licensing::Module] Successfully launched the LicensingClient (PId: 4980)

COMMAND LINE ARGUMENTS:
C:\Program Files\Unity\Hub\Editor\6000.5.8f1\Editor\Unity.exe
-projectpath
C:\Users\Len\Lenomation_V3
-acceptSoftwareTermsForThisRunOnly
-useHub
-hubIPC
-cloudEnvironment
production
-licensingIpc
LicenseClient-Len
-hubSessionId
46b781f2-0c6b-4156-b233-c859353e8769
-accessToken
4F2KbGT_f0XHc_HCAhLCqohUBy8RNFl6Q9nDThzLKZY005f
Successfully changed project path to: C:\Users\Len\Lenomation_V3
C:/Users/Len/Lenomation_V3
[UnityMemory] Configuration Parameters - Can be set up in boot.config
    "memorysetup-temp-allocator-size-gi-baking-worker=262144"
    "memorysetup-temp-allocator-size-gi-baking-worker=262144"
    "memorysetup-temp-allocator-size-gi-baking-worker=262144"
    "memorysetup-temp-allocator-size-gi-baking-worker=262144"
    "memorysetup-temp-allocator-size-gi-baking-worker=262144"
    "memorysetup-temp-allocator-size-nav-mesh-worker=65536"
    "memorysetup-temp-allocator-size-audio-worker=65536"
    "memorysetup-temp-allocator-size-cloud-worker=32768"
    "memorysetup-temp-allocator-size-gfx=262144"
    "memorysetup-temp-allocator-size-preload-manager=33554432"
    "memorysetup-allocator-temp-initial-block-size-main=262144"
    "memorysetup-allocator-temp-initial-block-size-worker=262144"
    "memorysetup-temp-allocator-size-job-worker=262144"
    "memorysetup-temp-allocator-size-background-worker=32768"
    "memorysetup-bucket-allocator-granularity=16"
    "memorysetup-bucket-allocator-bucket-count=8"
    "memorysetup-bucket-allocator-block-size=33554432"
    "memorysetup-bucket-allocator-block-count=8"
    "memorysetup-main-allocator-block-size=16777216"
    "memorysetup-thread-allocator-block-size=16777216"
    "memorysetup-main-allocator-mimalloc-enabled=0"
    "memorysetup-gfx-main-allocator-block-size=16777216"
    "memorysetup-gfx-thread-allocator-block-size=16777216"
    "memorysetup-cache-allocator-block-size=4194304"
    "memorysetup-typetree-allocator-block-size=2097152"
    "memorysetup-profiler-bucket-allocator-granularity=16"
    "memorysetup-profiler-bucket-allocator-bucket-count=8"
    "memorysetup-profiler-bucket-allocator-block-size=33554432"
    "memorysetup-profiler-bucket-allocator-block-count=8"
    "memorysetup-profiler-allocator-block-size=16777216"
    "memorysetup-profiler-editor-allocator-block-size=1048576"
    "memorysetup-temp-allocator-size-main=16777216"
    "memorysetup-job-temp-allocator-block-size=2097152"
    "memorysetup-job-temp-allocator-block-size-background=1048576"
    "memorysetup-job-temp-allocator-reduction-small-platforms=262144"
Player connection [29768]  Target information:

Player connection [29768]  * "[IP] 192.168.1.149 [Port] 55504 [Flags] 2 [Guid] 3987833640 [EditorId] 3987833640 [Version] 1048832 [Id] WindowsEditor(7,LenPC) [Debug] 1 [PackageName] WindowsEditor [ProjectName] Editor" 

Player connection [29768] Host joined multi-casting on [225.0.0.222:54997]...
Player connection [29768] Host joined alternative multi-casting on [225.0.0.222:34997]...
Input System module state changed to: Initialized.
[Physics::Module] Initialized fallback backend.
[Physics::Module] Id: 0xdecafbad
[Licensing::IpcConnector] Successfully connected to: "LicenseClient-Len-6000.5.8" at "2026-08-28T05:52:15.1439104Z"
[Licensing::Client] Code 10 while verifying Licensing Client signature (process Id: 4980, path: "C:/Program Files/Unity/Hub/Editor/6000.5.8f1/Editor/Data/Resources/Licensing/Client/Unity.Licensing.Client.exe")
[Licensing::Module] LicensingClient has failed validation; ignoring
[Package Manager] Connected to IPC stream "Upm-39260" after 0.2 seconds.
[Licensing::Module] Licensing is not yet initialized.
[Licensing::Client] Handshaking with LicensingClient:
  Version:                 1.18.1+9fbee8e
  Session Id:              75077a06660b458db3699c8eaed9d835
  Correlation Id:          0ba8b4e9082e1bab91020394d6bbe171
  External correlation Id: 2558295736169596869
  Machine Id:              YsBmvqtNExQjYkfo7ZFy7ZTOaSw=
[Licensing::Module] Successfully connected to LicensingClient on channel: "LicenseClient-Len-6000.5.8" (connect: 0.37s, validation: 0.07s, handshake: 0.01s)
[Licensing::IpcConnector] Successfully connected to: "LicenseClient-Len-6000.5.8-notifications" at "2026-08-28T05:52:15.2232259Z"
[Licensing::Module] Connected to LicensingClient (PId: 4980, launch time: 0.04, total connection time: 0.45s)
[Licensing::Client] Successfully updated the access token
[Licensing::Module] Successfully updated the access token 4F2KbGT_f0...
[Licensing::Client] Successfully resolved entitlement details
[Licensing::Module] License group:
  Id: 6500056-UnityPersXXXX
  Product: Unity Personal
  Type: Assigned
  Expiration: Unlimited
[Licensing::Client] Successfully updated license, isAsync: True, time: 0.01
[Licensing::Client] Successfully resolved entitlement details
[Licensing::Module] Licensing Background thread has ended after 1.41s
[Licensing::Module] Licensing is initialized (took 0.06s).
[Licensing::Client] Successfully resolved entitlement details
Library Redirect Path: Library/
[Physics::Module] Selected backend.
[Physics::Module] Name: PhysX
[Physics::Module] Id: 0xf2b8ea05
[Physics::Module] SDK Version: 4.1.2
[Physics::Module] Integration Version: 1.0.0
[Physics::Module] Threading Mode: Multi-Threaded
Artifact Garbage Collection - Removed 6 unused hashed content files
Initialize engine version: 6000.5.8f1 (5cb7df797b7d)
[Subsystems] Discovering subsystems at path C:/Program Files/Unity/Hub/Editor/6000.5.8f1/Editor/Data/Resources/UnitySubsystems
[Subsystems] Discovering subsystems at path C:/Users/Len/Lenomation_V3/Assets
[D3D12 Device Filter] Vendor Name: NVIDIA
[D3D12 Device Filter] Device Name: NVIDIA GeForce RTX 3080 Ti
[D3D12 Device Filter] Driver Version: 32.0.16.1656
[D3D12 Device Filter] Feature Level: 12.2
[D3D12 Device Filter] Graphics Memory: 12086 MB
[D3D12 Device Filter] Processor Count: 16
[D3D12 Device Filter] Device Type: Discrete
GfxDevice: creating device client; kGfxThreadingModeSplitJobs
d3d12: failed to query info queue interface (0x80004002).
Direct3D:
    Version:         Direct3D 12 [level 12.2]
    Renderer:        NVIDIA GeForce RTX 3080 Ti (ID=0x2208)
    Vendor:          NVIDIA
    VRAM:            12086 MB
    App VRAM Budget: 11318 MB
    Driver:          32.0.16.1656
Initialize mono
Mono path[0] = 'C:/Program Files/Unity/Hub/Editor/6000.5.8f1/Editor/Data/Managed'
Mono path[1] = 'C:/Program Files/Unity/Hub/Editor/6000.5.8f1/Editor/Data/BCLExtensions/runtime/netstandard2.1'
Mono path[2] = 'C:/Program Files/Unity/Hub/Editor/6000.5.8f1/Editor/Data/MonoBleedingEdge/lib/mono/unityjit-win32'
Mono config path = 'C:/Program Files/Unity/Hub/Editor/6000.5.8f1/Editor/Data/MonoBleedingEdge/etc'
Using monoOptions --debugger-agent=transport=dt_socket,embedding=1,server=y,suspend=n,address=127.0.0.1:56260
CodeReloadManager initialized
ImportWorker Server TCP listen port: 0
AcceleratorClientConnectionCallback - disconnected - :0
Begin MonoManager ReloadAssembly
Registering precompiled unity dll's ...
Register platform support module: C:/Program Files/Unity/Hub/Editor/6000.5.8f1/Editor/Data/PlaybackEngines/WebGLSupport/UnityEditor.WebGL.Extensions.dll
Register platform support module: C:/Program Files/Unity/Hub/Editor/6000.5.8f1/Editor/Data/PlaybackEngines/WindowsStandaloneSupport/UnityEditor.WindowsStandalone.Extensions.dll
Registered in 0.001842 seconds.
Native extension for WindowsStandalone target not found
Native extension for WebGL target not found
Package Manager log level set to [2]
ScheduleIndexationOnStartup MainProcess:False IndexOnStartup:True
Mono: successfully reloaded assembly
- Finished resetting the current domain, in  0.474 seconds
Domain Reload Profiling: 925ms
	BeginReloadAssembly (123ms)
		CreateAndSetChildDomain (20ms)
	RebuildCommonClasses (4ms)
	RebuildNativeTypeToScriptingClass (14ms)
	initialDomainReloadingComplete (56ms)
	LoadAllAssembliesAndSetupDomain (253ms)
		LoadAssemblies (101ms)
		AnalyzeDomain (183ms)
			TypeCache.Refresh (181ms)
				TypeCache.ScanAssembly (168ms)
	FinalizeReload (475ms)
		SetupLoadedEditorAssemblies (0ms)
			BeforeProcessingInitializeOnLoad (78ms)
			ProcessInitializeOnLoadAttributes (82ms)
			ProcessInitializeOnLoadMethodAttributes (254ms)
[Licensing::Client] Successfully resolved entitlement details
Application.AssetDatabase Initial Refresh Start
[Package Manager] Restoring resolved packages state from cache
[Licensing::Client] Successfully resolved entitlement details
[Package Manager] Registered 62 packages:
  Packages from [https://packages.unity.com]:
    com.unity.ai.assistant@2.18.0-pre.2 (location: C:\Users\Len\Lenomation_V3\Library\PackageCache\com.unity.ai.assistant@c0127625258e)
    com.unity.ai.inference@2.6.1 (location: C:\Users\Len\Lenomation_V3\Library\PackageCache\com.unity.ai.inference@9a123aee5df7)
    com.unity.ai.navigation@2.0.14 (location: C:\Users\Len\Lenomation_V3\Library\PackageCache\com.unity.ai.navigation@134dd6a3b97b)
    com.unity.collab-proxy@2.13.6 (location: C:\Users\Len\Lenomation_V3\Library\PackageCache\com.unity.collab-proxy@4628d2ba6ea4)
    com.unity.ide.rider@3.0.40 (location: C:\Users\Len\Lenomation_V3\Library\PackageCache\com.unity.ide.rider@e4950c6d131b)
    com.unity.ide.visualstudio@2.0.26 (location: C:\Users\Len\Lenomation_V3\Library\PackageCache\com.unity.ide.visualstudio@a99d56dec63f)
    com.unity.inputsystem@1.20.0 (location: C:\Users\Len\Lenomation_V3\Library\PackageCache\com.unity.inputsystem@7a4e1a2a8194)
    com.unity.timeline@1.8.12 (location: C:\Users\Len\Lenomation_V3\Library\PackageCache\com.unity.timeline@8cd8509afae5)
    com.unity.visualscripting@1.9.12 (location: C:\Users\Len\Lenomation_V3\Library\PackageCache\com.unity.visualscripting@4edfcc09512f)
    com.unity.burst@1.8.30 (location: C:\Users\Len\Lenomation_V3\Library\PackageCache\com.unity.burst@2f3d916873ea)
    com.unity.dt.app-ui@2.1.7 (location: C:\Users\Len\Lenomation_V3\Library\PackageCache\com.unity.dt.app-ui@b097002a00c2)
    com.unity.nuget.newtonsoft-json@3.2.2 (location: C:\Users\Len\Lenomation_V3\Library\PackageCache\com.unity.nuget.newtonsoft-json@4dfd81071c64)
    com.unity.nuget.mono-cecil@1.11.6 (location: C:\Users\Len\Lenomation_V3\Library\PackageCache\com.unity.nuget.mono-cecil@ecb9724e46ff)
    com.unity.searcher@4.9.5 (location: C:\Users\Len\Lenomation_V3\Library\PackageCache\com.unity.searcher@a463122f2c00)
    com.unity.test-framework.performance@3.5.0 (location: C:\Users\Len\Lenomation_V3\Library\PackageCache\com.unity.test-framework.performance@8b56083ec0f0)
  Built-in packages:
    com.unity.multiplayer.center@1.0.1 (location: C:\Users\Len\Lenomation_V3\Library\PackageCache\com.unity.multiplayer.center@b860850997d0)
    com.unity.render-pipelines.universal@17.5.0 (location: C:\Users\Len\Lenomation_V3\Library\PackageCache\com.unity.render-pipelines.universal@73b4c4ff130e)
    com.unity.test-framework@1.7.0 (location: C:\Users\Len\Lenomation_V3\Library\PackageCache\com.unity.test-framework@1405238725ab)
    com.unity.ugui@2.5.0 (location: C:\Users\Len\Lenomation_V3\Library\PackageCache\com.unity.ugui@1c4864518158)
    com.unity.modules.accessibility@1.0.0 (location: C:\Users\Len\Lenomation_V3\Library\PackageCache\com.unity.modules.accessibility)
    com.unity.modules.adaptiveperformance@1.0.0 (location: C:\Users\Len\Lenomation_V3\Library\PackageCache\com.unity.modules.adaptiveperformance)
    com.unity.modules.ai@1.0.0 (location: C:\Users\Len\Lenomation_V3\Library\PackageCache\com.unity.modules.ai)
    com.unity.modules.androidjni@1.0.0 (location: C:\Users\Len\Lenomation_V3\Library\PackageCache\com.unity.modules.androidjni)
    com.unity.modules.animation@1.0.0 (location: C:\Users\Len\Lenomation_V3\Library\PackageCache\com.unity.modules.animation)
    com.unity.modules.assetbundle@1.0.0 (location: C:\Users\Len\Lenomation_V3\Library\PackageCache\com.unity.modules.assetbundle)
    com.unity.modules.audio@1.0.0 (location: C:\Users\Len\Lenomation_V3\Library\PackageCache\com.unity.modules.audio)
    com.unity.modules.cloth@1.0.0 (location: C:\Users\Len\Lenomation_V3\Library\PackageCache\com.unity.modules.cloth)
    com.unity.modules.director@1.0.0 (location: C:\Users\Len\Lenomation_V3\Library\PackageCache\com.unity.modules.director)
    com.unity.modules.imageconversion@1.0.0 (location: C:\Users\Len\Lenomation_V3\Library\PackageCache\com.unity.modules.imageconversion)
    com.unity.modules.imgui@1.0.0 (location: C:\Users\Len\Lenomation_V3\Library\PackageCache\com.unity.modules.imgui)
    com.unity.modules.jsonserialize@1.0.0 (location: C:\Users\Len\Lenomation_V3\Library\PackageCache\com.unity.modules.jsonserialize)
    com.unity.modules.particlesystem@1.0.0 (location: C:\Users\Len\Lenomation_V3\Library\PackageCache\com.unity.modules.particlesystem)
    com.unity.modules.physics@1.0.0 (location: C:\Users\Len\Lenomation_V3\Library\PackageCache\com.unity.modules.physics)
    com.unity.modules.physics2d@1.0.0 (location: C:\Users\Len\Lenomation_V3\Library\PackageCache\com.unity.modules.physics2d)
    com.unity.modules.physicscore2d@1.0.0 (location: C:\Users\Len\Lenomation_V3\Library\PackageCache\com.unity.modules.physicscore2d)
    com.unity.modules.screencapture@1.0.0 (location: C:\Users\Len\Lenomation_V3\Library\PackageCache\com.unity.modules.screencapture)
    com.unity.modules.terrain@1.0.0 (location: C:\Users\Len\Lenomation_V3\Library\PackageCache\com.unity.modules.terrain)
    com.unity.modules.terrainphysics@1.0.0 (location: C:\Users\Len\Lenomation_V3\Library\PackageCache\com.unity.modules.terrainphysics)
    com.unity.modules.tilemap@1.0.0 (location: C:\Users\Len\Lenomation_V3\Library\PackageCache\com.unity.modules.tilemap)
    com.unity.modules.ui@1.0.0 (location: C:\Users\Len\Lenomation_V3\Library\PackageCache\com.unity.modules.ui)
    com.unity.modules.uielements@1.0.0 (location: C:\Users\Len\Lenomation_V3\Library\PackageCache\com.unity.modules.uielements)
    com.unity.modules.umbra@1.0.0 (location: C:\Users\Len\Lenomation_V3\Library\PackageCache\com.unity.modules.umbra)
    com.unity.modules.unityanalytics@1.0.0 (location: C:\Users\Len\Lenomation_V3\Library\PackageCache\com.unity.modules.unityanalytics)
    com.unity.modules.unitywebrequest@1.0.0 (location: C:\Users\Len\Lenomation_V3\Library\PackageCache\com.unity.modules.unitywebrequest)
    com.unity.modules.unitywebrequestassetbundle@1.0.0 (location: C:\Users\Len\Lenomation_V3\Library\PackageCache\com.unity.modules.unitywebrequestassetbundle)
    com.unity.modules.unitywebrequestaudio@1.0.0 (location: C:\Users\Len\Lenomation_V3\Library\PackageCache\com.unity.modules.unitywebrequestaudio)
    com.unity.modules.unitywebrequesttexture@1.0.0 (location: C:\Users\Len\Lenomation_V3\Library\PackageCache\com.unity.modules.unitywebrequesttexture)
    com.unity.modules.unitywebrequestwww@1.0.0 (location: C:\Users\Len\Lenomation_V3\Library\PackageCache\com.unity.modules.unitywebrequestwww)
    com.unity.modules.vectorgraphics@1.0.0 (location: C:\Users\Len\Lenomation_V3\Library\PackageCache\com.unity.modules.vectorgraphics)
    com.unity.modules.vehicles@1.0.0 (location: C:\Users\Len\Lenomation_V3\Library\PackageCache\com.unity.modules.vehicles)
    com.unity.modules.video@1.0.0 (location: C:\Users\Len\Lenomation_V3\Library\PackageCache\com.unity.modules.video)
    com.unity.modules.wind@1.0.0 (location: C:\Users\Len\Lenomation_V3\Library\PackageCache\com.unity.modules.wind)
    com.unity.modules.xr@1.0.0 (location: C:\Users\Len\Lenomation_V3\Library\PackageCache\com.unity.modules.xr)
    com.unity.modules.subsystems@1.0.0 (location: C:\Users\Len\Lenomation_V3\Library\PackageCache\com.unity.modules.subsystems)
    com.unity.modules.hierarchycore@1.0.0 (location: C:\Users\Len\Lenomation_V3\Library\PackageCache\com.unity.modules.hierarchycore)
    com.unity.ext.nunit@2.1.0 (location: C:\Users\Len\Lenomation_V3\Library\PackageCache\com.unity.ext.nunit@44f7d31723bd)
    com.unity.render-pipelines.core@17.5.0 (location: C:\Users\Len\Lenomation_V3\Library\PackageCache\com.unity.render-pipelines.core@a4c9a9793789)
    com.unity.shadergraph@17.5.0 (location: C:\Users\Len\Lenomation_V3\Library\PackageCache\com.unity.shadergraph@8d7376ec43ee)
    com.unity.render-pipelines.universal-config@17.5.0 (location: C:\Users\Len\Lenomation_V3\Library\PackageCache\com.unity.render-pipelines.universal-config@fdda01c80fe3)
    com.unity.collections@6.5.0 (location: C:\Users\Len\Lenomation_V3\Library\PackageCache\com.unity.collections@ec2c217e4cb2)
    com.unity.2d.sprite@1.0.0 (location: C:\Users\Len\Lenomation_V3\Library\PackageCache\com.unity.2d.sprite@053a968eab56)
    com.unity.mathematics@1.4.0 (location: C:\Users\Len\Lenomation_V3\Library\PackageCache\com.unity.mathematics@981956d94fb6)
[Subsystems] No new subsystems found in resolved package list.
[Package Manager] Done registering packages in 0.02 seconds
info: Microsoft.Hosting.Lifetime[14]
      Now listening on: http://localhost:80
info: Microsoft.Hosting.Lifetime[0]
      Application started. Press Ctrl+C to shut down.
info: Microsoft.Hosting.Lifetime[0]
      Hosting environment: Production
info: Microsoft.Hosting.Lifetime[0]
      Content root path: C:\Users\Len\Lenomation_V3
info: Microsoft.AspNetCore.Hosting.Diagnostics[1]
      Request starting HTTP/2 POST http://ilpp/UnityILPP.PostProcessing/Ping - application/grpc -
info: Microsoft.AspNetCore.Routing.EndpointMiddleware[0]
      Executing endpoint 'gRPC - /UnityILPP.PostProcessing/Ping'
info: Microsoft.AspNetCore.Routing.EndpointMiddleware[1]
      Executed endpoint 'gRPC - /UnityILPP.PostProcessing/Ping'
info: Microsoft.AspNetCore.Hosting.Diagnostics[2]
      Request finished HTTP/2 POST http://ilpp/UnityILPP.PostProcessing/Ping - 200 - application/grpc 25.2938ms
Refreshing native plugins compatible for Editor in 2.86 ms, found 5 plugins.
Starting: C:\Program Files\Unity\Hub\Editor\6000.5.8f1\Editor\Data\Tools\BuildPipeline\bee_backend.exe --ipc --defer-dag-verification --dagfile="Library/Bee/1900b0aE.dag" --continue-on-failure --profile="Library/Bee/backend1.traceevents" ScriptAssemblies
WorkingDir: C:/Users/Len/Lenomation_V3
info: Microsoft.AspNetCore.Hosting.Diagnostics[1]
      Request starting HTTP/2 POST http://ilpp/UnityILPP.PostProcessing/ConfigurePostProcessors - application/grpc -
info: Microsoft.AspNetCore.Routing.EndpointMiddleware[0]
      Executing endpoint 'gRPC - /UnityILPP.PostProcessing/ConfigurePostProcessors'
warn: Unity.ILPP.Runner.PostProcessingAssemblyLoadContext[0]
      Assembly system.runtime.interopservices.windowsruntime has duplicate hint path. Ignoring "C:\Program Files\Unity\Hub\Editor\6000.5.8f1\Editor\Data\UnityReferenceAssemblies\unity-4.8-api\Facades\System.Runtime.InteropServices.WindowsRuntime.dll" in favor of "C:\Program Files\Unity\Hub\Editor\6000.5.8f1\Editor\Data\NetStandard\Extensions\2.0.0\System.Runtime.InteropServices.WindowsRuntime.dll"
warn: Unity.ILPP.Runner.PostProcessingAssemblyLoadContext[0]
      Assembly system.componentmodel.composition has duplicate hint path. Ignoring "C:\Program Files\Unity\Hub\Editor\6000.5.8f1\Editor\Data\UnityReferenceAssemblies\unity-4.8-api\System.ComponentModel.Composition.dll" in favor of "C:\Program Files\Unity\Hub\Editor\6000.5.8f1\Editor\Data\NetStandard\compat\2.1.0\shims\netfx\System.ComponentModel.Composition.dll"
info: Unity.ILPP.Runner.PostProcessingAssemblyLoadContext[0]
      Resolved Unity.Burst.Cecil, Version=0.11.6.0, Culture=neutral, PublicKeyToken=50cebf1cceb9d05e with Library\PackageCache\com.unity.burst@2f3d916873ea\Unity.Burst.CodeGen\Unity.Burst.Cecil.dll
info: Unity.ILPP.Runner.PostProcessingAssemblyLoadContext[0]
      Resolved Mono.Cecil, Version=0.11.5.0, Culture=neutral, PublicKeyToken=50cebf1cceb9d05e with Library\PackageCache\com.unity.nuget.mono-cecil@ecb9724e46ff\Mono.Cecil.dll
info: Microsoft.AspNetCore.Routing.EndpointMiddleware[1]
      Executed endpoint 'gRPC - /UnityILPP.PostProcessing/ConfigurePostProcessors'
info: Microsoft.AspNetCore.Hosting.Diagnostics[2]
      Request finished HTTP/2 POST http://ilpp/UnityILPP.PostProcessing/ConfigurePostProcessors - 200 - application/grpc 45.6519ms
ExitCode: 0 Duration: 0s284ms
[1193/1563  0s] ILPP-Configuration Library/ilpp-configuration.nevergeneratedoutput
*** Tundra build success (0.25 seconds), 1 items updated, 1563 evaluated
AssetDatabase: script compilation time: 0.758282s
Begin MonoManager ReloadAssembly
Total cache size 268137716
Total cache size after purge 268137716, took 00:00:00.1783687
Symbol file LoadedFromMemory is not a mono symbol file
Symbol file LoadedFromMemory is not a mono symbol file
Refreshing native plugins compatible for Editor in 2.62 ms, found 5 plugins.
Native extension for WindowsStandalone target not found
Native extension for WebGL target not found
Refreshing native plugins compatible for Editor in 3.10 ms, found 5 plugins.
[Licensing::Client] Error: Code 404 while processing request (status: Found 0 entitlement groups and 0 free entitlements matching requested entitlement ids)
ScheduleIndexationOnStartup MainProcess:True IndexOnStartup:True
Mono: successfully reloaded assembly
- Finished resetting the current domain, in  5.035 seconds
Domain Reload Profiling: 6120ms
	BeginReloadAssembly (194ms)
		DisableScriptedObjects (24ms)
		CreateAndSetChildDomain (29ms)
	RebuildCommonClasses (7ms)
	RebuildNativeTypeToScriptingClass (14ms)
	initialDomainReloadingComplete (77ms)
	LoadAllAssembliesAndSetupDomain (792ms)
		LoadAssemblies (354ms)
		AnalyzeDomain (388ms)
			TypeCache.Refresh (303ms)
				TypeCache.ScanAssembly (286ms)
			BuildScriptInfoCaches (75ms)
			ResolveRequiredComponents (7ms)
	FinalizeReload (5036ms)
		SetupLoadedEditorAssemblies (0ms)
			BeforeProcessingInitializeOnLoad (111ms)
			ProcessInitializeOnLoadAttributes (4080ms)
			ProcessInitializeOnLoadMethodAttributes (503ms)
			AfterProcessingInitializeOnLoad (6ms)
		AwakeInstancesAfterBackupRestoration (28ms)
Starting new worker id: 0 with log in C:/Users/Len/Lenomation_V3/Logs/AssetImportWorkerHW0.log

Asset Pipeline Refresh (id=1a942304b694f5d46a7ee832d2ebb701): Total: 7.722 seconds - Initiated by InitialRefreshV2(ForceSynchronousImport)
	(Values over 0.05ms)
	Summary:
		Imports: total=0 (actual=0, local cache=0, cache server=0)
		Asset DB Process Time: managed=0 ms, native=5666 ms
		Asset DB Callback time: managed=37 ms, native=25 ms
		Scripting: domain reloads=1, domain reload time=1158 ms, compile time=759 ms, other=74 ms
		Project Asset Count: scripts=2149, non-scripts=5371
		Asset File Changes: new=0, changed=0, moved=0, deleted=0
		Scan Filter Count: 0
	InvokePackagesCallback: 27.576ms
	ApplyChangesToAssetFolders: 0.607ms
	Scan: 115.060ms
	Collect global state as custom dependencies: 16.945ms
	CategorizeScriptCompilationAssets: 64.040ms
	ProcessAssetsWithTransientArtifactChanges: 101.139ms
	CategorizeAssets: 76.475ms
	CompileScripts: 759.371ms
	ImportOutOfDateAssets: 5135.821ms (5060.495ms without children)
		UnloadImportedAssets: 0.673ms
		EnsureUptoDateAssetsAreRegisteredWithGuidPM: 0.887ms
		ImportSchedulerStart: 73.728ms
	PostProcessAllAssets: 37.054ms
		MonoPostProcessAllAssets: 37.003ms
			UniversalRenderPipelineGlobalSettingsPostprocessor.OnPostprocessAllAssets 13.644ms
			WindowAssetPostprocessingWatcher.OnPostprocessAllAssets 2.072ms
			GraphRefreshPostprocessor.OnPostprocessAllAssets 2.046ms
			SyncVS.PostprocessSyncProject 1.819ms
			SpeedTree9Postprocessor.OnPostprocessAllAssets 1.804ms
			AssetChangeDetector.OnPostprocessAllAssets 0.894ms
			EditModeScopePostprocessor.OnPostprocessAllAssets 0.840ms
			RenderPipelineGlobalSettingsPostprocessor.OnPostprocessAllAssets 0.686ms
			ShaderReflectionAssetPostProcessor.OnPostprocessAllAssets 0.346ms
			ReferencedClipsPostProcessor.OnPostprocessAllAssets 0.332ms
			InputActionAssetPostprocessor.OnPostprocessAllAssets 0.257ms
			TerrainToolbarOverlayPostProcessor.OnPostprocessAllAssets 0.194ms
			AssetDatabaseCallbacks.OnPostprocessAllAssets 0.179ms
			ProjectSettingsPostprocessor.OnPostprocessAllAssets 0.129ms
	UnloadStreamsBegin: 3.720ms
	PersistCurrentRevisions: 0.264ms
	GenerateScriptTypeHashes: 1.807ms
	GenerateScriptTypeSerializationHashes: 3.066ms
	Untracked: 1377.250ms

Application.AssetDatabase Initial Refresh End
Launched and connected shader compiler UnityShaderCompiler.exe after 0.01 seconds
Scanning for USB devices : 6.056ms
Initializing Unity extensions:
[MODES] ModeService[none].Initialize
[MODES] ModeService[none].LoadModes
[MODES] Loading mode Default (0) for mode-current-id-Lenomation_V3
Unloading 67 Unused Serialized files (Serialized files now loaded: 0)
Loaded scene 'Assets/Scenes/StartScene.unity'
	Deserialize:            7.156 ms
	Integration:            310.957 ms
	Integration of assets:  0.001 ms
	Thread Wait Time:       0.016 ms
	Total Operation Time:   318.131 ms
Unloading 10296 unused Assets / (22.6 MB). Loaded Objects now: 11376.
Memory consumption went from 0.58 GB to 0.56 GB.
Total: 28.722700 ms (FindLiveObjects: 0.994100 ms CreateObjectMapping: 5.191100 ms MarkObjects: 14.142400 ms  DeleteObjects: 8.392000 ms)

[LAYOUT] About to load UserSettings\Layouts\default-6000.dwlt, keepMainWindow=False
Worker ready: AssetImportWorkerHW0 0
[LAYOUT] About to save layout C:\Users\Len\Lenomation_V3\UserSettings\Layouts\default-6000.dwlt
[LAYOUT] About to save layout C:/Users/Len/AppData/Roaming/Unity/Editor-5.x/Preferences\Layouts\current\default-6000.dwlt
[MODES] ModeService[default].InitializeCurrentMode
[MODES] ModeService[default].RaiseModeChanged(default, default)
<RI> Initializing input.
Using Windows.Gaming.Input
[Project] Loading completed in 14.156 seconds
	Project init time: 				11.721 seconds
		Template init time: 		0.000 seconds
		Package Manager init time: 		0.291 seconds
		Asset Database init time: 		0.462 seconds
		Global illumination init time: 	0.002 seconds
		Assemblies load time: 			0.960 seconds
		Unity extensions init time: 	0.054 seconds
		Asset Database refresh time: 	7.722 seconds
	Scene opening time: 			2.298 seconds
##utp:{"type":"ProjectInfo","version":2,"phase":"Immediate","time":1787896348002,"processId":39260,"projectLoad":14.155766999999999,"projectInit":11.7212739,"templateInit":0.0,"packageManagerInit":0.2914498,"assetDatabaseInit":0.4616744,"globalIlluminationInit":0.0023715,"assembliesLoad":0.9600517,"unityExtensionsInit":0.0542964,"assetDatabaseRefresh":7.7218627,"sceneOpening":2.2976815}
##utp:{"type":"EditorInfo","version":2,"phase":"Immediate","time":1787896348002,"processId":39260,"editorVersion":"6000.5.8f1 (5cb7df797b7d)","branch":"6000.5/staging","buildType":"Release","platform":"Windows"}
Asset Pipeline Refresh (id=9a29a298d41d9fd4fa6236fea5e97272): Total: 0.148 seconds - Initiated by RefreshV2(AllowForceSynchronousImport)
Start Indexing on Editor startup
[Indexing] Starting Initial Indexing for Assets
[INFO ] [relay] relay.startup port=9001 mcpClientPort=9002 editorPid=39260
[INFO ] [relay] log === RELAY SERVER STARTED === (unity-ai-relay v1.0.12-build.97)
[INFO ] [relay] log Starting relay server...
[INFO ] [relay] log Command line arguments: ["bun","B:/~BUN/root/relay_win.exe","--relay","--port","9001","--mcp-client-port","9002","--editor-pid","39260","--shutdown-delay","180","--log-dir","C:\\Users\\Len\\Lenomation_V3\\Logs"]
[INFO ] [relay] log Parsed config: {"port":9001,"mcpClientPort":9002,"editorPid":"39260","shutdownDelaySeconds":180}
[INFO ] [relay] log Initializing relay components...
[INFO ] [relay] log Creating RelayEditor...
[INFO ] [relay] log WebSocket server started
[INFO ] [relay] log Relay server initialization completed
[INFO ] [relay] log MCP Client initialized at port: 9002
[WARN ] [relay] log [shell-env] Shell environment did not contain a PATH variable
[INFO ] [relay] log Unity MCP Relay server started | Port: 9002 | Endpoints: /mcp/start-server, /mcp/stop-server, /mcp/server-status, /mcp/call-tool
[INFO ] [relay] log Unity client connected with ID: editor-39260-thgdut (relay 1.0.12-build.97)
[INFO ] [relay] connection.established clientId=editor-39260-thgdut port=9001
Created GICache directory at C:/Users/Len/AppData/LocalLow/Unity/Caches/GiCache. Took: 0.015s, timestamps: [14.658 - 14.673]
[Licensing::Client] Successfully resolved entitlement details
[Licensing::Client] Successfully resolved entitlement details
[Licensing::Client] Successfully resolved entitlement details
[Licensing::Client] Successfully resolved entitlement details
[Licensing::Client] Successfully updated the access token
[Licensing::Module] Successfully updated access token: "4F2KbGT_"... (expires: 2026-08-28T07:24:34Z)
[Licensing::Client] Successfully resolved entitlement details
[Licensing::Client] Successfully resolved entitlement details
Starting new worker id: 1 with log in C:/Users/Len/Lenomation_V3/Logs/AssetImportWorkerHW1.log
Starting new worker id: 2 with log in C:/Users/Len/Lenomation_V3/Logs/AssetImportWorkerHW2.log
[Worker0] Imported GUID: bb88092c0d31d1f49b65ce0d2b0bff03 - Path: Assets/Scripts/Configs/PackageConfig.cs - Importer: ScriptedImporter/UnityEditor.QuickSearchModule:UnityEditor.Search:ASIAI0B -> (ImportResultId: '5785ab6a1d7a99c641d6e664560b7324') in 0.0877768 seconds
[Worker0] Imported GUID: 7ce55f8cbb08af24b8fc3eee4f8b3fe6 - Path: Assets/Scripts/Logistics/PackageRider.cs - Importer: ScriptedImporter/UnityEditor.QuickSearchModule:UnityEditor.Search:ASIAI0B -> (ImportResultId: '3ec57833c2a657ec997734b28ba1e9f3') in 0.0177226 seconds
[Worker0] Imported GUID: 775e7df5767a0734aa95145b20ac1fcc - Path: Assets/Scripts/Core/PrefabManager.cs - Importer: ScriptedImporter/UnityEditor.QuickSearchModule:UnityEditor.Search:ASIAI0B -> (ImportResultId: '36dc2a7bc77b61bdb75c451240980c23') in 0.0164709 seconds
[Worker0] Imported GUID: 1ccc691013ebf7a4885b007f462d1e47 - Path: Assets/Editor/ConveyorPrefabCreator.cs - Importer: ScriptedImporter/UnityEditor.QuickSearchModule:UnityEditor.Search:ASIAI0B -> (ImportResultId: 'd0a6760b664952294daa6ba4e9e81632') in 0.0153382 seconds
[Worker0] Imported GUID: 17596862bc3cb7d479447c832df79269 - Path: Assets/Scripts/Core/GameManager.cs - Importer: ScriptedImporter/UnityEditor.QuickSearchModule:UnityEditor.Search:ASIAI0B -> (ImportResultId: '2a14c0ab1161c669abf0d570e0982202') in 0.015086 seconds
[Worker0] Imported GUID: b9ef3a3fcd7cba24d88f8b0481bee09d - Path: Assets/Scripts/Utlity/ArrowPlacement.cs - Importer: ScriptedImporter/UnityEditor.QuickSearchModule:UnityEditor.Search:ASIAI0B -> (ImportResultId: 'c35f28bbd2fa0ebd17452fc384ea5f7a') in 0.0140726 seconds
[Worker0] Imported GUID: 54824f1db165a3344b9f2b5741797065 - Path: Assets/Scripts/Core/ConveyorManager.cs - Importer: ScriptedImporter/UnityEditor.QuickSearchModule:UnityEditor.Search:ASIAI0B -> (ImportResultId: 'dc1b0924d3ba7e148c6831d6d9239716') in 0.0159781 seconds
[Worker0] Imported GUID: 30fefab99fdfa2249919b5437e460bfe - Path: Assets/Scripts/Logistics/Conveyor.cs - Importer: ScriptedImporter/UnityEditor.QuickSearchModule:UnityEditor.Search:ASIAI0B -> (ImportResultId: 'e85d5646e9fd2b44c19ecb9c34ec506f') in 0.0129393 seconds
[Licensing::Client] Successfully resolved entitlement details
Request Asset Garbage Collect because used heap size increased from 0.56 GB to 1.21 GB, exceeding the threshold of 256.0 MB.
Unloading 6 Unused Serialized files (Serialized files now loaded: 0)
UPID Received '0956883a-88ea-49b2-bde1-fe810ba60755'.
Unloading 3 unused Assets / (1.8 KB). Loaded Objects now: 12422.
Memory consumption went from 1.21 GB to 1.21 GB.
Total: 27.334000 ms (FindLiveObjects: 0.512800 ms CreateObjectMapping: 2.034400 ms MarkObjects: 24.700900 ms  DeleteObjects: 0.085100 ms)

Worker ready: AssetImportWorkerHW1 1
Worker ready: AssetImportWorkerHW2 2
[Licensing::Client] Error: Code 404 while processing request (status: Found 0 entitlement groups and 0 free entitlements matching requested entitlement ids)
[Licensing::Client] Error: Code 404 while processing request (status: Found 0 entitlement groups and 0 free entitlements matching requested entitlement ids)
[Licensing::Client] Error: Code 404 while processing request (status: Found 0 entitlement groups and 0 free entitlements matching requested entitlement ids)
[Licensing::Client] Error: Code 404 while processing request (status: Found 0 entitlement groups and 0 free entitlements matching requested entitlement ids)
[Licensing::Client] Error: Code 404 while processing request (status: Found 0 entitlement groups and 0 free entitlements matching requested entitlement ids)
[Licensing::Client] Error: Code 404 while processing request (status: Found 0 entitlement groups and 0 free entitlements matching requested entitlement ids)
[Licensing::Client] Error: Code 404 while processing request (status: Found 0 entitlement groups and 0 free entitlements matching requested entitlement ids)
[Licensing::Client] Error: Code 404 while processing request (status: Found 0 entitlement groups and 0 free entitlements matching requested entitlement ids)
[Licensing::Client] Error: Code 404 while processing request (status: Found 0 entitlement groups and 0 free entitlements matching requested entitlement ids)
[Licensing::Client] Error: Code 404 while processing request (status: Found 0 entitlement groups and 0 free entitlements matching requested entitlement ids)
[Licensing::Client] Error: Code 404 while processing request (status: Found 0 entitlement groups and 0 free entitlements matching requested entitlement ids)
[Licensing::Client] Error: Code 404 while processing request (status: Found 0 entitlement groups and 0 free entitlements matching requested entitlement ids)
[Licensing::Client] Error: Code 404 while processing request (status: Found 0 entitlement groups and 0 free entitlements matching requested entitlement ids)
[Licensing::Client] Error: Code 404 while processing request (status: Found 0 entitlement groups and 0 free entitlements matching requested entitlement ids)
[Licensing::Client] Error: Code 404 while processing request (status: Found 0 entitlement groups and 0 free entitlements matching requested entitlement ids)
Error reason is 'NoSubscription' and no additional error information was provided (https://generators.ai.unity.com).
UnityEngine.Debug:ExtractStackTraceNoAlloc (byte*,int,string)
UnityEngine.StackTraceUtility:ExtractStackTrace ()
UnityEngine.DebugLogHandler:Internal_Log (UnityEngine.LogType,UnityEngine.LogOption,string,UnityEngine.Object)
UnityEngine.DebugLogHandler:LogFormat (UnityEngine.LogType,UnityEngine.Object,string,object[])
UnityEngine.Logger:Log (UnityEngine.LogType,object)
UnityEngine.Debug:Log (object)
Unity.AI.ModelSelector.Services.Stores.Actions.ModelSelectorSuperProxyActions/<>c/<<-cctor>b__8_0>d:MoveNext () (at ./Library/PackageCache/com.unity.ai.assistant@c0127625258e/Modules/Unity.AI.ModelSelector/Services/Stores/Actions/ModelSelectorSuperProxyActions.cs:495)
System.Runtime.CompilerServices.AsyncMethodBuilderCore/MoveNextRunner:InvokeMoveNext (object)
System.Threading.ExecutionContext:RunInternal (System.Threading.ExecutionContext,System.Threading.ContextCallback,object,bool)
System.Threading.ExecutionContext:Run (System.Threading.ExecutionContext,System.Threading.ContextCallback,object,bool)
System.Runtime.CompilerServices.AsyncMethodBuilderCore/MoveNextRunner:Run ()
System.Threading.Tasks.AwaitTaskContinuation:InvokeAction (object)
System.Threading.Tasks.AwaitTaskContinuation:RunCallback (System.Threading.ContextCallback,object,System.Threading.Tasks.Task&)
System.Threading.Tasks.SynchronizationContextAwaitTaskContinuation:Run (System.Threading.Tasks.Task,bool)
System.Threading.Tasks.Task:FinishContinuations ()
System.Threading.Tasks.Task:FinishStageThree ()
System.Threading.Tasks.Task`1<AiEditorToolsSdk.Components.Common.Responses.Wrappers.OperationResult`1<AiEditorToolsSdk.Components.GenerativeModels.Responses.ModelListV2.ModelListFullResult>>:TrySetResult (AiEditorToolsSdk.Components.Common.Responses.Wrappers.OperationResult`1<AiEditorToolsSdk.Components.GenerativeModels.Responses.ModelListV2.ModelListFullResult>)
System.Runtime.CompilerServices.AsyncTaskMethodBuilder`1<AiEditorToolsSdk.Components.Common.Responses.Wrappers.OperationResult`1<AiEditorToolsSdk.Components.GenerativeModels.Responses.ModelListV2.ModelListFullResult>>:SetResult (AiEditorToolsSdk.Components.Common.Responses.Wrappers.OperationResult`1<AiEditorToolsSdk.Components.GenerativeModels.Responses.ModelListV2.ModelListFullResult>)
AiEditorToolsSdk.Components.GenerativeModels.GenerativeModelsComponentV2/<GetModelsAsync>d__5:MoveNext ()
System.Runtime.CompilerServices.AsyncMethodBuilderCore/MoveNextRunner:InvokeMoveNext (object)
System.Threading.ExecutionContext:RunInternal (System.Threading.ExecutionContext,System.Threading.ContextCallback,object,bool)
System.Threading.ExecutionContext:Run (System.Threading.ExecutionContext,System.Threading.ContextCallback,object,bool)
System.Runtime.CompilerServices.AsyncMethodBuilderCore/MoveNextRunner:Run ()
System.Threading.Tasks.AwaitTaskContinuation:InvokeAction (object)
System.Threading.Tasks.AwaitTaskContinuation:RunCallback (System.Threading.ContextCallback,object,System.Threading.Tasks.Task&)
System.Threading.Tasks.SynchronizationContextAwaitTaskContinuation:Run (System.Threading.Tasks.Task,bool)
System.Threading.Tasks.Task:FinishContinuations ()
System.Threading.Tasks.Task:FinishStageThree ()
System.Threading.Tasks.Task`1<AiEditorToolsSdk.Components.Common.Responses.Wrappers.OperationResult`1<AiEditorToolsSdk.Components.GenerativeModels.Responses.ModelListV2.ModelListFullResult>>:TrySetResult (AiEditorToolsSdk.Components.Common.Responses.Wrappers.OperationResult`1<AiEditorToolsSdk.Components.GenerativeModels.Responses.ModelListV2.ModelListFullResult>)
System.Runtime.CompilerServices.AsyncTaskMethodBuilder`1<AiEditorToolsSdk.Components.Common.Responses.Wrappers.OperationResult`1<AiEditorToolsSdk.Components.GenerativeModels.Responses.ModelListV2.ModelListFullResult>>:SetResult (AiEditorToolsSdk.Components.Common.Responses.Wrappers.OperationResult`1<AiEditorToolsSdk.Components.GenerativeModels.Responses.ModelListV2.ModelListFullResult>)
AiEditorToolsSdk.Application.InternalServices.SdkOperation.SdkOperationService/<ExecuteRequest>d__4`1<AiEditorToolsSdk.Components.GenerativeModels.Responses.ModelListV2.ModelListFullResult>:MoveNext ()
System.Runtime.CompilerServices.AsyncMethodBuilderCore/MoveNextRunner:InvokeMoveNext (object)
System.Threading.ExecutionContext:RunInternal (System.Threading.ExecutionContext,System.Threading.ContextCallback,object,bool)
System.Threading.ExecutionContext:Run (System.Threading.ExecutionContext,System.Threading.ContextCallback,object,bool)
System.Runtime.CompilerServices.AsyncMethodBuilderCore/MoveNextRunner:Run ()
System.Threading.Tasks.AwaitTaskContinuation:InvokeAction (object)
System.Threading.Tasks.AwaitTaskContinuation:RunCallback (System.Threading.ContextCallback,object,System.Threading.Tasks.Task&)
System.Threading.Tasks.SynchronizationContextAwaitTaskContinuation:Run (System.Threading.Tasks.Task,bool)
System.Threading.Tasks.Task:FinishContinuations ()
System.Threading.Tasks.Task:FinishStageThree ()
System.Threading.Tasks.Task`1<AiEditorToolsSdk.Components.Common.Responses.Wrappers.OperationResult`1<AiEditorToolsSdk.Components.GenerativeModels.Responses.ModelListV2.ModelListFullResult>>:TrySetResult (AiEditorToolsSdk.Components.Common.Responses.Wrappers.OperationResult`1<AiEditorToolsSdk.Components.GenerativeModels.Responses.ModelListV2.ModelListFullResult>)
System.Runtime.CompilerServices.AsyncTaskMethodBuilder`1<AiEditorToolsSdk.Components.Common.Responses.Wrappers.OperationResult`1<AiEditorToolsSdk.Components.GenerativeModels.Responses.ModelListV2.ModelListFullResult>>:SetResult (AiEditorToolsSdk.Components.Common.Responses.Wrappers.OperationResult`1<AiEditorToolsSdk.Components.GenerativeModels.Responses.ModelListV2.ModelListFullResult>)
AiEditorToolsSdk.Application.Gateways.GenerativeModels.V2.GenerativeModelsGatewayV2/<GetModelsAsync>d__4:MoveNext ()
System.Runtime.CompilerServices.AsyncMethodBuilderCore/MoveNextRunner:InvokeMoveNext (object)
System.Threading.ExecutionContext:RunInternal (System.Threading.ExecutionContext,System.Threading.ContextCallback,object,bool)
System.Threading.ExecutionContext:Run (System.Threading.ExecutionContext,System.Threading.ContextCallback,object,bool)
System.Runtime.CompilerServices.AsyncMethodBuilderCore/MoveNextRunner:Run ()
System.Threading.Tasks.AwaitTaskContinuation:InvokeAction (object)
System.Threading.Tasks.AwaitTaskContinuation:RunCallback (System.Threading.ContextCallback,object,System.Threading.Tasks.Task&)
System.Threading.Tasks.SynchronizationContextAwaitTaskContinuation:Run (System.Threading.Tasks.Task,bool)
System.Threading.Tasks.Task:FinishContinuations ()
System.Threading.Tasks.Task:FinishStageThree ()
System.Threading.Tasks.Task`1<AiEditorToolsSdk.Domain.Core.Results.Result`2<SuperProxyClientV1Namespace.ModelListFullResponse, AiEditorToolsSdk.Domain.Core.Errors.ApiError>>:TrySetResult (AiEditorToolsSdk.Domain.Core.Results.Result`2<SuperProxyClientV1Namespace.ModelListFullResponse, AiEditorToolsSdk.Domain.Core.Errors.ApiError>)
System.Runtime.CompilerServices.AsyncTaskMethodBuilder`1<AiEditorToolsSdk.Domain.Core.Results.Result`2<SuperProxyClientV1Namespace.ModelListFullResponse, AiEditorToolsSdk.Domain.Core.Errors.ApiError>>:SetResult (AiEditorToolsSdk.Domain.Core.Results.Result`2<SuperProxyClientV1Namespace.ModelListFullResponse, AiEditorToolsSdk.Domain.Core.Errors.ApiError>)
AiEditorToolsSdk.Application.InternalServices.ApiClientProcessor.ApiClientProcessorService/<ProcessApiRequest>d__5`1<SuperProxyClientV1Namespace.ModelListFullResponse>:MoveNext ()
System.Runtime.CompilerServices.AsyncMethodBuilderCore/MoveNextRunner:InvokeMoveNext (object)
System.Threading.ExecutionContext:RunInternal (System.Threading.ExecutionContext,System.Threading.ContextCallback,object,bool)
System.Threading.ExecutionContext:Run (System.Threading.ExecutionContext,System.Threading.ContextCallback,object,bool)
System.Runtime.CompilerServices.AsyncMethodBuilderCore/MoveNextRunner:Run ()
System.Threading.Tasks.AwaitTaskContinuation:InvokeAction (object)
System.Threading.Tasks.AwaitTaskContinuation:RunCallback (System.Threading.ContextCallback,object,System.Threading.Tasks.Task&)
System.Threading.Tasks.SynchronizationContextAwaitTaskContinuation:Run (System.Threading.Tasks.Task,bool)
System.Threading.Tasks.Task:FinishContinuations ()
System.Threading.Tasks.Task:FinishStageThree ()
System.Threading.Tasks.Task`1<AiEditorToolsSdk.Domain.Core.Results.Result`2<SuperProxyClientV1Namespace.ModelListFullResponse, AiEditorToolsSdk.Domain.Core.Errors.ApiError>>:TrySetResult (AiEditorToolsSdk.Domain.Core.Results.Result`2<SuperProxyClientV1Namespace.ModelListFullResponse, AiEditorToolsSdk.Domain.Core.Errors.ApiError>)
System.Runtime.CompilerServices.AsyncTaskMethodBuilder`1<AiEditorToolsSdk.Domain.Core.Results.Result`2<SuperProxyClientV1Namespace.ModelListFullResponse, AiEditorToolsSdk.Domain.Core.Errors.ApiError>>:SetResult (AiEditorToolsSdk.Domain.Core.Results.Result`2<SuperProxyClientV1Namespace.ModelListFullResponse, AiEditorToolsSdk.Domain.Core.Errors.ApiError>)
AiEditorToolsSdk.Application.InternalServices.ApiClientProcessor.ApiClientProcessorService/<ProcessApiRequestImpl>d__6`1<SuperProxyClientV1Namespace.ModelListFullResponse>:MoveNext ()
System.Runtime.CompilerServices.AsyncMethodBuilderCore/MoveNextRunner:InvokeMoveNext (object)
System.Threading.ExecutionContext:RunInternal (System.Threading.ExecutionContext,System.Threading.ContextCallback,object,bool)
System.Threading.ExecutionContext:Run (System.Threading.ExecutionContext,System.Threading.ContextCallback,object,bool)
System.Runtime.CompilerServices.AsyncMethodBuilderCore/MoveNextRunner:Run ()
System.Threading.Tasks.AwaitTaskContinuation:InvokeAction (object)
System.Threading.Tasks.AwaitTaskContinuation:RunCallback (System.Threading.ContextCallback,object,System.Threading.Tasks.Task&)
System.Threading.Tasks.SynchronizationContextAwaitTaskContinuation:Run (System.Threading.Tasks.Task,bool)
System.Threading.Tasks.Task:FinishContinuations ()
System.Threading.Tasks.Task:FinishStageThree ()
System.Threading.Tasks.Task:FinishStageTwo ()
System.Threading.Tasks.Task:Finish (bool)
System.Threading.Tasks.Task:TrySetException (object)
System.Runtime.CompilerServices.AsyncTaskMethodBuilder`1<SuperProxyClientV1Namespace.ModelListFullResponse>:SetException (System.Exception)
AiEditorToolsSdk.Application.Gateways.GenerativeModels.V2.GenerativeModelsGatewayV2/<>c__DisplayClass4_0/<<GetModelsAsync>b__0>d:MoveNext ()
System.Runtime.CompilerServices.AsyncMethodBuilderCore/MoveNextRunner:InvokeMoveNext (object)
System.Threading.ExecutionContext:RunInternal (System.Threading.ExecutionContext,System.Threading.ContextCallback,object,bool)
System.Threading.ExecutionContext:Run (System.Threading.ExecutionContext,System.Threading.ContextCallback,object,bool)
System.Runtime.CompilerServices.AsyncMethodBuilderCore/MoveNextRunner:Run ()
System.Threading.Tasks.SynchronizationContextAwaitTaskContinuation/<>c:<.cctor>b__7_0 (object)
UnityEngine.UnitySynchronizationContext/WorkRequest:Invoke ()
UnityEngine.UnitySynchronizationContext:Exec ()
UnityEngine.UnitySynchronizationContext:ExecuteTasks ()

(Filename: ./Library/PackageCache/com.unity.ai.assistant@c0127625258e/Modules/Unity.AI.ModelSelector/Services/Stores/Actions/ModelSelectorSuperProxyActions.cs Line: 495)

Error reason is 'NoSubscription' and no additional error information was provided (https://generators.ai.unity.com).
UnityEngine.Debug:ExtractStackTraceNoAlloc (byte*,int,string)
UnityEngine.StackTraceUtility:ExtractStackTrace ()
UnityEngine.DebugLogHandler:Internal_Log (UnityEngine.LogType,UnityEngine.LogOption,string,UnityEngine.Object)
UnityEngine.DebugLogHandler:LogFormat (UnityEngine.LogType,UnityEngine.Object,string,object[])
UnityEngine.Logger:Log (UnityEngine.LogType,object)
UnityEngine.Debug:Log (object)
Unity.AI.ModelSelector.Services.Stores.Actions.ModelSelectorSuperProxyActions/<>c/<<-cctor>b__8_0>d:MoveNext () (at ./Library/PackageCache/com.unity.ai.assistant@c0127625258e/Modules/Unity.AI.ModelSelector/Services/Stores/Actions/ModelSelectorSuperProxyActions.cs:495)
System.Runtime.CompilerServices.AsyncMethodBuilderCore/MoveNextRunner:InvokeMoveNext (object)
System.Threading.ExecutionContext:RunInternal (System.Threading.ExecutionContext,System.Threading.ContextCallback,object,bool)
System.Threading.ExecutionContext:Run (System.Threading.ExecutionContext,System.Threading.ContextCallback,object,bool)
System.Runtime.CompilerServices.AsyncMethodBuilderCore/MoveNextRunner:Run ()
System.Threading.Tasks.AwaitTaskContinuation:InvokeAction (object)
System.Threading.Tasks.AwaitTaskContinuation:RunCallback (System.Threading.ContextCallback,object,System.Threading.Tasks.Task&)
System.Threading.Tasks.SynchronizationContextAwaitTaskContinuation:Run (System.Threading.Tasks.Task,bool)
System.Threading.Tasks.Task:FinishContinuations ()
System.Threading.Tasks.Task:FinishStageThree ()
System.Threading.Tasks.Task`1<AiEditorToolsSdk.Components.Common.Responses.Wrappers.OperationResult`1<AiEditorToolsSdk.Components.GenerativeModels.Responses.ModelListV2.ModelListFullResult>>:TrySetResult (AiEditorToolsSdk.Components.Common.Responses.Wrappers.OperationResult`1<AiEditorToolsSdk.Components.GenerativeModels.Responses.ModelListV2.ModelListFullResult>)
System.Runtime.CompilerServices.AsyncTaskMethodBuilder`1<AiEditorToolsSdk.Components.Common.Responses.Wrappers.OperationResult`1<AiEditorToolsSdk.Components.GenerativeModels.Responses.ModelListV2.ModelListFullResult>>:SetResult (AiEditorToolsSdk.Components.Common.Responses.Wrappers.OperationResult`1<AiEditorToolsSdk.Components.GenerativeModels.Responses.ModelListV2.ModelListFullResult>)
AiEditorToolsSdk.Components.GenerativeModels.GenerativeModelsComponentV2/<GetModelsAsync>d__5:MoveNext ()
System.Runtime.CompilerServices.AsyncMethodBuilderCore/MoveNextRunner:InvokeMoveNext (object)
System.Threading.ExecutionContext:RunInternal (System.Threading.ExecutionContext,System.Threading.ContextCallback,object,bool)
System.Threading.ExecutionContext:Run (System.Threading.ExecutionContext,System.Threading.ContextCallback,object,bool)
System.Runtime.CompilerServices.AsyncMethodBuilderCore/MoveNextRunner:Run ()
System.Threading.Tasks.AwaitTaskContinuation:InvokeAction (object)
System.Threading.Tasks.AwaitTaskContinuation:RunCallback (System.Threading.ContextCallback,object,System.Threading.Tasks.Task&)
System.Threading.Tasks.SynchronizationContextAwaitTaskContinuation:Run (System.Threading.Tasks.Task,bool)
System.Threading.Tasks.Task:FinishContinuations ()
System.Threading.Tasks.Task:FinishStageThree ()
System.Threading.Tasks.Task`1<AiEditorToolsSdk.Components.Common.Responses.Wrappers.OperationResult`1<AiEditorToolsSdk.Components.GenerativeModels.Responses.ModelListV2.ModelListFullResult>>:TrySetResult (AiEditorToolsSdk.Components.Common.Responses.Wrappers.OperationResult`1<AiEditorToolsSdk.Components.GenerativeModels.Responses.ModelListV2.ModelListFullResult>)
System.Runtime.CompilerServices.AsyncTaskMethodBuilder`1<AiEditorToolsSdk.Components.Common.Responses.Wrappers.OperationResult`1<AiEditorToolsSdk.Components.GenerativeModels.Responses.ModelListV2.ModelListFullResult>>:SetResult (AiEditorToolsSdk.Components.Common.Responses.Wrappers.OperationResult`1<AiEditorToolsSdk.Components.GenerativeModels.Responses.ModelListV2.ModelListFullResult>)
AiEditorToolsSdk.Application.InternalServices.SdkOperation.SdkOperationService/<ExecuteRequest>d__4`1<AiEditorToolsSdk.Components.GenerativeModels.Responses.ModelListV2.ModelListFullResult>:MoveNext ()
System.Runtime.CompilerServices.AsyncMethodBuilderCore/MoveNextRunner:InvokeMoveNext (object)
System.Threading.ExecutionContext:RunInternal (System.Threading.ExecutionContext,System.Threading.ContextCallback,object,bool)
System.Threading.ExecutionContext:Run (System.Threading.ExecutionContext,System.Threading.ContextCallback,object,bool)
System.Runtime.CompilerServices.AsyncMethodBuilderCore/MoveNextRunner:Run ()
System.Threading.Tasks.AwaitTaskContinuation:InvokeAction (object)
System.Threading.Tasks.AwaitTaskContinuation:RunCallback (System.Threading.ContextCallback,object,System.Threading.Tasks.Task&)
System.Threading.Tasks.SynchronizationContextAwaitTaskContinuation:Run (System.Threading.Tasks.Task,bool)
System.Threading.Tasks.Task:FinishContinuations ()
System.Threading.Tasks.Task:FinishStageThree ()
System.Threading.Tasks.Task`1<AiEditorToolsSdk.Components.Common.Responses.Wrappers.OperationResult`1<AiEditorToolsSdk.Components.GenerativeModels.Responses.ModelListV2.ModelListFullResult>>:TrySetResult (AiEditorToolsSdk.Components.Common.Responses.Wrappers.OperationResult`1<AiEditorToolsSdk.Components.GenerativeModels.Responses.ModelListV2.ModelListFullResult>)
System.Runtime.CompilerServices.AsyncTaskMethodBuilder`1<AiEditorToolsSdk.Components.Common.Responses.Wrappers.OperationResult`1<AiEditorToolsSdk.Components.GenerativeModels.Responses.ModelListV2.ModelListFullResult>>:SetResult (AiEditorToolsSdk.Components.Common.Responses.Wrappers.OperationResult`1<AiEditorToolsSdk.Components.GenerativeModels.Responses.ModelListV2.ModelListFullResult>)
AiEditorToolsSdk.Application.Gateways.GenerativeModels.V2.GenerativeModelsGatewayV2/<GetModelsAsync>d__4:MoveNext ()
System.Runtime.CompilerServices.AsyncMethodBuilderCore/MoveNextRunner:InvokeMoveNext (object)
System.Threading.ExecutionContext:RunInternal (System.Threading.ExecutionContext,System.Threading.ContextCallback,object,bool)
System.Threading.ExecutionContext:Run (System.Threading.ExecutionContext,System.Threading.ContextCallback,object,bool)
System.Runtime.CompilerServices.AsyncMethodBuilderCore/MoveNextRunner:Run ()
System.Threading.Tasks.AwaitTaskContinuation:InvokeAction (object)
System.Threading.Tasks.AwaitTaskContinuation:RunCallback (System.Threading.ContextCallback,object,System.Threading.Tasks.Task&)
System.Threading.Tasks.SynchronizationContextAwaitTaskContinuation:Run (System.Threading.Tasks.Task,bool)
System.Threading.Tasks.Task:FinishContinuations ()
System.Threading.Tasks.Task:FinishStageThree ()
System.Threading.Tasks.Task`1<AiEditorToolsSdk.Domain.Core.Results.Result`2<SuperProxyClientV1Namespace.ModelListFullResponse, AiEditorToolsSdk.Domain.Core.Errors.ApiError>>:TrySetResult (AiEditorToolsSdk.Domain.Core.Results.Result`2<SuperProxyClientV1Namespace.ModelListFullResponse, AiEditorToolsSdk.Domain.Core.Errors.ApiError>)
System.Runtime.CompilerServices.AsyncTaskMethodBuilder`1<AiEditorToolsSdk.Domain.Core.Results.Result`2<SuperProxyClientV1Namespace.ModelListFullResponse, AiEditorToolsSdk.Domain.Core.Errors.ApiError>>:SetResult (AiEditorToolsSdk.Domain.Core.Results.Result`2<SuperProxyClientV1Namespace.ModelListFullResponse, AiEditorToolsSdk.Domain.Core.Errors.ApiError>)
AiEditorToolsSdk.Application.InternalServices.ApiClientProcessor.ApiClientProcessorService/<ProcessApiRequest>d__5`1<SuperProxyClientV1Namespace.ModelListFullResponse>:MoveNext ()
System.Runtime.CompilerServices.AsyncMethodBuilderCore/MoveNextRunner:InvokeMoveNext (object)
System.Threading.ExecutionContext:RunInternal (System.Threading.ExecutionContext,System.Threading.ContextCallback,object,bool)
System.Threading.ExecutionContext:Run (System.Threading.ExecutionContext,System.Threading.ContextCallback,object,bool)
System.Runtime.CompilerServices.AsyncMethodBuilderCore/MoveNextRunner:Run ()
System.Threading.Tasks.AwaitTaskContinuation:InvokeAction (object)
System.Threading.Tasks.AwaitTaskContinuation:RunCallback (System.Threading.ContextCallback,object,System.Threading.Tasks.Task&)
System.Threading.Tasks.SynchronizationContextAwaitTaskContinuation:Run (System.Threading.Tasks.Task,bool)
System.Threading.Tasks.Task:FinishContinuations ()
System.Threading.Tasks.Task:FinishStageThree ()
System.Threading.Tasks.Task`1<AiEditorToolsSdk.Domain.Core.Results.Result`2<SuperProxyClientV1Namespace.ModelListFullResponse, AiEditorToolsSdk.Domain.Core.Errors.ApiError>>:TrySetResult (AiEditorToolsSdk.Domain.Core.Results.Result`2<SuperProxyClientV1Namespace.ModelListFullResponse, AiEditorToolsSdk.Domain.Core.Errors.ApiError>)
System.Runtime.CompilerServices.AsyncTaskMethodBuilder`1<AiEditorToolsSdk.Domain.Core.Results.Result`2<SuperProxyClientV1Namespace.ModelListFullResponse, AiEditorToolsSdk.Domain.Core.Errors.ApiError>>:SetResult (AiEditorToolsSdk.Domain.Core.Results.Result`2<SuperProxyClientV1Namespace.ModelListFullResponse, AiEditorToolsSdk.Domain.Core.Errors.ApiError>)
AiEditorToolsSdk.Application.InternalServices.ApiClientProcessor.ApiClientProcessorService/<ProcessApiRequestImpl>d__6`1<SuperProxyClientV1Namespace.ModelListFullResponse>:MoveNext ()
System.Runtime.CompilerServices.AsyncMethodBuilderCore/MoveNextRunner:InvokeMoveNext (object)
System.Threading.ExecutionContext:RunInternal (System.Threading.ExecutionContext,System.Threading.ContextCallback,object,bool)
System.Threading.ExecutionContext:Run (System.Threading.ExecutionContext,System.Threading.ContextCallback,object,bool)
System.Runtime.CompilerServices.AsyncMethodBuilderCore/MoveNextRunner:Run ()
System.Threading.Tasks.AwaitTaskContinuation:InvokeAction (object)
System.Threading.Tasks.AwaitTaskContinuation:RunCallback (System.Threading.ContextCallback,object,System.Threading.Tasks.Task&)
System.Threading.Tasks.SynchronizationContextAwaitTaskContinuation:Run (System.Threading.Tasks.Task,bool)
System.Threading.Tasks.Task:FinishContinuations ()
System.Threading.Tasks.Task:FinishStageThree ()
System.Threading.Tasks.Task:FinishStageTwo ()
System.Threading.Tasks.Task:Finish (bool)
System.Threading.Tasks.Task:TrySetException (object)
System.Runtime.CompilerServices.AsyncTaskMethodBuilder`1<SuperProxyClientV1Namespace.ModelListFullResponse>:SetException (System.Exception)
AiEditorToolsSdk.Application.Gateways.GenerativeModels.V2.GenerativeModelsGatewayV2/<>c__DisplayClass4_0/<<GetModelsAsync>b__0>d:MoveNext ()
System.Runtime.CompilerServices.AsyncMethodBuilderCore/MoveNextRunner:InvokeMoveNext (object)
System.Threading.ExecutionContext:RunInternal (System.Threading.ExecutionContext,System.Threading.ContextCallback,object,bool)
System.Threading.ExecutionContext:Run (System.Threading.ExecutionContext,System.Threading.ContextCallback,object,bool)
System.Runtime.CompilerServices.AsyncMethodBuilderCore/MoveNextRunner:Run ()
System.Threading.Tasks.SynchronizationContextAwaitTaskContinuation/<>c:<.cctor>b__7_0 (object)
UnityEngine.UnitySynchronizationContext/WorkRequest:Invoke ()
UnityEngine.UnitySynchronizationContext:Exec ()
UnityEngine.UnitySynchronizationContext:ExecuteTasks ()

(Filename: ./Library/PackageCache/com.unity.ai.assistant@c0127625258e/Modules/Unity.AI.ModelSelector/Services/Stores/Actions/ModelSelectorSuperProxyActions.cs Line: 495)

Error reason is 'NoSubscription' and no additional error information was provided (https://generators.ai.unity.com).
UnityEngine.Debug:ExtractStackTraceNoAlloc (byte*,int,string)
UnityEngine.StackTraceUtility:ExtractStackTrace ()
UnityEngine.DebugLogHandler:Internal_Log (UnityEngine.LogType,UnityEngine.LogOption,string,UnityEngine.Object)
UnityEngine.DebugLogHandler:LogFormat (UnityEngine.LogType,UnityEngine.Object,string,object[])
UnityEngine.Logger:Log (UnityEngine.LogType,object)
UnityEngine.Debug:Log (object)
Unity.AI.ModelSelector.Services.Stores.Actions.ModelSelectorSuperProxyActions/<>c/<<-cctor>b__8_0>d:MoveNext () (at ./Library/PackageCache/com.unity.ai.assistant@c0127625258e/Modules/Unity.AI.ModelSelector/Services/Stores/Actions/ModelSelectorSuperProxyActions.cs:495)
System.Runtime.CompilerServices.AsyncMethodBuilderCore/MoveNextRunner:InvokeMoveNext (object)
System.Threading.ExecutionContext:RunInternal (System.Threading.ExecutionContext,System.Threading.ContextCallback,object,bool)
System.Threading.ExecutionContext:Run (System.Threading.ExecutionContext,System.Threading.ContextCallback,object,bool)
System.Runtime.CompilerServices.AsyncMethodBuilderCore/MoveNextRunner:Run ()
System.Threading.Tasks.AwaitTaskContinuation:InvokeAction (object)
System.Threading.Tasks.AwaitTaskContinuation:RunCallback (System.Threading.ContextCallback,object,System.Threading.Tasks.Task&)
System.Threading.Tasks.SynchronizationContextAwaitTaskContinuation:Run (System.Threading.Tasks.Task,bool)
System.Threading.Tasks.Task:FinishContinuations ()
System.Threading.Tasks.Task:FinishStageThree ()
System.Threading.Tasks.Task`1<AiEditorToolsSdk.Components.Common.Responses.Wrappers.OperationResult`1<AiEditorToolsSdk.Components.GenerativeModels.Responses.ModelListV2.ModelListFullResult>>:TrySetResult (AiEditorToolsSdk.Components.Common.Responses.Wrappers.OperationResult`1<AiEditorToolsSdk.Components.GenerativeModels.Responses.ModelListV2.ModelListFullResult>)
System.Runtime.CompilerServices.AsyncTaskMethodBuilder`1<AiEditorToolsSdk.Components.Common.Responses.Wrappers.OperationResult`1<AiEditorToolsSdk.Components.GenerativeModels.Responses.ModelListV2.ModelListFullResult>>:SetResult (AiEditorToolsSdk.Components.Common.Responses.Wrappers.OperationResult`1<AiEditorToolsSdk.Components.GenerativeModels.Responses.ModelListV2.ModelListFullResult>)
AiEditorToolsSdk.Components.GenerativeModels.GenerativeModelsComponentV2/<GetModelsAsync>d__5:MoveNext ()
System.Runtime.CompilerServices.AsyncMethodBuilderCore/MoveNextRunner:InvokeMoveNext (object)
System.Threading.ExecutionContext:RunInternal (System.Threading.ExecutionContext,System.Threading.ContextCallback,object,bool)
System.Threading.ExecutionContext:Run (System.Threading.ExecutionContext,System.Threading.ContextCallback,object,bool)
System.Runtime.CompilerServices.AsyncMethodBuilderCore/MoveNextRunner:Run ()
System.Threading.Tasks.AwaitTaskContinuation:InvokeAction (object)
System.Threading.Tasks.AwaitTaskContinuation:RunCallback (System.Threading.ContextCallback,object,System.Threading.Tasks.Task&)
System.Threading.Tasks.SynchronizationContextAwaitTaskContinuation:Run (System.Threading.Tasks.Task,bool)
System.Threading.Tasks.Task:FinishContinuations ()
System.Threading.Tasks.Task:FinishStageThree ()
System.Threading.Tasks.Task`1<AiEditorToolsSdk.Components.Common.Responses.Wrappers.OperationResult`1<AiEditorToolsSdk.Components.GenerativeModels.Responses.ModelListV2.ModelListFullResult>>:TrySetResult (AiEditorToolsSdk.Components.Common.Responses.Wrappers.OperationResult`1<AiEditorToolsSdk.Components.GenerativeModels.Responses.ModelListV2.ModelListFullResult>)
System.Runtime.CompilerServices.AsyncTaskMethodBuilder`1<AiEditorToolsSdk.Components.Common.Responses.Wrappers.OperationResult`1<AiEditorToolsSdk.Components.GenerativeModels.Responses.ModelListV2.ModelListFullResult>>:SetResult (AiEditorToolsSdk.Components.Common.Responses.Wrappers.OperationResult`1<AiEditorToolsSdk.Components.GenerativeModels.Responses.ModelListV2.ModelListFullResult>)
AiEditorToolsSdk.Application.InternalServices.SdkOperation.SdkOperationService/<ExecuteRequest>d__4`1<AiEditorToolsSdk.Components.GenerativeModels.Responses.ModelListV2.ModelListFullResult>:MoveNext ()
System.Runtime.CompilerServices.AsyncMethodBuilderCore/MoveNextRunner:InvokeMoveNext (object)
System.Threading.ExecutionContext:RunInternal (System.Threading.ExecutionContext,System.Threading.ContextCallback,object,bool)
System.Threading.ExecutionContext:Run (System.Threading.ExecutionContext,System.Threading.ContextCallback,object,bool)
System.Runtime.CompilerServices.AsyncMethodBuilderCore/MoveNextRunner:Run ()
System.Threading.Tasks.AwaitTaskContinuation:InvokeAction (object)
System.Threading.Tasks.AwaitTaskContinuation:RunCallback (System.Threading.ContextCallback,object,System.Threading.Tasks.Task&)
System.Threading.Tasks.SynchronizationContextAwaitTaskContinuation:Run (System.Threading.Tasks.Task,bool)
System.Threading.Tasks.Task:FinishContinuations ()
System.Threading.Tasks.Task:FinishStageThree ()
System.Threading.Tasks.Task`1<AiEditorToolsSdk.Components.Common.Responses.Wrappers.OperationResult`1<AiEditorToolsSdk.Components.GenerativeModels.Responses.ModelListV2.ModelListFullResult>>:TrySetResult (AiEditorToolsSdk.Components.Common.Responses.Wrappers.OperationResult`1<AiEditorToolsSdk.Components.GenerativeModels.Responses.ModelListV2.ModelListFullResult>)
System.Runtime.CompilerServices.AsyncTaskMethodBuilder`1<AiEditorToolsSdk.Components.Common.Responses.Wrappers.OperationResult`1<AiEditorToolsSdk.Components.GenerativeModels.Responses.ModelListV2.ModelListFullResult>>:SetResult (AiEditorToolsSdk.Components.Common.Responses.Wrappers.OperationResult`1<AiEditorToolsSdk.Components.GenerativeModels.Responses.ModelListV2.ModelListFullResult>)
AiEditorToolsSdk.Application.Gateways.GenerativeModels.V2.GenerativeModelsGatewayV2/<GetModelsAsync>d__4:MoveNext ()
System.Runtime.CompilerServices.AsyncMethodBuilderCore/MoveNextRunner:InvokeMoveNext (object)
System.Threading.ExecutionContext:RunInternal (System.Threading.ExecutionContext,System.Threading.ContextCallback,object,bool)
System.Threading.ExecutionContext:Run (System.Threading.ExecutionContext,System.Threading.ContextCallback,object,bool)
System.Runtime.CompilerServices.AsyncMethodBuilderCore/MoveNextRunner:Run ()
System.Threading.Tasks.AwaitTaskContinuation:InvokeAction (object)
System.Threading.Tasks.AwaitTaskContinuation:RunCallback (System.Threading.ContextCallback,object,System.Threading.Tasks.Task&)
System.Threading.Tasks.SynchronizationContextAwaitTaskContinuation:Run (System.Threading.Tasks.Task,bool)
System.Threading.Tasks.Task:FinishContinuations ()
System.Threading.Tasks.Task:FinishStageThree ()
System.Threading.Tasks.Task`1<AiEditorToolsSdk.Domain.Core.Results.Result`2<SuperProxyClientV1Namespace.ModelListFullResponse, AiEditorToolsSdk.Domain.Core.Errors.ApiError>>:TrySetResult (AiEditorToolsSdk.Domain.Core.Results.Result`2<SuperProxyClientV1Namespace.ModelListFullResponse, AiEditorToolsSdk.Domain.Core.Errors.ApiError>)
System.Runtime.CompilerServices.AsyncTaskMethodBuilder`1<AiEditorToolsSdk.Domain.Core.Results.Result`2<SuperProxyClientV1Namespace.ModelListFullResponse, AiEditorToolsSdk.Domain.Core.Errors.ApiError>>:SetResult (AiEditorToolsSdk.Domain.Core.Results.Result`2<SuperProxyClientV1Namespace.ModelListFullResponse, AiEditorToolsSdk.Domain.Core.Errors.ApiError>)
AiEditorToolsSdk.Application.InternalServices.ApiClientProcessor.ApiClientProcessorService/<ProcessApiRequest>d__5`1<SuperProxyClientV1Namespace.ModelListFullResponse>:MoveNext ()
System.Runtime.CompilerServices.AsyncMethodBuilderCore/MoveNextRunner:InvokeMoveNext (object)
System.Threading.ExecutionContext:RunInternal (System.Threading.ExecutionContext,System.Threading.ContextCallback,object,bool)
System.Threading.ExecutionContext:Run (System.Threading.ExecutionContext,System.Threading.ContextCallback,object,bool)
System.Runtime.CompilerServices.AsyncMethodBuilderCore/MoveNextRunner:Run ()
System.Threading.Tasks.AwaitTaskContinuation:InvokeAction (object)
System.Threading.Tasks.AwaitTaskContinuation:RunCallback (System.Threading.ContextCallback,object,System.Threading.Tasks.Task&)
System.Threading.Tasks.SynchronizationContextAwaitTaskContinuation:Run (System.Threading.Tasks.Task,bool)
System.Threading.Tasks.Task:FinishContinuations ()
System.Threading.Tasks.Task:FinishStageThree ()
System.Threading.Tasks.Task`1<AiEditorToolsSdk.Domain.Core.Results.Result`2<SuperProxyClientV1Namespace.ModelListFullResponse, AiEditorToolsSdk.Domain.Core.Errors.ApiError>>:TrySetResult (AiEditorToolsSdk.Domain.Core.Results.Result`2<SuperProxyClientV1Namespace.ModelListFullResponse, AiEditorToolsSdk.Domain.Core.Errors.ApiError>)
System.Runtime.CompilerServices.AsyncTaskMethodBuilder`1<AiEditorToolsSdk.Domain.Core.Results.Result`2<SuperProxyClientV1Namespace.ModelListFullResponse, AiEditorToolsSdk.Domain.Core.Errors.ApiError>>:SetResult (AiEditorToolsSdk.Domain.Core.Results.Result`2<SuperProxyClientV1Namespace.ModelListFullResponse, AiEditorToolsSdk.Domain.Core.Errors.ApiError>)
AiEditorToolsSdk.Application.InternalServices.ApiClientProcessor.ApiClientProcessorService/<ProcessApiRequestImpl>d__6`1<SuperProxyClientV1Namespace.ModelListFullResponse>:MoveNext ()
System.Runtime.CompilerServices.AsyncMethodBuilderCore/MoveNextRunner:InvokeMoveNext (object)
System.Threading.ExecutionContext:RunInternal (System.Threading.ExecutionContext,System.Threading.ContextCallback,object,bool)
System.Threading.ExecutionContext:Run (System.Threading.ExecutionContext,System.Threading.ContextCallback,object,bool)
System.Runtime.CompilerServices.AsyncMethodBuilderCore/MoveNextRunner:Run ()
System.Threading.Tasks.AwaitTaskContinuation:InvokeAction (object)
System.Threading.Tasks.AwaitTaskContinuation:RunCallback (System.Threading.ContextCallback,object,System.Threading.Tasks.Task&)
System.Threading.Tasks.SynchronizationContextAwaitTaskContinuation:Run (System.Threading.Tasks.Task,bool)
System.Threading.Tasks.Task:FinishContinuations ()
System.Threading.Tasks.Task:FinishStageThree ()
System.Threading.Tasks.Task:FinishStageTwo ()
System.Threading.Tasks.Task:Finish (bool)
System.Threading.Tasks.Task:TrySetException (object)
System.Runtime.CompilerServices.AsyncTaskMethodBuilder`1<SuperProxyClientV1Namespace.ModelListFullResponse>:SetException (System.Exception)
AiEditorToolsSdk.Application.Gateways.GenerativeModels.V2.GenerativeModelsGatewayV2/<>c__DisplayClass4_0/<<GetModelsAsync>b__0>d:MoveNext ()
System.Runtime.CompilerServices.AsyncMethodBuilderCore/MoveNextRunner:InvokeMoveNext (object)
System.Threading.ExecutionContext:RunInternal (System.Threading.ExecutionContext,System.Threading.ContextCallback,object,bool)
System.Threading.ExecutionContext:Run (System.Threading.ExecutionContext,System.Threading.ContextCallback,object,bool)
System.Runtime.CompilerServices.AsyncMethodBuilderCore/MoveNextRunner:Run ()
System.Threading.Tasks.SynchronizationContextAwaitTaskContinuation/<>c:<.cctor>b__7_0 (object)
UnityEngine.UnitySynchronizationContext/WorkRequest:Invoke ()
UnityEngine.UnitySynchronizationContext:Exec ()
UnityEngine.UnitySynchronizationContext:ExecuteTasks ()

(Filename: ./Library/PackageCache/com.unity.ai.assistant@c0127625258e/Modules/Unity.AI.ModelSelector/Services/Stores/Actions/ModelSelectorSuperProxyActions.cs Line: 495)

Error reason is 'NoSubscription' and no additional error information was provided (https://generators.ai.unity.com).
UnityEngine.Debug:ExtractStackTraceNoAlloc (byte*,int,string)
UnityEngine.StackTraceUtility:ExtractStackTrace ()
UnityEngine.DebugLogHandler:Internal_Log (UnityEngine.LogType,UnityEngine.LogOption,string,UnityEngine.Object)
UnityEngine.DebugLogHandler:LogFormat (UnityEngine.LogType,UnityEngine.Object,string,object[])
UnityEngine.Logger:Log (UnityEngine.LogType,object)
UnityEngine.Debug:Log (object)
Unity.AI.ModelSelector.Services.Stores.Actions.ModelSelectorSuperProxyActions/<>c/<<-cctor>b__8_0>d:MoveNext () (at ./Library/PackageCache/com.unity.ai.assistant@c0127625258e/Modules/Unity.AI.ModelSelector/Services/Stores/Actions/ModelSelectorSuperProxyActions.cs:495)
System.Runtime.CompilerServices.AsyncMethodBuilderCore/MoveNextRunner:InvokeMoveNext (object)
System.Threading.ExecutionContext:RunInternal (System.Threading.ExecutionContext,System.Threading.ContextCallback,object,bool)
System.Threading.ExecutionContext:Run (System.Threading.ExecutionContext,System.Threading.ContextCallback,object,bool)
System.Runtime.CompilerServices.AsyncMethodBuilderCore/MoveNextRunner:Run ()
System.Threading.Tasks.AwaitTaskContinuation:InvokeAction (object)
System.Threading.Tasks.AwaitTaskContinuation:RunCallback (System.Threading.ContextCallback,object,System.Threading.Tasks.Task&)
System.Threading.Tasks.SynchronizationContextAwaitTaskContinuation:Run (System.Threading.Tasks.Task,bool)
System.Threading.Tasks.Task:FinishContinuations ()
System.Threading.Tasks.Task:FinishStageThree ()
System.Threading.Tasks.Task`1<AiEditorToolsSdk.Components.Common.Responses.Wrappers.OperationResult`1<AiEditorToolsSdk.Components.GenerativeModels.Responses.ModelListV2.ModelListFullResult>>:TrySetResult (AiEditorToolsSdk.Components.Common.Responses.Wrappers.OperationResult`1<AiEditorToolsSdk.Components.GenerativeModels.Responses.ModelListV2.ModelListFullResult>)
System.Runtime.CompilerServices.AsyncTaskMethodBuilder`1<AiEditorToolsSdk.Components.Common.Responses.Wrappers.OperationResult`1<AiEditorToolsSdk.Components.GenerativeModels.Responses.ModelListV2.ModelListFullResult>>:SetResult (AiEditorToolsSdk.Components.Common.Responses.Wrappers.OperationResult`1<AiEditorToolsSdk.Components.GenerativeModels.Responses.ModelListV2.ModelListFullResult>)
AiEditorToolsSdk.Components.GenerativeModels.GenerativeModelsComponentV2/<GetModelsAsync>d__5:MoveNext ()
System.Runtime.CompilerServices.AsyncMethodBuilderCore/MoveNextRunner:InvokeMoveNext (object)
System.Threading.ExecutionContext:RunInternal (System.Threading.ExecutionContext,System.Threading.ContextCallback,object,bool)
System.Threading.ExecutionContext:Run (System.Threading.ExecutionContext,System.Threading.ContextCallback,object,bool)
System.Runtime.CompilerServices.AsyncMethodBuilderCore/MoveNextRunner:Run ()
System.Threading.Tasks.AwaitTaskContinuation:InvokeAction (object)
System.Threading.Tasks.AwaitTaskContinuation:RunCallback (System.Threading.ContextCallback,object,System.Threading.Tasks.Task&)
System.Threading.Tasks.SynchronizationContextAwaitTaskContinuation:Run (System.Threading.Tasks.Task,bool)
System.Threading.Tasks.Task:FinishContinuations ()
System.Threading.Tasks.Task:FinishStageThree ()
System.Threading.Tasks.Task`1<AiEditorToolsSdk.Components.Common.Responses.Wrappers.OperationResult`1<AiEditorToolsSdk.Components.GenerativeModels.Responses.ModelListV2.ModelListFullResult>>:TrySetResult (AiEditorToolsSdk.Components.Common.Responses.Wrappers.OperationResult`1<AiEditorToolsSdk.Components.GenerativeModels.Responses.ModelListV2.ModelListFullResult>)
System.Runtime.CompilerServices.AsyncTaskMethodBuilder`1<AiEditorToolsSdk.Components.Common.Responses.Wrappers.OperationResult`1<AiEditorToolsSdk.Components.GenerativeModels.Responses.ModelListV2.ModelListFullResult>>:SetResult (AiEditorToolsSdk.Components.Common.Responses.Wrappers.OperationResult`1<AiEditorToolsSdk.Components.GenerativeModels.Responses.ModelListV2.ModelListFullResult>)
AiEditorToolsSdk.Application.InternalServices.SdkOperation.SdkOperationService/<ExecuteRequest>d__4`1<AiEditorToolsSdk.Components.GenerativeModels.Responses.ModelListV2.ModelListFullResult>:MoveNext ()
System.Runtime.CompilerServices.AsyncMethodBuilderCore/MoveNextRunner:InvokeMoveNext (object)
System.Threading.ExecutionContext:RunInternal (System.Threading.ExecutionContext,System.Threading.ContextCallback,object,bool)
System.Threading.ExecutionContext:Run (System.Threading.ExecutionContext,System.Threading.ContextCallback,object,bool)
System.Runtime.CompilerServices.AsyncMethodBuilderCore/MoveNextRunner:Run ()
System.Threading.Tasks.AwaitTaskContinuation:InvokeAction (object)
System.Threading.Tasks.AwaitTaskContinuation:RunCallback (System.Threading.ContextCallback,object,System.Threading.Tasks.Task&)
System.Threading.Tasks.SynchronizationContextAwaitTaskContinuation:Run (System.Threading.Tasks.Task,bool)
System.Threading.Tasks.Task:FinishContinuations ()
System.Threading.Tasks.Task:FinishStageThree ()
System.Threading.Tasks.Task`1<AiEditorToolsSdk.Components.Common.Responses.Wrappers.OperationResult`1<AiEditorToolsSdk.Components.GenerativeModels.Responses.ModelListV2.ModelListFullResult>>:TrySetResult (AiEditorToolsSdk.Components.Common.Responses.Wrappers.OperationResult`1<AiEditorToolsSdk.Components.GenerativeModels.Responses.ModelListV2.ModelListFullResult>)
System.Runtime.CompilerServices.AsyncTaskMethodBuilder`1<AiEditorToolsSdk.Components.Common.Responses.Wrappers.OperationResult`1<AiEditorToolsSdk.Components.GenerativeModels.Responses.ModelListV2.ModelListFullResult>>:SetResult (AiEditorToolsSdk.Components.Common.Responses.Wrappers.OperationResult`1<AiEditorToolsSdk.Components.GenerativeModels.Responses.ModelListV2.ModelListFullResult>)
AiEditorToolsSdk.Application.Gateways.GenerativeModels.V2.GenerativeModelsGatewayV2/<GetModelsAsync>d__4:MoveNext ()
System.Runtime.CompilerServices.AsyncMethodBuilderCore/MoveNextRunner:InvokeMoveNext (object)
System.Threading.ExecutionContext:RunInternal (System.Threading.ExecutionContext,System.Threading.ContextCallback,object,bool)
System.Threading.ExecutionContext:Run (System.Threading.ExecutionContext,System.Threading.ContextCallback,object,bool)
System.Runtime.CompilerServices.AsyncMethodBuilderCore/MoveNextRunner:Run ()
System.Threading.Tasks.AwaitTaskContinuation:InvokeAction (object)
System.Threading.Tasks.AwaitTaskContinuation:RunCallback (System.Threading.ContextCallback,object,System.Threading.Tasks.Task&)
System.Threading.Tasks.SynchronizationContextAwaitTaskContinuation:Run (System.Threading.Tasks.Task,bool)
System.Threading.Tasks.Task:FinishContinuations ()
System.Threading.Tasks.Task:FinishStageThree ()
System.Threading.Tasks.Task`1<AiEditorToolsSdk.Domain.Core.Results.Result`2<SuperProxyClientV1Namespace.ModelListFullResponse, AiEditorToolsSdk.Domain.Core.Errors.ApiError>>:TrySetResult (AiEditorToolsSdk.Domain.Core.Results.Result`2<SuperProxyClientV1Namespace.ModelListFullResponse, AiEditorToolsSdk.Domain.Core.Errors.ApiError>)
System.Runtime.CompilerServices.AsyncTaskMethodBuilder`1<AiEditorToolsSdk.Domain.Core.Results.Result`2<SuperProxyClientV1Namespace.ModelListFullResponse, AiEditorToolsSdk.Domain.Core.Errors.ApiError>>:SetResult (AiEditorToolsSdk.Domain.Core.Results.Result`2<SuperProxyClientV1Namespace.ModelListFullResponse, AiEditorToolsSdk.Domain.Core.Errors.ApiError>)
AiEditorToolsSdk.Application.InternalServices.ApiClientProcessor.ApiClientProcessorService/<ProcessApiRequest>d__5`1<SuperProxyClientV1Namespace.ModelListFullResponse>:MoveNext ()
System.Runtime.CompilerServices.AsyncMethodBuilderCore/MoveNextRunner:InvokeMoveNext (object)
System.Threading.ExecutionContext:RunInternal (System.Threading.ExecutionContext,System.Threading.ContextCallback,object,bool)
System.Threading.ExecutionContext:Run (System.Threading.ExecutionContext,System.Threading.ContextCallback,object,bool)
System.Runtime.CompilerServices.AsyncMethodBuilderCore/MoveNextRunner:Run ()
System.Threading.Tasks.AwaitTaskContinuation:InvokeAction (object)
System.Threading.Tasks.AwaitTaskContinuation:RunCallback (System.Threading.ContextCallback,object,System.Threading.Tasks.Task&)
System.Threading.Tasks.SynchronizationContextAwaitTaskContinuation:Run (System.Threading.Tasks.Task,bool)
System.Threading.Tasks.Task:FinishContinuations ()
System.Threading.Tasks.Task:FinishStageThree ()
System.Threading.Tasks.Task`1<AiEditorToolsSdk.Domain.Core.Results.Result`2<SuperProxyClientV1Namespace.ModelListFullResponse, AiEditorToolsSdk.Domain.Core.Errors.ApiError>>:TrySetResult (AiEditorToolsSdk.Domain.Core.Results.Result`2<SuperProxyClientV1Namespace.ModelListFullResponse, AiEditorToolsSdk.Domain.Core.Errors.ApiError>)
System.Runtime.CompilerServices.AsyncTaskMethodBuilder`1<AiEditorToolsSdk.Domain.Core.Results.Result`2<SuperProxyClientV1Namespace.ModelListFullResponse, AiEditorToolsSdk.Domain.Core.Errors.ApiError>>:SetResult (AiEditorToolsSdk.Domain.Core.Results.Result`2<SuperProxyClientV1Namespace.ModelListFullResponse, AiEditorToolsSdk.Domain.Core.Errors.ApiError>)
AiEditorToolsSdk.Application.InternalServices.ApiClientProcessor.ApiClientProcessorService/<ProcessApiRequestImpl>d__6`1<SuperProxyClientV1Namespace.ModelListFullResponse>:MoveNext ()
System.Runtime.CompilerServices.AsyncMethodBuilderCore/MoveNextRunner:InvokeMoveNext (object)
System.Threading.ExecutionContext:RunInternal (System.Threading.ExecutionContext,System.Threading.ContextCallback,object,bool)
System.Threading.ExecutionContext:Run (System.Threading.ExecutionContext,System.Threading.ContextCallback,object,bool)
System.Runtime.CompilerServices.AsyncMethodBuilderCore/MoveNextRunner:Run ()
System.Threading.Tasks.AwaitTaskContinuation:InvokeAction (object)
System.Threading.Tasks.AwaitTaskContinuation:RunCallback (System.Threading.ContextCallback,object,System.Threading.Tasks.Task&)
System.Threading.Tasks.SynchronizationContextAwaitTaskContinuation:Run (System.Threading.Tasks.Task,bool)
System.Threading.Tasks.Task:FinishContinuations ()
System.Threading.Tasks.Task:FinishStageThree ()
System.Threading.Tasks.Task:FinishStageTwo ()
System.Threading.Tasks.Task:Finish (bool)
System.Threading.Tasks.Task:TrySetException (object)
System.Runtime.CompilerServices.AsyncTaskMethodBuilder`1<SuperProxyClientV1Namespace.ModelListFullResponse>:SetException (System.Exception)
AiEditorToolsSdk.Application.Gateways.GenerativeModels.V2.GenerativeModelsGatewayV2/<>c__DisplayClass4_0/<<GetModelsAsync>b__0>d:MoveNext ()
System.Runtime.CompilerServices.AsyncMethodBuilderCore/MoveNextRunner:InvokeMoveNext (object)
System.Threading.ExecutionContext:RunInternal (System.Threading.ExecutionContext,System.Threading.ContextCallback,object,bool)
System.Threading.ExecutionContext:Run (System.Threading.ExecutionContext,System.Threading.ContextCallback,object,bool)
System.Runtime.CompilerServices.AsyncMethodBuilderCore/MoveNextRunner:Run ()
System.Threading.Tasks.SynchronizationContextAwaitTaskContinuation/<>c:<.cctor>b__7_0 (object)
UnityEngine.UnitySynchronizationContext/WorkRequest:Invoke ()
UnityEngine.UnitySynchronizationContext:Exec ()
UnityEngine.UnitySynchronizationContext:ExecuteTasks ()

(Filename: ./Library/PackageCache/com.unity.ai.assistant@c0127625258e/Modules/Unity.AI.ModelSelector/Services/Stores/Actions/ModelSelectorSuperProxyActions.cs Line: 495)

Error reason is 'NoSubscription' and no additional error information was provided (https://generators.ai.unity.com).
UnityEngine.Debug:ExtractStackTraceNoAlloc (byte*,int,string)
UnityEngine.StackTraceUtility:ExtractStackTrace ()
UnityEngine.DebugLogHandler:Internal_Log (UnityEngine.LogType,UnityEngine.LogOption,string,UnityEngine.Object)
UnityEngine.DebugLogHandler:LogFormat (UnityEngine.LogType,UnityEngine.Object,string,object[])
UnityEngine.Logger:Log (UnityEngine.LogType,object)
UnityEngine.Debug:Log (object)
Unity.AI.ModelSelector.Services.Stores.Actions.ModelSelectorSuperProxyActions/<>c/<<-cctor>b__8_0>d:MoveNext () (at ./Library/PackageCache/com.unity.ai.assistant@c0127625258e/Modules/Unity.AI.ModelSelector/Services/Stores/Actions/ModelSelectorSuperProxyActions.cs:495)
System.Runtime.CompilerServices.AsyncMethodBuilderCore/MoveNextRunner:InvokeMoveNext (object)
System.Threading.ExecutionContext:RunInternal (System.Threading.ExecutionContext,System.Threading.ContextCallback,object,bool)
System.Threading.ExecutionContext:Run (System.Threading.ExecutionContext,System.Threading.ContextCallback,object,bool)
System.Runtime.CompilerServices.AsyncMethodBuilderCore/MoveNextRunner:Run ()
System.Threading.Tasks.AwaitTaskContinuation:InvokeAction (object)
System.Threading.Tasks.AwaitTaskContinuation:RunCallback (System.Threading.ContextCallback,object,System.Threading.Tasks.Task&)
System.Threading.Tasks.SynchronizationContextAwaitTaskContinuation:Run (System.Threading.Tasks.Task,bool)
System.Threading.Tasks.Task:FinishContinuations ()
System.Threading.Tasks.Task:FinishStageThree ()
System.Threading.Tasks.Task`1<AiEditorToolsSdk.Components.Common.Responses.Wrappers.OperationResult`1<AiEditorToolsSdk.Components.GenerativeModels.Responses.ModelListV2.ModelListFullResult>>:TrySetResult (AiEditorToolsSdk.Components.Common.Responses.Wrappers.OperationResult`1<AiEditorToolsSdk.Components.GenerativeModels.Responses.ModelListV2.ModelListFullResult>)
System.Runtime.CompilerServices.AsyncTaskMethodBuilder`1<AiEditorToolsSdk.Components.Common.Responses.Wrappers.OperationResult`1<AiEditorToolsSdk.Components.GenerativeModels.Responses.ModelListV2.ModelListFullResult>>:SetResult (AiEditorToolsSdk.Components.Common.Responses.Wrappers.OperationResult`1<AiEditorToolsSdk.Components.GenerativeModels.Responses.ModelListV2.ModelListFullResult>)
AiEditorToolsSdk.Components.GenerativeModels.GenerativeModelsComponentV2/<GetModelsAsync>d__5:MoveNext ()
System.Runtime.CompilerServices.AsyncMethodBuilderCore/MoveNextRunner:InvokeMoveNext (object)
System.Threading.ExecutionContext:RunInternal (System.Threading.ExecutionContext,System.Threading.ContextCallback,object,bool)
System.Threading.ExecutionContext:Run (System.Threading.ExecutionContext,System.Threading.ContextCallback,object,bool)
System.Runtime.CompilerServices.AsyncMethodBuilderCore/MoveNextRunner:Run ()
System.Threading.Tasks.AwaitTaskContinuation:InvokeAction (object)
System.Threading.Tasks.AwaitTaskContinuation:RunCallback (System.Threading.ContextCallback,object,System.Threading.Tasks.Task&)
System.Threading.Tasks.SynchronizationContextAwaitTaskContinuation:Run (System.Threading.Tasks.Task,bool)
System.Threading.Tasks.Task:FinishContinuations ()
System.Threading.Tasks.Task:FinishStageThree ()
System.Threading.Tasks.Task`1<AiEditorToolsSdk.Components.Common.Responses.Wrappers.OperationResult`1<AiEditorToolsSdk.Components.GenerativeModels.Responses.ModelListV2.ModelListFullResult>>:TrySetResult (AiEditorToolsSdk.Components.Common.Responses.Wrappers.OperationResult`1<AiEditorToolsSdk.Components.GenerativeModels.Responses.ModelListV2.ModelListFullResult>)
System.Runtime.CompilerServices.AsyncTaskMethodBuilder`1<AiEditorToolsSdk.Components.Common.Responses.Wrappers.OperationResult`1<AiEditorToolsSdk.Components.GenerativeModels.Responses.ModelListV2.ModelListFullResult>>:SetResult (AiEditorToolsSdk.Components.Common.Responses.Wrappers.OperationResult`1<AiEditorToolsSdk.Components.GenerativeModels.Responses.ModelListV2.ModelListFullResult>)
AiEditorToolsSdk.Application.InternalServices.SdkOperation.SdkOperationService/<ExecuteRequest>d__4`1<AiEditorToolsSdk.Components.GenerativeModels.Responses.ModelListV2.ModelListFullResult>:MoveNext ()
System.Runtime.CompilerServices.AsyncMethodBuilderCore/MoveNextRunner:InvokeMoveNext (object)
System.Threading.ExecutionContext:RunInternal (System.Threading.ExecutionContext,System.Threading.ContextCallback,object,bool)
System.Threading.ExecutionContext:Run (System.Threading.ExecutionContext,System.Threading.ContextCallback,object,bool)
System.Runtime.CompilerServices.AsyncMethodBuilderCore/MoveNextRunner:Run ()
System.Threading.Tasks.AwaitTaskContinuation:InvokeAction (object)
System.Threading.Tasks.AwaitTaskContinuation:RunCallback (System.Threading.ContextCallback,object,System.Threading.Tasks.Task&)
System.Threading.Tasks.SynchronizationContextAwaitTaskContinuation:Run (System.Threading.Tasks.Task,bool)
System.Threading.Tasks.Task:FinishContinuations ()
System.Threading.Tasks.Task:FinishStageThree ()
System.Threading.Tasks.Task`1<AiEditorToolsSdk.Components.Common.Responses.Wrappers.OperationResult`1<AiEditorToolsSdk.Components.GenerativeModels.Responses.ModelListV2.ModelListFullResult>>:TrySetResult (AiEditorToolsSdk.Components.Common.Responses.Wrappers.OperationResult`1<AiEditorToolsSdk.Components.GenerativeModels.Responses.ModelListV2.ModelListFullResult>)
System.Runtime.CompilerServices.AsyncTaskMethodBuilder`1<AiEditorToolsSdk.Components.Common.Responses.Wrappers.OperationResult`1<AiEditorToolsSdk.Components.GenerativeModels.Responses.ModelListV2.ModelListFullResult>>:SetResult (AiEditorToolsSdk.Components.Common.Responses.Wrappers.OperationResult`1<AiEditorToolsSdk.Components.GenerativeModels.Responses.ModelListV2.ModelListFullResult>)
AiEditorToolsSdk.Application.Gateways.GenerativeModels.V2.GenerativeModelsGatewayV2/<GetModelsAsync>d__4:MoveNext ()
System.Runtime.CompilerServices.AsyncMethodBuilderCore/MoveNextRunner:InvokeMoveNext (object)
System.Threading.ExecutionContext:RunInternal (System.Threading.ExecutionContext,System.Threading.ContextCallback,object,bool)
System.Threading.ExecutionContext:Run (System.Threading.ExecutionContext,System.Threading.ContextCallback,object,bool)
System.Runtime.CompilerServices.AsyncMethodBuilderCore/MoveNextRunner:Run ()
System.Threading.Tasks.AwaitTaskContinuation:InvokeAction (object)
System.Threading.Tasks.AwaitTaskContinuation:RunCallback (System.Threading.ContextCallback,object,System.Threading.Tasks.Task&)
System.Threading.Tasks.SynchronizationContextAwaitTaskContinuation:Run (System.Threading.Tasks.Task,bool)
System.Threading.Tasks.Task:FinishContinuations ()
System.Threading.Tasks.Task:FinishStageThree ()
System.Threading.Tasks.Task`1<AiEditorToolsSdk.Domain.Core.Results.Result`2<SuperProxyClientV1Namespace.ModelListFullResponse, AiEditorToolsSdk.Domain.Core.Errors.ApiError>>:TrySetResult (AiEditorToolsSdk.Domain.Core.Results.Result`2<SuperProxyClientV1Namespace.ModelListFullResponse, AiEditorToolsSdk.Domain.Core.Errors.ApiError>)
System.Runtime.CompilerServices.AsyncTaskMethodBuilder`1<AiEditorToolsSdk.Domain.Core.Results.Result`2<SuperProxyClientV1Namespace.ModelListFullResponse, AiEditorToolsSdk.Domain.Core.Errors.ApiError>>:SetResult (AiEditorToolsSdk.Domain.Core.Results.Result`2<SuperProxyClientV1Namespace.ModelListFullResponse, AiEditorToolsSdk.Domain.Core.Errors.ApiError>)
AiEditorToolsSdk.Application.InternalServices.ApiClientProcessor.ApiClientProcessorService/<ProcessApiRequest>d__5`1<SuperProxyClientV1Namespace.ModelListFullResponse>:MoveNext ()
System.Runtime.CompilerServices.AsyncMethodBuilderCore/MoveNextRunner:InvokeMoveNext (object)
System.Threading.ExecutionContext:RunInternal (System.Threading.ExecutionContext,System.Threading.ContextCallback,object,bool)
System.Threading.ExecutionContext:Run (System.Threading.ExecutionContext,System.Threading.ContextCallback,object,bool)
System.Runtime.CompilerServices.AsyncMethodBuilderCore/MoveNextRunner:Run ()
System.Threading.Tasks.AwaitTaskContinuation:InvokeAction (object)
System.Threading.Tasks.AwaitTaskContinuation:RunCallback (System.Threading.ContextCallback,object,System.Threading.Tasks.Task&)
System.Threading.Tasks.SynchronizationContextAwaitTaskContinuation:Run (System.Threading.Tasks.Task,bool)
System.Threading.Tasks.Task:FinishContinuations ()
System.Threading.Tasks.Task:FinishStageThree ()
System.Threading.Tasks.Task`1<AiEditorToolsSdk.Domain.Core.Results.Result`2<SuperProxyClientV1Namespace.ModelListFullResponse, AiEditorToolsSdk.Domain.Core.Errors.ApiError>>:TrySetResult (AiEditorToolsSdk.Domain.Core.Results.Result`2<SuperProxyClientV1Namespace.ModelListFullResponse, AiEditorToolsSdk.Domain.Core.Errors.ApiError>)
System.Runtime.CompilerServices.AsyncTaskMethodBuilder`1<AiEditorToolsSdk.Domain.Core.Results.Result`2<SuperProxyClientV1Namespace.ModelListFullResponse, AiEditorToolsSdk.Domain.Core.Errors.ApiError>>:SetResult (AiEditorToolsSdk.Domain.Core.Results.Result`2<SuperProxyClientV1Namespace.ModelListFullResponse, AiEditorToolsSdk.Domain.Core.Errors.ApiError>)
AiEditorToolsSdk.Application.InternalServices.ApiClientProcessor.ApiClientProcessorService/<ProcessApiRequestImpl>d__6`1<SuperProxyClientV1Namespace.ModelListFullResponse>:MoveNext ()
System.Runtime.CompilerServices.AsyncMethodBuilderCore/MoveNextRunner:InvokeMoveNext (object)
System.Threading.ExecutionContext:RunInternal (System.Threading.ExecutionContext,System.Threading.ContextCallback,object,bool)
System.Threading.ExecutionContext:Run (System.Threading.ExecutionContext,System.Threading.ContextCallback,object,bool)
System.Runtime.CompilerServices.AsyncMethodBuilderCore/MoveNextRunner:Run ()
System.Threading.Tasks.AwaitTaskContinuation:InvokeAction (object)
System.Threading.Tasks.AwaitTaskContinuation:RunCallback (System.Threading.ContextCallback,object,System.Threading.Tasks.Task&)
System.Threading.Tasks.SynchronizationContextAwaitTaskContinuation:Run (System.Threading.Tasks.Task,bool)
System.Threading.Tasks.Task:FinishContinuations ()
System.Threading.Tasks.Task:FinishStageThree ()
System.Threading.Tasks.Task:FinishStageTwo ()
System.Threading.Tasks.Task:Finish (bool)
System.Threading.Tasks.Task:TrySetException (object)
System.Runtime.CompilerServices.AsyncTaskMethodBuilder`1<SuperProxyClientV1Namespace.ModelListFullResponse>:SetException (System.Exception)
AiEditorToolsSdk.Application.Gateways.GenerativeModels.V2.GenerativeModelsGatewayV2/<>c__DisplayClass4_0/<<GetModelsAsync>b__0>d:MoveNext ()
System.Runtime.CompilerServices.AsyncMethodBuilderCore/MoveNextRunner:InvokeMoveNext (object)
System.Threading.ExecutionContext:RunInternal (System.Threading.ExecutionContext,System.Threading.ContextCallback,object,bool)
System.Threading.ExecutionContext:Run (System.Threading.ExecutionContext,System.Threading.ContextCallback,object,bool)
System.Runtime.CompilerServices.AsyncMethodBuilderCore/MoveNextRunner:Run ()
System.Threading.Tasks.SynchronizationContextAwaitTaskContinuation/<>c:<.cctor>b__7_0 (object)
UnityEngine.UnitySynchronizationContext/WorkRequest:Invoke ()
UnityEngine.UnitySynchronizationContext:Exec ()
UnityEngine.UnitySynchronizationContext:ExecuteTasks ()

(Filename: ./Library/PackageCache/com.unity.ai.assistant@c0127625258e/Modules/Unity.AI.ModelSelector/Services/Stores/Actions/ModelSelectorSuperProxyActions.cs Line: 495)

TrimDiskCacheJob: Current cache size 0mb
Asset Pipeline Refresh (id=fc4bd4c900012b44885a2232048d2c46): Total: 0.016 seconds - Initiated by RefreshV2(AllowForceSynchronousImport)
[Licensing::Client] Error: Code 404 while processing request (status: Found 0 entitlement groups and 0 free entitlements matching requested entitlement ids)
[ScriptCompilation] Requested script compilation because: AssetDatabase observed changes in script compilation related files
[Licensing::Client] Successfully resolved entitlement details
Refreshing native plugins compatible for Editor in 4.06 ms, found 5 plugins.

Asset Pipeline Refresh (id=323200fb88a177e4bb5146714ef533dc): Total: 0.477 seconds - Initiated by StopAssetImportingV2(NoUpdateAssetOptions)
	(Values over 0.05ms)
	Summary:
		Imports: total=0 (actual=0, local cache=0, cache server=0)
		Asset DB Process Time: managed=0 ms, native=172 ms
		Asset DB Callback time: managed=293 ms, native=10 ms
		Scripting: domain reloads=0, domain reload time=0 ms, compile time=1 ms, other=0 ms
		Project Asset Count: scripts=2149, non-scripts=5371
		Asset File Changes: new=1, changed=1, moved=0, deleted=0
		Scan Filter Count: 3
	ApplyChangesToAssetFolders: 0.157ms
	Scan: 9.515ms
	Collect global state as custom dependencies: 0.223ms
	OnSourceAssetsModified: 0.654ms
	ProcessAssetsWithTransientArtifactChanges: 0.199ms
	CategorizeAssets: 23.540ms
	CompileScripts: 0.627ms
	ImportOutOfDateAssets: 70.385ms (9.773ms without children)
		UnloadImportedAssets: 0.176ms
		EnsureUptoDateAssetsAreRegisteredWithGuidPM: 0.738ms
		ImportSchedulerStart: 59.655ms
	PostProcessAllAssets: 294.087ms
		XRBuildSystem.XRAssetImported 4.697ms
		MonoPostProcessAllAssets: 288.718ms
			SyncVS.PostprocessSyncProject 202.560ms
			AssetPostprocessor.OnPostprocessAllAssets 59.125ms
			BuilderAssetPostprocessor.OnPostprocessAllAssets 6.644ms
			UVCSAssetPostprocessor.OnPostprocessAllAssets 2.650ms
			SpriteSlicePostprocessor.OnPostprocessAllAssets 2.345ms
			ShaderGraphAssetPostProcessor.OnPostprocessAllAssets 1.304ms
			RetainedModeAssetPostprocessor.OnPostprocessAllAssets 1.164ms
			ArtifactBrowserPostProcessor.OnPostprocessAllAssets 0.667ms
			TMPro_TexturePostProcessor.OnPostprocessAllAssets 0.635ms
			StyleCatalogPostProcessor.OnPostprocessAllAssets 0.623ms
			SpriteEditorTexturePostprocessor.OnPostprocessAllAssets 0.616ms
			SkillsProjectAssetPostprocessor.OnPostprocessAllAssets 0.530ms
			MaterialPostprocessor.OnPostprocessAllAssets 0.444ms
			AudioMixerPostprocessor.OnPostprocessAllAssets 0.397ms
			ModelAssetProcessor.OnPostprocessAllAssets 0.359ms
			AssetChangedListener.OnPostprocessAllAssets 0.317ms
			SampleDependencyImporterPostProcessor.OnPostprocessAllAssets 0.307ms
			TextAssetPostProcessor.OnPostprocessAllAssets 0.294ms
			AssetEvents.OnPostprocessAllAssets 0.255ms
			InputActionJsonNameModifierAssetProcessor.OnPostprocessAllAssets 0.248ms
			AssetReferenceReimportMonitor.OnPostprocessAllAssets 0.243ms
			PostProcessor.OnPostprocessAllAssets 0.216ms
			RenderPipelineGlobalSettingsPostprocessor.OnPostprocessAllAssets 0.179ms
			ConfigAssetsTracker.OnPostprocessAllAssets 0.172ms
			SamplePostprocessor.OnPostprocessAllAssets 0.154ms
			AssetReloadNotifier.OnPostprocessAllAssets 0.139ms
			GraphRefreshPostprocessor.OnPostprocessAllAssets 0.129ms
			ScenarioDriftAssetsTracker.OnPostprocessAllAssets 0.128ms
			SpeedTreePostProcessor.OnPostprocessAllAssets 0.128ms
			InputActionAssetPostprocessor.OnPostprocessAllAssets 0.109ms
			AudioContainerPostProcessor.OnPostprocessAllAssets 0.077ms
			TrackSelectedAssetsProcessor.OnPostprocessAllAssets 0.070ms
	PostAssetChangesProfiler: 9.224ms
	GatherAllCurrentPrimaryImportResultRevisions: 0.487ms
	UnloadStreamsBegin: 1.851ms
	PersistCurrentRevisions: 0.218ms
	Untracked: 65.505ms

info: Microsoft.AspNetCore.Hosting.Diagnostics[1]
      Request starting HTTP/2 POST http://ilpp/UnityILPP.PostProcessing/Ping - application/grpc -
info: Microsoft.AspNetCore.Routing.EndpointMiddleware[0]
      Executing endpoint 'gRPC - /UnityILPP.PostProcessing/Ping'
info: Microsoft.AspNetCore.Routing.EndpointMiddleware[1]
      Executed endpoint 'gRPC - /UnityILPP.PostProcessing/Ping'
info: Microsoft.AspNetCore.Hosting.Diagnostics[2]
      Request finished HTTP/2 POST http://ilpp/UnityILPP.PostProcessing/Ping - 200 - application/grpc 0.5199ms
Starting: C:\Program Files\Unity\Hub\Editor\6000.5.8f1\Editor\Data\Tools\BuildPipeline\bee_backend.exe --ipc --defer-dag-verification --dagfile="Library/Bee/1900b0aE.dag" --continue-on-failure --profile="Library/Bee/backend1.traceevents" ScriptAssemblies
WorkingDir: C:/Users/Len/Lenomation_V3
info: Microsoft.AspNetCore.Hosting.Diagnostics[1]
      Request starting HTTP/2 POST http://ilpp/UnityILPP.PostProcessing/ConfigurePostProcessors - application/grpc -
info: Microsoft.AspNetCore.Routing.EndpointMiddleware[0]
      Executing endpoint 'gRPC - /UnityILPP.PostProcessing/ConfigurePostProcessors'
info: Unity.ILPP.Runner.PostProcessingAssemblyLoadContext[0]
      Current configuration matches the requested one, skipping
info: Microsoft.AspNetCore.Routing.EndpointMiddleware[1]
      Executed endpoint 'gRPC - /UnityILPP.PostProcessing/ConfigurePostProcessors'
info: Microsoft.AspNetCore.Hosting.Diagnostics[2]
      Request finished HTTP/2 POST http://ilpp/UnityILPP.PostProcessing/ConfigurePostProcessors - 200 - application/grpc 0.8554ms
Starting: C:\Program Files\Unity\Hub\Editor\6000.5.8f1\Editor\Data\netcorerun\netcorerun.exe "C:\Program Files\Unity\Hub\Editor\6000.5.8f1\Editor\Data\Tools\BuildPipeline\ScriptCompilationBuildProgram.exe" "Library/Bee/1900b0aE.dag.json" "Library/Bee/1900b0aE-inputdata.json" "Library\Bee\buildprogram0.traceevents"
WorkingDir: C:/Users/Len/Lenomation_V3
ExitCode: 4 Duration: 0s245ms
Rebuilding DAG because FileSignature timestamp changed: Library/Bee/1900b0aE-inputdata.json
[1193/1563  0s] ILPP-Configuration Library/ilpp-configuration.nevergeneratedoutput
*** Tundra requires additional run (0.22 seconds), 1 items updated, 1192 evaluated
[Worker2] Imported GUID: 7baa462333e763d438c9503158b76d00 - Path: Assets/Editor/PrefabBuildEditor.cs - Importer: PreviewImporter -> (ImportResultId: '8af96e6b4a617c8f98075c8f1e643557') in 0.0214813 seconds
[Worker2] Imported GUID: 7baa462333e763d438c9503158b76d00 - Path: Assets/Editor/PrefabBuildEditor.cs - Importer: ScriptedImporter/UnityEditor.QuickSearchModule:UnityEditor.Search:ASIAI0B -> (ImportResultId: 'cd86cf92933801ea9725fac308741794') in 0.0934396 seconds
ExitCode: 0 Duration: 1s758ms
Starting: C:\Program Files\Unity\Hub\Editor\6000.5.8f1\Editor\Data\Tools\BuildPipeline\bee_backend.exe --ipc --defer-dag-verification --dagfile="Library/Bee/1900b0aE.dag" --continue-on-failure --dagfilejson="Library\Bee\1900b0aE.dag.json" --profile="Library/Bee/backend2.traceevents" ScriptAssemblies
WorkingDir: C:/Users/Len/Lenomation_V3
info: Microsoft.AspNetCore.Hosting.Diagnostics[1]
      Request starting HTTP/2 POST http://ilpp/UnityILPP.PostProcessing/ConfigurePostProcessors - application/grpc -
info: Microsoft.AspNetCore.Routing.EndpointMiddleware[0]
      Executing endpoint 'gRPC - /UnityILPP.PostProcessing/ConfigurePostProcessors'
info: Unity.ILPP.Runner.PostProcessingAssemblyLoadContext[0]
      Current configuration matches the requested one, skipping
info: Microsoft.AspNetCore.Routing.EndpointMiddleware[1]
      Executed endpoint 'gRPC - /UnityILPP.PostProcessing/ConfigurePostProcessors'
info: Microsoft.AspNetCore.Hosting.Diagnostics[2]
      Request finished HTTP/2 POST http://ilpp/UnityILPP.PostProcessing/ConfigurePostProcessors - 200 - application/grpc 3.9798ms
info: Microsoft.AspNetCore.Hosting.Diagnostics[1]
      Request starting HTTP/2 POST http://ilpp/UnityILPP.PostProcessing/PostProcessAssembly - application/grpc -
info: Microsoft.AspNetCore.Routing.EndpointMiddleware[0]
      Executing endpoint 'gRPC - /UnityILPP.PostProcessing/PostProcessAssembly'
info: Unity.ILPP.Runner.PostProcessingPipeline[0]
      Processing assembly Library/Bee/artifacts/1900b0aE.dag/Assembly-CSharp-Editor.dll, with 142 defines and 390 references
info: Unity.ILPP.Runner.PostProcessingPipeline[0]
      processors: Unity.Jobs.CodeGen.JobsILPostProcessor, zzzUnity.Burst.CodeGen.BurstILPostProcessor
info: Unity.ILPP.Runner.PostProcessingPipeline[0]
      running Unity.Jobs.CodeGen.JobsILPostProcessor
info: Unity.ILPP.Runner.PostProcessingAssemblyLoadContext[0]
      Resolved Unity.Collections, Version=0.0.0.0, Culture=neutral, PublicKeyToken=null with Library\Bee\artifacts\1900b0aE.dag\Unity.Collections.dll
info: Unity.ILPP.Runner.PostProcessingAssemblyLoadContext[0]
      Resolved UnityEditor.CoreModule, Version=0.0.0.0, Culture=neutral, PublicKeyToken=null with C:\Program Files\Unity\Hub\Editor\6000.5.8f1\Editor\Data\Managed\UnityEngine\UnityEditor.CoreModule.dll
info: Unity.ILPP.Runner.PostProcessingAssemblyLoadContext[0]
      Resolved UnityEngine.CoreModule, Version=0.0.0.0, Culture=neutral, PublicKeyToken=null with C:\Program Files\Unity\Hub\Editor\6000.5.8f1\Editor\Data\Managed\UnityEngine\UnityEngine.CoreModule.dll
info: Unity.ILPP.Runner.PostProcessingAssemblyLoadContext[0]
      Resolved Unity.Scripting, Version=0.0.0.0, Culture=neutral, PublicKeyToken=null with C:\Program Files\Unity\Hub\Editor\6000.5.8f1\Editor\Data\Managed\UnityEngine\Unity.Scripting.dll
info: Unity.ILPP.Runner.PostProcessingPipeline[0]
      running zzzUnity.Burst.CodeGen.BurstILPostProcessor
info: Unity.ILPP.Runner.PostProcessingAssemblyLoadContext[0]
      Resolved Unity.Burst.Cecil.Rocks, Version=0.11.6.0, Culture=neutral, PublicKeyToken=50cebf1cceb9d05e with Library\PackageCache\com.unity.burst@2f3d916873ea\Unity.Burst.CodeGen\Unity.Burst.Cecil.Rocks.dll
info: Microsoft.AspNetCore.Routing.EndpointMiddleware[1]
      Executed endpoint 'gRPC - /UnityILPP.PostProcessing/PostProcessAssembly'
info: Microsoft.AspNetCore.Hosting.Diagnostics[2]
      Request finished HTTP/2 POST http://ilpp/UnityILPP.PostProcessing/PostProcessAssembly - 200 - application/grpc 295.5321ms
ExitCode: 0 Duration: 2s121ms
Finished compiling graph: 1567 nodes, 33531 flattened edges (27323 ToBuild, 258 ToUse), maximum node priority 1759
[ 806/1563  0s] WriteText Library/Bee/artifacts/1900b0aE.dag/Assembly-CSharp-Editor.rsp
[1192/1563  0s] ILPP-Configuration Library/ilpp-configuration.nevergeneratedoutput
[1559/1563  1s] Csc Library/Bee/artifacts/1900b0aE.dag/Assembly-CSharp-Editor.dll (+2 others)
[1560/1563  0s] ILPostProcess Library/Bee/artifacts/1900b0aE.dag/post-processed/Assembly-CSharp-Editor.dll (+pdb)
Processing assembly Library/Bee/artifacts/1900b0aE.dag/Assembly-CSharp-Editor.dll, with 142 defines and 390 references

processors: Unity.Jobs.CodeGen.JobsILPostProcessor, zzzUnity.Burst.CodeGen.BurstILPostProcessor

running Unity.Jobs.CodeGen.JobsILPostProcessor

running zzzUnity.Burst.CodeGen.BurstILPostProcessor
[1561/1563  0s] CopyFiles Library/ScriptAssemblies/Assembly-CSharp-Editor.pdb
[1562/1563  0s] CopyFiles Library/ScriptAssemblies/Assembly-CSharp-Editor.dll
*** Tundra build success (2.10 seconds), 6 items updated, 1563 evaluated
Reloading assemblies after finishing script compilation.
Reloading assemblies after forced synchronous recompile.
Begin MonoManager ReloadAssembly
[INFO ] [relay] log Domain reload signal received from client editor-39260-thgdut
Total cache size 268137716
Total cache size after purge 268137716, took 00:00:00.3640056
Refreshing native plugins compatible for Editor in 4.69 ms, found 5 plugins.
[INFO ] [relay] log Client disconnected - blocking and caching for recovery
[WARN ] [relay] connection.lost clientId=null
[WARN ] [relay] log Client disconnected - sessions will persist until auto-shutdown, reason: Client disconnected
[INFO ] [relay] log Auto-shutdown timer started due to client disconnection
Symbol file LoadedFromMemory is not a mono symbol file
Symbol file LoadedFromMemory is not a mono symbol file
Refreshing native plugins compatible for Editor in 2.85 ms, found 5 plugins.
Native extension for WindowsStandalone target not found
Native extension for WebGL target not found
[MODES] ModeService[none].Initialize
[MODES] ModeService[none].LoadModes
Refreshing native plugins compatible for Editor in 3.08 ms, found 5 plugins.
[Licensing::Client] Error: Code 404 while processing request (status: Found 0 entitlement groups and 0 free entitlements matching requested entitlement ids)
ScheduleIndexationOnStartup MainProcess:True IndexOnStartup:True
Mono: successfully reloaded assembly
- Finished resetting the current domain, in  3.170 seconds
Domain Reload Profiling: 4873ms
	BeginReloadAssembly (1120ms)
		DisableScriptedObjects (175ms)
		CreateAndSetChildDomain (631ms)
	RebuildCommonClasses (9ms)
	RebuildNativeTypeToScriptingClass (14ms)
	initialDomainReloadingComplete (87ms)
	LoadAllAssembliesAndSetupDomain (472ms)
		LoadAssemblies (130ms)
		AnalyzeDomain (299ms)
			TypeCache.Refresh (12ms)
			BuildScriptInfoCaches (275ms)
			ResolveRequiredComponents (10ms)
	FinalizeReload (3171ms)
		SetupLoadedEditorAssemblies (0ms)
			BeforeProcessingInitializeOnLoad (210ms)
			ProcessInitializeOnLoadAttributes (896ms)
			ProcessInitializeOnLoadMethodAttributes (455ms)
			AfterProcessingInitializeOnLoad (6ms)
		AwakeInstancesAfterBackupRestoration (1072ms)
Refreshing native plugins compatible for Editor in 2.66 ms, found 5 plugins.

Asset Pipeline Refresh (id=ee86c88a67af4894e92af0dd1d9e64e3): Total: 5.428 seconds - Initiated by StopAssetImportingV2(ForceSynchronousImport | ForceDomainReload)
	(Values over 0.05ms)
	Summary:
		Imports: total=0 (actual=0, local cache=0, cache server=0)
		Asset DB Process Time: managed=0 ms, native=3371 ms
		Asset DB Callback time: managed=221 ms, native=43 ms
		Scripting: domain reloads=1, domain reload time=1789 ms, compile time=1 ms, other=0 ms
		Project Asset Count: scripts=2149, non-scripts=5371
		Asset File Changes: new=0, changed=0, moved=0, deleted=0
		Scan Filter Count: 0
	InvokePackagesCallback: 1.895ms
	ApplyChangesToAssetFolders: 0.305ms
	Collect global state as custom dependencies: 2.635ms
	ProcessAssetsWithTransientArtifactChanges: 5.932ms
	CategorizeAssets: 71.840ms
	CompileScripts: 1.024ms
	ImportOutOfDateAssets: 3243.957ms (3188.301ms without children)
		CollectScriptTypesHashes: 2.751ms
		ReloadNativeAssets: 0.936ms
		UnloadImportedAssets: 1.560ms
		EnsureUptoDateAssetsAreRegisteredWithGuidPM: 0.977ms
		ImportSchedulerStart: 52.149ms
	PostProcessAllAssets: 223.023ms
		XRBuildSystem.XRAssetImported 0.768ms
		MonoPostProcessAllAssets: 221.886ms
			AssetReferenceReimportMonitor.OnPostprocessAllAssets 23.960ms
			UniversalRenderPipelineGlobalSettingsPostprocessor.OnPostprocessAllAssets 9.922ms
			BuilderAssetPostprocessor.OnPostprocessAllAssets 5.456ms
			AssetChangedListener.OnPostprocessAllAssets 4.738ms
			AssetPostprocessor.OnPostprocessAllAssets 3.728ms
			UVCSAssetPostprocessor.OnPostprocessAllAssets 2.407ms
			SpriteSlicePostprocessor.OnPostprocessAllAssets 2.100ms
			GraphRefreshPostprocessor.OnPostprocessAllAssets 1.863ms
			SyncVS.PostprocessSyncProject 1.790ms
			SpeedTree9Postprocessor.OnPostprocessAllAssets 1.585ms
			WindowAssetPostprocessingWatcher.OnPostprocessAllAssets 1.443ms
			ShaderGraphAssetPostProcessor.OnPostprocessAllAssets 1.028ms
			RetainedModeAssetPostprocessor.OnPostprocessAllAssets 0.993ms
			EditModeScopePostprocessor.OnPostprocessAllAssets 0.783ms
			AssetChangeDetector.OnPostprocessAllAssets 0.771ms
			RenderPipelineGlobalSettingsPostprocessor.OnPostprocessAllAssets 0.649ms
			MaterialPostprocessor.OnPostprocessAllAssets 0.606ms
			SpriteEditorTexturePostprocessor.OnPostprocessAllAssets 0.522ms
			ArtifactBrowserPostProcessor.OnPostprocessAllAssets 0.486ms
			TMPro_TexturePostProcessor.OnPostprocessAllAssets 0.460ms
			SkillsProjectAssetPostprocessor.OnPostprocessAllAssets 0.449ms
			AudioMixerPostprocessor.OnPostprocessAllAssets 0.386ms
			InputActionAssetPostprocessor.OnPostprocessAllAssets 0.326ms
			ModelAssetProcessor.OnPostprocessAllAssets 0.325ms
			ShaderReflectionAssetPostProcessor.OnPostprocessAllAssets 0.294ms
			TextAssetPostProcessor.OnPostprocessAllAssets 0.284ms
			ConfigAssetsTracker.OnPostprocessAllAssets 0.278ms
			ReferencedClipsPostProcessor.OnPostprocessAllAssets 0.249ms
			InputActionJsonNameModifierAssetProcessor.OnPostprocessAllAssets 0.244ms
			SampleDependencyImporterPostProcessor.OnPostprocessAllAssets 0.233ms
			StyleCatalogPostProcessor.OnPostprocessAllAssets 0.215ms
			PostProcessor.OnPostprocessAllAssets 0.212ms
			AssetEvents.OnPostprocessAllAssets 0.200ms
			ProjectSettingsPostprocessor.OnPostprocessAllAssets 0.166ms
			SpeedTreePostProcessor.OnPostprocessAllAssets 0.147ms
			TerrainToolbarOverlayPostProcessor.OnPostprocessAllAssets 0.140ms
			AssetDatabaseCallbacks.OnPostprocessAllAssets 0.132ms
			SamplePostprocessor.OnPostprocessAllAssets 0.124ms
			ScenarioDriftAssetsTracker.OnPostprocessAllAssets 0.103ms
			AssetReloadNotifier.OnPostprocessAllAssets 0.094ms
			AudioContainerPostProcessor.OnPostprocessAllAssets 0.068ms
			TrackSelectedAssetsProcessor.OnPostprocessAllAssets 0.063ms
	PostAssetChangesProfiler: 41.861ms
	GatherAllCurrentPrimaryImportResultRevisions: 0.311ms
	UnloadStreamsBegin: 1.546ms
	PersistCurrentRevisions: 0.297ms
	GenerateScriptTypeHashes: 4.043ms
	GenerateScriptTypeSerializationHashes: 6.489ms
	Untracked: 1826.209ms

[Licensing::Client] Error: Code 404 while processing request (status: Found 0 entitlement groups and 0 free entitlements matching requested entitlement ids)
[Licensing::Client] Successfully resolved entitlement details
[Licensing::Client] Successfully resolved entitlement details
[INFO ] [relay] log Unity client connected with ID: editor-39260-anz7wr (relay 1.0.12-build.97)
[INFO ] [relay] connection.established clientId=editor-39260-anz7wr port=9001
[Licensing::Client] Successfully resolved entitlement details
[Licensing::Client] Successfully resolved entitlement details
[ScriptCompilation] Requested script compilation because: AssetDatabase observed changes in script compilation related files
Refreshing native plugins compatible for Editor in 2.88 ms, found 5 plugins.

Asset Pipeline Refresh (id=33cce675cd9373645a13e49b09edd428): Total: 0.386 seconds - Initiated by StopAssetImportingV2(NoUpdateAssetOptions)
	(Values over 0.05ms)
	Summary:
		Imports: total=0 (actual=0, local cache=0, cache server=0)
		Asset DB Process Time: managed=0 ms, native=163 ms
		Asset DB Callback time: managed=206 ms, native=15 ms
		Scripting: domain reloads=0, domain reload time=0 ms, compile time=1 ms, other=0 ms
		Project Asset Count: scripts=2149, non-scripts=5371
		Asset File Changes: new=0, changed=0, moved=1, deleted=0
		Scan Filter Count: 4
	ApplyChangesToAssetFolders: 0.107ms
	Scan: 8.048ms
	Collect global state as custom dependencies: 0.235ms
	OnSourceAssetsModified: 0.597ms
	ProcessAssetsWithTransientArtifactChanges: 0.623ms
	CategorizeAssets: 24.256ms
	CompileScripts: 0.760ms
	ImportOutOfDateAssets: 57.272ms (10.254ms without children)
		UnloadImportedAssets: 0.190ms
		EnsureUptoDateAssetsAreRegisteredWithGuidPM: 0.802ms
		ImportSchedulerStart: 45.984ms
	PostProcessAllAssets: 198.259ms
		XRBuildSystem.XRAssetImported 0.545ms
		MonoPostProcessAllAssets: 197.355ms
			SyncVS.PostprocessSyncProject 193.945ms
			UVCSAssetPostprocessor.OnPostprocessAllAssets 1.266ms
			AssetChangedListener.OnPostprocessAllAssets 0.605ms
			ShaderGraphAssetPostProcessor.OnPostprocessAllAssets 0.452ms
			SpriteEditorTexturePostprocessor.OnPostprocessAllAssets 0.211ms
			RenderPipelineGlobalSettingsPostprocessor.OnPostprocessAllAssets 0.151ms
			ModelAssetProcessor.OnPostprocessAllAssets 0.098ms
			ProjectSettingsPostprocessor.OnPostprocessAllAssets 0.083ms
			AssetPostprocessor.OnPostprocessAllAssets 0.070ms
			GraphRefreshPostprocessor.OnPostprocessAllAssets 0.056ms
	PostAssetChangesProfiler: 22.894ms
	GatherAllCurrentPrimaryImportResultRevisions: 0.327ms
	PersistCurrentRevisions: 0.239ms
	Untracked: 72.264ms

info: Microsoft.AspNetCore.Hosting.Diagnostics[1]
      Request starting HTTP/2 POST http://ilpp/UnityILPP.PostProcessing/Ping - application/grpc -
info: Microsoft.AspNetCore.Routing.EndpointMiddleware[0]
      Executing endpoint 'gRPC - /UnityILPP.PostProcessing/Ping'
info: Microsoft.AspNetCore.Routing.EndpointMiddleware[1]
      Executed endpoint 'gRPC - /UnityILPP.PostProcessing/Ping'
info: Microsoft.AspNetCore.Hosting.Diagnostics[2]
      Request finished HTTP/2 POST http://ilpp/UnityILPP.PostProcessing/Ping - 200 - application/grpc 0.1944ms
Starting: C:\Program Files\Unity\Hub\Editor\6000.5.8f1\Editor\Data\Tools\BuildPipeline\bee_backend.exe --ipc --defer-dag-verification --dagfile="Library/Bee/1900b0aE.dag" --continue-on-failure --profile="Library/Bee/backend1.traceevents" ScriptAssemblies
WorkingDir: C:/Users/Len/Lenomation_V3
info: Microsoft.AspNetCore.Hosting.Diagnostics[1]
      Request starting HTTP/2 POST http://ilpp/UnityILPP.PostProcessing/ConfigurePostProcessors - application/grpc -
info: Microsoft.AspNetCore.Routing.EndpointMiddleware[0]
      Executing endpoint 'gRPC - /UnityILPP.PostProcessing/ConfigurePostProcessors'
info: Unity.ILPP.Runner.PostProcessingAssemblyLoadContext[0]
      Current configuration matches the requested one, skipping
info: Microsoft.AspNetCore.Routing.EndpointMiddleware[1]
      Executed endpoint 'gRPC - /UnityILPP.PostProcessing/ConfigurePostProcessors'
info: Microsoft.AspNetCore.Hosting.Diagnostics[2]
      Request finished HTTP/2 POST http://ilpp/UnityILPP.PostProcessing/ConfigurePostProcessors - 200 - application/grpc 0.7021ms
ExitCode: 4 Duration: 0s296ms
[1192/1563  0s] ILPP-Configuration Library/ilpp-configuration.nevergeneratedoutput
Rebuilding DAG because FileSignature timestamp changed: Library/Bee/1900b0aE-inputdata.json
*** Tundra requires additional run (0.27 seconds), 2 items updated, 1285 evaluated
Starting: C:\Program Files\Unity\Hub\Editor\6000.5.8f1\Editor\Data\netcorerun\netcorerun.exe "C:\Program Files\Unity\Hub\Editor\6000.5.8f1\Editor\Data\Tools\BuildPipeline\ScriptCompilationBuildProgram.exe" "Library/Bee/1900b0aE.dag.json" "Library/Bee/1900b0aE-inputdata.json" "Library\Bee\buildprogram0.traceevents"
WorkingDir: C:/Users/Len/Lenomation_V3
[Licensing::Client] Successfully resolved entitlement details
[Licensing::Client] Error: Code 404 while processing request (status: Found 0 entitlement groups and 0 free entitlements matching requested entitlement ids)
[Licensing::Client] Error: Code 404 while processing request (status: Found 0 entitlement groups and 0 free entitlements matching requested entitlement ids)
[Licensing::Client] Error: Code 404 while processing request (status: Found 0 entitlement groups and 0 free entitlements matching requested entitlement ids)
[Licensing::Client] Error: Code 404 while processing request (status: Found 0 entitlement groups and 0 free entitlements matching requested entitlement ids)
Refreshing native plugins compatible for Editor in 3.20 ms, found 5 plugins.
C:\build\output\Unity-Technologies\mono\mono\eglib\gpath.c:115: assertion 'filename != NULL' failed

[Licensing::Client] Error: Code 404 while processing request (status: Found 0 entitlement groups and 0 free entitlements matching requested entitlement ids)
[Licensing::Client] Error: Code 404 while processing request (status: Found 0 entitlement groups and 0 free entitlements matching requested entitlement ids)
UPID Received '0956883a-88ea-49b2-bde1-fe810ba60755'.
[Licensing::Client] Successfully resolved entitlement details
[Licensing::Client] Error: Code 404 while processing request (status: Found 0 entitlement groups and 0 free entitlements matching requested entitlement ids)
[Licensing::Client] Error: Code 404 while processing request (status: Found 0 entitlement groups and 0 free entitlements matching requested entitlement ids)
[Worker1] Imported GUID: 7baa462333e763d438c9503158b76d00 - Path: Assets/Editor/PrefabBuildUtility.cs - Importer: PreviewImporter -> (ImportResultId: '094f5079e52b5dcfe2e33b2f948b0fe1') in 0.0199273 seconds
[Worker2] Imported GUID: 7baa462333e763d438c9503158b76d00 - Path: Assets/Editor/PrefabBuildUtility.cs - Importer: PreviewImporter -> (ImportResultId: '094f5079e52b5dcfe2e33b2f948b0fe1') in 0.0174003 seconds
[Worker2] Imported GUID: 7baa462333e763d438c9503158b76d00 - Path: Assets/Editor/PrefabBuildUtility.cs - Importer: PreviewImporter -> (ImportResultId: '094f5079e52b5dcfe2e33b2f948b0fe1') in 0.0188545 seconds
[Worker2] Imported GUID: 7baa462333e763d438c9503158b76d00 - Path: Assets/Editor/PrefabBuildUtility.cs - Importer: PreviewImporter -> (ImportResultId: '094f5079e52b5dcfe2e33b2f948b0fe1') in 0.016947 seconds
[Worker2] Imported GUID: 7baa462333e763d438c9503158b76d00 - Path: Assets/Editor/PrefabBuildUtility.cs - Importer: PreviewImporter -> (ImportResultId: '094f5079e52b5dcfe2e33b2f948b0fe1') in 0.0137551 seconds
ExitCode: 0 Duration: 1s929ms
Starting: C:\Program Files\Unity\Hub\Editor\6000.5.8f1\Editor\Data\Tools\BuildPipeline\bee_backend.exe --ipc --defer-dag-verification --dagfile="Library/Bee/1900b0aE.dag" --continue-on-failure --dagfilejson="Library\Bee\1900b0aE.dag.json" --profile="Library/Bee/backend2.traceevents" ScriptAssemblies
WorkingDir: C:/Users/Len/Lenomation_V3
[Worker2] Imported GUID: 7baa462333e763d438c9503158b76d00 - Path: Assets/Editor/PrefabBuildUtility.cs - Importer: PreviewImporter -> (ImportResultId: '094f5079e52b5dcfe2e33b2f948b0fe1') in 0.015209 seconds
[Worker2] Imported GUID: 7baa462333e763d438c9503158b76d00 - Path: Assets/Editor/PrefabBuildUtility.cs - Importer: PreviewImporter -> (ImportResultId: '094f5079e52b5dcfe2e33b2f948b0fe1') in 0.0156957 seconds
[Worker2] Imported GUID: 7baa462333e763d438c9503158b76d00 - Path: Assets/Editor/PrefabBuildUtility.cs - Importer: PreviewImporter -> (ImportResultId: '094f5079e52b5dcfe2e33b2f948b0fe1') in 0.013571 seconds
[Worker2] Imported GUID: 7baa462333e763d438c9503158b76d00 - Path: Assets/Editor/PrefabBuildUtility.cs - Importer: PreviewImporter -> (ImportResultId: '094f5079e52b5dcfe2e33b2f948b0fe1') in 0.0125663 seconds
[Worker2] Imported GUID: 7baa462333e763d438c9503158b76d00 - Path: Assets/Editor/PrefabBuildUtility.cs - Importer: PreviewImporter -> (ImportResultId: '094f5079e52b5dcfe2e33b2f948b0fe1') in 0.0144219 seconds
[Worker2] Imported GUID: 7baa462333e763d438c9503158b76d00 - Path: Assets/Editor/PrefabBuildUtility.cs - Importer: PreviewImporter -> (ImportResultId: '094f5079e52b5dcfe2e33b2f948b0fe1') in 0.0140792 seconds
[Worker2] Imported GUID: 7baa462333e763d438c9503158b76d00 - Path: Assets/Editor/PrefabBuildUtility.cs - Importer: PreviewImporter -> (ImportResultId: '094f5079e52b5dcfe2e33b2f948b0fe1') in 0.0129154 seconds
[Worker2] Imported GUID: 7baa462333e763d438c9503158b76d00 - Path: Assets/Editor/PrefabBuildUtility.cs - Importer: PreviewImporter -> (ImportResultId: '094f5079e52b5dcfe2e33b2f948b0fe1') in 0.0150704 seconds
[Worker2] Imported GUID: 7baa462333e763d438c9503158b76d00 - Path: Assets/Editor/PrefabBuildUtility.cs - Importer: PreviewImporter -> (ImportResultId: '094f5079e52b5dcfe2e33b2f948b0fe1') in 0.0135896 seconds
[Worker2] Imported GUID: 7baa462333e763d438c9503158b76d00 - Path: Assets/Editor/PrefabBuildUtility.cs - Importer: PreviewImporter -> (ImportResultId: '094f5079e52b5dcfe2e33b2f948b0fe1') in 0.0124285 seconds
[Worker2] Imported GUID: 7baa462333e763d438c9503158b76d00 - Path: Assets/Editor/PrefabBuildUtility.cs - Importer: PreviewImporter -> (ImportResultId: '094f5079e52b5dcfe2e33b2f948b0fe1') in 0.0156635 seconds
[Worker2] Imported GUID: 7baa462333e763d438c9503158b76d00 - Path: Assets/Editor/PrefabBuildUtility.cs - Importer: PreviewImporter -> (ImportResultId: '094f5079e52b5dcfe2e33b2f948b0fe1') in 0.0142894 seconds
[Worker2] Imported GUID: 7baa462333e763d438c9503158b76d00 - Path: Assets/Editor/PrefabBuildUtility.cs - Importer: PreviewImporter -> (ImportResultId: '094f5079e52b5dcfe2e33b2f948b0fe1') in 0.0142682 seconds
[Worker2] Imported GUID: 7baa462333e763d438c9503158b76d00 - Path: Assets/Editor/PrefabBuildUtility.cs - Importer: PreviewImporter -> (ImportResultId: '094f5079e52b5dcfe2e33b2f948b0fe1') in 0.0154188 seconds
[Worker2] Imported GUID: 7baa462333e763d438c9503158b76d00 - Path: Assets/Editor/PrefabBuildUtility.cs - Importer: PreviewImporter -> (ImportResultId: '094f5079e52b5dcfe2e33b2f948b0fe1') in 0.0146568 seconds
[Worker2] Imported GUID: 7baa462333e763d438c9503158b76d00 - Path: Assets/Editor/PrefabBuildUtility.cs - Importer: PreviewImporter -> (ImportResultId: '094f5079e52b5dcfe2e33b2f948b0fe1') in 0.0154047 seconds
[Worker2] Imported GUID: 7baa462333e763d438c9503158b76d00 - Path: Assets/Editor/PrefabBuildUtility.cs - Importer: PreviewImporter -> (ImportResultId: '094f5079e52b5dcfe2e33b2f948b0fe1') in 0.0155577 seconds
[Worker2] Imported GUID: 7baa462333e763d438c9503158b76d00 - Path: Assets/Editor/PrefabBuildUtility.cs - Importer: PreviewImporter -> (ImportResultId: '094f5079e52b5dcfe2e33b2f948b0fe1') in 0.0145598 seconds
[Worker2] Imported GUID: 7baa462333e763d438c9503158b76d00 - Path: Assets/Editor/PrefabBuildUtility.cs - Importer: PreviewImporter -> (ImportResultId: '094f5079e52b5dcfe2e33b2f948b0fe1') in 0.0125549 seconds
[Worker2] Imported GUID: 7baa462333e763d438c9503158b76d00 - Path: Assets/Editor/PrefabBuildUtility.cs - Importer: PreviewImporter -> (ImportResultId: '094f5079e52b5dcfe2e33b2f948b0fe1') in 0.0130601 seconds
[Worker2] Imported GUID: 7baa462333e763d438c9503158b76d00 - Path: Assets/Editor/PrefabBuildUtility.cs - Importer: PreviewImporter -> (ImportResultId: '094f5079e52b5dcfe2e33b2f948b0fe1') in 0.0130306 seconds
[Worker2] Imported GUID: 7baa462333e763d438c9503158b76d00 - Path: Assets/Editor/PrefabBuildUtility.cs - Importer: PreviewImporter -> (ImportResultId: '094f5079e52b5dcfe2e33b2f948b0fe1') in 0.0149339 seconds
[Worker2] Imported GUID: 7baa462333e763d438c9503158b76d00 - Path: Assets/Editor/PrefabBuildUtility.cs - Importer: PreviewImporter -> (ImportResultId: '094f5079e52b5dcfe2e33b2f948b0fe1') in 0.0137565 seconds
[Worker2] Imported GUID: 7baa462333e763d438c9503158b76d00 - Path: Assets/Editor/PrefabBuildUtility.cs - Importer: PreviewImporter -> (ImportResultId: '094f5079e52b5dcfe2e33b2f948b0fe1') in 0.0281349 seconds
[Worker2] Imported GUID: 7baa462333e763d438c9503158b76d00 - Path: Assets/Editor/PrefabBuildUtility.cs - Importer: PreviewImporter -> (ImportResultId: '094f5079e52b5dcfe2e33b2f948b0fe1') in 0.0309985 seconds
[Worker2] Imported GUID: 7baa462333e763d438c9503158b76d00 - Path: Assets/Editor/PrefabBuildUtility.cs - Importer: PreviewImporter -> (ImportResultId: '094f5079e52b5dcfe2e33b2f948b0fe1') in 0.0148669 seconds
info: Microsoft.AspNetCore.Hosting.Diagnostics[1]
      Request starting HTTP/2 POST http://ilpp/UnityILPP.PostProcessing/ConfigurePostProcessors - application/grpc -
info: Microsoft.AspNetCore.Routing.EndpointMiddleware[0]
      Executing endpoint 'gRPC - /UnityILPP.PostProcessing/ConfigurePostProcessors'
info: Unity.ILPP.Runner.PostProcessingAssemblyLoadContext[0]
      Current configuration matches the requested one, skipping
info: Microsoft.AspNetCore.Routing.EndpointMiddleware[1]
      Executed endpoint 'gRPC - /UnityILPP.PostProcessing/ConfigurePostProcessors'
info: Microsoft.AspNetCore.Hosting.Diagnostics[2]
      Request finished HTTP/2 POST http://ilpp/UnityILPP.PostProcessing/ConfigurePostProcessors - 200 - application/grpc 1.0706ms
[Worker2] Imported GUID: 7baa462333e763d438c9503158b76d00 - Path: Assets/Editor/PrefabBuildUtility.cs - Importer: PreviewImporter -> (ImportResultId: '094f5079e52b5dcfe2e33b2f948b0fe1') in 0.0147984 seconds
[Worker2] Imported GUID: 7baa462333e763d438c9503158b76d00 - Path: Assets/Editor/PrefabBuildUtility.cs - Importer: PreviewImporter -> (ImportResultId: '094f5079e52b5dcfe2e33b2f948b0fe1') in 0.0315623 seconds
[Worker2] Imported GUID: 7baa462333e763d438c9503158b76d00 - Path: Assets/Editor/PrefabBuildUtility.cs - Importer: PreviewImporter -> (ImportResultId: '094f5079e52b5dcfe2e33b2f948b0fe1') in 0.0147001 seconds
[Worker2] Imported GUID: 7baa462333e763d438c9503158b76d00 - Path: Assets/Editor/PrefabBuildUtility.cs - Importer: PreviewImporter -> (ImportResultId: '094f5079e52b5dcfe2e33b2f948b0fe1') in 0.0139914 seconds
[Worker2] Imported GUID: 7baa462333e763d438c9503158b76d00 - Path: Assets/Editor/PrefabBuildUtility.cs - Importer: PreviewImporter -> (ImportResultId: '094f5079e52b5dcfe2e33b2f948b0fe1') in 0.0138503 seconds
[Worker2] Imported GUID: 7baa462333e763d438c9503158b76d00 - Path: Assets/Editor/PrefabBuildUtility.cs - Importer: PreviewImporter -> (ImportResultId: '094f5079e52b5dcfe2e33b2f948b0fe1') in 0.0130363 seconds
[Worker2] Imported GUID: 7baa462333e763d438c9503158b76d00 - Path: Assets/Editor/PrefabBuildUtility.cs - Importer: PreviewImporter -> (ImportResultId: '094f5079e52b5dcfe2e33b2f948b0fe1') in 0.0134819 seconds
[Worker2] Imported GUID: 7baa462333e763d438c9503158b76d00 - Path: Assets/Editor/PrefabBuildUtility.cs - Importer: PreviewImporter -> (ImportResultId: '094f5079e52b5dcfe2e33b2f948b0fe1') in 0.0130761 seconds
[Worker2] Imported GUID: 7baa462333e763d438c9503158b76d00 - Path: Assets/Editor/PrefabBuildUtility.cs - Importer: PreviewImporter -> (ImportResultId: '094f5079e52b5dcfe2e33b2f948b0fe1') in 0.0145564 seconds
[Worker2] Imported GUID: 7baa462333e763d438c9503158b76d00 - Path: Assets/Editor/PrefabBuildUtility.cs - Importer: PreviewImporter -> (ImportResultId: '094f5079e52b5dcfe2e33b2f948b0fe1') in 0.0156023 seconds
[Worker2] Imported GUID: 7baa462333e763d438c9503158b76d00 - Path: Assets/Editor/PrefabBuildUtility.cs - Importer: PreviewImporter -> (ImportResultId: '094f5079e52b5dcfe2e33b2f948b0fe1') in 0.0145405 seconds
[Worker2] Imported GUID: 7baa462333e763d438c9503158b76d00 - Path: Assets/Editor/PrefabBuildUtility.cs - Importer: PreviewImporter -> (ImportResultId: '094f5079e52b5dcfe2e33b2f948b0fe1') in 0.0136694 seconds
info: Microsoft.AspNetCore.Hosting.Diagnostics[1]
      Request starting HTTP/2 POST http://ilpp/UnityILPP.PostProcessing/PostProcessAssembly - application/grpc -
info: Microsoft.AspNetCore.Routing.EndpointMiddleware[0]
      Executing endpoint 'gRPC - /UnityILPP.PostProcessing/PostProcessAssembly'
info: Unity.ILPP.Runner.PostProcessingPipeline[0]
      Processing assembly Library/Bee/artifacts/1900b0aE.dag/Assembly-CSharp-Editor.dll, with 142 defines and 390 references
info: Unity.ILPP.Runner.PostProcessingPipeline[0]
      processors: Unity.Jobs.CodeGen.JobsILPostProcessor, zzzUnity.Burst.CodeGen.BurstILPostProcessor
info: Unity.ILPP.Runner.PostProcessingPipeline[0]
      running Unity.Jobs.CodeGen.JobsILPostProcessor
info: Unity.ILPP.Runner.PostProcessingPipeline[0]
      running zzzUnity.Burst.CodeGen.BurstILPostProcessor
[Worker2] Imported GUID: 7baa462333e763d438c9503158b76d00 - Path: Assets/Editor/PrefabBuildUtility.cs - Importer: PreviewImporter -> (ImportResultId: '094f5079e52b5dcfe2e33b2f948b0fe1') in 0.014429 seconds
info: Microsoft.AspNetCore.Routing.EndpointMiddleware[1]
      Executed endpoint 'gRPC - /UnityILPP.PostProcessing/PostProcessAssembly'
info: Microsoft.AspNetCore.Hosting.Diagnostics[2]
      Request finished HTTP/2 POST http://ilpp/UnityILPP.PostProcessing/PostProcessAssembly - 200 - application/grpc 17.4034ms
[Worker2] Imported GUID: 7baa462333e763d438c9503158b76d00 - Path: Assets/Editor/PrefabBuildUtility.cs - Importer: PreviewImporter -> (ImportResultId: '094f5079e52b5dcfe2e33b2f948b0fe1') in 0.0151204 seconds
[Worker2] Imported GUID: 7baa462333e763d438c9503158b76d00 - Path: Assets/Editor/PrefabBuildUtility.cs - Importer: PreviewImporter -> (ImportResultId: '094f5079e52b5dcfe2e33b2f948b0fe1') in 0.013396 seconds
[Worker2] Imported GUID: 7baa462333e763d438c9503158b76d00 - Path: Assets/Editor/PrefabBuildUtility.cs - Importer: PreviewImporter -> (ImportResultId: '094f5079e52b5dcfe2e33b2f948b0fe1') in 0.0137603 seconds
ExitCode: 0 Duration: 0s896ms
Finished compiling graph: 1567 nodes, 33531 flattened edges (27323 ToBuild, 258 ToUse), maximum node priority 1759
[ 806/1563  0s] WriteText Library/Bee/artifacts/1900b0aE.dag/Assembly-CSharp-Editor.rsp
[1192/1563  0s] ILPP-Configuration Library/ilpp-configuration.nevergeneratedoutput
[1559/1563  0s] Csc Library/Bee/artifacts/1900b0aE.dag/Assembly-CSharp-Editor.dll (+2 others)
[1560/1563  0s] ILPostProcess Library/Bee/artifacts/1900b0aE.dag/post-processed/Assembly-CSharp-Editor.dll (+pdb)
Processing assembly Library/Bee/artifacts/1900b0aE.dag/Assembly-CSharp-Editor.dll, with 142 defines and 390 references

processors: Unity.Jobs.CodeGen.JobsILPostProcessor, zzzUnity.Burst.CodeGen.BurstILPostProcessor

running Unity.Jobs.CodeGen.JobsILPostProcessor

running zzzUnity.Burst.CodeGen.BurstILPostProcessor
[1561/1563  0s] CopyFiles Library/ScriptAssemblies/Assembly-CSharp-Editor.dll
[1562/1563  0s] CopyFiles Library/ScriptAssemblies/Assembly-CSharp-Editor.pdb
*** Tundra build success (0.88 seconds), 6 items updated, 1563 evaluated
[Worker2] Imported GUID: 7baa462333e763d438c9503158b76d00 - Path: Assets/Editor/PrefabBuildUtility.cs - Importer: PreviewImporter -> (ImportResultId: '094f5079e52b5dcfe2e33b2f948b0fe1') in 0.0150503 seconds
[Worker2] Imported GUID: 7baa462333e763d438c9503158b76d00 - Path: Assets/Editor/PrefabBuildUtility.cs - Importer: PreviewImporter -> (ImportResultId: '094f5079e52b5dcfe2e33b2f948b0fe1') in 0.0147996 seconds
Reloading assemblies after finishing script compilation.
Reloading assemblies after forced synchronous recompile.
Begin MonoManager ReloadAssembly
Total cache size 268137716
[INFO ] [relay] log Domain reload signal received from client editor-39260-anz7wr
Total cache size after purge 268137716, took 00:00:00.3497592
[INFO ] [relay] log Client disconnected - blocking and caching for recovery
[WARN ] [relay] connection.lost clientId=null
[WARN ] [relay] log Client disconnected - sessions will persist until auto-shutdown, reason: Client disconnected
[INFO ] [relay] log Auto-shutdown timer started due to client disconnection
Symbol file LoadedFromMemory is not a mono symbol file
Symbol file LoadedFromMemory is not a mono symbol file
Refreshing native plugins compatible for Editor in 3.26 ms, found 5 plugins.
Native extension for WindowsStandalone target not found
Native extension for WebGL target not found
[MODES] ModeService[none].Initialize
[MODES] ModeService[none].LoadModes
Refreshing native plugins compatible for Editor in 3.19 ms, found 5 plugins.
[Licensing::Client] Error: Code 404 while processing request (status: Found 0 entitlement groups and 0 free entitlements matching requested entitlement ids)
ScheduleIndexationOnStartup MainProcess:True IndexOnStartup:True
Mono: successfully reloaded assembly
- Finished resetting the current domain, in  3.442 seconds
Domain Reload Profiling: 5585ms
	BeginReloadAssembly (1328ms)
		DisableScriptedObjects (211ms)
		CreateAndSetChildDomain (679ms)
	RebuildCommonClasses (16ms)
	RebuildNativeTypeToScriptingClass (25ms)
	initialDomainReloadingComplete (138ms)
	LoadAllAssembliesAndSetupDomain (635ms)
		LoadAssemblies (181ms)
		AnalyzeDomain (446ms)
			TypeCache.Refresh (19ms)
			BuildScriptInfoCaches (415ms)
			ResolveRequiredComponents (9ms)
	FinalizeReload (3443ms)
		SetupLoadedEditorAssemblies (0ms)
			InitializePlatformSupportModulesInManaged (3ms)
			BeforeProcessingInitializeOnLoad (256ms)
			ProcessInitializeOnLoadAttributes (934ms)
			ProcessInitializeOnLoadMethodAttributes (458ms)
			AfterProcessingInitializeOnLoad (5ms)
		AwakeInstancesAfterBackupRestoration (1100ms)
Refreshing native plugins compatible for Editor in 4.59 ms, found 5 plugins.

Asset Pipeline Refresh (id=8dc70dec038572942a2b5472e82cc2fc): Total: 6.332 seconds - Initiated by StopAssetImportingV2(ForceSynchronousImport | ForceDomainReload)
	(Values over 0.05ms)
	Summary:
		Imports: total=0 (actual=0, local cache=0, cache server=0)
		Asset DB Process Time: managed=0 ms, native=3714 ms
		Asset DB Callback time: managed=269 ms, native=60 ms
		Scripting: domain reloads=1, domain reload time=2286 ms, compile time=1 ms, other=0 ms
		Project Asset Count: scripts=2149, non-scripts=5371
		Asset File Changes: new=0, changed=0, moved=0, deleted=0
		Scan Filter Count: 0
	InvokePackagesCallback: 5.036ms
	ApplyChangesToAssetFolders: 0.391ms
	Collect global state as custom dependencies: 2.929ms
	ProcessAssetsWithTransientArtifactChanges: 7.215ms
	CategorizeAssets: 79.288ms
	CompileScripts: 1.117ms
	ImportOutOfDateAssets: 3577.413ms (3462.993ms without children)
		CollectScriptTypesHashes: 1.587ms
		ReloadNativeAssets: 46.335ms
		UnloadImportedAssets: 0.193ms
		EnsureUptoDateAssetsAreRegisteredWithGuidPM: 1.164ms
		ImportSchedulerStart: 66.690ms
	PostProcessAllAssets: 270.943ms
		XRBuildSystem.XRAssetImported 0.831ms
		MonoPostProcessAllAssets: 269.567ms
			AssetReferenceReimportMonitor.OnPostprocessAllAssets 26.427ms
			UniversalRenderPipelineGlobalSettingsPostprocessor.OnPostprocessAllAssets 14.141ms
			BuilderAssetPostprocessor.OnPostprocessAllAssets 7.015ms
			AssetPostprocessor.OnPostprocessAllAssets 6.952ms
			AssetChangedListener.OnPostprocessAllAssets 6.215ms
			SpriteSlicePostprocessor.OnPostprocessAllAssets 2.846ms
			UVCSAssetPostprocessor.OnPostprocessAllAssets 2.789ms
			SyncVS.PostprocessSyncProject 2.633ms
			SpeedTree9Postprocessor.OnPostprocessAllAssets 2.385ms
			GraphRefreshPostprocessor.OnPostprocessAllAssets 2.132ms
			RetainedModeAssetPostprocessor.OnPostprocessAllAssets 1.580ms
			WindowAssetPostprocessingWatcher.OnPostprocessAllAssets 1.541ms
			ShaderGraphAssetPostProcessor.OnPostprocessAllAssets 1.377ms
			RenderPipelineGlobalSettingsPostprocessor.OnPostprocessAllAssets 1.258ms
			AssetChangeDetector.OnPostprocessAllAssets 0.878ms
			MaterialPostprocessor.OnPostprocessAllAssets 0.868ms
			EditModeScopePostprocessor.OnPostprocessAllAssets 0.794ms
			SpriteEditorTexturePostprocessor.OnPostprocessAllAssets 0.769ms
			ArtifactBrowserPostProcessor.OnPostprocessAllAssets 0.476ms
			TextAssetPostProcessor.OnPostprocessAllAssets 0.473ms
			InputActionAssetPostprocessor.OnPostprocessAllAssets 0.451ms
			TMPro_TexturePostProcessor.OnPostprocessAllAssets 0.433ms
			ShaderReflectionAssetPostProcessor.OnPostprocessAllAssets 0.405ms
			SkillsProjectAssetPostprocessor.OnPostprocessAllAssets 0.376ms
			InputActionJsonNameModifierAssetProcessor.OnPostprocessAllAssets 0.364ms
			ReferencedClipsPostProcessor.OnPostprocessAllAssets 0.358ms
			ModelAssetProcessor.OnPostprocessAllAssets 0.340ms
			AssetEvents.OnPostprocessAllAssets 0.331ms
			ConfigAssetsTracker.OnPostprocessAllAssets 0.317ms
			AudioMixerPostprocessor.OnPostprocessAllAssets 0.280ms
			PostProcessor.OnPostprocessAllAssets 0.263ms
			SpeedTreePostProcessor.OnPostprocessAllAssets 0.258ms
			ProjectSettingsPostprocessor.OnPostprocessAllAssets 0.244ms
			StyleCatalogPostProcessor.OnPostprocessAllAssets 0.231ms
			SampleDependencyImporterPostProcessor.OnPostprocessAllAssets 0.230ms
			SamplePostprocessor.OnPostprocessAllAssets 0.219ms
			TerrainToolbarOverlayPostProcessor.OnPostprocessAllAssets 0.193ms
			AssetDatabaseCallbacks.OnPostprocessAllAssets 0.138ms
			ScenarioDriftAssetsTracker.OnPostprocessAllAssets 0.105ms
			AssetReloadNotifier.OnPostprocessAllAssets 0.092ms
			AudioContainerPostProcessor.OnPostprocessAllAssets 0.068ms
			TrackSelectedAssetsProcessor.OnPostprocessAllAssets 0.053ms
	PostAssetChangesProfiler: 55.651ms
	GatherAllCurrentPrimaryImportResultRevisions: 0.388ms
	PersistCurrentRevisions: 0.246ms
	GenerateScriptTypeHashes: 32.721ms
	GenerateScriptTypeSerializationHashes: 43.194ms
	Untracked: 2325.657ms

[Licensing::Client] Error: Code 404 while processing request (status: Found 0 entitlement groups and 0 free entitlements matching requested entitlement ids)
[Licensing::Client] Successfully resolved entitlement details
[Licensing::Client] Successfully resolved entitlement details
[Licensing::Client] Successfully resolved entitlement details
[Licensing::Client] Successfully resolved entitlement details
[Licensing::Client] Successfully resolved entitlement details
[Licensing::Client] Successfully resolved entitlement details
[Licensing::Client] Error: Code 404 while processing request (status: Found 0 entitlement groups and 0 free entitlements matching requested entitlement ids)
[Licensing::Client] Error: Code 404 while processing request (status: Found 0 entitlement groups and 0 free entitlements matching requested entitlement ids)
[Licensing::Client] Error: Code 404 while processing request (status: Found 0 entitlement groups and 0 free entitlements matching requested entitlement ids)
[Licensing::Client] Error: Code 404 while processing request (status: Found 0 entitlement groups and 0 free entitlements matching requested entitlement ids)
[Licensing::Client] Error: Code 404 while processing request (status: Found 0 entitlement groups and 0 free entitlements matching requested entitlement ids)
[Licensing::Client] Error: Code 404 while processing request (status: Found 0 entitlement groups and 0 free entitlements matching requested entitlement ids)
UPID Received '0956883a-88ea-49b2-bde1-fe810ba60755'.
[Licensing::Client] Successfully resolved entitlement details
[Licensing::Client] Error: Code 404 while processing request (status: Found 0 entitlement groups and 0 free entitlements matching requested entitlement ids)
[Licensing::Client] Error: Code 404 while processing request (status: Found 0 entitlement groups and 0 free entitlements matching requested entitlement ids)
[Worker2] Imported GUID: 7baa462333e763d438c9503158b76d00 - Path: Assets/Editor/PrefabBuildUtility.cs - Importer: PreviewImporter -> (ImportResultId: '00000000000000000000000000000000') in 0.0157564 seconds
[Worker2] Import Error Code:(4)
Message: Build asset version error: assets/editor/prefabbuildutility.cs in SourceAssetDB has modification time of '2026-08-28T05:57:21.7755597Z' while content on disk has modification time of '2026-08-28T05:57:41.006Z'
[Worker2] Imported GUID: 7baa462333e763d438c9503158b76d00 - Path: Assets/Editor/PrefabBuildUtility.cs - Importer: PreviewImporter -> (ImportResultId: '00000000000000000000000000000000') in 0.0165571 seconds
[Worker2] Import Error Code:(4)
Message: Build asset version error: assets/editor/prefabbuildutility.cs in SourceAssetDB has modification time of '2026-08-28T05:57:21.7755597Z' while content on disk has modification time of '2026-08-28T05:57:41.006Z'
[Worker2] Imported GUID: 7baa462333e763d438c9503158b76d00 - Path: Assets/Editor/PrefabBuildUtility.cs - Importer: PreviewImporter -> (ImportResultId: '00000000000000000000000000000000') in 0.0145599 seconds
[Worker2] Import Error Code:(4)
Message: Build asset version error: assets/editor/prefabbuildutility.cs in SourceAssetDB has modification time of '2026-08-28T05:57:21.7755597Z' while content on disk has modification time of '2026-08-28T05:57:41.006Z'
[Worker2] Imported GUID: 7baa462333e763d438c9503158b76d00 - Path: Assets/Editor/PrefabBuildUtility.cs - Importer: PreviewImporter -> (ImportResultId: '00000000000000000000000000000000') in 0.0137099 seconds
[Worker2] Import Error Code:(4)
Message: Build asset version error: assets/editor/prefabbuildutility.cs in SourceAssetDB has modification time of '2026-08-28T05:57:21.7755597Z' while content on disk has modification time of '2026-08-28T05:57:41.006Z'
[Worker2] Imported GUID: 7baa462333e763d438c9503158b76d00 - Path: Assets/Editor/PrefabBuildUtility.cs - Importer: PreviewImporter -> (ImportResultId: '00000000000000000000000000000000') in 0.014497 seconds
[Worker2] Import Error Code:(4)
Message: Build asset version error: assets/editor/prefabbuildutility.cs in SourceAssetDB has modification time of '2026-08-28T05:57:21.7755597Z' while content on disk has modification time of '2026-08-28T05:57:41.006Z'
[Worker2] Imported GUID: 7baa462333e763d438c9503158b76d00 - Path: Assets/Editor/PrefabBuildUtility.cs - Importer: PreviewImporter -> (ImportResultId: '00000000000000000000000000000000') in 0.0156194 seconds
[Worker2] Import Error Code:(4)
Message: Build asset version error: assets/editor/prefabbuildutility.cs in SourceAssetDB has modification time of '2026-08-28T05:57:21.7755597Z' while content on disk has modification time of '2026-08-28T05:57:41.006Z'
[Worker2] Imported GUID: 7baa462333e763d438c9503158b76d00 - Path: Assets/Editor/PrefabBuildUtility.cs - Importer: PreviewImporter -> (ImportResultId: '00000000000000000000000000000000') in 0.0164095 seconds
[Worker2] Import Error Code:(4)
Message: Build asset version error: assets/editor/prefabbuildutility.cs in SourceAssetDB has modification time of '2026-08-28T05:57:21.7755597Z' while content on disk has modification time of '2026-08-28T05:57:41.006Z'
[Worker2] Imported GUID: 7baa462333e763d438c9503158b76d00 - Path: Assets/Editor/PrefabBuildUtility.cs - Importer: PreviewImporter -> (ImportResultId: '00000000000000000000000000000000') in 0.012748 seconds
[Worker2] Import Error Code:(4)
Message: Build asset version error: assets/editor/prefabbuildutility.cs in SourceAssetDB has modification time of '2026-08-28T05:57:21.7755597Z' while content on disk has modification time of '2026-08-28T05:57:41.006Z'
[Worker2] Imported GUID: 7baa462333e763d438c9503158b76d00 - Path: Assets/Editor/PrefabBuildUtility.cs - Importer: PreviewImporter -> (ImportResultId: '00000000000000000000000000000000') in 0.0149904 seconds
[Worker2] Import Error Code:(4)
Message: Build asset version error: assets/editor/prefabbuildutility.cs in SourceAssetDB has modification time of '2026-08-28T05:57:21.7755597Z' while content on disk has modification time of '2026-08-28T05:57:41.006Z'
[Worker2] Imported GUID: 7baa462333e763d438c9503158b76d00 - Path: Assets/Editor/PrefabBuildUtility.cs - Importer: PreviewImporter -> (ImportResultId: '00000000000000000000000000000000') in 0.0126202 seconds
[Worker2] Import Error Code:(4)
Message: Build asset version error: assets/editor/prefabbuildutility.cs in SourceAssetDB has modification time of '2026-08-28T05:57:21.7755597Z' while content on disk has modification time of '2026-08-28T05:57:41.006Z'
[Worker2] Imported GUID: 7baa462333e763d438c9503158b76d00 - Path: Assets/Editor/PrefabBuildUtility.cs - Importer: PreviewImporter -> (ImportResultId: '00000000000000000000000000000000') in 0.013866 seconds
[Worker2] Import Error Code:(4)
Message: Build asset version error: assets/editor/prefabbuildutility.cs in SourceAssetDB has modification time of '2026-08-28T05:57:21.7755597Z' while content on disk has modification time of '2026-08-28T05:57:41.006Z'
[Worker2] Imported GUID: 7baa462333e763d438c9503158b76d00 - Path: Assets/Editor/PrefabBuildUtility.cs - Importer: PreviewImporter -> (ImportResultId: '00000000000000000000000000000000') in 0.0156898 seconds
[Worker2] Import Error Code:(4)
Message: Build asset version error: assets/editor/prefabbuildutility.cs in SourceAssetDB has modification time of '2026-08-28T05:57:21.7755597Z' while content on disk has modification time of '2026-08-28T05:57:41.006Z'
[Worker2] Imported GUID: 7baa462333e763d438c9503158b76d00 - Path: Assets/Editor/PrefabBuildUtility.cs - Importer: PreviewImporter -> (ImportResultId: '00000000000000000000000000000000') in 0.013992 seconds
[Worker2] Import Error Code:(4)
Message: Build asset version error: assets/editor/prefabbuildutility.cs in SourceAssetDB has modification time of '2026-08-28T05:57:21.7755597Z' while content on disk has modification time of '2026-08-28T05:57:41.006Z'
[Worker2] Imported GUID: 7baa462333e763d438c9503158b76d00 - Path: Assets/Editor/PrefabBuildUtility.cs - Importer: PreviewImporter -> (ImportResultId: '00000000000000000000000000000000') in 0.0143153 seconds
[Worker2] Import Error Code:(4)
Message: Build asset version error: assets/editor/prefabbuildutility.cs in SourceAssetDB has modification time of '2026-08-28T05:57:21.7755597Z' while content on disk has modification time of '2026-08-28T05:57:41.006Z'
[Worker2] Imported GUID: 7baa462333e763d438c9503158b76d00 - Path: Assets/Editor/PrefabBuildUtility.cs - Importer: PreviewImporter -> (ImportResultId: '00000000000000000000000000000000') in 0.0140265 seconds
[Worker2] Import Error Code:(4)
Message: Build asset version error: assets/editor/prefabbuildutility.cs in SourceAssetDB has modification time of '2026-08-28T05:57:21.7755597Z' while content on disk has modification time of '2026-08-28T05:57:41.006Z'
[Worker2] Imported GUID: 7baa462333e763d438c9503158b76d00 - Path: Assets/Editor/PrefabBuildUtility.cs - Importer: PreviewImporter -> (ImportResultId: '00000000000000000000000000000000') in 0.0153112 seconds
[Worker2] Import Error Code:(4)
Message: Build asset version error: assets/editor/prefabbuildutility.cs in SourceAssetDB has modification time of '2026-08-28T05:57:21.7755597Z' while content on disk has modification time of '2026-08-28T05:57:41.006Z'
[Worker2] Imported GUID: 7baa462333e763d438c9503158b76d00 - Path: Assets/Editor/PrefabBuildUtility.cs - Importer: PreviewImporter -> (ImportResultId: '00000000000000000000000000000000') in 0.0147239 seconds
[Worker2] Import Error Code:(4)
Message: Build asset version error: assets/editor/prefabbuildutility.cs in SourceAssetDB has modification time of '2026-08-28T05:57:21.7755597Z' while content on disk has modification time of '2026-08-28T05:57:41.006Z'
[Worker2] Imported GUID: 7baa462333e763d438c9503158b76d00 - Path: Assets/Editor/PrefabBuildUtility.cs - Importer: PreviewImporter -> (ImportResultId: '00000000000000000000000000000000') in 0.0140652 seconds
[Worker2] Import Error Code:(4)
Message: Build asset version error: assets/editor/prefabbuildutility.cs in SourceAssetDB has modification time of '2026-08-28T05:57:21.7755597Z' while content on disk has modification time of '2026-08-28T05:57:41.006Z'
[Worker2] Imported GUID: 7baa462333e763d438c9503158b76d00 - Path: Assets/Editor/PrefabBuildUtility.cs - Importer: PreviewImporter -> (ImportResultId: '00000000000000000000000000000000') in 0.0130171 seconds
[Worker2] Import Error Code:(4)
Message: Build asset version error: assets/editor/prefabbuildutility.cs in SourceAssetDB has modification time of '2026-08-28T05:57:21.7755597Z' while content on disk has modification time of '2026-08-28T05:57:41.006Z'
[Worker2] Imported GUID: 7baa462333e763d438c9503158b76d00 - Path: Assets/Editor/PrefabBuildUtility.cs - Importer: PreviewImporter -> (ImportResultId: '00000000000000000000000000000000') in 0.0153852 seconds
[Worker2] Import Error Code:(4)
Message: Build asset version error: assets/editor/prefabbuildutility.cs in SourceAssetDB has modification time of '2026-08-28T05:57:21.7755597Z' while content on disk has modification time of '2026-08-28T05:57:41.006Z'
[Worker2] Imported GUID: 7baa462333e763d438c9503158b76d00 - Path: Assets/Editor/PrefabBuildUtility.cs - Importer: PreviewImporter -> (ImportResultId: '00000000000000000000000000000000') in 0.0149893 seconds
[Worker2] Import Error Code:(4)
Message: Build asset version error: assets/editor/prefabbuildutility.cs in SourceAssetDB has modification time of '2026-08-28T05:57:21.7755597Z' while content on disk has modification time of '2026-08-28T05:57:41.006Z'
[Worker2] Imported GUID: 7baa462333e763d438c9503158b76d00 - Path: Assets/Editor/PrefabBuildUtility.cs - Importer: PreviewImporter -> (ImportResultId: '00000000000000000000000000000000') in 0.0115049 seconds
[Worker2] Import Error Code:(4)
Message: Build asset version error: assets/editor/prefabbuildutility.cs in SourceAssetDB has modification time of '2026-08-28T05:57:21.7755597Z' while content on disk has modification time of '2026-08-28T05:57:41.006Z'
[Worker2] Imported GUID: 7baa462333e763d438c9503158b76d00 - Path: Assets/Editor/PrefabBuildUtility.cs - Importer: PreviewImporter -> (ImportResultId: '00000000000000000000000000000000') in 0.0130041 seconds
[Worker2] Import Error Code:(4)
Message: Build asset version error: assets/editor/prefabbuildutility.cs in SourceAssetDB has modification time of '2026-08-28T05:57:21.7755597Z' while content on disk has modification time of '2026-08-28T05:57:41.006Z'
[Worker2] Imported GUID: 7baa462333e763d438c9503158b76d00 - Path: Assets/Editor/PrefabBuildUtility.cs - Importer: PreviewImporter -> (ImportResultId: '00000000000000000000000000000000') in 0.0125297 seconds
[Worker2] Import Error Code:(4)
Message: Build asset version error: assets/editor/prefabbuildutility.cs in SourceAssetDB has modification time of '2026-08-28T05:57:21.7755597Z' while content on disk has modification time of '2026-08-28T05:57:41.006Z'
[Worker2] Imported GUID: 7baa462333e763d438c9503158b76d00 - Path: Assets/Editor/PrefabBuildUtility.cs - Importer: PreviewImporter -> (ImportResultId: '00000000000000000000000000000000') in 0.0148108 seconds
[Worker2] Import Error Code:(4)
Message: Build asset version error: assets/editor/prefabbuildutility.cs in SourceAssetDB has modification time of '2026-08-28T05:57:21.7755597Z' while content on disk has modification time of '2026-08-28T05:57:41.006Z'
[Worker2] Imported GUID: 7baa462333e763d438c9503158b76d00 - Path: Assets/Editor/PrefabBuildUtility.cs - Importer: PreviewImporter -> (ImportResultId: '00000000000000000000000000000000') in 0.0157517 seconds
[Worker2] Import Error Code:(4)
Message: Build asset version error: assets/editor/prefabbuildutility.cs in SourceAssetDB has modification time of '2026-08-28T05:57:21.7755597Z' while content on disk has modification time of '2026-08-28T05:57:41.006Z'
[Worker2] Imported GUID: 7baa462333e763d438c9503158b76d00 - Path: Assets/Editor/PrefabBuildUtility.cs - Importer: PreviewImporter -> (ImportResultId: '00000000000000000000000000000000') in 0.0152172 seconds
[Worker2] Import Error Code:(4)
Message: Build asset version error: assets/editor/prefabbuildutility.cs in SourceAssetDB has modification time of '2026-08-28T05:57:21.7755597Z' while content on disk has modification time of '2026-08-28T05:57:41.006Z'
[Worker2] Imported GUID: 7baa462333e763d438c9503158b76d00 - Path: Assets/Editor/PrefabBuildUtility.cs - Importer: PreviewImporter -> (ImportResultId: '00000000000000000000000000000000') in 0.0132526 seconds
[Worker2] Import Error Code:(4)
Message: Build asset version error: assets/editor/prefabbuildutility.cs in SourceAssetDB has modification time of '2026-08-28T05:57:21.7755597Z' while content on disk has modification time of '2026-08-28T05:57:41.006Z'
[Worker2] Imported GUID: 7baa462333e763d438c9503158b76d00 - Path: Assets/Editor/PrefabBuildUtility.cs - Importer: PreviewImporter -> (ImportResultId: '00000000000000000000000000000000') in 0.0157427 seconds
[Worker2] Import Error Code:(4)
Message: Build asset version error: assets/editor/prefabbuildutility.cs in SourceAssetDB has modification time of '2026-08-28T05:57:21.7755597Z' while content on disk has modification time of '2026-08-28T05:57:41.006Z'
[Worker2] Imported GUID: 7baa462333e763d438c9503158b76d00 - Path: Assets/Editor/PrefabBuildUtility.cs - Importer: PreviewImporter -> (ImportResultId: '00000000000000000000000000000000') in 0.0126197 seconds
[Worker2] Import Error Code:(4)
Message: Build asset version error: assets/editor/prefabbuildutility.cs in SourceAssetDB has modification time of '2026-08-28T05:57:21.7755597Z' while content on disk has modification time of '2026-08-28T05:57:41.006Z'
[Worker2] Imported GUID: 7baa462333e763d438c9503158b76d00 - Path: Assets/Editor/PrefabBuildUtility.cs - Importer: PreviewImporter -> (ImportResultId: '00000000000000000000000000000000') in 0.0115889 seconds
[Worker2] Import Error Code:(4)
Message: Build asset version error: assets/editor/prefabbuildutility.cs in SourceAssetDB has modification time of '2026-08-28T05:57:21.7755597Z' while content on disk has modification time of '2026-08-28T05:57:41.006Z'
[Worker2] Imported GUID: 7baa462333e763d438c9503158b76d00 - Path: Assets/Editor/PrefabBuildUtility.cs - Importer: PreviewImporter -> (ImportResultId: '00000000000000000000000000000000') in 0.0143979 seconds
[Worker2] Import Error Code:(4)
Message: Build asset version error: assets/editor/prefabbuildutility.cs in SourceAssetDB has modification time of '2026-08-28T05:57:21.7755597Z' while content on disk has modification time of '2026-08-28T05:57:41.006Z'
[Worker2] Imported GUID: 7baa462333e763d438c9503158b76d00 - Path: Assets/Editor/PrefabBuildUtility.cs - Importer: PreviewImporter -> (ImportResultId: '00000000000000000000000000000000') in 0.0146867 seconds
[Worker2] Import Error Code:(4)
Message: Build asset version error: assets/editor/prefabbuildutility.cs in SourceAssetDB has modification time of '2026-08-28T05:57:21.7755597Z' while content on disk has modification time of '2026-08-28T05:57:41.006Z'
[Worker2] Imported GUID: 7baa462333e763d438c9503158b76d00 - Path: Assets/Editor/PrefabBuildUtility.cs - Importer: PreviewImporter -> (ImportResultId: '00000000000000000000000000000000') in 0.0136133 seconds
[Worker2] Import Error Code:(4)
Message: Build asset version error: assets/editor/prefabbuildutility.cs in SourceAssetDB has modification time of '2026-08-28T05:57:21.7755597Z' while content on disk has modification time of '2026-08-28T05:57:41.006Z'
[Worker2] Imported GUID: 7baa462333e763d438c9503158b76d00 - Path: Assets/Editor/PrefabBuildUtility.cs - Importer: PreviewImporter -> (ImportResultId: '00000000000000000000000000000000') in 0.0132005 seconds
[Worker2] Import Error Code:(4)
Message: Build asset version error: assets/editor/prefabbuildutility.cs in SourceAssetDB has modification time of '2026-08-28T05:57:21.7755597Z' while content on disk has modification time of '2026-08-28T05:57:41.006Z'
[Worker2] Imported GUID: 7baa462333e763d438c9503158b76d00 - Path: Assets/Editor/PrefabBuildUtility.cs - Importer: PreviewImporter -> (ImportResultId: '00000000000000000000000000000000') in 0.0140788 seconds
[Worker2] Import Error Code:(4)
Message: Build asset version error: assets/editor/prefabbuildutility.cs in SourceAssetDB has modification time of '2026-08-28T05:57:21.7755597Z' while content on disk has modification time of '2026-08-28T05:57:41.006Z'
[Worker2] Imported GUID: 7baa462333e763d438c9503158b76d00 - Path: Assets/Editor/PrefabBuildUtility.cs - Importer: PreviewImporter -> (ImportResultId: '00000000000000000000000000000000') in 0.013037 seconds
[Worker2] Import Error Code:(4)
Message: Build asset version error: assets/editor/prefabbuildutility.cs in SourceAssetDB has modification time of '2026-08-28T05:57:21.7755597Z' while content on disk has modification time of '2026-08-28T05:57:41.006Z'
[Worker2] Imported GUID: 7baa462333e763d438c9503158b76d00 - Path: Assets/Editor/PrefabBuildUtility.cs - Importer: PreviewImporter -> (ImportResultId: '00000000000000000000000000000000') in 0.0146065 seconds
[Worker2] Import Error Code:(4)
Message: Build asset version error: assets/editor/prefabbuildutility.cs in SourceAssetDB has modification time of '2026-08-28T05:57:21.7755597Z' while content on disk has modification time of '2026-08-28T05:57:41.006Z'
[Worker2] Imported GUID: 7baa462333e763d438c9503158b76d00 - Path: Assets/Editor/PrefabBuildUtility.cs - Importer: PreviewImporter -> (ImportResultId: '00000000000000000000000000000000') in 0.0149138 seconds
[Worker2] Import Error Code:(4)
Message: Build asset version error: assets/editor/prefabbuildutility.cs in SourceAssetDB has modification time of '2026-08-28T05:57:21.7755597Z' while content on disk has modification time of '2026-08-28T05:57:41.006Z'
[Worker2] Imported GUID: 7baa462333e763d438c9503158b76d00 - Path: Assets/Editor/PrefabBuildUtility.cs - Importer: PreviewImporter -> (ImportResultId: '00000000000000000000000000000000') in 0.0127685 seconds
[Worker2] Import Error Code:(4)
Message: Build asset version error: assets/editor/prefabbuildutility.cs in SourceAssetDB has modification time of '2026-08-28T05:57:21.7755597Z' while content on disk has modification time of '2026-08-28T05:57:41.006Z'
[Worker2] Imported GUID: 7baa462333e763d438c9503158b76d00 - Path: Assets/Editor/PrefabBuildUtility.cs - Importer: PreviewImporter -> (ImportResultId: '00000000000000000000000000000000') in 0.0135808 seconds
[Worker2] Import Error Code:(4)
Message: Build asset version error: assets/editor/prefabbuildutility.cs in SourceAssetDB has modification time of '2026-08-28T05:57:21.7755597Z' while content on disk has modification time of '2026-08-28T05:57:41.006Z'
[Worker2] Imported GUID: 7baa462333e763d438c9503158b76d00 - Path: Assets/Editor/PrefabBuildUtility.cs - Importer: PreviewImporter -> (ImportResultId: '00000000000000000000000000000000') in 0.0145125 seconds
[Worker2] Import Error Code:(4)
Message: Build asset version error: assets/editor/prefabbuildutility.cs in SourceAssetDB has modification time of '2026-08-28T05:57:21.7755597Z' while content on disk has modification time of '2026-08-28T05:57:41.006Z'
[Worker2] Imported GUID: 7baa462333e763d438c9503158b76d00 - Path: Assets/Editor/PrefabBuildUtility.cs - Importer: PreviewImporter -> (ImportResultId: '00000000000000000000000000000000') in 0.0141471 seconds
[Worker2] Import Error Code:(4)
Message: Build asset version error: assets/editor/prefabbuildutility.cs in SourceAssetDB has modification time of '2026-08-28T05:57:21.7755597Z' while content on disk has modification time of '2026-08-28T05:57:41.006Z'
[Worker2] Imported GUID: 7baa462333e763d438c9503158b76d00 - Path: Assets/Editor/PrefabBuildUtility.cs - Importer: PreviewImporter -> (ImportResultId: '00000000000000000000000000000000') in 0.0140293 seconds
[Worker2] Import Error Code:(4)
Message: Build asset version error: assets/editor/prefabbuildutility.cs in SourceAssetDB has modification time of '2026-08-28T05:57:21.7755597Z' while content on disk has modification time of '2026-08-28T05:57:41.006Z'
[Worker2] Imported GUID: 7baa462333e763d438c9503158b76d00 - Path: Assets/Editor/PrefabBuildUtility.cs - Importer: PreviewImporter -> (ImportResultId: '00000000000000000000000000000000') in 0.0148081 seconds
[Worker2] Import Error Code:(4)
Message: Build asset version error: assets/editor/prefabbuildutility.cs in SourceAssetDB has modification time of '2026-08-28T05:57:21.7755597Z' while content on disk has modification time of '2026-08-28T05:57:41.006Z'
[Worker2] Imported GUID: 7baa462333e763d438c9503158b76d00 - Path: Assets/Editor/PrefabBuildUtility.cs - Importer: PreviewImporter -> (ImportResultId: '00000000000000000000000000000000') in 0.0129105 seconds
[Worker2] Import Error Code:(4)
Message: Build asset version error: assets/editor/prefabbuildutility.cs in SourceAssetDB has modification time of '2026-08-28T05:57:21.7755597Z' while content on disk has modification time of '2026-08-28T05:57:41.006Z'
[Worker2] Imported GUID: 7baa462333e763d438c9503158b76d00 - Path: Assets/Editor/PrefabBuildUtility.cs - Importer: PreviewImporter -> (ImportResultId: '00000000000000000000000000000000') in 0.0142495 seconds
[Worker2] Import Error Code:(4)
Message: Build asset version error: assets/editor/prefabbuildutility.cs in SourceAssetDB has modification time of '2026-08-28T05:57:21.7755597Z' while content on disk has modification time of '2026-08-28T05:57:41.006Z'
[Worker2] Imported GUID: 7baa462333e763d438c9503158b76d00 - Path: Assets/Editor/PrefabBuildUtility.cs - Importer: PreviewImporter -> (ImportResultId: '00000000000000000000000000000000') in 0.0147346 seconds
[Worker2] Import Error Code:(4)
Message: Build asset version error: assets/editor/prefabbuildutility.cs in SourceAssetDB has modification time of '2026-08-28T05:57:21.7755597Z' while content on disk has modification time of '2026-08-28T05:57:41.006Z'
[Worker2] Imported GUID: 7baa462333e763d438c9503158b76d00 - Path: Assets/Editor/PrefabBuildUtility.cs - Importer: PreviewImporter -> (ImportResultId: '00000000000000000000000000000000') in 0.0132928 seconds
[Worker2] Import Error Code:(4)
Message: Build asset version error: assets/editor/prefabbuildutility.cs in SourceAssetDB has modification time of '2026-08-28T05:57:21.7755597Z' while content on disk has modification time of '2026-08-28T05:57:41.006Z'
[Worker2] Imported GUID: 7baa462333e763d438c9503158b76d00 - Path: Assets/Editor/PrefabBuildUtility.cs - Importer: PreviewImporter -> (ImportResultId: '00000000000000000000000000000000') in 0.0139911 seconds
[Worker2] Import Error Code:(4)
Message: Build asset version error: assets/editor/prefabbuildutility.cs in SourceAssetDB has modification time of '2026-08-28T05:57:21.7755597Z' while content on disk has modification time of '2026-08-28T05:57:41.006Z'
[Worker2] Imported GUID: 7baa462333e763d438c9503158b76d00 - Path: Assets/Editor/PrefabBuildUtility.cs - Importer: PreviewImporter -> (ImportResultId: '00000000000000000000000000000000') in 0.0132796 seconds
[Worker2] Import Error Code:(4)
Message: Build asset version error: assets/editor/prefabbuildutility.cs in SourceAssetDB has modification time of '2026-08-28T05:57:21.7755597Z' while content on disk has modification time of '2026-08-28T05:57:41.006Z'
[Worker2] Imported GUID: 7baa462333e763d438c9503158b76d00 - Path: Assets/Editor/PrefabBuildUtility.cs - Importer: PreviewImporter -> (ImportResultId: '00000000000000000000000000000000') in 0.0146831 seconds
[Worker2] Import Error Code:(4)
Message: Build asset version error: assets/editor/prefabbuildutility.cs in SourceAssetDB has modification time of '2026-08-28T05:57:21.7755597Z' while content on disk has modification time of '2026-08-28T05:57:41.006Z'
[Worker2] Imported GUID: 7baa462333e763d438c9503158b76d00 - Path: Assets/Editor/PrefabBuildUtility.cs - Importer: PreviewImporter -> (ImportResultId: '00000000000000000000000000000000') in 0.0139427 seconds
[Worker2] Import Error Code:(4)
Message: Build asset version error: assets/editor/prefabbuildutility.cs in SourceAssetDB has modification time of '2026-08-28T05:57:21.7755597Z' while content on disk has modification time of '2026-08-28T05:57:41.006Z'
[Worker2] Imported GUID: 7baa462333e763d438c9503158b76d00 - Path: Assets/Editor/PrefabBuildUtility.cs - Importer: PreviewImporter -> (ImportResultId: '00000000000000000000000000000000') in 0.0144542 seconds
[Worker2] Import Error Code:(4)
Message: Build asset version error: assets/editor/prefabbuildutility.cs in SourceAssetDB has modification time of '2026-08-28T05:57:21.7755597Z' while content on disk has modification time of '2026-08-28T05:57:41.006Z'
[Worker2] Imported GUID: 7baa462333e763d438c9503158b76d00 - Path: Assets/Editor/PrefabBuildUtility.cs - Importer: PreviewImporter -> (ImportResultId: '00000000000000000000000000000000') in 0.0131462 seconds
[Worker2] Import Error Code:(4)
Message: Build asset version error: assets/editor/prefabbuildutility.cs in SourceAssetDB has modification time of '2026-08-28T05:57:21.7755597Z' while content on disk has modification time of '2026-08-28T05:57:41.006Z'
[Worker2] Imported GUID: 7baa462333e763d438c9503158b76d00 - Path: Assets/Editor/PrefabBuildUtility.cs - Importer: PreviewImporter -> (ImportResultId: '00000000000000000000000000000000') in 0.0138839 seconds
[Worker2] Import Error Code:(4)
Message: Build asset version error: assets/editor/prefabbuildutility.cs in SourceAssetDB has modification time of '2026-08-28T05:57:21.7755597Z' while content on disk has modification time of '2026-08-28T05:57:41.006Z'
[Worker2] Imported GUID: 7baa462333e763d438c9503158b76d00 - Path: Assets/Editor/PrefabBuildUtility.cs - Importer: PreviewImporter -> (ImportResultId: '00000000000000000000000000000000') in 0.0139135 seconds
[Worker2] Import Error Code:(4)
Message: Build asset version error: assets/editor/prefabbuildutility.cs in SourceAssetDB has modification time of '2026-08-28T05:57:21.7755597Z' while content on disk has modification time of '2026-08-28T05:57:41.006Z'
[Worker2] Imported GUID: 7baa462333e763d438c9503158b76d00 - Path: Assets/Editor/PrefabBuildUtility.cs - Importer: PreviewImporter -> (ImportResultId: '00000000000000000000000000000000') in 0.0147945 seconds
[Worker2] Import Error Code:(4)
Message: Build asset version error: assets/editor/prefabbuildutility.cs in SourceAssetDB has modification time of '2026-08-28T05:57:21.7755597Z' while content on disk has modification time of '2026-08-28T05:57:41.006Z'
[Worker2] Imported GUID: 7baa462333e763d438c9503158b76d00 - Path: Assets/Editor/PrefabBuildUtility.cs - Importer: PreviewImporter -> (ImportResultId: '00000000000000000000000000000000') in 0.0124652 seconds
[Worker2] Import Error Code:(4)
Message: Build asset version error: assets/editor/prefabbuildutility.cs in SourceAssetDB has modification time of '2026-08-28T05:57:21.7755597Z' while content on disk has modification time of '2026-08-28T05:57:41.006Z'
[Worker2] Imported GUID: 7baa462333e763d438c9503158b76d00 - Path: Assets/Editor/PrefabBuildUtility.cs - Importer: PreviewImporter -> (ImportResultId: '00000000000000000000000000000000') in 0.0155213 seconds
[Worker2] Import Error Code:(4)
Message: Build asset version error: assets/editor/prefabbuildutility.cs in SourceAssetDB has modification time of '2026-08-28T05:57:21.7755597Z' while content on disk has modification time of '2026-08-28T05:57:41.006Z'
[Worker2] Imported GUID: 7baa462333e763d438c9503158b76d00 - Path: Assets/Editor/PrefabBuildUtility.cs - Importer: PreviewImporter -> (ImportResultId: '00000000000000000000000000000000') in 0.0117539 seconds
[Worker2] Import Error Code:(4)
Message: Build asset version error: assets/editor/prefabbuildutility.cs in SourceAssetDB has modification time of '2026-08-28T05:57:21.7755597Z' while content on disk has modification time of '2026-08-28T05:57:41.006Z'
[Worker2] Imported GUID: 7baa462333e763d438c9503158b76d00 - Path: Assets/Editor/PrefabBuildUtility.cs - Importer: PreviewImporter -> (ImportResultId: '00000000000000000000000000000000') in 0.0131548 seconds
[Worker2] Import Error Code:(4)
Message: Build asset version error: assets/editor/prefabbuildutility.cs in SourceAssetDB has modification time of '2026-08-28T05:57:21.7755597Z' while content on disk has modification time of '2026-08-28T05:57:41.006Z'
[Worker2] Imported GUID: 7baa462333e763d438c9503158b76d00 - Path: Assets/Editor/PrefabBuildUtility.cs - Importer: PreviewImporter -> (ImportResultId: '00000000000000000000000000000000') in 0.0144515 seconds
[Worker2] Import Error Code:(4)
Message: Build asset version error: assets/editor/prefabbuildutility.cs in SourceAssetDB has modification time of '2026-08-28T05:57:21.7755597Z' while content on disk has modification time of '2026-08-28T05:57:41.006Z'
[Worker2] Imported GUID: 7baa462333e763d438c9503158b76d00 - Path: Assets/Editor/PrefabBuildUtility.cs - Importer: PreviewImporter -> (ImportResultId: '00000000000000000000000000000000') in 0.0153232 seconds
[Worker2] Import Error Code:(4)
Message: Build asset version error: assets/editor/prefabbuildutility.cs in SourceAssetDB has modification time of '2026-08-28T05:57:21.7755597Z' while content on disk has modification time of '2026-08-28T05:57:41.006Z'
[Worker2] Imported GUID: 7baa462333e763d438c9503158b76d00 - Path: Assets/Editor/PrefabBuildUtility.cs - Importer: PreviewImporter -> (ImportResultId: '00000000000000000000000000000000') in 0.0138595 seconds
[Worker2] Import Error Code:(4)
Message: Build asset version error: assets/editor/prefabbuildutility.cs in SourceAssetDB has modification time of '2026-08-28T05:57:21.7755597Z' while content on disk has modification time of '2026-08-28T05:57:41.006Z'
[Worker2] Imported GUID: 7baa462333e763d438c9503158b76d00 - Path: Assets/Editor/PrefabBuildUtility.cs - Importer: PreviewImporter -> (ImportResultId: '00000000000000000000000000000000') in 0.0146122 seconds
[Worker2] Import Error Code:(4)
Message: Build asset version error: assets/editor/prefabbuildutility.cs in SourceAssetDB has modification time of '2026-08-28T05:57:21.7755597Z' while content on disk has modification time of '2026-08-28T05:57:41.006Z'
[Worker2] Imported GUID: 7baa462333e763d438c9503158b76d00 - Path: Assets/Editor/PrefabBuildUtility.cs - Importer: PreviewImporter -> (ImportResultId: '00000000000000000000000000000000') in 0.013356 seconds
[Worker2] Import Error Code:(4)
Message: Build asset version error: assets/editor/prefabbuildutility.cs in SourceAssetDB has modification time of '2026-08-28T05:57:21.7755597Z' while content on disk has modification time of '2026-08-28T05:57:41.006Z'
[Worker2] Imported GUID: 7baa462333e763d438c9503158b76d00 - Path: Assets/Editor/PrefabBuildUtility.cs - Importer: PreviewImporter -> (ImportResultId: '00000000000000000000000000000000') in 0.0142309 seconds
[Worker2] Import Error Code:(4)
Message: Build asset version error: assets/editor/prefabbuildutility.cs in SourceAssetDB has modification time of '2026-08-28T05:57:21.7755597Z' while content on disk has modification time of '2026-08-28T05:57:41.006Z'
[Worker2] Imported GUID: 7baa462333e763d438c9503158b76d00 - Path: Assets/Editor/PrefabBuildUtility.cs - Importer: PreviewImporter -> (ImportResultId: '00000000000000000000000000000000') in 0.0130768 seconds
[Worker2] Import Error Code:(4)
Message: Build asset version error: assets/editor/prefabbuildutility.cs in SourceAssetDB has modification time of '2026-08-28T05:57:21.7755597Z' while content on disk has modification time of '2026-08-28T05:57:41.006Z'
[Worker2] Imported GUID: 7baa462333e763d438c9503158b76d00 - Path: Assets/Editor/PrefabBuildUtility.cs - Importer: PreviewImporter -> (ImportResultId: '00000000000000000000000000000000') in 0.0158026 seconds
[Worker2] Import Error Code:(4)
Message: Build asset version error: assets/editor/prefabbuildutility.cs in SourceAssetDB has modification time of '2026-08-28T05:57:21.7755597Z' while content on disk has modification time of '2026-08-28T05:57:41.006Z'
[Worker2] Imported GUID: 7baa462333e763d438c9503158b76d00 - Path: Assets/Editor/PrefabBuildUtility.cs - Importer: PreviewImporter -> (ImportResultId: '00000000000000000000000000000000') in 0.0129775 seconds
[Worker2] Import Error Code:(4)
Message: Build asset version error: assets/editor/prefabbuildutility.cs in SourceAssetDB has modification time of '2026-08-28T05:57:21.7755597Z' while content on disk has modification time of '2026-08-28T05:57:41.006Z'
[Worker2] Imported GUID: 7baa462333e763d438c9503158b76d00 - Path: Assets/Editor/PrefabBuildUtility.cs - Importer: PreviewImporter -> (ImportResultId: '00000000000000000000000000000000') in 0.0143292 seconds
[Worker2] Import Error Code:(4)
Message: Build asset version error: assets/editor/prefabbuildutility.cs in SourceAssetDB has modification time of '2026-08-28T05:57:21.7755597Z' while content on disk has modification time of '2026-08-28T05:57:41.006Z'
[Worker2] Imported GUID: 7baa462333e763d438c9503158b76d00 - Path: Assets/Editor/PrefabBuildUtility.cs - Importer: PreviewImporter -> (ImportResultId: '00000000000000000000000000000000') in 0.0130611 seconds
[Worker2] Import Error Code:(4)
Message: Build asset version error: assets/editor/prefabbuildutility.cs in SourceAssetDB has modification time of '2026-08-28T05:57:21.7755597Z' while content on disk has modification time of '2026-08-28T05:57:41.006Z'
[Worker2] Imported GUID: 7baa462333e763d438c9503158b76d00 - Path: Assets/Editor/PrefabBuildUtility.cs - Importer: PreviewImporter -> (ImportResultId: '00000000000000000000000000000000') in 0.014446 seconds
[Worker2] Import Error Code:(4)
Message: Build asset version error: assets/editor/prefabbuildutility.cs in SourceAssetDB has modification time of '2026-08-28T05:57:21.7755597Z' while content on disk has modification time of '2026-08-28T05:57:41.006Z'
[Worker2] Imported GUID: 7baa462333e763d438c9503158b76d00 - Path: Assets/Editor/PrefabBuildUtility.cs - Importer: PreviewImporter -> (ImportResultId: '00000000000000000000000000000000') in 0.0140132 seconds
[Worker2] Import Error Code:(4)
Message: Build asset version error: assets/editor/prefabbuildutility.cs in SourceAssetDB has modification time of '2026-08-28T05:57:21.7755597Z' while content on disk has modification time of '2026-08-28T05:57:41.006Z'
[Worker2] Imported GUID: 7baa462333e763d438c9503158b76d00 - Path: Assets/Editor/PrefabBuildUtility.cs - Importer: PreviewImporter -> (ImportResultId: '00000000000000000000000000000000') in 0.0137807 seconds
[Worker2] Import Error Code:(4)
Message: Build asset version error: assets/editor/prefabbuildutility.cs in SourceAssetDB has modification time of '2026-08-28T05:57:21.7755597Z' while content on disk has modification time of '2026-08-28T05:57:41.006Z'
[Worker2] Imported GUID: 7baa462333e763d438c9503158b76d00 - Path: Assets/Editor/PrefabBuildUtility.cs - Importer: PreviewImporter -> (ImportResultId: '00000000000000000000000000000000') in 0.0140528 seconds
[Worker2] Import Error Code:(4)
Message: Build asset version error: assets/editor/prefabbuildutility.cs in SourceAssetDB has modification time of '2026-08-28T05:57:21.7755597Z' while content on disk has modification time of '2026-08-28T05:57:41.006Z'
[Worker2] Imported GUID: 7baa462333e763d438c9503158b76d00 - Path: Assets/Editor/PrefabBuildUtility.cs - Importer: PreviewImporter -> (ImportResultId: '00000000000000000000000000000000') in 0.0143627 seconds
[Worker2] Import Error Code:(4)
Message: Build asset version error: assets/editor/prefabbuildutility.cs in SourceAssetDB has modification time of '2026-08-28T05:57:21.7755597Z' while content on disk has modification time of '2026-08-28T05:57:41.006Z'
[Worker2] Imported GUID: 7baa462333e763d438c9503158b76d00 - Path: Assets/Editor/PrefabBuildUtility.cs - Importer: PreviewImporter -> (ImportResultId: '00000000000000000000000000000000') in 0.0141337 seconds
[Worker2] Import Error Code:(4)
Message: Build asset version error: assets/editor/prefabbuildutility.cs in SourceAssetDB has modification time of '2026-08-28T05:57:21.7755597Z' while content on disk has modification time of '2026-08-28T05:57:41.006Z'
[Worker2] Imported GUID: 7baa462333e763d438c9503158b76d00 - Path: Assets/Editor/PrefabBuildUtility.cs - Importer: PreviewImporter -> (ImportResultId: '00000000000000000000000000000000') in 0.0155511 seconds
[Worker2] Import Error Code:(4)
Message: Build asset version error: assets/editor/prefabbuildutility.cs in SourceAssetDB has modification time of '2026-08-28T05:57:21.7755597Z' while content on disk has modification time of '2026-08-28T05:57:41.006Z'
[Worker2] Imported GUID: 7baa462333e763d438c9503158b76d00 - Path: Assets/Editor/PrefabBuildUtility.cs - Importer: PreviewImporter -> (ImportResultId: '00000000000000000000000000000000') in 0.0132643 seconds
[Worker2] Import Error Code:(4)
Message: Build asset version error: assets/editor/prefabbuildutility.cs in SourceAssetDB has modification time of '2026-08-28T05:57:21.7755597Z' while content on disk has modification time of '2026-08-28T05:57:41.006Z'
[Worker2] Imported GUID: 7baa462333e763d438c9503158b76d00 - Path: Assets/Editor/PrefabBuildUtility.cs - Importer: PreviewImporter -> (ImportResultId: '00000000000000000000000000000000') in 0.0148348 seconds
[Worker2] Import Error Code:(4)
Message: Build asset version error: assets/editor/prefabbuildutility.cs in SourceAssetDB has modification time of '2026-08-28T05:57:21.7755597Z' while content on disk has modification time of '2026-08-28T05:57:41.006Z'
[Worker2] Imported GUID: 7baa462333e763d438c9503158b76d00 - Path: Assets/Editor/PrefabBuildUtility.cs - Importer: PreviewImporter -> (ImportResultId: '00000000000000000000000000000000') in 0.0154748 seconds
[Worker2] Import Error Code:(4)
Message: Build asset version error: assets/editor/prefabbuildutility.cs in SourceAssetDB has modification time of '2026-08-28T05:57:21.7755597Z' while content on disk has modification time of '2026-08-28T05:57:41.006Z'
[Worker2] Imported GUID: 7baa462333e763d438c9503158b76d00 - Path: Assets/Editor/PrefabBuildUtility.cs - Importer: PreviewImporter -> (ImportResultId: '00000000000000000000000000000000') in 0.0139938 seconds
[Worker2] Import Error Code:(4)
Message: Build asset version error: assets/editor/prefabbuildutility.cs in SourceAssetDB has modification time of '2026-08-28T05:57:21.7755597Z' while content on disk has modification time of '2026-08-28T05:57:41.006Z'
[Worker2] Imported GUID: 7baa462333e763d438c9503158b76d00 - Path: Assets/Editor/PrefabBuildUtility.cs - Importer: PreviewImporter -> (ImportResultId: '00000000000000000000000000000000') in 0.0143308 seconds
[Worker2] Import Error Code:(4)
Message: Build asset version error: assets/editor/prefabbuildutility.cs in SourceAssetDB has modification time of '2026-08-28T05:57:21.7755597Z' while content on disk has modification time of '2026-08-28T05:57:41.006Z'
[Worker2] Imported GUID: 7baa462333e763d438c9503158b76d00 - Path: Assets/Editor/PrefabBuildUtility.cs - Importer: PreviewImporter -> (ImportResultId: '00000000000000000000000000000000') in 0.0147668 seconds
[Worker2] Import Error Code:(4)
Message: Build asset version error: assets/editor/prefabbuildutility.cs in SourceAssetDB has modification time of '2026-08-28T05:57:21.7755597Z' while content on disk has modification time of '2026-08-28T05:57:41.006Z'
[Worker2] Imported GUID: 7baa462333e763d438c9503158b76d00 - Path: Assets/Editor/PrefabBuildUtility.cs - Importer: PreviewImporter -> (ImportResultId: '00000000000000000000000000000000') in 0.0128774 seconds
[Worker2] Import Error Code:(4)
Message: Build asset version error: assets/editor/prefabbuildutility.cs in SourceAssetDB has modification time of '2026-08-28T05:57:21.7755597Z' while content on disk has modification time of '2026-08-28T05:57:41.006Z'
[Worker2] Imported GUID: 7baa462333e763d438c9503158b76d00 - Path: Assets/Editor/PrefabBuildUtility.cs - Importer: PreviewImporter -> (ImportResultId: '00000000000000000000000000000000') in 0.0145171 seconds
[Worker2] Import Error Code:(4)
Message: Build asset version error: assets/editor/prefabbuildutility.cs in SourceAssetDB has modification time of '2026-08-28T05:57:21.7755597Z' while content on disk has modification time of '2026-08-28T05:57:41.006Z'
[Worker2] Imported GUID: 7baa462333e763d438c9503158b76d00 - Path: Assets/Editor/PrefabBuildUtility.cs - Importer: PreviewImporter -> (ImportResultId: '00000000000000000000000000000000') in 0.0146274 seconds
[Worker2] Import Error Code:(4)
Message: Build asset version error: assets/editor/prefabbuildutility.cs in SourceAssetDB has modification time of '2026-08-28T05:57:21.7755597Z' while content on disk has modification time of '2026-08-28T05:57:41.006Z'
[Worker2] Imported GUID: 7baa462333e763d438c9503158b76d00 - Path: Assets/Editor/PrefabBuildUtility.cs - Importer: PreviewImporter -> (ImportResultId: '00000000000000000000000000000000') in 0.0157262 seconds
[Worker2] Import Error Code:(4)
Message: Build asset version error: assets/editor/prefabbuildutility.cs in SourceAssetDB has modification time of '2026-08-28T05:57:21.7755597Z' while content on disk has modification time of '2026-08-28T05:57:41.006Z'
[Worker2] Imported GUID: 7baa462333e763d438c9503158b76d00 - Path: Assets/Editor/PrefabBuildUtility.cs - Importer: PreviewImporter -> (ImportResultId: '00000000000000000000000000000000') in 0.0143022 seconds
[Worker2] Import Error Code:(4)
Message: Build asset version error: assets/editor/prefabbuildutility.cs in SourceAssetDB has modification time of '2026-08-28T05:57:21.7755597Z' while content on disk has modification time of '2026-08-28T05:57:41.006Z'
[Worker2] Imported GUID: 7baa462333e763d438c9503158b76d00 - Path: Assets/Editor/PrefabBuildUtility.cs - Importer: PreviewImporter -> (ImportResultId: '00000000000000000000000000000000') in 0.0147035 seconds
[Worker2] Import Error Code:(4)
Message: Build asset version error: assets/editor/prefabbuildutility.cs in SourceAssetDB has modification time of '2026-08-28T05:57:21.7755597Z' while content on disk has modification time of '2026-08-28T05:57:41.006Z'
[Worker2] Imported GUID: 7baa462333e763d438c9503158b76d00 - Path: Assets/Editor/PrefabBuildUtility.cs - Importer: PreviewImporter -> (ImportResultId: '00000000000000000000000000000000') in 0.0139085 seconds
[Worker2] Import Error Code:(4)
Message: Build asset version error: assets/editor/prefabbuildutility.cs in SourceAssetDB has modification time of '2026-08-28T05:57:21.7755597Z' while content on disk has modification time of '2026-08-28T05:57:41.006Z'
[Worker2] Imported GUID: 7baa462333e763d438c9503158b76d00 - Path: Assets/Editor/PrefabBuildUtility.cs - Importer: PreviewImporter -> (ImportResultId: '00000000000000000000000000000000') in 0.0138173 seconds
[Worker2] Import Error Code:(4)
Message: Build asset version error: assets/editor/prefabbuildutility.cs in SourceAssetDB has modification time of '2026-08-28T05:57:21.7755597Z' while content on disk has modification time of '2026-08-28T05:57:41.006Z'
[Worker2] Imported GUID: 7baa462333e763d438c9503158b76d00 - Path: Assets/Editor/PrefabBuildUtility.cs - Importer: PreviewImporter -> (ImportResultId: '00000000000000000000000000000000') in 0.0146814 seconds
[Worker2] Import Error Code:(4)
Message: Build asset version error: assets/editor/prefabbuildutility.cs in SourceAssetDB has modification time of '2026-08-28T05:57:21.7755597Z' while content on disk has modification time of '2026-08-28T05:57:41.006Z'
[Worker2] Imported GUID: 7baa462333e763d438c9503158b76d00 - Path: Assets/Editor/PrefabBuildUtility.cs - Importer: PreviewImporter -> (ImportResultId: '00000000000000000000000000000000') in 0.0156044 seconds
[Worker2] Import Error Code:(4)
Message: Build asset version error: assets/editor/prefabbuildutility.cs in SourceAssetDB has modification time of '2026-08-28T05:57:21.7755597Z' while content on disk has modification time of '2026-08-28T05:57:41.006Z'
[Worker2] Imported GUID: 7baa462333e763d438c9503158b76d00 - Path: Assets/Editor/PrefabBuildUtility.cs - Importer: PreviewImporter -> (ImportResultId: '00000000000000000000000000000000') in 0.0123655 seconds
[Worker2] Import Error Code:(4)
Message: Build asset version error: assets/editor/prefabbuildutility.cs in SourceAssetDB has modification time of '2026-08-28T05:57:21.7755597Z' while content on disk has modification time of '2026-08-28T05:57:41.006Z'
[Worker2] Imported GUID: 7baa462333e763d438c9503158b76d00 - Path: Assets/Editor/PrefabBuildUtility.cs - Importer: PreviewImporter -> (ImportResultId: '00000000000000000000000000000000') in 0.0131844 seconds
[Worker2] Import Error Code:(4)
Message: Build asset version error: assets/editor/prefabbuildutility.cs in SourceAssetDB has modification time of '2026-08-28T05:57:21.7755597Z' while content on disk has modification time of '2026-08-28T05:57:41.006Z'
[Worker2] Imported GUID: 7baa462333e763d438c9503158b76d00 - Path: Assets/Editor/PrefabBuildUtility.cs - Importer: PreviewImporter -> (ImportResultId: '00000000000000000000000000000000') in 0.0149375 seconds
[Worker2] Import Error Code:(4)
Message: Build asset version error: assets/editor/prefabbuildutility.cs in SourceAssetDB has modification time of '2026-08-28T05:57:21.7755597Z' while content on disk has modification time of '2026-08-28T05:57:41.006Z'
[Worker2] Imported GUID: 7baa462333e763d438c9503158b76d00 - Path: Assets/Editor/PrefabBuildUtility.cs - Importer: PreviewImporter -> (ImportResultId: '00000000000000000000000000000000') in 0.0139068 seconds
[Worker2] Import Error Code:(4)
Message: Build asset version error: assets/editor/prefabbuildutility.cs in SourceAssetDB has modification time of '2026-08-28T05:57:21.7755597Z' while content on disk has modification time of '2026-08-28T05:57:41.006Z'
[Worker2] Imported GUID: 7baa462333e763d438c9503158b76d00 - Path: Assets/Editor/PrefabBuildUtility.cs - Importer: PreviewImporter -> (ImportResultId: '00000000000000000000000000000000') in 0.0147316 seconds
[Worker2] Import Error Code:(4)
Message: Build asset version error: assets/editor/prefabbuildutility.cs in SourceAssetDB has modification time of '2026-08-28T05:57:21.7755597Z' while content on disk has modification time of '2026-08-28T05:57:41.006Z'
[Worker2] Imported GUID: 7baa462333e763d438c9503158b76d00 - Path: Assets/Editor/PrefabBuildUtility.cs - Importer: PreviewImporter -> (ImportResultId: '00000000000000000000000000000000') in 0.0141947 seconds
[Worker2] Import Error Code:(4)
Message: Build asset version error: assets/editor/prefabbuildutility.cs in SourceAssetDB has modification time of '2026-08-28T05:57:21.7755597Z' while content on disk has modification time of '2026-08-28T05:57:41.006Z'
[Worker2] Imported GUID: 7baa462333e763d438c9503158b76d00 - Path: Assets/Editor/PrefabBuildUtility.cs - Importer: PreviewImporter -> (ImportResultId: '00000000000000000000000000000000') in 0.0140631 seconds
[Worker2] Import Error Code:(4)
Message: Build asset version error: assets/editor/prefabbuildutility.cs in SourceAssetDB has modification time of '2026-08-28T05:57:21.7755597Z' while content on disk has modification time of '2026-08-28T05:57:41.006Z'
[Worker2] Imported GUID: 7baa462333e763d438c9503158b76d00 - Path: Assets/Editor/PrefabBuildUtility.cs - Importer: PreviewImporter -> (ImportResultId: '00000000000000000000000000000000') in 0.0141211 seconds
[Worker2] Import Error Code:(4)
Message: Build asset version error: assets/editor/prefabbuildutility.cs in SourceAssetDB has modification time of '2026-08-28T05:57:21.7755597Z' while content on disk has modification time of '2026-08-28T05:57:41.006Z'
[Worker2] Imported GUID: 7baa462333e763d438c9503158b76d00 - Path: Assets/Editor/PrefabBuildUtility.cs - Importer: PreviewImporter -> (ImportResultId: '00000000000000000000000000000000') in 0.0132215 seconds
[Worker2] Import Error Code:(4)
Message: Build asset version error: assets/editor/prefabbuildutility.cs in SourceAssetDB has modification time of '2026-08-28T05:57:21.7755597Z' while content on disk has modification time of '2026-08-28T05:57:41.006Z'
[Worker2] Imported GUID: 7baa462333e763d438c9503158b76d00 - Path: Assets/Editor/PrefabBuildUtility.cs - Importer: PreviewImporter -> (ImportResultId: '00000000000000000000000000000000') in 0.0147692 seconds
[Worker2] Import Error Code:(4)
Message: Build asset version error: assets/editor/prefabbuildutility.cs in SourceAssetDB has modification time of '2026-08-28T05:57:21.7755597Z' while content on disk has modification time of '2026-08-28T05:57:41.006Z'
[Worker2] Imported GUID: 7baa462333e763d438c9503158b76d00 - Path: Assets/Editor/PrefabBuildUtility.cs - Importer: PreviewImporter -> (ImportResultId: '00000000000000000000000000000000') in 0.0145367 seconds
[Worker2] Import Error Code:(4)
Message: Build asset version error: assets/editor/prefabbuildutility.cs in SourceAssetDB has modification time of '2026-08-28T05:57:21.7755597Z' while content on disk has modification time of '2026-08-28T05:57:41.006Z'
[Worker2] Imported GUID: 7baa462333e763d438c9503158b76d00 - Path: Assets/Editor/PrefabBuildUtility.cs - Importer: PreviewImporter -> (ImportResultId: '00000000000000000000000000000000') in 0.0114855 seconds
[Worker2] Import Error Code:(4)
Message: Build asset version error: assets/editor/prefabbuildutility.cs in SourceAssetDB has modification time of '2026-08-28T05:57:21.7755597Z' while content on disk has modification time of '2026-08-28T05:57:41.006Z'
[Worker2] Imported GUID: 7baa462333e763d438c9503158b76d00 - Path: Assets/Editor/PrefabBuildUtility.cs - Importer: PreviewImporter -> (ImportResultId: '00000000000000000000000000000000') in 0.014368 seconds
[Worker2] Import Error Code:(4)
Message: Build asset version error: assets/editor/prefabbuildutility.cs in SourceAssetDB has modification time of '2026-08-28T05:57:21.7755597Z' while content on disk has modification time of '2026-08-28T05:57:41.006Z'
[Worker2] Imported GUID: 7baa462333e763d438c9503158b76d00 - Path: Assets/Editor/PrefabBuildUtility.cs - Importer: PreviewImporter -> (ImportResultId: '00000000000000000000000000000000') in 0.0143286 seconds
[Worker2] Import Error Code:(4)
Message: Build asset version error: assets/editor/prefabbuildutility.cs in SourceAssetDB has modification time of '2026-08-28T05:57:21.7755597Z' while content on disk has modification time of '2026-08-28T05:57:41.006Z'
[Worker2] Imported GUID: 7baa462333e763d438c9503158b76d00 - Path: Assets/Editor/PrefabBuildUtility.cs - Importer: PreviewImporter -> (ImportResultId: '00000000000000000000000000000000') in 0.0130696 seconds
[Worker2] Import Error Code:(4)
Message: Build asset version error: assets/editor/prefabbuildutility.cs in SourceAssetDB has modification time of '2026-08-28T05:57:21.7755597Z' while content on disk has modification time of '2026-08-28T05:57:41.006Z'
[Worker2] Imported GUID: 7baa462333e763d438c9503158b76d00 - Path: Assets/Editor/PrefabBuildUtility.cs - Importer: PreviewImporter -> (ImportResultId: '00000000000000000000000000000000') in 0.0129587 seconds
[Worker2] Import Error Code:(4)
Message: Build asset version error: assets/editor/prefabbuildutility.cs in SourceAssetDB has modification time of '2026-08-28T05:57:21.7755597Z' while content on disk has modification time of '2026-08-28T05:57:41.006Z'
[Worker2] Imported GUID: 7baa462333e763d438c9503158b76d00 - Path: Assets/Editor/PrefabBuildUtility.cs - Importer: PreviewImporter -> (ImportResultId: '00000000000000000000000000000000') in 0.0134469 seconds
[Worker2] Import Error Code:(4)
Message: Build asset version error: assets/editor/prefabbuildutility.cs in SourceAssetDB has modification time of '2026-08-28T05:57:21.7755597Z' while content on disk has modification time of '2026-08-28T05:57:41.006Z'
[Worker2] Imported GUID: 7baa462333e763d438c9503158b76d00 - Path: Assets/Editor/PrefabBuildUtility.cs - Importer: PreviewImporter -> (ImportResultId: '00000000000000000000000000000000') in 0.0124205 seconds
[Worker2] Import Error Code:(4)
Message: Build asset version error: assets/editor/prefabbuildutility.cs in SourceAssetDB has modification time of '2026-08-28T05:57:21.7755597Z' while content on disk has modification time of '2026-08-28T05:57:41.006Z'
[Worker2] Imported GUID: 7baa462333e763d438c9503158b76d00 - Path: Assets/Editor/PrefabBuildUtility.cs - Importer: PreviewImporter -> (ImportResultId: '00000000000000000000000000000000') in 0.0131571 seconds
[Worker2] Import Error Code:(4)
Message: Build asset version error: assets/editor/prefabbuildutility.cs in SourceAssetDB has modification time of '2026-08-28T05:57:21.7755597Z' while content on disk has modification time of '2026-08-28T05:57:41.006Z'
[Worker2] Imported GUID: 7baa462333e763d438c9503158b76d00 - Path: Assets/Editor/PrefabBuildUtility.cs - Importer: PreviewImporter -> (ImportResultId: '00000000000000000000000000000000') in 0.0138407 seconds
[Worker2] Import Error Code:(4)
Message: Build asset version error: assets/editor/prefabbuildutility.cs in SourceAssetDB has modification time of '2026-08-28T05:57:21.7755597Z' while content on disk has modification time of '2026-08-28T05:57:41.006Z'
[Worker2] Imported GUID: 7baa462333e763d438c9503158b76d00 - Path: Assets/Editor/PrefabBuildUtility.cs - Importer: PreviewImporter -> (ImportResultId: '00000000000000000000000000000000') in 0.0128662 seconds
[Worker2] Import Error Code:(4)
Message: Build asset version error: assets/editor/prefabbuildutility.cs in SourceAssetDB has modification time of '2026-08-28T05:57:21.7755597Z' while content on disk has modification time of '2026-08-28T05:57:41.006Z'
[Worker2] Imported GUID: 7baa462333e763d438c9503158b76d00 - Path: Assets/Editor/PrefabBuildUtility.cs - Importer: PreviewImporter -> (ImportResultId: '00000000000000000000000000000000') in 0.0138432 seconds
[Worker2] Import Error Code:(4)
Message: Build asset version error: assets/editor/prefabbuildutility.cs in SourceAssetDB has modification time of '2026-08-28T05:57:21.7755597Z' while content on disk has modification time of '2026-08-28T05:57:41.006Z'
[Worker2] Imported GUID: 7baa462333e763d438c9503158b76d00 - Path: Assets/Editor/PrefabBuildUtility.cs - Importer: PreviewImporter -> (ImportResultId: '00000000000000000000000000000000') in 0.018028 seconds
[Worker2] Import Error Code:(4)
Message: Build asset version error: assets/editor/prefabbuildutility.cs in SourceAssetDB has modification time of '2026-08-28T05:57:21.7755597Z' while content on disk has modification time of '2026-08-28T05:57:41.006Z'
[Worker2] Imported GUID: 7baa462333e763d438c9503158b76d00 - Path: Assets/Editor/PrefabBuildUtility.cs - Importer: PreviewImporter -> (ImportResultId: '00000000000000000000000000000000') in 0.0159256 seconds
[Worker2] Import Error Code:(4)
Message: Build asset version error: assets/editor/prefabbuildutility.cs in SourceAssetDB has modification time of '2026-08-28T05:57:21.7755597Z' while content on disk has modification time of '2026-08-28T05:57:41.006Z'
[Worker2] Imported GUID: 7baa462333e763d438c9503158b76d00 - Path: Assets/Editor/PrefabBuildUtility.cs - Importer: PreviewImporter -> (ImportResultId: '00000000000000000000000000000000') in 0.0158558 seconds
[Worker2] Import Error Code:(4)
Message: Build asset version error: assets/editor/prefabbuildutility.cs in SourceAssetDB has modification time of '2026-08-28T05:57:21.7755597Z' while content on disk has modification time of '2026-08-28T05:57:41.006Z'
[Worker2] Imported GUID: 7baa462333e763d438c9503158b76d00 - Path: Assets/Editor/PrefabBuildUtility.cs - Importer: PreviewImporter -> (ImportResultId: '00000000000000000000000000000000') in 0.0133117 seconds
[Worker2] Import Error Code:(4)
Message: Build asset version error: assets/editor/prefabbuildutility.cs in SourceAssetDB has modification time of '2026-08-28T05:57:21.7755597Z' while content on disk has modification time of '2026-08-28T05:57:41.006Z'
[Worker2] Imported GUID: 7baa462333e763d438c9503158b76d00 - Path: Assets/Editor/PrefabBuildUtility.cs - Importer: PreviewImporter -> (ImportResultId: '00000000000000000000000000000000') in 0.0152908 seconds
[Worker2] Import Error Code:(4)
Message: Build asset version error: assets/editor/prefabbuildutility.cs in SourceAssetDB has modification time of '2026-08-28T05:57:21.7755597Z' while content on disk has modification time of '2026-08-28T05:57:41.006Z'
[Worker2] Imported GUID: 7baa462333e763d438c9503158b76d00 - Path: Assets/Editor/PrefabBuildUtility.cs - Importer: PreviewImporter -> (ImportResultId: '00000000000000000000000000000000') in 0.0129285 seconds
[Worker2] Import Error Code:(4)
Message: Build asset version error: assets/editor/prefabbuildutility.cs in SourceAssetDB has modification time of '2026-08-28T05:57:21.7755597Z' while content on disk has modification time of '2026-08-28T05:57:41.006Z'
[Worker2] Imported GUID: 7baa462333e763d438c9503158b76d00 - Path: Assets/Editor/PrefabBuildUtility.cs - Importer: PreviewImporter -> (ImportResultId: '00000000000000000000000000000000') in 0.0118487 seconds
[Worker2] Import Error Code:(4)
Message: Build asset version error: assets/editor/prefabbuildutility.cs in SourceAssetDB has modification time of '2026-08-28T05:57:21.7755597Z' while content on disk has modification time of '2026-08-28T05:57:41.006Z'
[Worker2] Imported GUID: 7baa462333e763d438c9503158b76d00 - Path: Assets/Editor/PrefabBuildUtility.cs - Importer: PreviewImporter -> (ImportResultId: '00000000000000000000000000000000') in 0.0131254 seconds
[Worker2] Import Error Code:(4)
Message: Build asset version error: assets/editor/prefabbuildutility.cs in SourceAssetDB has modification time of '2026-08-28T05:57:21.7755597Z' while content on disk has modification time of '2026-08-28T05:57:41.006Z'
[Worker2] Imported GUID: 7baa462333e763d438c9503158b76d00 - Path: Assets/Editor/PrefabBuildUtility.cs - Importer: PreviewImporter -> (ImportResultId: '00000000000000000000000000000000') in 0.0140339 seconds
[Worker2] Import Error Code:(4)
Message: Build asset version error: assets/editor/prefabbuildutility.cs in SourceAssetDB has modification time of '2026-08-28T05:57:21.7755597Z' while content on disk has modification time of '2026-08-28T05:57:41.006Z'
[Worker2] Imported GUID: 7baa462333e763d438c9503158b76d00 - Path: Assets/Editor/PrefabBuildUtility.cs - Importer: PreviewImporter -> (ImportResultId: '00000000000000000000000000000000') in 0.0140732 seconds
[Worker2] Import Error Code:(4)
Message: Build asset version error: assets/editor/prefabbuildutility.cs in SourceAssetDB has modification time of '2026-08-28T05:57:21.7755597Z' while content on disk has modification time of '2026-08-28T05:57:41.006Z'
[Worker2] Imported GUID: 7baa462333e763d438c9503158b76d00 - Path: Assets/Editor/PrefabBuildUtility.cs - Importer: PreviewImporter -> (ImportResultId: '00000000000000000000000000000000') in 0.0137709 seconds
[Worker2] Import Error Code:(4)
Message: Build asset version error: assets/editor/prefabbuildutility.cs in SourceAssetDB has modification time of '2026-08-28T05:57:21.7755597Z' while content on disk has modification time of '2026-08-28T05:57:41.006Z'
[Worker2] Imported GUID: 7baa462333e763d438c9503158b76d00 - Path: Assets/Editor/PrefabBuildUtility.cs - Importer: PreviewImporter -> (ImportResultId: '00000000000000000000000000000000') in 0.0153528 seconds
[Worker2] Import Error Code:(4)
Message: Build asset version error: assets/editor/prefabbuildutility.cs in SourceAssetDB has modification time of '2026-08-28T05:57:21.7755597Z' while content on disk has modification time of '2026-08-28T05:57:41.006Z'
[Worker2] Imported GUID: 7baa462333e763d438c9503158b76d00 - Path: Assets/Editor/PrefabBuildUtility.cs - Importer: PreviewImporter -> (ImportResultId: '00000000000000000000000000000000') in 0.0142985 seconds
[Worker2] Import Error Code:(4)
Message: Build asset version error: assets/editor/prefabbuildutility.cs in SourceAssetDB has modification time of '2026-08-28T05:57:21.7755597Z' while content on disk has modification time of '2026-08-28T05:57:41.006Z'
[Worker2] Imported GUID: 7baa462333e763d438c9503158b76d00 - Path: Assets/Editor/PrefabBuildUtility.cs - Importer: PreviewImporter -> (ImportResultId: '00000000000000000000000000000000') in 0.0145984 seconds
[Worker2] Import Error Code:(4)
Message: Build asset version error: assets/editor/prefabbuildutility.cs in SourceAssetDB has modification time of '2026-08-28T05:57:21.7755597Z' while content on disk has modification time of '2026-08-28T05:57:41.006Z'
[Worker2] Imported GUID: 7baa462333e763d438c9503158b76d00 - Path: Assets/Editor/PrefabBuildUtility.cs - Importer: PreviewImporter -> (ImportResultId: '00000000000000000000000000000000') in 0.0126526 seconds
[Worker2] Import Error Code:(4)
Message: Build asset version error: assets/editor/prefabbuildutility.cs in SourceAssetDB has modification time of '2026-08-28T05:57:21.7755597Z' while content on disk has modification time of '2026-08-28T05:57:41.006Z'
[Worker2] Imported GUID: 7baa462333e763d438c9503158b76d00 - Path: Assets/Editor/PrefabBuildUtility.cs - Importer: PreviewImporter -> (ImportResultId: '00000000000000000000000000000000') in 0.0169302 seconds
[Worker2] Import Error Code:(4)
Message: Build asset version error: assets/editor/prefabbuildutility.cs in SourceAssetDB has modification time of '2026-08-28T05:57:21.7755597Z' while content on disk has modification time of '2026-08-28T05:57:41.006Z'
[Worker2] Imported GUID: 7baa462333e763d438c9503158b76d00 - Path: Assets/Editor/PrefabBuildUtility.cs - Importer: PreviewImporter -> (ImportResultId: '00000000000000000000000000000000') in 0.0129579 seconds
[Worker2] Import Error Code:(4)
Message: Build asset version error: assets/editor/prefabbuildutility.cs in SourceAssetDB has modification time of '2026-08-28T05:57:21.7755597Z' while content on disk has modification time of '2026-08-28T05:57:41.006Z'
[Worker2] Imported GUID: 7baa462333e763d438c9503158b76d00 - Path: Assets/Editor/PrefabBuildUtility.cs - Importer: PreviewImporter -> (ImportResultId: '00000000000000000000000000000000') in 0.0161281 seconds
[Worker2] Import Error Code:(4)
Message: Build asset version error: assets/editor/prefabbuildutility.cs in SourceAssetDB has modification time of '2026-08-28T05:57:21.7755597Z' while content on disk has modification time of '2026-08-28T05:57:41.006Z'
[Worker2] Imported GUID: 7baa462333e763d438c9503158b76d00 - Path: Assets/Editor/PrefabBuildUtility.cs - Importer: PreviewImporter -> (ImportResultId: '00000000000000000000000000000000') in 0.014868 seconds
[Worker2] Import Error Code:(4)
Message: Build asset version error: assets/editor/prefabbuildutility.cs in SourceAssetDB has modification time of '2026-08-28T05:57:21.7755597Z' while content on disk has modification time of '2026-08-28T05:57:41.006Z'
[Worker2] Imported GUID: 7baa462333e763d438c9503158b76d00 - Path: Assets/Editor/PrefabBuildUtility.cs - Importer: PreviewImporter -> (ImportResultId: '00000000000000000000000000000000') in 0.0123169 seconds
[Worker2] Import Error Code:(4)
Message: Build asset version error: assets/editor/prefabbuildutility.cs in SourceAssetDB has modification time of '2026-08-28T05:57:21.7755597Z' while content on disk has modification time of '2026-08-28T05:57:41.006Z'
[Worker2] Imported GUID: 7baa462333e763d438c9503158b76d00 - Path: Assets/Editor/PrefabBuildUtility.cs - Importer: PreviewImporter -> (ImportResultId: '00000000000000000000000000000000') in 0.0138264 seconds
[Worker2] Import Error Code:(4)
Message: Build asset version error: assets/editor/prefabbuildutility.cs in SourceAssetDB has modification time of '2026-08-28T05:57:21.7755597Z' while content on disk has modification time of '2026-08-28T05:57:41.006Z'
[Worker2] Imported GUID: 7baa462333e763d438c9503158b76d00 - Path: Assets/Editor/PrefabBuildUtility.cs - Importer: PreviewImporter -> (ImportResultId: '00000000000000000000000000000000') in 0.0146989 seconds
[Worker2] Import Error Code:(4)
Message: Build asset version error: assets/editor/prefabbuildutility.cs in SourceAssetDB has modification time of '2026-08-28T05:57:21.7755597Z' while content on disk has modification time of '2026-08-28T05:57:41.006Z'
[Worker2] Imported GUID: 7baa462333e763d438c9503158b76d00 - Path: Assets/Editor/PrefabBuildUtility.cs - Importer: PreviewImporter -> (ImportResultId: '00000000000000000000000000000000') in 0.013541 seconds
[Worker2] Import Error Code:(4)
Message: Build asset version error: assets/editor/prefabbuildutility.cs in SourceAssetDB has modification time of '2026-08-28T05:57:21.7755597Z' while content on disk has modification time of '2026-08-28T05:57:41.006Z'
[Worker2] Imported GUID: 7baa462333e763d438c9503158b76d00 - Path: Assets/Editor/PrefabBuildUtility.cs - Importer: PreviewImporter -> (ImportResultId: '00000000000000000000000000000000') in 0.015458 seconds
[Worker2] Import Error Code:(4)
Message: Build asset version error: assets/editor/prefabbuildutility.cs in SourceAssetDB has modification time of '2026-08-28T05:57:21.7755597Z' while content on disk has modification time of '2026-08-28T05:57:41.006Z'
[Worker2] Imported GUID: 7baa462333e763d438c9503158b76d00 - Path: Assets/Editor/PrefabBuildUtility.cs - Importer: PreviewImporter -> (ImportResultId: '00000000000000000000000000000000') in 0.0142069 seconds
[Worker2] Import Error Code:(4)
Message: Build asset version error: assets/editor/prefabbuildutility.cs in SourceAssetDB has modification time of '2026-08-28T05:57:21.7755597Z' while content on disk has modification time of '2026-08-28T05:57:41.006Z'
[Worker2] Imported GUID: 7baa462333e763d438c9503158b76d00 - Path: Assets/Editor/PrefabBuildUtility.cs - Importer: PreviewImporter -> (ImportResultId: '00000000000000000000000000000000') in 0.0145066 seconds
[Worker2] Import Error Code:(4)
Message: Build asset version error: assets/editor/prefabbuildutility.cs in SourceAssetDB has modification time of '2026-08-28T05:57:21.7755597Z' while content on disk has modification time of '2026-08-28T05:57:41.006Z'
[Worker2] Imported GUID: 7baa462333e763d438c9503158b76d00 - Path: Assets/Editor/PrefabBuildUtility.cs - Importer: PreviewImporter -> (ImportResultId: '00000000000000000000000000000000') in 0.0149153 seconds
[Worker2] Import Error Code:(4)
Message: Build asset version error: assets/editor/prefabbuildutility.cs in SourceAssetDB has modification time of '2026-08-28T05:57:21.7755597Z' while content on disk has modification time of '2026-08-28T05:57:41.006Z'
[Worker2] Imported GUID: 7baa462333e763d438c9503158b76d00 - Path: Assets/Editor/PrefabBuildUtility.cs - Importer: PreviewImporter -> (ImportResultId: '00000000000000000000000000000000') in 0.0142699 seconds
[Worker2] Import Error Code:(4)
Message: Build asset version error: assets/editor/prefabbuildutility.cs in SourceAssetDB has modification time of '2026-08-28T05:57:21.7755597Z' while content on disk has modification time of '2026-08-28T05:57:41.006Z'
[Worker2] Imported GUID: 7baa462333e763d438c9503158b76d00 - Path: Assets/Editor/PrefabBuildUtility.cs - Importer: PreviewImporter -> (ImportResultId: '00000000000000000000000000000000') in 0.0151421 seconds
[Worker2] Import Error Code:(4)
Message: Build asset version error: assets/editor/prefabbuildutility.cs in SourceAssetDB has modification time of '2026-08-28T05:57:21.7755597Z' while content on disk has modification time of '2026-08-28T05:57:41.006Z'
[Worker2] Imported GUID: 7baa462333e763d438c9503158b76d00 - Path: Assets/Editor/PrefabBuildUtility.cs - Importer: PreviewImporter -> (ImportResultId: '00000000000000000000000000000000') in 0.0161548 seconds
[Worker2] Import Error Code:(4)
Message: Build asset version error: assets/editor/prefabbuildutility.cs in SourceAssetDB has modification time of '2026-08-28T05:57:21.7755597Z' while content on disk has modification time of '2026-08-28T05:57:41.006Z'
[Worker2] Imported GUID: 7baa462333e763d438c9503158b76d00 - Path: Assets/Editor/PrefabBuildUtility.cs - Importer: PreviewImporter -> (ImportResultId: '00000000000000000000000000000000') in 0.0150861 seconds
[Worker2] Import Error Code:(4)
Message: Build asset version error: assets/editor/prefabbuildutility.cs in SourceAssetDB has modification time of '2026-08-28T05:57:21.7755597Z' while content on disk has modification time of '2026-08-28T05:57:41.006Z'
[Worker2] Imported GUID: 7baa462333e763d438c9503158b76d00 - Path: Assets/Editor/PrefabBuildUtility.cs - Importer: PreviewImporter -> (ImportResultId: '00000000000000000000000000000000') in 0.0147151 seconds
[Worker2] Import Error Code:(4)
Message: Build asset version error: assets/editor/prefabbuildutility.cs in SourceAssetDB has modification time of '2026-08-28T05:57:21.7755597Z' while content on disk has modification time of '2026-08-28T05:57:41.006Z'
[Worker2] Imported GUID: 7baa462333e763d438c9503158b76d00 - Path: Assets/Editor/PrefabBuildUtility.cs - Importer: PreviewImporter -> (ImportResultId: '00000000000000000000000000000000') in 0.0153854 seconds
[Worker2] Import Error Code:(4)
Message: Build asset version error: assets/editor/prefabbuildutility.cs in SourceAssetDB has modification time of '2026-08-28T05:57:21.7755597Z' while content on disk has modification time of '2026-08-28T05:57:41.006Z'
[Worker2] Imported GUID: 7baa462333e763d438c9503158b76d00 - Path: Assets/Editor/PrefabBuildUtility.cs - Importer: PreviewImporter -> (ImportResultId: '00000000000000000000000000000000') in 0.0152834 seconds
[Worker2] Import Error Code:(4)
Message: Build asset version error: assets/editor/prefabbuildutility.cs in SourceAssetDB has modification time of '2026-08-28T05:57:21.7755597Z' while content on disk has modification time of '2026-08-28T05:57:41.006Z'
[Worker2] Imported GUID: 7baa462333e763d438c9503158b76d00 - Path: Assets/Editor/PrefabBuildUtility.cs - Importer: PreviewImporter -> (ImportResultId: '00000000000000000000000000000000') in 0.0152064 seconds
[Worker2] Import Error Code:(4)
Message: Build asset version error: assets/editor/prefabbuildutility.cs in SourceAssetDB has modification time of '2026-08-28T05:57:21.7755597Z' while content on disk has modification time of '2026-08-28T05:57:41.006Z'
[Worker2] Imported GUID: 7baa462333e763d438c9503158b76d00 - Path: Assets/Editor/PrefabBuildUtility.cs - Importer: PreviewImporter -> (ImportResultId: '00000000000000000000000000000000') in 0.0143723 seconds
[Worker2] Import Error Code:(4)
Message: Build asset version error: assets/editor/prefabbuildutility.cs in SourceAssetDB has modification time of '2026-08-28T05:57:21.7755597Z' while content on disk has modification time of '2026-08-28T05:57:41.006Z'
[Worker2] Imported GUID: 7baa462333e763d438c9503158b76d00 - Path: Assets/Editor/PrefabBuildUtility.cs - Importer: PreviewImporter -> (ImportResultId: '00000000000000000000000000000000') in 0.0140799 seconds
[Worker2] Import Error Code:(4)
Message: Build asset version error: assets/editor/prefabbuildutility.cs in SourceAssetDB has modification time of '2026-08-28T05:57:21.7755597Z' while content on disk has modification time of '2026-08-28T05:57:41.006Z'
[Worker2] Imported GUID: 7baa462333e763d438c9503158b76d00 - Path: Assets/Editor/PrefabBuildUtility.cs - Importer: PreviewImporter -> (ImportResultId: '00000000000000000000000000000000') in 0.014255 seconds
[Worker2] Import Error Code:(4)
Message: Build asset version error: assets/editor/prefabbuildutility.cs in SourceAssetDB has modification time of '2026-08-28T05:57:21.7755597Z' while content on disk has modification time of '2026-08-28T05:57:41.006Z'
[Worker2] Imported GUID: 7baa462333e763d438c9503158b76d00 - Path: Assets/Editor/PrefabBuildUtility.cs - Importer: PreviewImporter -> (ImportResultId: '00000000000000000000000000000000') in 0.0150065 seconds
[Worker2] Import Error Code:(4)
Message: Build asset version error: assets/editor/prefabbuildutility.cs in SourceAssetDB has modification time of '2026-08-28T05:57:21.7755597Z' while content on disk has modification time of '2026-08-28T05:57:41.006Z'
[Worker2] Imported GUID: 7baa462333e763d438c9503158b76d00 - Path: Assets/Editor/PrefabBuildUtility.cs - Importer: PreviewImporter -> (ImportResultId: '00000000000000000000000000000000') in 0.0137399 seconds
[Worker2] Import Error Code:(4)
Message: Build asset version error: assets/editor/prefabbuildutility.cs in SourceAssetDB has modification time of '2026-08-28T05:57:21.7755597Z' while content on disk has modification time of '2026-08-28T05:57:41.006Z'
[Worker2] Imported GUID: 7baa462333e763d438c9503158b76d00 - Path: Assets/Editor/PrefabBuildUtility.cs - Importer: PreviewImporter -> (ImportResultId: '00000000000000000000000000000000') in 0.0155001 seconds
[Worker2] Import Error Code:(4)
Message: Build asset version error: assets/editor/prefabbuildutility.cs in SourceAssetDB has modification time of '2026-08-28T05:57:21.7755597Z' while content on disk has modification time of '2026-08-28T05:57:41.006Z'
[Worker2] Imported GUID: 7baa462333e763d438c9503158b76d00 - Path: Assets/Editor/PrefabBuildUtility.cs - Importer: PreviewImporter -> (ImportResultId: '00000000000000000000000000000000') in 0.0141264 seconds
[Worker2] Import Error Code:(4)
Message: Build asset version error: assets/editor/prefabbuildutility.cs in SourceAssetDB has modification time of '2026-08-28T05:57:21.7755597Z' while content on disk has modification time of '2026-08-28T05:57:41.006Z'
[Worker2] Imported GUID: 7baa462333e763d438c9503158b76d00 - Path: Assets/Editor/PrefabBuildUtility.cs - Importer: PreviewImporter -> (ImportResultId: '00000000000000000000000000000000') in 0.0124409 seconds
[Worker2] Import Error Code:(4)
Message: Build asset version error: assets/editor/prefabbuildutility.cs in SourceAssetDB has modification time of '2026-08-28T05:57:21.7755597Z' while content on disk has modification time of '2026-08-28T05:57:41.006Z'
[Worker2] Imported GUID: 7baa462333e763d438c9503158b76d00 - Path: Assets/Editor/PrefabBuildUtility.cs - Importer: PreviewImporter -> (ImportResultId: '00000000000000000000000000000000') in 0.0120468 seconds
[Worker2] Import Error Code:(4)
Message: Build asset version error: assets/editor/prefabbuildutility.cs in SourceAssetDB has modification time of '2026-08-28T05:57:21.7755597Z' while content on disk has modification time of '2026-08-28T05:57:41.006Z'
[Worker2] Imported GUID: 7baa462333e763d438c9503158b76d00 - Path: Assets/Editor/PrefabBuildUtility.cs - Importer: PreviewImporter -> (ImportResultId: '00000000000000000000000000000000') in 0.0159167 seconds
[Worker2] Import Error Code:(4)
Message: Build asset version error: assets/editor/prefabbuildutility.cs in SourceAssetDB has modification time of '2026-08-28T05:57:21.7755597Z' while content on disk has modification time of '2026-08-28T05:57:41.006Z'
[Worker2] Imported GUID: 7baa462333e763d438c9503158b76d00 - Path: Assets/Editor/PrefabBuildUtility.cs - Importer: PreviewImporter -> (ImportResultId: '00000000000000000000000000000000') in 0.0156 seconds
[Worker2] Import Error Code:(4)
Message: Build asset version error: assets/editor/prefabbuildutility.cs in SourceAssetDB has modification time of '2026-08-28T05:57:21.7755597Z' while content on disk has modification time of '2026-08-28T05:57:41.006Z'
[Worker2] Imported GUID: 7baa462333e763d438c9503158b76d00 - Path: Assets/Editor/PrefabBuildUtility.cs - Importer: PreviewImporter -> (ImportResultId: '00000000000000000000000000000000') in 0.0155723 seconds
[Worker2] Import Error Code:(4)
Message: Build asset version error: assets/editor/prefabbuildutility.cs in SourceAssetDB has modification time of '2026-08-28T05:57:21.7755597Z' while content on disk has modification time of '2026-08-28T05:57:41.006Z'
[Worker2] Imported GUID: 7baa462333e763d438c9503158b76d00 - Path: Assets/Editor/PrefabBuildUtility.cs - Importer: PreviewImporter -> (ImportResultId: '00000000000000000000000000000000') in 0.0152319 seconds
[Worker2] Import Error Code:(4)
Message: Build asset version error: assets/editor/prefabbuildutility.cs in SourceAssetDB has modification time of '2026-08-28T05:57:21.7755597Z' while content on disk has modification time of '2026-08-28T05:57:41.006Z'
[Worker2] Imported GUID: 7baa462333e763d438c9503158b76d00 - Path: Assets/Editor/PrefabBuildUtility.cs - Importer: PreviewImporter -> (ImportResultId: '00000000000000000000000000000000') in 0.0133116 seconds
[Worker2] Import Error Code:(4)
Message: Build asset version error: assets/editor/prefabbuildutility.cs in SourceAssetDB has modification time of '2026-08-28T05:57:21.7755597Z' while content on disk has modification time of '2026-08-28T05:57:41.006Z'
[Worker2] Imported GUID: 7baa462333e763d438c9503158b76d00 - Path: Assets/Editor/PrefabBuildUtility.cs - Importer: PreviewImporter -> (ImportResultId: '00000000000000000000000000000000') in 0.0136455 seconds
[Worker2] Import Error Code:(4)
Message: Build asset version error: assets/editor/prefabbuildutility.cs in SourceAssetDB has modification time of '2026-08-28T05:57:21.7755597Z' while content on disk has modification time of '2026-08-28T05:57:41.006Z'
[Worker2] Imported GUID: 7baa462333e763d438c9503158b76d00 - Path: Assets/Editor/PrefabBuildUtility.cs - Importer: PreviewImporter -> (ImportResultId: '00000000000000000000000000000000') in 0.0143771 seconds
[Worker2] Import Error Code:(4)
Message: Build asset version error: assets/editor/prefabbuildutility.cs in SourceAssetDB has modification time of '2026-08-28T05:57:21.7755597Z' while content on disk has modification time of '2026-08-28T05:57:41.006Z'
[Worker2] Imported GUID: 7baa462333e763d438c9503158b76d00 - Path: Assets/Editor/PrefabBuildUtility.cs - Importer: PreviewImporter -> (ImportResultId: '00000000000000000000000000000000') in 0.0136272 seconds
[Worker2] Import Error Code:(4)
Message: Build asset version error: assets/editor/prefabbuildutility.cs in SourceAssetDB has modification time of '2026-08-28T05:57:21.7755597Z' while content on disk has modification time of '2026-08-28T05:57:41.006Z'
[Worker2] Imported GUID: 7baa462333e763d438c9503158b76d00 - Path: Assets/Editor/PrefabBuildUtility.cs - Importer: PreviewImporter -> (ImportResultId: '00000000000000000000000000000000') in 0.0126363 seconds
[Worker2] Import Error Code:(4)
Message: Build asset version error: assets/editor/prefabbuildutility.cs in SourceAssetDB has modification time of '2026-08-28T05:57:21.7755597Z' while content on disk has modification time of '2026-08-28T05:57:41.006Z'
[Worker2] Imported GUID: 7baa462333e763d438c9503158b76d00 - Path: Assets/Editor/PrefabBuildUtility.cs - Importer: PreviewImporter -> (ImportResultId: '00000000000000000000000000000000') in 0.0130668 seconds
[Worker2] Import Error Code:(4)
Message: Build asset version error: assets/editor/prefabbuildutility.cs in SourceAssetDB has modification time of '2026-08-28T05:57:21.7755597Z' while content on disk has modification time of '2026-08-28T05:57:41.006Z'
[Worker2] Imported GUID: 7baa462333e763d438c9503158b76d00 - Path: Assets/Editor/PrefabBuildUtility.cs - Importer: PreviewImporter -> (ImportResultId: '00000000000000000000000000000000') in 0.0144771 seconds
[Worker2] Import Error Code:(4)
Message: Build asset version error: assets/editor/prefabbuildutility.cs in SourceAssetDB has modification time of '2026-08-28T05:57:21.7755597Z' while content on disk has modification time of '2026-08-28T05:57:41.006Z'
[Worker2] Imported GUID: 7baa462333e763d438c9503158b76d00 - Path: Assets/Editor/PrefabBuildUtility.cs - Importer: PreviewImporter -> (ImportResultId: '00000000000000000000000000000000') in 0.0135676 seconds
[Worker2] Import Error Code:(4)
Message: Build asset version error: assets/editor/prefabbuildutility.cs in SourceAssetDB has modification time of '2026-08-28T05:57:21.7755597Z' while content on disk has modification time of '2026-08-28T05:57:41.006Z'
[ScriptCompilation] Requested script compilation because: AssetDatabase observed changes in script compilation related files
Refreshing native plugins compatible for Editor in 3.22 ms, found 5 plugins.
Asset Pipeline Refresh (id=66d3c6f96e5253748b45971e5d57b414): Total: 0.138 seconds - Initiated by RefreshV2(NoUpdateAssetOptions)
info: Microsoft.AspNetCore.Hosting.Diagnostics[1]
      Request starting HTTP/2 POST http://ilpp/UnityILPP.PostProcessing/Ping - application/grpc -
info: Microsoft.AspNetCore.Routing.EndpointMiddleware[0]
      Executing endpoint 'gRPC - /UnityILPP.PostProcessing/Ping'
info: Microsoft.AspNetCore.Routing.EndpointMiddleware[1]
      Executed endpoint 'gRPC - /UnityILPP.PostProcessing/Ping'
info: Microsoft.AspNetCore.Hosting.Diagnostics[2]
      Request finished HTTP/2 POST http://ilpp/UnityILPP.PostProcessing/Ping - 200 - application/grpc 0.2468ms
Starting: C:\Program Files\Unity\Hub\Editor\6000.5.8f1\Editor\Data\Tools\BuildPipeline\bee_backend.exe --ipc --defer-dag-verification --dagfile="Library/Bee/1900b0aE.dag" --continue-on-failure --profile="Library/Bee/backend1.traceevents" ScriptAssemblies
WorkingDir: C:/Users/Len/Lenomation_V3
info: Microsoft.AspNetCore.Hosting.Diagnostics[1]
      Request starting HTTP/2 POST http://ilpp/UnityILPP.PostProcessing/ConfigurePostProcessors - application/grpc -
info: Microsoft.AspNetCore.Routing.EndpointMiddleware[0]
      Executing endpoint 'gRPC - /UnityILPP.PostProcessing/ConfigurePostProcessors'
info: Unity.ILPP.Runner.PostProcessingAssemblyLoadContext[0]
      Current configuration matches the requested one, skipping
info: Microsoft.AspNetCore.Routing.EndpointMiddleware[1]
      Executed endpoint 'gRPC - /UnityILPP.PostProcessing/ConfigurePostProcessors'
info: Microsoft.AspNetCore.Hosting.Diagnostics[2]
      Request finished HTTP/2 POST http://ilpp/UnityILPP.PostProcessing/ConfigurePostProcessors - 200 - application/grpc 0.7554ms
[Worker2] Imported GUID: 7baa462333e763d438c9503158b76d00 - Path: Assets/Editor/PrefabBuildUtility.cs - Importer: PreviewImporter -> (ImportResultId: 'effafac1606fdf64bc07a094b7db9f80') in 0.0192562 seconds
info: Microsoft.AspNetCore.Hosting.Diagnostics[1]
      Request starting HTTP/2 POST http://ilpp/UnityILPP.PostProcessing/PostProcessAssembly - application/grpc -
info: Microsoft.AspNetCore.Routing.EndpointMiddleware[0]
      Executing endpoint 'gRPC - /UnityILPP.PostProcessing/PostProcessAssembly'
info: Unity.ILPP.Runner.PostProcessingPipeline[0]
      Processing assembly Library/Bee/artifacts/1900b0aE.dag/Assembly-CSharp-Editor.dll, with 142 defines and 390 references
info: Unity.ILPP.Runner.PostProcessingPipeline[0]
      processors: Unity.Jobs.CodeGen.JobsILPostProcessor, zzzUnity.Burst.CodeGen.BurstILPostProcessor
info: Unity.ILPP.Runner.PostProcessingPipeline[0]
      running Unity.Jobs.CodeGen.JobsILPostProcessor
info: Unity.ILPP.Runner.PostProcessingPipeline[0]
      running zzzUnity.Burst.CodeGen.BurstILPostProcessor
info: Microsoft.AspNetCore.Routing.EndpointMiddleware[1]
      Executed endpoint 'gRPC - /UnityILPP.PostProcessing/PostProcessAssembly'
info: Microsoft.AspNetCore.Hosting.Diagnostics[2]
      Request finished HTTP/2 POST http://ilpp/UnityILPP.PostProcessing/PostProcessAssembly - 200 - application/grpc 10.7269ms
ExitCode: 0 Duration: 0s526ms
[1192/1563  0s] ILPP-Configuration Library/ilpp-configuration.nevergeneratedoutput
[1559/1563  0s] Csc Library/Bee/artifacts/1900b0aE.dag/Assembly-CSharp-Editor.dll (+2 others)
[1560/1563  0s] ILPostProcess Library/Bee/artifacts/1900b0aE.dag/post-processed/Assembly-CSharp-Editor.dll (+pdb)
Processing assembly Library/Bee/artifacts/1900b0aE.dag/Assembly-CSharp-Editor.dll, with 142 defines and 390 references

processors: Unity.Jobs.CodeGen.JobsILPostProcessor, zzzUnity.Burst.CodeGen.BurstILPostProcessor

running Unity.Jobs.CodeGen.JobsILPostProcessor

running zzzUnity.Burst.CodeGen.BurstILPostProcessor
[1561/1563  0s] CopyFiles Library/ScriptAssemblies/Assembly-CSharp-Editor.pdb
[1562/1563  0s] CopyFiles Library/ScriptAssemblies/Assembly-CSharp-Editor.dll
*** Tundra build success (0.50 seconds), 5 items updated, 1563 evaluated
Reloading assemblies after finishing script compilation.
Reloading assemblies after forced synchronous recompile.
Begin MonoManager ReloadAssembly
Total cache size 268137716
Total cache size after purge 268137716, took 00:00:00.3132035
Symbol file LoadedFromMemory is not a mono symbol file
Symbol file LoadedFromMemory is not a mono symbol file
Refreshing native plugins compatible for Editor in 4.63 ms, found 5 plugins.
Native extension for WindowsStandalone target not found
Native extension for WebGL target not found
[MODES] ModeService[none].Initialize
[MODES] ModeService[none].LoadModes
Refreshing native plugins compatible for Editor in 4.25 ms, found 5 plugins.
[Licensing::Client] Error: Code 404 while processing request (status: Found 0 entitlement groups and 0 free entitlements matching requested entitlement ids)
ScheduleIndexationOnStartup MainProcess:True IndexOnStartup:True
Mono: successfully reloaded assembly
- Finished resetting the current domain, in  3.511 seconds
Domain Reload Profiling: 5643ms
	BeginReloadAssembly (1193ms)
		DisableScriptedObjects (239ms)
		CreateAndSetChildDomain (657ms)
	RebuildCommonClasses (16ms)
	RebuildNativeTypeToScriptingClass (26ms)
	initialDomainReloadingComplete (119ms)
	LoadAllAssembliesAndSetupDomain (777ms)
		LoadAssemblies (148ms)
		AnalyzeDomain (543ms)
			TypeCache.Refresh (13ms)
			BuildScriptInfoCaches (517ms)
			ResolveRequiredComponents (11ms)
	FinalizeReload (3512ms)
		SetupLoadedEditorAssemblies (0ms)
			BeforeProcessingInitializeOnLoad (272ms)
			ProcessInitializeOnLoadAttributes (966ms)
			ProcessInitializeOnLoadMethodAttributes (507ms)
			AfterProcessingInitializeOnLoad (7ms)
		AwakeInstancesAfterBackupRestoration (1140ms)
Refreshing native plugins compatible for Editor in 4.41 ms, found 5 plugins.

Asset Pipeline Refresh (id=5b663ba746972f04aa5a022f6230d6c0): Total: 6.320 seconds - Initiated by StopAssetImportingV2(ForceSynchronousImport | ForceDomainReload)
	(Values over 0.05ms)
	Summary:
		Imports: total=0 (actual=0, local cache=0, cache server=0)
		Asset DB Process Time: managed=0 ms, native=3732 ms
		Asset DB Callback time: managed=281 ms, native=59 ms
		Scripting: domain reloads=1, domain reload time=2245 ms, compile time=1 ms, other=0 ms
		Project Asset Count: scripts=2149, non-scripts=5371
		Asset File Changes: new=0, changed=0, moved=0, deleted=0
		Scan Filter Count: 0
	InvokePackagesCallback: 2.068ms
	ApplyChangesToAssetFolders: 0.387ms
	Collect global state as custom dependencies: 3.018ms
	ProcessAssetsWithTransientArtifactChanges: 8.864ms
	CategorizeAssets: 82.226ms
	CompileScripts: 1.123ms
	ImportOutOfDateAssets: 3587.058ms (3531.523ms without children)
		CollectScriptTypesHashes: 0.772ms
		ReloadNativeAssets: 0.885ms
		UnloadImportedAssets: 0.363ms
		EnsureUptoDateAssetsAreRegisteredWithGuidPM: 1.180ms
		ImportSchedulerStart: 53.071ms
	PostProcessAllAssets: 282.906ms
		XRBuildSystem.XRAssetImported 0.697ms
		MonoPostProcessAllAssets: 281.680ms
			AssetReferenceReimportMonitor.OnPostprocessAllAssets 31.711ms
			UniversalRenderPipelineGlobalSettingsPostprocessor.OnPostprocessAllAssets 11.987ms
			BuilderAssetPostprocessor.OnPostprocessAllAssets 7.651ms
			AssetPostprocessor.OnPostprocessAllAssets 6.316ms
			AssetChangedListener.OnPostprocessAllAssets 5.577ms
			SyncVS.PostprocessSyncProject 3.521ms
			UVCSAssetPostprocessor.OnPostprocessAllAssets 2.440ms
			SpriteSlicePostprocessor.OnPostprocessAllAssets 2.251ms
			GraphRefreshPostprocessor.OnPostprocessAllAssets 1.920ms
			WindowAssetPostprocessingWatcher.OnPostprocessAllAssets 1.902ms
			EditModeScopePostprocessor.OnPostprocessAllAssets 1.837ms
			SpeedTree9Postprocessor.OnPostprocessAllAssets 1.662ms
			RetainedModeAssetPostprocessor.OnPostprocessAllAssets 1.541ms
			ShaderGraphAssetPostProcessor.OnPostprocessAllAssets 1.068ms
			AssetChangeDetector.OnPostprocessAllAssets 0.993ms
			RenderPipelineGlobalSettingsPostprocessor.OnPostprocessAllAssets 0.893ms
			MaterialPostprocessor.OnPostprocessAllAssets 0.842ms
			TMPro_TexturePostProcessor.OnPostprocessAllAssets 0.678ms
			AudioMixerPostprocessor.OnPostprocessAllAssets 0.590ms
			ArtifactBrowserPostProcessor.OnPostprocessAllAssets 0.579ms
			SpriteEditorTexturePostprocessor.OnPostprocessAllAssets 0.533ms
			TextAssetPostProcessor.OnPostprocessAllAssets 0.411ms
			StyleCatalogPostProcessor.OnPostprocessAllAssets 0.392ms
			InputActionAssetPostprocessor.OnPostprocessAllAssets 0.388ms
			ModelAssetProcessor.OnPostprocessAllAssets 0.386ms
			ReferencedClipsPostProcessor.OnPostprocessAllAssets 0.383ms
			SampleDependencyImporterPostProcessor.OnPostprocessAllAssets 0.367ms
			ShaderReflectionAssetPostProcessor.OnPostprocessAllAssets 0.364ms
			SkillsProjectAssetPostprocessor.OnPostprocessAllAssets 0.354ms
			InputActionJsonNameModifierAssetProcessor.OnPostprocessAllAssets 0.315ms
			AssetEvents.OnPostprocessAllAssets 0.305ms
			PostProcessor.OnPostprocessAllAssets 0.259ms
			TerrainToolbarOverlayPostProcessor.OnPostprocessAllAssets 0.235ms
			ProjectSettingsPostprocessor.OnPostprocessAllAssets 0.191ms
			ConfigAssetsTracker.OnPostprocessAllAssets 0.159ms
			SpeedTreePostProcessor.OnPostprocessAllAssets 0.158ms
			AssetDatabaseCallbacks.OnPostprocessAllAssets 0.135ms
			SamplePostprocessor.OnPostprocessAllAssets 0.123ms
			AssetReloadNotifier.OnPostprocessAllAssets 0.114ms
			AudioContainerPostProcessor.OnPostprocessAllAssets 0.109ms
			ScenarioDriftAssetsTracker.OnPostprocessAllAssets 0.107ms
			TrackSelectedAssetsProcessor.OnPostprocessAllAssets 0.051ms
	PostAssetChangesProfiler: 57.748ms
	GatherAllCurrentPrimaryImportResultRevisions: 0.309ms
	PersistCurrentRevisions: 0.256ms
	GenerateScriptTypeHashes: 2.724ms
	GenerateScriptTypeSerializationHashes: 4.505ms
	Untracked: 2289.157ms

[Licensing::Client] Error: Code 404 while processing request (status: Found 0 entitlement groups and 0 free entitlements matching requested entitlement ids)
[Licensing::Client] Successfully resolved entitlement details
[Licensing::Client] Successfully resolved entitlement details
[Licensing::Client] Successfully resolved entitlement details
[Licensing::Client] Successfully resolved entitlement details
[Licensing::Client] Successfully resolved entitlement details
[Licensing::Client] Successfully resolved entitlement details
[Licensing::Client] Error: Code 404 while processing request (status: Found 0 entitlement groups and 0 free entitlements matching requested entitlement ids)
[Licensing::Client] Error: Code 404 while processing request (status: Found 0 entitlement groups and 0 free entitlements matching requested entitlement ids)
[Licensing::Client] Error: Code 404 while processing request (status: Found 0 entitlement groups and 0 free entitlements matching requested entitlement ids)
[Licensing::Client] Error: Code 404 while processing request (status: Found 0 entitlement groups and 0 free entitlements matching requested entitlement ids)
[ScriptCompilation] Requested script compilation because: AssetDatabase observed changes in script compilation related files
Refreshing native plugins compatible for Editor in 3.63 ms, found 5 plugins.
Asset Pipeline Refresh (id=9e5fe244036eec54fa430c5cf2d4ccac): Total: 0.145 seconds - Initiated by RefreshV2(NoUpdateAssetOptions)
[Licensing::Client] Successfully resolved entitlement details
info: Microsoft.AspNetCore.Hosting.Diagnostics[1]
      Request starting HTTP/2 POST http://ilpp/UnityILPP.PostProcessing/Ping - application/grpc -
info: Microsoft.AspNetCore.Routing.EndpointMiddleware[0]
      Executing endpoint 'gRPC - /UnityILPP.PostProcessing/Ping'
info: Microsoft.AspNetCore.Routing.EndpointMiddleware[1]
      Executed endpoint 'gRPC - /UnityILPP.PostProcessing/Ping'
info: Microsoft.AspNetCore.Hosting.Diagnostics[2]
      Request finished HTTP/2 POST http://ilpp/UnityILPP.PostProcessing/Ping - 200 - application/grpc 0.2797ms
Starting: C:\Program Files\Unity\Hub\Editor\6000.5.8f1\Editor\Data\Tools\BuildPipeline\bee_backend.exe --ipc --defer-dag-verification --dagfile="Library/Bee/1900b0aE.dag" --continue-on-failure --profile="Library/Bee/backend1.traceevents" ScriptAssemblies
WorkingDir: C:/Users/Len/Lenomation_V3
info: Microsoft.AspNetCore.Hosting.Diagnostics[1]
      Request starting HTTP/2 POST http://ilpp/UnityILPP.PostProcessing/ConfigurePostProcessors - application/grpc -
info: Microsoft.AspNetCore.Routing.EndpointMiddleware[0]
      Executing endpoint 'gRPC - /UnityILPP.PostProcessing/ConfigurePostProcessors'
info: Unity.ILPP.Runner.PostProcessingAssemblyLoadContext[0]
      Current configuration matches the requested one, skipping
info: Microsoft.AspNetCore.Routing.EndpointMiddleware[1]
      Executed endpoint 'gRPC - /UnityILPP.PostProcessing/ConfigurePostProcessors'
info: Microsoft.AspNetCore.Hosting.Diagnostics[2]
      Request finished HTTP/2 POST http://ilpp/UnityILPP.PostProcessing/ConfigurePostProcessors - 200 - application/grpc 0.6528ms
info: Microsoft.AspNetCore.Hosting.Diagnostics[1]
      Request starting HTTP/2 POST http://ilpp/UnityILPP.PostProcessing/PostProcessAssembly - application/grpc -
info: Microsoft.AspNetCore.Routing.EndpointMiddleware[0]
      Executing endpoint 'gRPC - /UnityILPP.PostProcessing/PostProcessAssembly'
info: Unity.ILPP.Runner.PostProcessingPipeline[0]
      Processing assembly Library/Bee/artifacts/1900b0aE.dag/Assembly-CSharp-Editor.dll, with 142 defines and 390 references
info: Unity.ILPP.Runner.PostProcessingPipeline[0]
      processors: Unity.Jobs.CodeGen.JobsILPostProcessor, zzzUnity.Burst.CodeGen.BurstILPostProcessor
info: Unity.ILPP.Runner.PostProcessingPipeline[0]
      running Unity.Jobs.CodeGen.JobsILPostProcessor
info: Unity.ILPP.Runner.PostProcessingPipeline[0]
      running zzzUnity.Burst.CodeGen.BurstILPostProcessor
info: Microsoft.AspNetCore.Routing.EndpointMiddleware[1]
      Executed endpoint 'gRPC - /UnityILPP.PostProcessing/PostProcessAssembly'
info: Microsoft.AspNetCore.Hosting.Diagnostics[2]
      Request finished HTTP/2 POST http://ilpp/UnityILPP.PostProcessing/PostProcessAssembly - 200 - application/grpc 14.6141ms
ExitCode: 0 Duration: 0s441ms
[1192/1563  0s] ILPP-Configuration Library/ilpp-configuration.nevergeneratedoutput
[1559/1563  0s] Csc Library/Bee/artifacts/1900b0aE.dag/Assembly-CSharp-Editor.dll (+2 others)
[1560/1563  0s] ILPostProcess Library/Bee/artifacts/1900b0aE.dag/post-processed/Assembly-CSharp-Editor.dll (+pdb)
Processing assembly Library/Bee/artifacts/1900b0aE.dag/Assembly-CSharp-Editor.dll, with 142 defines and 390 references

processors: Unity.Jobs.CodeGen.JobsILPostProcessor, zzzUnity.Burst.CodeGen.BurstILPostProcessor

running Unity.Jobs.CodeGen.JobsILPostProcessor

running zzzUnity.Burst.CodeGen.BurstILPostProcessor
[1561/1563  0s] CopyFiles Library/ScriptAssemblies/Assembly-CSharp-Editor.pdb
[1562/1563  0s] CopyFiles Library/ScriptAssemblies/Assembly-CSharp-Editor.dll
*** Tundra build success (0.41 seconds), 5 items updated, 1563 evaluated
UPID Received '0956883a-88ea-49b2-bde1-fe810ba60755'.
[Licensing::Client] Error: Code 404 while processing request (status: Found 0 entitlement groups and 0 free entitlements matching requested entitlement ids)
[Licensing::Client] Error: Code 404 while processing request (status: Found 0 entitlement groups and 0 free entitlements matching requested entitlement ids)
Reloading assemblies after finishing script compilation.
Reloading assemblies after forced synchronous recompile.
Begin MonoManager ReloadAssembly
Total cache size 268137716
Total cache size after purge 268137716, took 00:00:00.3170745
Symbol file LoadedFromMemory is not a mono symbol file
Symbol file LoadedFromMemory is not a mono symbol file
Refreshing native plugins compatible for Editor in 2.73 ms, found 5 plugins.
Native extension for WindowsStandalone target not found
Native extension for WebGL target not found
[MODES] ModeService[none].Initialize
[MODES] ModeService[none].LoadModes
Refreshing native plugins compatible for Editor in 2.88 ms, found 5 plugins.
[Licensing::Client] Error: Code 404 while processing request (status: Found 0 entitlement groups and 0 free entitlements matching requested entitlement ids)
ScheduleIndexationOnStartup MainProcess:True IndexOnStartup:True
Mono: successfully reloaded assembly
- Finished resetting the current domain, in  3.404 seconds
Domain Reload Profiling: 5350ms
	BeginReloadAssembly (1297ms)
		DisableScriptedObjects (202ms)
		CreateAndSetChildDomain (676ms)
	RebuildCommonClasses (10ms)
	RebuildNativeTypeToScriptingClass (16ms)
	initialDomainReloadingComplete (93ms)
	LoadAllAssembliesAndSetupDomain (528ms)
		LoadAssemblies (170ms)
		AnalyzeDomain (342ms)
			TypeCache.Refresh (13ms)
			BuildScriptInfoCaches (317ms)
			ResolveRequiredComponents (10ms)
	FinalizeReload (3405ms)
		SetupLoadedEditorAssemblies (0ms)
			BeforeProcessingInitializeOnLoad (267ms)
			ProcessInitializeOnLoadAttributes (926ms)
			ProcessInitializeOnLoadMethodAttributes (548ms)
			AfterProcessingInitializeOnLoad (6ms)
		AwakeInstancesAfterBackupRestoration (1078ms)

Asset Pipeline Refresh (id=de4aaa7e1949d7c42ae339bc7895a2f3): Total: 5.699 seconds - Initiated by StopAssetImportingV2(ForceSynchronousImport | ForceDomainReload)
	(Values over 0.05ms)
	Summary:
		Imports: total=0 (actual=0, local cache=0, cache server=0)
		Asset DB Process Time: managed=0 ms, native=3622 ms
		Asset DB Callback time: managed=47 ms, native=0 ms
		Scripting: domain reloads=1, domain reload time=2027 ms, compile time=1 ms, other=0 ms
		Project Asset Count: scripts=2149, non-scripts=5371
		Asset File Changes: new=0, changed=0, moved=0, deleted=0
		Scan Filter Count: 0
	InvokePackagesCallback: 1.743ms
	ApplyChangesToAssetFolders: 0.381ms
	Collect global state as custom dependencies: 2.597ms
	ProcessAssetsWithTransientArtifactChanges: 7.223ms
	CategorizeAssets: 76.343ms
	CompileScripts: 1.042ms
	ImportOutOfDateAssets: 3492.496ms (3423.369ms without children)
		CollectScriptTypesHashes: 1.593ms
		ReloadNativeAssets: 0.922ms
		UnloadImportedAssets: 0.199ms
		EnsureUptoDateAssetsAreRegisteredWithGuidPM: 1.627ms
		ImportSchedulerStart: 66.341ms
	PostProcessAllAssets: 47.575ms
		MonoPostProcessAllAssets: 47.571ms
			UniversalRenderPipelineGlobalSettingsPostprocessor.OnPostprocessAllAssets 14.488ms
			SyncVS.PostprocessSyncProject 2.981ms
			GraphRefreshPostprocessor.OnPostprocessAllAssets 2.966ms
			WindowAssetPostprocessingWatcher.OnPostprocessAllAssets 2.873ms
			SpeedTree9Postprocessor.OnPostprocessAllAssets 2.709ms
			EditModeScopePostprocessor.OnPostprocessAllAssets 1.747ms
			AssetChangeDetector.OnPostprocessAllAssets 1.297ms
			RenderPipelineGlobalSettingsPostprocessor.OnPostprocessAllAssets 0.720ms
			ShaderReflectionAssetPostProcessor.OnPostprocessAllAssets 0.553ms
			InputActionAssetPostprocessor.OnPostprocessAllAssets 0.387ms
			UVCSAssetPostprocessor.OnPostprocessAllAssets 0.324ms
			ProjectSettingsPostprocessor.OnPostprocessAllAssets 0.279ms
			TerrainToolbarOverlayPostProcessor.OnPostprocessAllAssets 0.277ms
			ReferencedClipsPostProcessor.OnPostprocessAllAssets 0.259ms
			AssetDatabaseCallbacks.OnPostprocessAllAssets 0.203ms
			AssetChangedListener.OnPostprocessAllAssets 0.176ms
			SpriteEditorTexturePostprocessor.OnPostprocessAllAssets 0.125ms
			ModelAssetProcessor.OnPostprocessAllAssets 0.106ms
			ShaderGraphAssetPostProcessor.OnPostprocessAllAssets 0.084ms
			AssetPostprocessor.OnPostprocessAllAssets 0.062ms
	GatherAllCurrentPrimaryImportResultRevisions: 0.417ms
	PersistCurrentRevisions: 0.240ms
	GenerateScriptTypeHashes: 2.648ms
	GenerateScriptTypeSerializationHashes: 4.400ms
	Untracked: 2063.812ms

[Licensing::Client] Error: Code 404 while processing request (status: Found 0 entitlement groups and 0 free entitlements matching requested entitlement ids)
[Licensing::Client] Error: Code 404 while processing request (status: Found 0 entitlement groups and 0 free entitlements matching requested entitlement ids)
[Licensing::Client] Successfully resolved entitlement details
[Licensing::Client] Successfully resolved entitlement details
[Licensing::Client] Successfully resolved entitlement details
[Licensing::Client] Successfully resolved entitlement details
[Licensing::Client] Successfully resolved entitlement details
[Licensing::Client] Error: Code 404 while processing request (status: Found 0 entitlement groups and 0 free entitlements matching requested entitlement ids)
[Licensing::Client] Error: Code 404 while processing request (status: Found 0 entitlement groups and 0 free entitlements matching requested entitlement ids)
[ScriptCompilation] Requested script compilation because: AssetDatabase observed changes in script compilation related files
Refreshing native plugins compatible for Editor in 4.61 ms, found 5 plugins.

Asset Pipeline Refresh (id=f5f6148fb5eb3be40bcfff067c42a140): Total: 0.431 seconds - Initiated by RefreshV2(NoUpdateAssetOptions)
	(Values over 0.05ms)
	Summary:
		Imports: total=0 (actual=0, local cache=0, cache server=0)
		Asset DB Process Time: managed=0 ms, native=139 ms
		Asset DB Callback time: managed=282 ms, native=7 ms
		Scripting: domain reloads=0, domain reload time=0 ms, compile time=1 ms, other=0 ms
		Project Asset Count: scripts=2149, non-scripts=5371
		Asset File Changes: new=0, changed=1, moved=0, deleted=0
		Scan Filter Count: 0
	ApplyChangesToAssetFolders: 0.138ms
	Scan: 11.675ms
	Collect global state as custom dependencies: 0.390ms
	OnSourceAssetsModified: 0.718ms
	ProcessAssetsWithTransientArtifactChanges: 0.216ms
	CategorizeAssets: 27.345ms
	CompileScripts: 0.593ms
	ImportOutOfDateAssets: 89.593ms (16.972ms without children)
		ReloadNativeAssets: 0.060ms
		UnloadImportedAssets: 0.300ms
		EnsureUptoDateAssetsAreRegisteredWithGuidPM: 1.469ms
		ImportSchedulerStart: 70.787ms
	PostProcessAllAssets: 283.732ms
		XRBuildSystem.XRAssetImported 1.035ms
		MonoPostProcessAllAssets: 282.095ms
			AssetReferenceReimportMonitor.OnPostprocessAllAssets 31.874ms
			BuilderAssetPostprocessor.OnPostprocessAllAssets 7.081ms
			AssetChangedListener.OnPostprocessAllAssets 6.763ms
			UVCSAssetPostprocessor.OnPostprocessAllAssets 4.271ms
			AssetPostprocessor.OnPostprocessAllAssets 4.241ms
			SpriteSlicePostprocessor.OnPostprocessAllAssets 3.737ms
			RetainedModeAssetPostprocessor.OnPostprocessAllAssets 3.161ms
			MaterialPostprocessor.OnPostprocessAllAssets 1.044ms
			ShaderGraphAssetPostProcessor.OnPostprocessAllAssets 1.041ms
			SpriteEditorTexturePostprocessor.OnPostprocessAllAssets 0.825ms
			InputActionJsonNameModifierAssetProcessor.OnPostprocessAllAssets 0.724ms
			TMPro_TexturePostProcessor.OnPostprocessAllAssets 0.652ms
			ModelAssetProcessor.OnPostprocessAllAssets 0.625ms
			SkillsProjectAssetPostprocessor.OnPostprocessAllAssets 0.549ms
			ArtifactBrowserPostProcessor.OnPostprocessAllAssets 0.546ms
			SyncVS.PostprocessSyncProject 0.393ms
			TextAssetPostProcessor.OnPostprocessAllAssets 0.392ms
			SampleDependencyImporterPostProcessor.OnPostprocessAllAssets 0.376ms
			AudioMixerPostprocessor.OnPostprocessAllAssets 0.322ms
			AssetEvents.OnPostprocessAllAssets 0.293ms
			PostProcessor.OnPostprocessAllAssets 0.270ms
			InputActionAssetPostprocessor.OnPostprocessAllAssets 0.268ms
			StyleCatalogPostProcessor.OnPostprocessAllAssets 0.247ms
			ConfigAssetsTracker.OnPostprocessAllAssets 0.232ms
			ScenarioDriftAssetsTracker.OnPostprocessAllAssets 0.186ms
			SamplePostprocessor.OnPostprocessAllAssets 0.163ms
			RenderPipelineGlobalSettingsPostprocessor.OnPostprocessAllAssets 0.160ms
			AssetReloadNotifier.OnPostprocessAllAssets 0.158ms
			SpeedTreePostProcessor.OnPostprocessAllAssets 0.129ms
			GraphRefreshPostprocessor.OnPostprocessAllAssets 0.115ms
			TrackSelectedAssetsProcessor.OnPostprocessAllAssets 0.080ms
			AudioContainerPostProcessor.OnPostprocessAllAssets 0.075ms
	PostAssetChangesProfiler: 6.119ms
	GatherAllCurrentPrimaryImportResultRevisions: 0.367ms
	PersistCurrentRevisions: 0.326ms
	Untracked: 9.823ms

info: Microsoft.AspNetCore.Hosting.Diagnostics[1]
      Request starting HTTP/2 POST http://ilpp/UnityILPP.PostProcessing/Ping - application/grpc -
info: Microsoft.AspNetCore.Routing.EndpointMiddleware[0]
      Executing endpoint 'gRPC - /UnityILPP.PostProcessing/Ping'
info: Microsoft.AspNetCore.Routing.EndpointMiddleware[1]
      Executed endpoint 'gRPC - /UnityILPP.PostProcessing/Ping'
info: Microsoft.AspNetCore.Hosting.Diagnostics[2]
      Request finished HTTP/2 POST http://ilpp/UnityILPP.PostProcessing/Ping - 200 - application/grpc 0.2127ms
Starting: C:\Program Files\Unity\Hub\Editor\6000.5.8f1\Editor\Data\Tools\BuildPipeline\bee_backend.exe --ipc --defer-dag-verification --dagfile="Library/Bee/1900b0aE.dag" --continue-on-failure --profile="Library/Bee/backend1.traceevents" ScriptAssemblies
WorkingDir: C:/Users/Len/Lenomation_V3
info: Microsoft.AspNetCore.Hosting.Diagnostics[1]
      Request starting HTTP/2 POST http://ilpp/UnityILPP.PostProcessing/ConfigurePostProcessors - application/grpc -
info: Microsoft.AspNetCore.Routing.EndpointMiddleware[0]
      Executing endpoint 'gRPC - /UnityILPP.PostProcessing/ConfigurePostProcessors'
info: Unity.ILPP.Runner.PostProcessingAssemblyLoadContext[0]
      Current configuration matches the requested one, skipping
info: Microsoft.AspNetCore.Routing.EndpointMiddleware[1]
      Executed endpoint 'gRPC - /UnityILPP.PostProcessing/ConfigurePostProcessors'
info: Microsoft.AspNetCore.Hosting.Diagnostics[2]
      Request finished HTTP/2 POST http://ilpp/UnityILPP.PostProcessing/ConfigurePostProcessors - 200 - application/grpc 0.6591ms
info: Microsoft.AspNetCore.Hosting.Diagnostics[1]
      Request starting HTTP/2 POST http://ilpp/UnityILPP.PostProcessing/PostProcessAssembly - application/grpc -
info: Microsoft.AspNetCore.Routing.EndpointMiddleware[0]
      Executing endpoint 'gRPC - /UnityILPP.PostProcessing/PostProcessAssembly'
info: Unity.ILPP.Runner.PostProcessingPipeline[0]
      Processing assembly Library/Bee/artifacts/1900b0aE.dag/Assembly-CSharp-Editor.dll, with 142 defines and 390 references
info: Unity.ILPP.Runner.PostProcessingPipeline[0]
      processors: Unity.Jobs.CodeGen.JobsILPostProcessor, zzzUnity.Burst.CodeGen.BurstILPostProcessor
info: Unity.ILPP.Runner.PostProcessingPipeline[0]
      running Unity.Jobs.CodeGen.JobsILPostProcessor
info: Unity.ILPP.Runner.PostProcessingPipeline[0]
      running zzzUnity.Burst.CodeGen.BurstILPostProcessor
info: Microsoft.AspNetCore.Routing.EndpointMiddleware[1]
      Executed endpoint 'gRPC - /UnityILPP.PostProcessing/PostProcessAssembly'
info: Microsoft.AspNetCore.Hosting.Diagnostics[2]
      Request finished HTTP/2 POST http://ilpp/UnityILPP.PostProcessing/PostProcessAssembly - 200 - application/grpc 13.0821ms
ExitCode: 0 Duration: 0s453ms
[1192/1563  0s] ILPP-Configuration Library/ilpp-configuration.nevergeneratedoutput
[1559/1563  0s] Csc Library/Bee/artifacts/1900b0aE.dag/Assembly-CSharp-Editor.dll (+2 others)
[1560/1563  0s] ILPostProcess Library/Bee/artifacts/1900b0aE.dag/post-processed/Assembly-CSharp-Editor.dll (+pdb)
Processing assembly Library/Bee/artifacts/1900b0aE.dag/Assembly-CSharp-Editor.dll, with 142 defines and 390 references

processors: Unity.Jobs.CodeGen.JobsILPostProcessor, zzzUnity.Burst.CodeGen.BurstILPostProcessor

running Unity.Jobs.CodeGen.JobsILPostProcessor

running zzzUnity.Burst.CodeGen.BurstILPostProcessor
[1561/1563  0s] CopyFiles Library/ScriptAssemblies/Assembly-CSharp-Editor.pdb
[1562/1563  0s] CopyFiles Library/ScriptAssemblies/Assembly-CSharp-Editor.dll
*** Tundra build success (0.41 seconds), 5 items updated, 1563 evaluated
[Licensing::Client] Error: Code 404 while processing request (status: Found 0 entitlement groups and 0 free entitlements matching requested entitlement ids)
[Licensing::Client] Error: Code 404 while processing request (status: Found 0 entitlement groups and 0 free entitlements matching requested entitlement ids)
[Licensing::Client] Successfully resolved entitlement details
Reloading assemblies after finishing script compilation.
Reloading assemblies after forced synchronous recompile.
Begin MonoManager ReloadAssembly
Total cache size 268137716
Total cache size after purge 268137716, took 00:00:00.3032880
Symbol file LoadedFromMemory is not a mono symbol file
Symbol file LoadedFromMemory is not a mono symbol file
Refreshing native plugins compatible for Editor in 2.89 ms, found 5 plugins.
Native extension for WindowsStandalone target not found
Native extension for WebGL target not found
[MODES] ModeService[none].Initialize
[MODES] ModeService[none].LoadModes
Refreshing native plugins compatible for Editor in 4.14 ms, found 5 plugins.
[Licensing::Client] Error: Code 404 while processing request (status: Found 0 entitlement groups and 0 free entitlements matching requested entitlement ids)
ScheduleIndexationOnStartup MainProcess:True IndexOnStartup:True
Mono: successfully reloaded assembly
- Finished resetting the current domain, in  3.482 seconds
Domain Reload Profiling: 5385ms
	BeginReloadAssembly (1273ms)
		DisableScriptedObjects (211ms)
		CreateAndSetChildDomain (633ms)
	RebuildCommonClasses (10ms)
	RebuildNativeTypeToScriptingClass (20ms)
	initialDomainReloadingComplete (95ms)
	LoadAllAssembliesAndSetupDomain (504ms)
		LoadAssemblies (142ms)
		AnalyzeDomain (338ms)
			TypeCache.Refresh (13ms)
			BuildScriptInfoCaches (314ms)
			ResolveRequiredComponents (10ms)
	FinalizeReload (3483ms)
		SetupLoadedEditorAssemblies (0ms)
			BeforeProcessingInitializeOnLoad (230ms)
			ProcessInitializeOnLoadAttributes (867ms)
			ProcessInitializeOnLoadMethodAttributes (492ms)
			AfterProcessingInitializeOnLoad (6ms)
		AwakeInstancesAfterBackupRestoration (1332ms)

Asset Pipeline Refresh (id=c50ebf70d04336946977acc57074becc): Total: 5.718 seconds - Initiated by StopAssetImportingV2(ForceSynchronousImport | ForceDomainReload)
	(Values over 0.05ms)
	Summary:
		Imports: total=0 (actual=0, local cache=0, cache server=0)
		Asset DB Process Time: managed=0 ms, native=3682 ms
		Asset DB Callback time: managed=39 ms, native=0 ms
		Scripting: domain reloads=1, domain reload time=1993 ms, compile time=1 ms, other=0 ms
		Project Asset Count: scripts=2149, non-scripts=5371
		Asset File Changes: new=0, changed=0, moved=0, deleted=0
		Scan Filter Count: 0
	InvokePackagesCallback: 1.710ms
	ApplyChangesToAssetFolders: 0.325ms
	Collect global state as custom dependencies: 2.380ms
	ProcessAssetsWithTransientArtifactChanges: 6.049ms
	CategorizeAssets: 72.407ms
	CompileScripts: 1.454ms
	ImportOutOfDateAssets: 3561.835ms (3499.414ms without children)
		CollectScriptTypesHashes: 1.056ms
		ReloadNativeAssets: 1.062ms
		UnloadImportedAssets: 0.174ms
		EnsureUptoDateAssetsAreRegisteredWithGuidPM: 0.906ms
		ImportSchedulerStart: 60.239ms
	PostProcessAllAssets: 39.836ms
		MonoPostProcessAllAssets: 39.832ms
			AssetReferenceReimportMonitor.OnPostprocessAllAssets 31.874ms
			UniversalRenderPipelineGlobalSettingsPostprocessor.OnPostprocessAllAssets 13.469ms
			BuilderAssetPostprocessor.OnPostprocessAllAssets 7.081ms
			AssetChangedListener.OnPostprocessAllAssets 6.763ms
			UVCSAssetPostprocessor.OnPostprocessAllAssets 4.271ms
			AssetPostprocessor.OnPostprocessAllAssets 4.241ms
			SpriteSlicePostprocessor.OnPostprocessAllAssets 3.737ms
			RetainedModeAssetPostprocessor.OnPostprocessAllAssets 3.161ms
			GraphRefreshPostprocessor.OnPostprocessAllAssets 2.749ms
			SyncVS.PostprocessSyncProject 2.452ms
			WindowAssetPostprocessingWatcher.OnPostprocessAllAssets 2.095ms
			SpeedTree9Postprocessor.OnPostprocessAllAssets 2.005ms
			RenderPipelineGlobalSettingsPostprocessor.OnPostprocessAllAssets 1.449ms
			EditModeScopePostprocessor.OnPostprocessAllAssets 1.231ms
			AssetChangeDetector.OnPostprocessAllAssets 1.169ms
			MaterialPostprocessor.OnPostprocessAllAssets 1.044ms
			ShaderGraphAssetPostProcessor.OnPostprocessAllAssets 1.041ms
			SpriteEditorTexturePostprocessor.OnPostprocessAllAssets 0.825ms
			InputActionJsonNameModifierAssetProcessor.OnPostprocessAllAssets 0.724ms
			TMPro_TexturePostProcessor.OnPostprocessAllAssets 0.652ms
			ModelAssetProcessor.OnPostprocessAllAssets 0.625ms
			SkillsProjectAssetPostprocessor.OnPostprocessAllAssets 0.549ms
			ArtifactBrowserPostProcessor.OnPostprocessAllAssets 0.546ms
			TextAssetPostProcessor.OnPostprocessAllAssets 0.392ms
			SampleDependencyImporterPostProcessor.OnPostprocessAllAssets 0.376ms
			InputActionAssetPostprocessor.OnPostprocessAllAssets 0.363ms
			ShaderReflectionAssetPostProcessor.OnPostprocessAllAssets 0.351ms
			ReferencedClipsPostProcessor.OnPostprocessAllAssets 0.348ms
			AudioMixerPostprocessor.OnPostprocessAllAssets 0.322ms
			TerrainToolbarOverlayPostProcessor.OnPostprocessAllAssets 0.293ms
			AssetEvents.OnPostprocessAllAssets 0.293ms
			PostProcessor.OnPostprocessAllAssets 0.270ms
			StyleCatalogPostProcessor.OnPostprocessAllAssets 0.247ms
			ConfigAssetsTracker.OnPostprocessAllAssets 0.232ms
			ProjectSettingsPostprocessor.OnPostprocessAllAssets 0.227ms
			AssetDatabaseCallbacks.OnPostprocessAllAssets 0.192ms
			ScenarioDriftAssetsTracker.OnPostprocessAllAssets 0.186ms
			SamplePostprocessor.OnPostprocessAllAssets 0.163ms
			AssetReloadNotifier.OnPostprocessAllAssets 0.158ms
			SpeedTreePostProcessor.OnPostprocessAllAssets 0.129ms
			TrackSelectedAssetsProcessor.OnPostprocessAllAssets 0.080ms
			AudioContainerPostProcessor.OnPostprocessAllAssets 0.075ms
	GatherAllCurrentPrimaryImportResultRevisions: 0.341ms
	PersistCurrentRevisions: 0.225ms
	GenerateScriptTypeHashes: 2.727ms
	GenerateScriptTypeSerializationHashes: 4.457ms
	Untracked: 2026.589ms

[Licensing::Client] Error: Code 404 while processing request (status: Found 0 entitlement groups and 0 free entitlements matching requested entitlement ids)
[Licensing::Client] Successfully resolved entitlement details
[Licensing::Client] Successfully resolved entitlement details
[Licensing::Client] Successfully resolved entitlement details
[Licensing::Client] Successfully resolved entitlement details
[Licensing::Client] Successfully resolved entitlement details
[Licensing::Client] Successfully resolved entitlement details
[Licensing::Client] Error: Code 404 while processing request (status: Found 0 entitlement groups and 0 free entitlements matching requested entitlement ids)
[Licensing::Client] Error: Code 404 while processing request (status: Found 0 entitlement groups and 0 free entitlements matching requested entitlement ids)
[Licensing::Client] Successfully resolved entitlement details
[Licensing::Client] Error: Code 404 while processing request (status: Found 0 entitlement groups and 0 free entitlements matching requested entitlement ids)
[Licensing::Client] Error: Code 404 while processing request (status: Found 0 entitlement groups and 0 free entitlements matching requested entitlement ids)
[Worker2] Imported GUID: 7baa462333e763d438c9503158b76d00 - Path: Assets/Editor/PrefabBuildUtility.cs - Importer: PreviewImporter -> (ImportResultId: '406fa2a3e4ada1d3b478c35bea422e07') in 0.018011 seconds
[ScriptCompilation] Requested script compilation because: AssetDatabase observed changes in script compilation related files
[Licensing::Client] Successfully resolved entitlement details
info: Microsoft.AspNetCore.Hosting.Diagnostics[1]
      Request starting HTTP/2 POST http://ilpp/UnityILPP.PostProcessing/Ping - application/grpc -
info: Microsoft.AspNetCore.Routing.EndpointMiddleware[0]
      Executing endpoint 'gRPC - /UnityILPP.PostProcessing/Ping'
info: Microsoft.AspNetCore.Routing.EndpointMiddleware[1]
      Executed endpoint 'gRPC - /UnityILPP.PostProcessing/Ping'
info: Microsoft.AspNetCore.Hosting.Diagnostics[2]
      Request finished HTTP/2 POST http://ilpp/UnityILPP.PostProcessing/Ping - 200 - application/grpc 0.1539ms
Starting: C:\Program Files\Unity\Hub\Editor\6000.5.8f1\Editor\Data\Tools\BuildPipeline\bee_backend.exe --ipc --defer-dag-verification --dagfile="Library/Bee/1900b0aE.dag" --continue-on-failure --profile="Library/Bee/backend1.traceevents" ScriptAssemblies
WorkingDir: C:/Users/Len/Lenomation_V3
info: Microsoft.AspNetCore.Hosting.Diagnostics[1]
      Request starting HTTP/2 POST http://ilpp/UnityILPP.PostProcessing/ConfigurePostProcessors - application/grpc -
info: Microsoft.AspNetCore.Routing.EndpointMiddleware[0]
      Executing endpoint 'gRPC - /UnityILPP.PostProcessing/ConfigurePostProcessors'
info: Unity.ILPP.Runner.PostProcessingAssemblyLoadContext[0]
      Current configuration matches the requested one, skipping
info: Microsoft.AspNetCore.Routing.EndpointMiddleware[1]
      Executed endpoint 'gRPC - /UnityILPP.PostProcessing/ConfigurePostProcessors'
info: Microsoft.AspNetCore.Hosting.Diagnostics[2]
      Request finished HTTP/2 POST http://ilpp/UnityILPP.PostProcessing/ConfigurePostProcessors - 200 - application/grpc 2.4025ms
info: Microsoft.AspNetCore.Hosting.Diagnostics[1]
      Request starting HTTP/2 POST http://ilpp/UnityILPP.PostProcessing/PostProcessAssembly - application/grpc -
info: Microsoft.AspNetCore.Routing.EndpointMiddleware[0]
      Executing endpoint 'gRPC - /UnityILPP.PostProcessing/PostProcessAssembly'
info: Unity.ILPP.Runner.PostProcessingPipeline[0]
      Processing assembly Library/Bee/artifacts/1900b0aE.dag/Assembly-CSharp-Editor.dll, with 142 defines and 390 references
info: Unity.ILPP.Runner.PostProcessingPipeline[0]
      processors: Unity.Jobs.CodeGen.JobsILPostProcessor, zzzUnity.Burst.CodeGen.BurstILPostProcessor
info: Unity.ILPP.Runner.PostProcessingPipeline[0]
      running Unity.Jobs.CodeGen.JobsILPostProcessor
info: Unity.ILPP.Runner.PostProcessingPipeline[0]
      running zzzUnity.Burst.CodeGen.BurstILPostProcessor
info: Microsoft.AspNetCore.Routing.EndpointMiddleware[1]
      Executed endpoint 'gRPC - /UnityILPP.PostProcessing/PostProcessAssembly'
info: Microsoft.AspNetCore.Hosting.Diagnostics[2]
      Request finished HTTP/2 POST http://ilpp/UnityILPP.PostProcessing/PostProcessAssembly - 200 - application/grpc 7.6452ms
ExitCode: 0 Duration: 0s395ms
[1192/1563  0s] ILPP-Configuration Library/ilpp-configuration.nevergeneratedoutput
[1559/1563  0s] Csc Library/Bee/artifacts/1900b0aE.dag/Assembly-CSharp-Editor.dll (+2 others)
[1560/1563  0s] ILPostProcess Library/Bee/artifacts/1900b0aE.dag/post-processed/Assembly-CSharp-Editor.dll (+pdb)
Processing assembly Library/Bee/artifacts/1900b0aE.dag/Assembly-CSharp-Editor.dll, with 142 defines and 390 references

processors: Unity.Jobs.CodeGen.JobsILPostProcessor, zzzUnity.Burst.CodeGen.BurstILPostProcessor

running Unity.Jobs.CodeGen.JobsILPostProcessor

running zzzUnity.Burst.CodeGen.BurstILPostProcessor
[1561/1563  0s] CopyFiles Library/ScriptAssemblies/Assembly-CSharp-Editor.pdb
[1562/1563  0s] CopyFiles Library/ScriptAssemblies/Assembly-CSharp-Editor.dll
*** Tundra build success (0.37 seconds), 5 items updated, 1563 evaluated
Reloading assemblies after forced synchronous recompile.
Begin MonoManager ReloadAssembly
Total cache size 268137716
Total cache size after purge 268137716, took 00:00:00.2429273
Symbol file LoadedFromMemory is not a mono symbol file
Symbol file LoadedFromMemory is not a mono symbol file
Refreshing native plugins compatible for Editor in 2.87 ms, found 5 plugins.
Native extension for WindowsStandalone target not found
Native extension for WebGL target not found
[MODES] ModeService[none].Initialize
[MODES] ModeService[none].LoadModes
Refreshing native plugins compatible for Editor in 2.88 ms, found 5 plugins.
[Licensing::Client] Error: Code 404 while processing request (status: Found 0 entitlement groups and 0 free entitlements matching requested entitlement ids)
ScheduleIndexationOnStartup MainProcess:True IndexOnStartup:True
Mono: successfully reloaded assembly
- Finished resetting the current domain, in  3.125 seconds
Domain Reload Profiling: 4691ms
	BeginReloadAssembly (996ms)
		DisableScriptedObjects (197ms)
		CreateAndSetChildDomain (533ms)
	RebuildCommonClasses (9ms)
	RebuildNativeTypeToScriptingClass (14ms)
	initialDomainReloadingComplete (83ms)
	LoadAllAssembliesAndSetupDomain (464ms)
		LoadAssemblies (133ms)
		AnalyzeDomain (305ms)
			TypeCache.Refresh (12ms)
			BuildScriptInfoCaches (283ms)
			ResolveRequiredComponents (9ms)
	FinalizeReload (3125ms)
		SetupLoadedEditorAssemblies (0ms)
			BeforeProcessingInitializeOnLoad (227ms)
			ProcessInitializeOnLoadAttributes (899ms)
			ProcessInitializeOnLoadMethodAttributes (455ms)
			AfterProcessingInitializeOnLoad (5ms)
		AwakeInstancesAfterBackupRestoration (1011ms)
Refreshing native plugins compatible for Editor in 2.96 ms, found 5 plugins.

Asset Pipeline Refresh (id=2c68b010acc3f6c4a9067053877c8289): Total: 5.873 seconds - Initiated by RefreshV2(AllowForceSynchronousImport)
	(Values over 0.05ms)
	Summary:
		Imports: total=0 (actual=0, local cache=0, cache server=0)
		Asset DB Process Time: managed=0 ms, native=3335 ms
		Asset DB Callback time: managed=230 ms, native=7 ms
		Scripting: domain reloads=1, domain reload time=1644 ms, compile time=655 ms, other=0 ms
		Project Asset Count: scripts=2149, non-scripts=5371
		Asset File Changes: new=0, changed=1, moved=0, deleted=0
		Scan Filter Count: 0
	InvokePackagesCallback: 2.149ms
	ApplyChangesToAssetFolders: 0.390ms
	Scan: 18.962ms
	Collect global state as custom dependencies: 4.356ms
	OnSourceAssetsModified: 0.564ms
	ProcessAssetsWithTransientArtifactChanges: 5.985ms
	CategorizeAssets: 71.582ms
	CompileScripts: 655.155ms
	ImportOutOfDateAssets: 3193.879ms (3142.457ms without children)
		CollectScriptTypesHashes: 1.465ms
		ReloadNativeAssets: 0.939ms
		UnloadImportedAssets: 0.125ms
		EnsureUptoDateAssetsAreRegisteredWithGuidPM: 0.951ms
		ImportSchedulerStart: 49.371ms
	PostProcessAllAssets: 231.213ms
		XRBuildSystem.XRAssetImported 0.587ms
		MonoPostProcessAllAssets: 230.230ms
			AssetReferenceReimportMonitor.OnPostprocessAllAssets 23.831ms
			UniversalRenderPipelineGlobalSettingsPostprocessor.OnPostprocessAllAssets 9.568ms
			BuilderAssetPostprocessor.OnPostprocessAllAssets 5.346ms
			AssetChangedListener.OnPostprocessAllAssets 5.120ms
			AssetPostprocessor.OnPostprocessAllAssets 3.664ms
			SyncVS.PostprocessSyncProject 2.970ms
			SpriteSlicePostprocessor.OnPostprocessAllAssets 2.711ms
			UVCSAssetPostprocessor.OnPostprocessAllAssets 2.345ms
			GraphRefreshPostprocessor.OnPostprocessAllAssets 1.650ms
			SpeedTree9Postprocessor.OnPostprocessAllAssets 1.637ms
			WindowAssetPostprocessingWatcher.OnPostprocessAllAssets 1.396ms
			ShaderGraphAssetPostProcessor.OnPostprocessAllAssets 1.258ms
			RetainedModeAssetPostprocessor.OnPostprocessAllAssets 1.201ms
			EditModeScopePostprocessor.OnPostprocessAllAssets 1.102ms
			AssetChangeDetector.OnPostprocessAllAssets 0.816ms
			TMPro_TexturePostProcessor.OnPostprocessAllAssets 0.677ms
			RenderPipelineGlobalSettingsPostprocessor.OnPostprocessAllAssets 0.648ms
			MaterialPostprocessor.OnPostprocessAllAssets 0.647ms
			SpriteEditorTexturePostprocessor.OnPostprocessAllAssets 0.566ms
			ArtifactBrowserPostProcessor.OnPostprocessAllAssets 0.562ms
			SampleDependencyImporterPostProcessor.OnPostprocessAllAssets 0.407ms
			SkillsProjectAssetPostprocessor.OnPostprocessAllAssets 0.388ms
			ModelAssetProcessor.OnPostprocessAllAssets 0.362ms
			ShaderReflectionAssetPostProcessor.OnPostprocessAllAssets 0.332ms
			InputActionAssetPostprocessor.OnPostprocessAllAssets 0.332ms
			PostProcessor.OnPostprocessAllAssets 0.303ms
			TextAssetPostProcessor.OnPostprocessAllAssets 0.295ms
			AudioMixerPostprocessor.OnPostprocessAllAssets 0.292ms
			InputActionJsonNameModifierAssetProcessor.OnPostprocessAllAssets 0.257ms
			ReferencedClipsPostProcessor.OnPostprocessAllAssets 0.243ms
			StyleCatalogPostProcessor.OnPostprocessAllAssets 0.220ms
			ConfigAssetsTracker.OnPostprocessAllAssets 0.203ms
			AssetEvents.OnPostprocessAllAssets 0.201ms
			ProjectSettingsPostprocessor.OnPostprocessAllAssets 0.181ms
			TerrainToolbarOverlayPostProcessor.OnPostprocessAllAssets 0.166ms
			AssetDatabaseCallbacks.OnPostprocessAllAssets 0.137ms
			SpeedTreePostProcessor.OnPostprocessAllAssets 0.135ms
			SamplePostprocessor.OnPostprocessAllAssets 0.125ms
			AssetReloadNotifier.OnPostprocessAllAssets 0.114ms
			ScenarioDriftAssetsTracker.OnPostprocessAllAssets 0.106ms
			AudioContainerPostProcessor.OnPostprocessAllAssets 0.072ms
			TrackSelectedAssetsProcessor.OnPostprocessAllAssets 0.070ms
	PostAssetChangesProfiler: 5.863ms
	GatherAllCurrentPrimaryImportResultRevisions: 0.289ms
	PersistCurrentRevisions: 0.256ms
	GenerateScriptTypeHashes: 2.640ms
	GenerateScriptTypeSerializationHashes: 4.393ms
	Untracked: 1676.648ms

[Licensing::Client] Error: Code 404 while processing request (status: Found 0 entitlement groups and 0 free entitlements matching requested entitlement ids)
[Licensing::Client] Error: Code 404 while processing request (status: Found 0 entitlement groups and 0 free entitlements matching requested entitlement ids)
[Licensing::Client] Successfully resolved entitlement details
[Licensing::Client] Successfully resolved entitlement details
[INFO ] [relay] log Unity client connected with ID: editor-39260-z1wqub (relay 1.0.12-build.97)
[INFO ] [relay] connection.established clientId=editor-39260-z1wqub port=9001
[Licensing::Client] Successfully resolved entitlement details
Refreshing native plugins compatible for Editor in 3.51 ms, found 5 plugins.
Asset Pipeline Refresh (id=fa13627ff00c7a94ab9f0b8d6b4b6803): Total: 0.110 seconds - Initiated by StopAssetImportingV2(NoUpdateAssetOptions)
Importing 'GUID: 0000000000000000b000000000000000 - Path: ProjectSettings/EditorBuildSettings.asset' with importer (LibraryAssetImporter)
Imported 'GUID: 0000000000000000b000000000000000' -> (Import Result ID: '7d3157b8516595d3fe3e1c15529eb700') in 0.004 seconds [static dependencies only]. Details - ImportResultOutputID=4647dd083cfc32cebcd7526e8846440c DependenciesID=92d1ef275d12fc8d4a22532f7e1c8a37 StaticDependenciesID=b947d7fca5e487827e3fc098c8741c44 
Refreshing native plugins compatible for Editor in 3.23 ms, found 5 plugins.
Asset Pipeline Refresh (id=cc68f8729e0034e4581442cb475a4156): Total: 0.082 seconds - Initiated by StopAssetImportingV2(NoUpdateAssetOptions)
Asset Pipeline Refresh (id=6e2f4197263d4c549b0fca27a6c24d3a): Total: 0.010 seconds - Initiated by RefreshV2(NoUpdateAssetOptions)
Importing 'GUID: 36c24ed04e4d0d54abe965c266b4a1f0 - Path: Assets/Prefabs/Logistics/Conveyors/Links' with importer (DefaultImporter)
Imported 'GUID: 36c24ed04e4d0d54abe965c266b4a1f0' -> (Import Result ID: 'bd86a489898752e685bff538bca5a37e') in 0.003 seconds [static dependencies only]. Details - ImportResultOutputID=85b555d7afe7f7adbc3d5aa1316a97da DependenciesID=8f1253103908a5c54af76acc93472d0e StaticDependenciesID=d2dad0a444e9aa802f9f1209a3fb98d2 
Refreshing native plugins compatible for Editor in 2.90 ms, found 5 plugins.
Asset Pipeline Refresh (id=1c888a8dad8f15b4d8a2db4908612a51): Total: 0.113 seconds - Initiated by StopAssetImportingV2(NoUpdateAssetOptions)
Refreshing native plugins compatible for Editor in 2.68 ms, found 5 plugins.
Asset Pipeline Refresh (id=5945daf822533fa479ed8c0fb4bb4de2): Total: 0.100 seconds - Initiated by StopAssetImportingV2(NoUpdateAssetOptions)
Asset Pipeline Refresh (id=fd3e62bfcb56274428440733d57b41c2): Total: 0.011 seconds - Initiated by RefreshV2(NoUpdateAssetOptions)
Importing 'GUID: 97bae6a24f9131b44a026390c1d44eeb - Path: Assets/Prefabs/Logistics/Conveyors/Straight' with importer (DefaultImporter)
Imported 'GUID: 97bae6a24f9131b44a026390c1d44eeb' -> (Import Result ID: '66d25e3560b83e5bf1ed3144cdc4b663') in 0.003 seconds [static dependencies only]. Details - ImportResultOutputID=9b5a83e6a46e7792de8cb55a110aefd6 DependenciesID=6507e6dbad7ac3714a6cbbb6193f3217 StaticDependenciesID=c481036b3c37d22e567984357233a7e2 
Refreshing native plugins compatible for Editor in 2.48 ms, found 5 plugins.
Asset Pipeline Refresh (id=c6451a8d2365ec8449fcee4149bd6dcb): Total: 0.100 seconds - Initiated by StopAssetImportingV2(NoUpdateAssetOptions)
Refreshing native plugins compatible for Editor in 2.47 ms, found 5 plugins.
Asset Pipeline Refresh (id=be7dc24884f1d4a45be10475dc904ccc): Total: 0.095 seconds - Initiated by StopAssetImportingV2(NoUpdateAssetOptions)
Asset Pipeline Refresh (id=0a10aa97e09a35242a95f868d10ba656): Total: 0.012 seconds - Initiated by RefreshV2(NoUpdateAssetOptions)
Importing 'GUID: 0e74d10213652b641bfa21e5ab76f75b - Path: Assets/Prefabs/Logistics/Conveyors/Corners' with importer (DefaultImporter)
Imported 'GUID: 0e74d10213652b641bfa21e5ab76f75b' -> (Import Result ID: '5565e653a0b977c135d0c9c6cb35a2ba') in 0.003 seconds [static dependencies only]. Details - ImportResultOutputID=924f5183459a9e5d89ba876c41a122a3 DependenciesID=36a58d9ce1c4549eb78920520289a6d1 StaticDependenciesID=ea128bb6cfe37155d667b477256d7b37 
Refreshing native plugins compatible for Editor in 3.00 ms, found 5 plugins.
Asset Pipeline Refresh (id=03da5cd89ecbeba43a31e12281ed0a3a): Total: 0.099 seconds - Initiated by StopAssetImportingV2(NoUpdateAssetOptions)
Refreshing native plugins compatible for Editor in 2.86 ms, found 5 plugins.
Asset Pipeline Refresh (id=d5d7a9ae5ea7e5a4a9ccae38375229ff): Total: 0.096 seconds - Initiated by StopAssetImportingV2(NoUpdateAssetOptions)
Asset Pipeline Refresh (id=0e5a379b52b19fd4c8e2c865296a73f2): Total: 0.012 seconds - Initiated by RefreshV2(NoUpdateAssetOptions)
Importing 'GUID: c21e8565fffb708489172826efac19aa - Path: Assets/Prefabs/Logistics/Conveyors/EndCaps' with importer (DefaultImporter)
Imported 'GUID: c21e8565fffb708489172826efac19aa' -> (Import Result ID: '036fa1e5f713bfd3871e1ec903d5c014') in 0.003 seconds [static dependencies only]. Details - ImportResultOutputID=af5cebfb1824231064a20b7827f526e3 DependenciesID=11d9031d4bceda477a11c3f23c0bc4c6 StaticDependenciesID=6ab3c324d409b766f71aa46542e247a6 
Refreshing native plugins compatible for Editor in 2.94 ms, found 5 plugins.
Asset Pipeline Refresh (id=d35f54f03a69d3b4dbe10ff8413f726a): Total: 0.112 seconds - Initiated by StopAssetImportingV2(NoUpdateAssetOptions)
Asset Pipeline Refresh (id=a73cdefb866c2404dace3d6cc7d76c37): Total: 0.011 seconds - Initiated by RefreshV2(NoUpdateAssetOptions)
Refreshing native plugins compatible for Editor in 3.42 ms, found 5 plugins.
Asset Pipeline Refresh (id=1ecc9501058cd984cb0d1b77deffdb6b): Total: 0.096 seconds - Initiated by StopAssetImportingV2(NoUpdateAssetOptions)
Importing 'GUID: 89c651fbff3012f4388a415d407e26a3 - Path: Assets/Prefabs/Logistics/Conveyors/Straight/GuardRail.prefab' with importer (PrefabImporter)
Imported 'GUID: 89c651fbff3012f4388a415d407e26a3' -> (Import Result ID: '9def75085c55bd1a2d4692db9eb0c1dd') in 0.005 seconds [static dependencies only]. Details - ImportResultOutputID=96fb1f3003955d9cba19834e90cb93a8 DependenciesID=08322c81173566f0a2eb584e7bf8d4f8 StaticDependenciesID=e72b4a49a1e98af8b378389e118fa5f6 
Refreshing native plugins compatible for Editor in 2.83 ms, found 5 plugins.
Asset Pipeline Refresh (id=108bdc43eb467f34badc0fc597ad2c82): Total: 0.104 seconds - Initiated by StopAssetImportingV2(NoUpdateAssetOptions)
Refreshing native plugins compatible for Editor in 3.01 ms, found 5 plugins.
Asset Pipeline Refresh (id=ca8bb5bb95106c143b3e151cdd69e6bf): Total: 0.094 seconds - Initiated by StopAssetImportingV2(NoUpdateAssetOptions)
Importing 'GUID: e47f79482ab4e684388844ff3f1924e1 - Path: Assets/Prefabs/Logistics/Conveyors/EndCaps/EndCapGuardRail.prefab' with importer (PrefabImporter)
Imported 'GUID: e47f79482ab4e684388844ff3f1924e1' -> (Import Result ID: '1614dee0b10ceba8099b292afc3765e8') in 0.004 seconds [static dependencies only]. Details - ImportResultOutputID=e8ebb3fc6e084440c18c4713b5bce552 DependenciesID=1d6b66eee225f4478f263a9af101867e StaticDependenciesID=7720c14543108011d20b57a624e9d548 
Refreshing native plugins compatible for Editor in 2.77 ms, found 5 plugins.
Asset Pipeline Refresh (id=e2521a74bda53b540887785621753157): Total: 0.108 seconds - Initiated by StopAssetImportingV2(NoUpdateAssetOptions)
Refreshing native plugins compatible for Editor in 2.86 ms, found 5 plugins.
Asset Pipeline Refresh (id=62e63673887658345a4812eff7422c04): Total: 0.097 seconds - Initiated by StopAssetImportingV2(NoUpdateAssetOptions)
Importing 'GUID: 4194239cb6c74934fa3996fd5e72e5a3 - Path: Assets/Materials/ConveyorTop.mat' with importer (NativeFormatImporter)
Imported 'GUID: 4194239cb6c74934fa3996fd5e72e5a3' -> (Import Result ID: 'ec536078d38d5bc1cbbe49106345acce') in 0.001 seconds [static dependencies only]. Details - ImportResultOutputID=3caa46c4e159def43acf0e585b0984a4 DependenciesID=f908ebc1314ee0d8bc8810367e70d024 StaticDependenciesID=e0a0d84477f93e77f3e9aa7a783996da 
Importing 'GUID: 91b1496d333e8574595ef9f50642f45a - Path: Assets/Materials/ConveyorGuardRail.mat' with importer (NativeFormatImporter)
Imported 'GUID: 91b1496d333e8574595ef9f50642f45a' -> (Import Result ID: '373e76bd9787cc7faff6122ce12347b5') in 0.001 seconds [static dependencies only]. Details - ImportResultOutputID=3972271e97b6ae8253e9eebde1af98ce DependenciesID=393ed236fba5826cfa1e0f76fd59f879 StaticDependenciesID=3554648259c03f2367129ce72a20b127 
Importing 'GUID: 23db05cf8cc35354390211056b589b8c - Path: Assets/Materials/ConveyorEndCap.mat' with importer (NativeFormatImporter)
Imported 'GUID: 23db05cf8cc35354390211056b589b8c' -> (Import Result ID: 'c64341c3b724154f252e2676d3ab287b') in 0.001 seconds [static dependencies only]. Details - ImportResultOutputID=352c107f186ec979bc2e3d6d08f507c7 DependenciesID=bf552b1d639cd234ceebe3c9fe05f9b9 StaticDependenciesID=d3ab6691c6d194dffed713bc0be26c79 
Importing 'GUID: 7ca147e253c03b04c9b351aeca7064d1 - Path: Assets/Materials/ConveyorSide.mat' with importer (NativeFormatImporter)
Imported 'GUID: 7ca147e253c03b04c9b351aeca7064d1' -> (Import Result ID: 'c82f3faa25986a14321d9e76fd35bf1c') in 0.001 seconds [static dependencies only]. Details - ImportResultOutputID=5ec664f5e97a41aae605eefab098f1c7 DependenciesID=e49dc24384ddf8fccb947754b00e9fd6 StaticDependenciesID=b414efc9f9bb8c41d2c19daef5cc870b 
Importing 'GUID: edb06e9e5d5b93444b4687125d0ed5cd - Path: Assets/Materials/ConveyorBottom.mat' with importer (NativeFormatImporter)
Imported 'GUID: edb06e9e5d5b93444b4687125d0ed5cd' -> (Import Result ID: 'bd750a17100c7752e27a14555dff70e0') in 0.001 seconds [static dependencies only]. Details - ImportResultOutputID=d6dec9bcdd6c59398a936b60f2d24523 DependenciesID=a2787c7fd6da90f413aad22de35c2f26 StaticDependenciesID=d4aa3613c3f6c9a8e80ac26294c23ee1 
Importing 'GUID: 6ec9a06dda83478488989c47c4cafe3b - Path: Assets/Materials/ConveyorArrow.mat' with importer (NativeFormatImporter)
Imported 'GUID: 6ec9a06dda83478488989c47c4cafe3b' -> (Import Result ID: '3803b58f2438e8c664d0608422e733b3') in 0.001 seconds [static dependencies only]. Details - ImportResultOutputID=9bee318c8633e34910f2d00fd31d166f DependenciesID=603500e325ddf008e8caede7e7d2ac1e StaticDependenciesID=176203c8a4df5f0b82c106ee53ddb7a3 
Refreshing native plugins compatible for Editor in 2.53 ms, found 5 plugins.
Asset Pipeline Refresh (id=799a0e921aba9a248b0ec4968a2a0fe5): Total: 0.084 seconds - Initiated by StopAssetImportingV2(NoUpdateAssetOptions)
Asset Pipeline Refresh (id=2a634ba9d382a1b4d95a21201671560b): Total: 0.010 seconds - Initiated by RefreshV2(NoUpdateAssetOptions)
Refreshing native plugins compatible for Editor in 3.23 ms, found 5 plugins.
Asset Pipeline Refresh (id=6b2bc1be1165a694eb6ffc0df35748a8): Total: 0.097 seconds - Initiated by StopAssetImportingV2(NoUpdateAssetOptions)
Asset Pipeline Refresh (id=7e48369ce1c27a342848bf661ef06893): Total: 0.012 seconds - Initiated by RefreshV2(NoUpdateAssetOptions)
Refreshing native plugins compatible for Editor in 3.20 ms, found 5 plugins.
Asset Pipeline Refresh (id=61342349377665e4699b079b110f9d64): Total: 0.102 seconds - Initiated by StopAssetImportingV2(NoUpdateAssetOptions)
Asset Pipeline Refresh (id=5fc560807852ad74882a62adfca3c06f): Total: 0.011 seconds - Initiated by RefreshV2(NoUpdateAssetOptions)
Refreshing native plugins compatible for Editor in 3.09 ms, found 5 plugins.
Asset Pipeline Refresh (id=9bba23209fe6aa549a94fc118a6cdbdb): Total: 0.115 seconds - Initiated by StopAssetImportingV2(NoUpdateAssetOptions)
Asset Pipeline Refresh (id=cf09ce1655ffa784abfddc2cc1c8b36b): Total: 0.011 seconds - Initiated by RefreshV2(NoUpdateAssetOptions)
Refreshing native plugins compatible for Editor in 2.74 ms, found 5 plugins.
Asset Pipeline Refresh (id=c5beb439a8675834a91c74ae4b3c3751): Total: 0.096 seconds - Initiated by StopAssetImportingV2(NoUpdateAssetOptions)
Asset Pipeline Refresh (id=3b20f26dc0f0f164db684ce884a666df): Total: 0.012 seconds - Initiated by RefreshV2(NoUpdateAssetOptions)
Importing 'GUID: 01aaf63520e4bbd499bd001fe7fcbfe7 - Path: Assets/Prefabs/Logistics/Conveyors/Straight/StraightConveyor_L1.prefab' with importer (PrefabImporter)
Imported 'GUID: 01aaf63520e4bbd499bd001fe7fcbfe7' -> (Import Result ID: 'efca757438d2d9878058b82c6e8c1c94') in 0.005 seconds [static and dynamic dependencies]. Details - ImportResultOutputID=9a46d1eea0eafb2c40c57747fc4142a7 DependenciesID=9b3902a3d4982f1093c9b48b724c9ba1 StaticDependenciesID=8507168a2b7aaab11860066f9d8c490c 
Refreshing native plugins compatible for Editor in 2.97 ms, found 5 plugins.
Asset Pipeline Refresh (id=9c22886798954434b8b9201a59517611): Total: 0.104 seconds - Initiated by StopAssetImportingV2(NoUpdateAssetOptions)
Importing 'GUID: 0e58d376e98b8d942bf4cceddd0d3e21 - Path: Assets/Prefabs/Logistics/Conveyors/Corners/CornerConveyor_L1.prefab' with importer (PrefabImporter)
Imported 'GUID: 0e58d376e98b8d942bf4cceddd0d3e21' -> (Import Result ID: '3a6e4a0ad3f0c85307b2f91a7afa8f3a') in 0.005 seconds [static and dynamic dependencies]. Details - ImportResultOutputID=82f5cf02537547a5df62e4074e8d0f4f DependenciesID=662b18a7fdbcf06fbb1482126e82b9ec StaticDependenciesID=42f1f7c969f36d7798eaa13a4cc2392d 
Refreshing native plugins compatible for Editor in 3.06 ms, found 5 plugins.
Asset Pipeline Refresh (id=191119fa416b65745b778316337437e6): Total: 0.105 seconds - Initiated by StopAssetImportingV2(NoUpdateAssetOptions)
Importing 'GUID: 639da058b8f588d43a74341dfb128649 - Path: Assets/Prefabs/Logistics/Conveyors/Straight/StraightConveyor_L2.prefab' with importer (PrefabImporter)
Imported 'GUID: 639da058b8f588d43a74341dfb128649' -> (Import Result ID: '84874f3eaedda76458d90b01e11a0a1b') in 0.005 seconds [static and dynamic dependencies]. Details - ImportResultOutputID=f27c42faef38a66743883dc5cbb618be DependenciesID=f5a1d835f955ab750d1e2af90975fc7b StaticDependenciesID=48226f3e8fe21f56123f58e14a124300 
Refreshing native plugins compatible for Editor in 3.10 ms, found 5 plugins.
Asset Pipeline Refresh (id=97f20222a67a6b649bbdf33d2550b537): Total: 0.110 seconds - Initiated by StopAssetImportingV2(NoUpdateAssetOptions)
Importing 'GUID: 8354139ba3b344548b7db6aa010d0643 - Path: Assets/Prefabs/Logistics/Conveyors/Corners/CornerConveyor_L2.prefab' with importer (PrefabImporter)
Imported 'GUID: 8354139ba3b344548b7db6aa010d0643' -> (Import Result ID: '932164e20576ec59ae28946f0f974506') in 0.005 seconds [static and dynamic dependencies]. Details - ImportResultOutputID=becf762fdb87f85037ead30b8b61dc2d DependenciesID=b7ca6905a1fde7a63063ef3a88ff6767 StaticDependenciesID=7fb7f1aa2c8c85ce00b0cb7787e15a1c 
Refreshing native plugins compatible for Editor in 3.21 ms, found 5 plugins.
Asset Pipeline Refresh (id=da1f44e4d7672844fb90e5fac42c5ced): Total: 0.105 seconds - Initiated by StopAssetImportingV2(NoUpdateAssetOptions)
Importing 'GUID: bf7b433b43e01174e91e876ac60410a7 - Path: Assets/Prefabs/Logistics/Conveyors/Straight/StraightConveyor_L3.prefab' with importer (PrefabImporter)
Imported 'GUID: bf7b433b43e01174e91e876ac60410a7' -> (Import Result ID: '90128ea974aa1980d24f6a28db476081') in 0.005 seconds [static and dynamic dependencies]. Details - ImportResultOutputID=060c4f0cb436ccf894de65cd7da6dc60 DependenciesID=fd2bee672fe38e3ae5b3e1021e1a4f87 StaticDependenciesID=d554e2492becc95cd756897b7f44a5d1 
Refreshing native plugins compatible for Editor in 3.47 ms, found 5 plugins.
Asset Pipeline Refresh (id=ac5f4ec315f44414aa69edadb0831c79): Total: 0.104 seconds - Initiated by StopAssetImportingV2(NoUpdateAssetOptions)
Importing 'GUID: 9532fb879411f0b438a6f5a2f770be0d - Path: Assets/Prefabs/Logistics/Conveyors/Corners/CornerConveyor_L3.prefab' with importer (PrefabImporter)
Imported 'GUID: 9532fb879411f0b438a6f5a2f770be0d' -> (Import Result ID: 'f19531863a4f769487b97c7f61bc419e') in 0.005 seconds [static and dynamic dependencies]. Details - ImportResultOutputID=339a65ab3504a0ac5ddb55d77f1905ab DependenciesID=91cbc6f81f5060443175375f235d2483 StaticDependenciesID=8b0aafed641ea4d533009d24a7d971a4 
Refreshing native plugins compatible for Editor in 3.08 ms, found 5 plugins.
Asset Pipeline Refresh (id=271a6774bc7b7834a992032e91ac8060): Total: 0.114 seconds - Initiated by StopAssetImportingV2(NoUpdateAssetOptions)
Importing 'GUID: 3827da66744c65443a89682cb23fd187 - Path: Assets/Prefabs/Logistics/Conveyors/Straight/StraightConveyor_L4.prefab' with importer (PrefabImporter)
Imported 'GUID: 3827da66744c65443a89682cb23fd187' -> (Import Result ID: 'c0be499691545e04dd1bbbeb201d967b') in 0.005 seconds [static and dynamic dependencies]. Details - ImportResultOutputID=018c3dddc2ac376b6082abaf507f206d DependenciesID=9fa12cf7fb9d3eef93f53b4d96fd2033 StaticDependenciesID=b63b4a2023f5a7e62de5d26b27420164 
Refreshing native plugins compatible for Editor in 2.99 ms, found 5 plugins.
Asset Pipeline Refresh (id=3bc902d54e05acc4b89f9f5158c78210): Total: 0.106 seconds - Initiated by StopAssetImportingV2(NoUpdateAssetOptions)
Importing 'GUID: 13d5f7646aeb8d04f9573ecd91800dbe - Path: Assets/Prefabs/Logistics/Conveyors/Corners/CornerConveyor_L4.prefab' with importer (PrefabImporter)
Imported 'GUID: 13d5f7646aeb8d04f9573ecd91800dbe' -> (Import Result ID: 'c133b3608215d7f5f0e09fc91c715b3a') in 0.005 seconds [static and dynamic dependencies]. Details - ImportResultOutputID=4e0fde3d05c235836599bd4b80e8d099 DependenciesID=351f949c508d2fbfe4f5bf5ffecb53c7 StaticDependenciesID=0abbf29dc93bd64675277ed782d7dc42 
Refreshing native plugins compatible for Editor in 2.62 ms, found 5 plugins.
Asset Pipeline Refresh (id=4e8de01343e443c42996be920af86a2f): Total: 0.108 seconds - Initiated by StopAssetImportingV2(NoUpdateAssetOptions)
Importing 'GUID: 883b00e33de4a8c4690c5187ab596400 - Path: Assets/Prefabs/Logistics/Conveyors/Straight/StraightConveyor_L5.prefab' with importer (PrefabImporter)
Imported 'GUID: 883b00e33de4a8c4690c5187ab596400' -> (Import Result ID: 'b0239891c8fccc71cfa0a670c80b6445') in 0.005 seconds [static and dynamic dependencies]. Details - ImportResultOutputID=2d875aee3e2e8db5185b2dc2c72d5d3b DependenciesID=a73c526d943f489748ca7c86b10659ee StaticDependenciesID=448de8bfef234b89f07044fbc7db7474 
Refreshing native plugins compatible for Editor in 3.06 ms, found 5 plugins.
Asset Pipeline Refresh (id=6c7dc3250e9185b459cb400d8218b061): Total: 0.104 seconds - Initiated by StopAssetImportingV2(NoUpdateAssetOptions)
Importing 'GUID: 5b7638a3eb6ca2c49b75d29eb2b7c8fb - Path: Assets/Prefabs/Logistics/Conveyors/Corners/CornerConveyor_L5.prefab' with importer (PrefabImporter)
Imported 'GUID: 5b7638a3eb6ca2c49b75d29eb2b7c8fb' -> (Import Result ID: '3be6ae98a77b43fbc6669d7303fddc0e') in 0.005 seconds [static and dynamic dependencies]. Details - ImportResultOutputID=96ce872581390b8b83a61b6c96b650ea DependenciesID=131b7bba38b0a1ed7a8b9303e013ef56 StaticDependenciesID=da3e10c8adfed00604a79835b80cb56c 
Refreshing native plugins compatible for Editor in 3.07 ms, found 5 plugins.
Asset Pipeline Refresh (id=145d34bfd4b99f2459550aa22b40a965): Total: 0.103 seconds - Initiated by StopAssetImportingV2(NoUpdateAssetOptions)
Importing 'GUID: 7cc55c01dd2b6764ea1a70963567ba8a - Path: Assets/Prefabs/Logistics/Conveyors/EndCaps/EndCapConveyor.prefab' with importer (PrefabImporter)
Imported 'GUID: 7cc55c01dd2b6764ea1a70963567ba8a' -> (Import Result ID: '30877ec4eaf65a9210c6e982feef0325') in 0.004 seconds [static and dynamic dependencies]. Details - ImportResultOutputID=085d1d2777d4e10d21ac6b2806880367 DependenciesID=b88fecb0b5e2987a48fedeb4459bd961 StaticDependenciesID=20e43ce231c653ec84680032296c64e5 
Refreshing native plugins compatible for Editor in 3.03 ms, found 5 plugins.
Asset Pipeline Refresh (id=e745c0ebd7344e54f8ad34faf9a6ccab): Total: 0.104 seconds - Initiated by StopAssetImportingV2(NoUpdateAssetOptions)
Importing 'GUID: 7e7f4c662e3d60c4d95e9adc8054fdf7 - Path: Assets/Prefabs/Logistics/Conveyors/Links/LinkConveyor.prefab' with importer (PrefabImporter)
Imported 'GUID: 7e7f4c662e3d60c4d95e9adc8054fdf7' -> (Import Result ID: '713d5390a8cbf909b6baa86a11e666ab') in 0.004 seconds [static and dynamic dependencies]. Details - ImportResultOutputID=10137c3a2fcaec6d39392520c598d2ae DependenciesID=d544df081b00aff35111803188f3c694 StaticDependenciesID=f05d68760865b787a5c24148b491af2c 
Refreshing native plugins compatible for Editor in 3.45 ms, found 5 plugins.
Asset Pipeline Refresh (id=9a65bc163f5e57b4185277ba09e1218f): Total: 0.110 seconds - Initiated by StopAssetImportingV2(NoUpdateAssetOptions)
Asset Pipeline Refresh (id=3b831cbab680fcd4aa6242d271b38551): Total: 0.012 seconds - Initiated by RefreshV2(NoUpdateAssetOptions)
Conveyor prefabs rebuilt.
UnityEngine.Debug:ExtractStackTraceNoAlloc (byte*,int,string)
UnityEngine.StackTraceUtility:ExtractStackTrace ()
UnityEngine.DebugLogHandler:Internal_Log (UnityEngine.LogType,UnityEngine.LogOption,string,UnityEngine.Object)
UnityEngine.DebugLogHandler:LogFormat (UnityEngine.LogType,UnityEngine.Object,string,object[])
UnityEngine.Logger:Log (UnityEngine.LogType,object)
UnityEngine.Debug:Log (object)
PrefabBuildUtility:FinishBuild (string) (at Assets/Editor/PrefabBuildUtility.cs:66)
ConveyorPrefabCreator:CreateConveyorPrefabs () (at Assets/Editor/ConveyorPrefabCreator.cs:75)

(Filename: Assets/Editor/PrefabBuildUtility.cs Line: 66)

[Licensing::Client] Successfully resolved entitlement details
[Licensing::Client] Successfully resolved entitlement details
[Licensing::Client] Error: Code 404 while processing request (status: Found 0 entitlement groups and 0 free entitlements matching requested entitlement ids)
[Licensing::Client] Error: Code 404 while processing request (status: Found 0 entitlement groups and 0 free entitlements matching requested entitlement ids)
[Licensing::Client] Error: Code 404 while processing request (status: Found 0 entitlement groups and 0 free entitlements matching requested entitlement ids)
[Licensing::Client] Error: Code 404 while processing request (status: Found 0 entitlement groups and 0 free entitlements matching requested entitlement ids)
[Licensing::Client] Successfully resolved entitlement details
Refreshing native plugins compatible for Editor in 3.46 ms, found 5 plugins.
Asset Pipeline Refresh (id=1798a16316df85c4babb35d7646d2ffe): Total: 0.102 seconds - Initiated by StopAssetImportingV2(NoUpdateAssetOptions)
Refreshing native plugins compatible for Editor in 3.30 ms, found 5 plugins.
Asset Pipeline Refresh (id=ab4262b0d69682f4a8771ddd6b1a3955): Total: 0.121 seconds - Initiated by StopAssetImportingV2(NoUpdateAssetOptions)
Refreshing native plugins compatible for Editor in 2.95 ms, found 5 plugins.
Asset Pipeline Refresh (id=28e620ef4960f99469d79966e7834165): Total: 0.116 seconds - Initiated by StopAssetImportingV2(NoUpdateAssetOptions)
Importing 'GUID: 7c090aaceeeb39645bb62ae2547eb10f - Path: Assets/Materials/Ground.mat' with importer (NativeFormatImporter)
Imported 'GUID: 7c090aaceeeb39645bb62ae2547eb10f' -> (Import Result ID: '81eb093570b24992c19226dacad6ba47') in 0.001 seconds [static dependencies only]. Details - ImportResultOutputID=91796277993bc2f638a9d349f6569e41 DependenciesID=50745a48147eb471473e4e283abd5665 StaticDependenciesID=7dde6c2258286e4f4f4c6df7c59e45d4 
Refreshing native plugins compatible for Editor in 2.97 ms, found 5 plugins.
Asset Pipeline Refresh (id=ce9555eea46ac3944b36fbe2bf38b582): Total: 0.110 seconds - Initiated by StopAssetImportingV2(NoUpdateAssetOptions)
Refreshing native plugins compatible for Editor in 2.70 ms, found 5 plugins.
Asset Pipeline Refresh (id=582342142b24f664e9d92cb7d47c89f0): Total: 0.099 seconds - Initiated by StopAssetImportingV2(NoUpdateAssetOptions)
Importing 'GUID: 7c090aaceeeb39645bb62ae2547eb10f - Path: Assets/Materials/Ground.mat' with importer (NativeFormatImporter)
Imported 'GUID: 7c090aaceeeb39645bb62ae2547eb10f' -> (Import Result ID: 'efcc82e7a1ea922d968a045e3cb4660f') in 0.001 seconds [static dependencies only]. Details - ImportResultOutputID=91796277993bc2f638a9d349f6569e41 DependenciesID=c8bbe425e80842aaa61bc39fcde8ce27 StaticDependenciesID=4d2150ce33ae3a36472011ae161c4a8b 
Refreshing native plugins compatible for Editor in 2.69 ms, found 5 plugins.
Asset Pipeline Refresh (id=e67a26d0083a56947beae93c98654fd7): Total: 0.100 seconds - Initiated by StopAssetImportingV2(NoUpdateAssetOptions)
Asset Pipeline Refresh (id=628a68a2abf352c4cb3c209be2b0a080): Total: 0.010 seconds - Initiated by RefreshV2(NoUpdateAssetOptions)
Importing 'GUID: b7d2410c63cc11c4494d97eb08bc8474 - Path: Assets/Prefabs/Logistics/Ground/Ground.prefab' with importer (PrefabImporter)
Imported 'GUID: b7d2410c63cc11c4494d97eb08bc8474' -> (Import Result ID: '3e3e66147ff9a2b51cae0fe672847919') in 0.004 seconds [static dependencies only]. Details - ImportResultOutputID=3fe37fc542646b2d7689a3c3c4ba2465 DependenciesID=878c64d1521b29d64feb92034b49834e StaticDependenciesID=0e4ddf48643d29078131121512d26b38 
Refreshing native plugins compatible for Editor in 3.16 ms, found 5 plugins.
Asset Pipeline Refresh (id=8cc4df5380ec7d749b2346d102ec8180): Total: 0.104 seconds - Initiated by StopAssetImportingV2(NoUpdateAssetOptions)
Asset Pipeline Refresh (id=bc9ea6671eff5714dbb4ff50dd80c9f3): Total: 0.011 seconds - Initiated by RefreshV2(NoUpdateAssetOptions)
Ground prefab created successfully.
UnityEngine.Debug:ExtractStackTraceNoAlloc (byte*,int,string)
UnityEngine.StackTraceUtility:ExtractStackTrace ()
UnityEngine.DebugLogHandler:Internal_Log (UnityEngine.LogType,UnityEngine.LogOption,string,UnityEngine.Object)
UnityEngine.DebugLogHandler:LogFormat (UnityEngine.LogType,UnityEngine.Object,string,object[])
UnityEngine.Logger:Log (UnityEngine.LogType,object)
UnityEngine.Debug:Log (object)
PrefabBuildUtility:FinishBuild (string) (at Assets/Editor/PrefabBuildUtility.cs:66)
GroundPrefabCreator:CreateGroundPrefab () (at Assets/Editor/GroundPrefabCreator.cs:25)

(Filename: Assets/Editor/PrefabBuildUtility.cs Line: 66)

Refreshing native plugins compatible for Editor in 3.37 ms, found 5 plugins.
Asset Pipeline Refresh (id=468c23fa8d410504bbcd7baa9c3d9a22): Total: 0.099 seconds - Initiated by StopAssetImportingV2(NoUpdateAssetOptions)
Asset Pipeline Refresh (id=1914520e0714c344e872550dcfdae7f5): Total: 0.011 seconds - Initiated by RefreshV2(NoUpdateAssetOptions)
Importing 'GUID: 254d4b8c109483a49ab768e6b7d6a562 - Path: Assets/Prefabs/Logistics/Items' with importer (DefaultImporter)
Imported 'GUID: 254d4b8c109483a49ab768e6b7d6a562' -> (Import Result ID: 'f57dfc777070a8095db6bac8d9288ffc') in 0.003 seconds [static dependencies only]. Details - ImportResultOutputID=2ac24167a5fb50f34db4f099d455377e DependenciesID=2fc47933285d330e23be6635594da294 StaticDependenciesID=d6e447fa081abb14859d542e1d565d46 
Refreshing native plugins compatible for Editor in 3.48 ms, found 5 plugins.
Asset Pipeline Refresh (id=31f3e6915fe105b43a99a74115b20734): Total: 0.105 seconds - Initiated by StopAssetImportingV2(NoUpdateAssetOptions)
Asset Pipeline Refresh (id=69f4119044be16b41860359121b1298e): Total: 0.011 seconds - Initiated by RefreshV2(NoUpdateAssetOptions)
Refreshing native plugins compatible for Editor in 2.60 ms, found 5 plugins.
Asset Pipeline Refresh (id=46d0e2d14bd233b40a8bea73498f8876): Total: 0.101 seconds - Initiated by StopAssetImportingV2(NoUpdateAssetOptions)
Importing 'GUID: d0cfa7f8afe4e9f47a6008f4ce6f17fa - Path: Assets/Materials/PackageFront.mat' with importer (NativeFormatImporter)
Imported 'GUID: d0cfa7f8afe4e9f47a6008f4ce6f17fa' -> (Import Result ID: 'd608035d50e945ec860750563c9567eb') in 0.001 seconds [static dependencies only]. Details - ImportResultOutputID=a98ae30d30512beda653aa219f56854c DependenciesID=11c31e761d807b9dbe7b01a5e5a862f5 StaticDependenciesID=d94c8518f054f62e26dcd999a0ac25b4 
Importing 'GUID: 8426ba45db4c9624bab1f532b29432fd - Path: Assets/Materials/PackageBottom.mat' with importer (NativeFormatImporter)
Imported 'GUID: 8426ba45db4c9624bab1f532b29432fd' -> (Import Result ID: '8649b73eac9063223e3e3e47c380874e') in 0.001 seconds [static dependencies only]. Details - ImportResultOutputID=dfe36dbab714b5b9cbc78b6849065116 DependenciesID=ebd153bb7fbe3de9488cb522d584b5c0 StaticDependenciesID=9b4242f8240bd669ee6c1346dfa57b56 
Importing 'GUID: 49032568ed8c6fe439e6749d81d4fc19 - Path: Assets/Materials/PackageLeft.mat' with importer (NativeFormatImporter)
Imported 'GUID: 49032568ed8c6fe439e6749d81d4fc19' -> (Import Result ID: '6e10e85dbf305558f0133efd7af13dcf') in 0.001 seconds [static dependencies only]. Details - ImportResultOutputID=bdd05a288b329c621ccd0995cd1ef46b DependenciesID=8ab484f65dd347686d0f67f32ad5e5ea StaticDependenciesID=07a3143b946daefc7a33f06094bfdd92 
Importing 'GUID: aa94250a5f4473647a88253dabc0e8ed - Path: Assets/Materials/PackageRight.mat' with importer (NativeFormatImporter)
Imported 'GUID: aa94250a5f4473647a88253dabc0e8ed' -> (Import Result ID: '26ef79749259bf08392f0e5e569077f9') in 0.001 seconds [static dependencies only]. Details - ImportResultOutputID=aea1e3e62d10ce62c684f6ecf61bda5c DependenciesID=ed4108de0adc26f31709eecf435ee0fe StaticDependenciesID=69510c79922cfcebded8fe79971bb8bd 
Importing 'GUID: 1d021aca4dcf54f49ab573017e19535a - Path: Assets/Materials/PackageBack.mat' with importer (NativeFormatImporter)
Imported 'GUID: 1d021aca4dcf54f49ab573017e19535a' -> (Import Result ID: 'a765bc6d3c919d0a1f079e9176c39786') in 0.001 seconds [static dependencies only]. Details - ImportResultOutputID=70a2dd6c1480228b666b05bb7492ffe8 DependenciesID=90ebe10be2bea5deae273ec34fe6f81d StaticDependenciesID=5593d967552d0afe4b202986f1df638c 
Importing 'GUID: bfec943fd351586498338e7680d7e736 - Path: Assets/Materials/PackageTop.mat' with importer (NativeFormatImporter)
Imported 'GUID: bfec943fd351586498338e7680d7e736' -> (Import Result ID: 'c9a50da5f3ba25d3180075f03fd01a7d') in 0.001 seconds [static dependencies only]. Details - ImportResultOutputID=e7c6b333bfde5a6f1460a396070a0639 DependenciesID=38a7c3f02ed8e64b95f07d53ec483d3b StaticDependenciesID=1cc78a1f39b1416866a2e9b07dc8fe0d 
Refreshing native plugins compatible for Editor in 2.56 ms, found 5 plugins.
Asset Pipeline Refresh (id=f45b7b23ac1c28a44a65e3fa69dbf2d4): Total: 0.088 seconds - Initiated by StopAssetImportingV2(NoUpdateAssetOptions)
Asset Pipeline Refresh (id=a9fb2bcbac8560948b01884bd5a53af5): Total: 0.011 seconds - Initiated by RefreshV2(NoUpdateAssetOptions)
Importing 'GUID: ca9bfb8f01773bb4eab0bfedc06fe1d6 - Path: Assets/Prefabs/Logistics/Items/Package.prefab' with importer (PrefabImporter)
Imported 'GUID: ca9bfb8f01773bb4eab0bfedc06fe1d6' -> (Import Result ID: '141230200c2cd60d3fdae774627ba0bd') in 0.004 seconds [static and dynamic dependencies]. Details - ImportResultOutputID=43f9803fa90114d808598f5f2e290f99 DependenciesID=a4eec2e1a320aaf60e0320f6bd4b5566 StaticDependenciesID=52e11064870ee8f1014628fc9eb00be0 
Refreshing native plugins compatible for Editor in 3.41 ms, found 5 plugins.
Asset Pipeline Refresh (id=3320675b34358c74c90156379a12f3ac): Total: 0.105 seconds - Initiated by StopAssetImportingV2(NoUpdateAssetOptions)
Asset Pipeline Refresh (id=682317f5d86e82947b8985dff1e21fa2): Total: 0.011 seconds - Initiated by RefreshV2(NoUpdateAssetOptions)
Package prefab created: Assets/Prefabs/Logistics/Items/Package.prefab
UnityEngine.Debug:ExtractStackTraceNoAlloc (byte*,int,string)
UnityEngine.StackTraceUtility:ExtractStackTrace ()
UnityEngine.DebugLogHandler:Internal_Log (UnityEngine.LogType,UnityEngine.LogOption,string,UnityEngine.Object)
UnityEngine.DebugLogHandler:LogFormat (UnityEngine.LogType,UnityEngine.Object,string,object[])
UnityEngine.Logger:Log (UnityEngine.LogType,object)
UnityEngine.Debug:Log (object)
PrefabBuildUtility:FinishBuild (string) (at Assets/Editor/PrefabBuildUtility.cs:66)
ItemPrefabCreator:CreateItemPrefabs () (at Assets/Editor/ItemPrefabCreator.cs:39)

(Filename: Assets/Editor/PrefabBuildUtility.cs Line: 66)

Request Asset Garbage Collect because used heap size increased from 0.80 GB to 1.06 GB, exceeding the threshold of 256.0 MB.
Unloading 2 Unused Serialized files (Serialized files now loaded: 1)
Unloading 702 unused Assets / (18.4 MB). Loaded Objects now: 12616.
Memory consumption went from 1.06 GB to 1.04 GB.
Total: 30.129400 ms (FindLiveObjects: 0.723100 ms CreateObjectMapping: 1.806700 ms MarkObjects: 22.105200 ms  DeleteObjects: 5.493200 ms)

Loaded scene 'Library/Unused/912b07b74a780f342b5551f62af2e49d'
	Deserialize:            0.394 ms
	Integration:            0.554 ms
	Integration of assets:  0.001 ms
	Thread Wait Time:       0.057 ms
	Total Operation Time:   1.007 ms
Unloading 2 Unused Serialized files (Serialized files now loaded: 0)
Unloading 1 unused Assets / (65.4 KB). Loaded Objects now: 12636.
Memory consumption went from 1.04 GB to 1.04 GB.
Total: 24.924800 ms (FindLiveObjects: 0.567300 ms CreateObjectMapping: 1.763300 ms MarkObjects: 22.555500 ms  DeleteObjects: 0.037800 ms)

[Worker2] Imported GUID: 0e58d376e98b8d942bf4cceddd0d3e21 - Path: Assets/Prefabs/Logistics/Conveyors/Corners/CornerConveyor_L1.prefab - Importer: PreviewImporter -> (ImportResultId: 'de362d2da6097238e517b5685e4ab2c5') in 0.4318967 seconds
[Worker2] Imported GUID: 883b00e33de4a8c4690c5187ab596400 - Path: Assets/Prefabs/Logistics/Conveyors/Straight/StraightConveyor_L5.prefab - Importer: PreviewImporter -> (ImportResultId: 'bf602b741b7519430ff5e3c1e28fb325') in 0.0360591 seconds
Loaded scene 'Library/Unused/34b0e7b880edf2a4b9336d3a83a98412'
	Deserialize:            0.517 ms
	Integration:            0.839 ms
	Integration of assets:  0.001 ms
	Thread Wait Time:       0.011 ms
	Total Operation Time:   1.367 ms
Unloading 9 Unused Serialized files (Serialized files now loaded: 0)
Unloading 7 unused Assets / (77.0 KB). Loaded Objects now: 12761.
Memory consumption went from 1.06 GB to 1.06 GB.
Total: 23.228300 ms (FindLiveObjects: 0.549100 ms CreateObjectMapping: 1.658700 ms MarkObjects: 20.948500 ms  DeleteObjects: 0.071100 ms)

Unloading 5 Unused Serialized files (Serialized files now loaded: 0)
Unloading 6 unused Assets / (62.3 KB). Loaded Objects now: 12659.
Memory consumption went from 1.05 GB to 1.05 GB.
Total: 24.560200 ms (FindLiveObjects: 0.526300 ms CreateObjectMapping: 1.712000 ms MarkObjects: 22.251300 ms  DeleteObjects: 0.069600 ms)

Reloading assemblies for play mode.
Reloading assemblies after forced synchronous recompile.
Begin MonoManager ReloadAssembly
[INFO ] [relay] log Domain reload signal received from client editor-39260-z1wqub
[INFO ] [relay] log Client disconnected - blocking and caching for recovery
[WARN ] [relay] connection.lost clientId=null
[WARN ] [relay] log Client disconnected - sessions will persist until auto-shutdown, reason: Client disconnected
[INFO ] [relay] log Auto-shutdown timer started due to client disconnection
Symbol file LoadedFromMemory is not a mono symbol file
Symbol file LoadedFromMemory is not a mono symbol file
Refreshing native plugins compatible for Editor in 2.92 ms, found 5 plugins.
Native extension for WindowsStandalone target not found
Native extension for WebGL target not found
Refreshing native plugins compatible for Editor in 2.96 ms, found 5 plugins.
[Licensing::Client] Error: Code 404 while processing request (status: Found 0 entitlement groups and 0 free entitlements matching requested entitlement ids)
ScheduleIndexationOnStartup MainProcess:True IndexOnStartup:True
[MODES] ModeService[none].Initialize
[MODES] ModeService[none].LoadModes
Refreshing native plugins compatible for Editor in 3.58 ms, found 5 plugins.
Mono: successfully reloaded assembly
- Finished resetting the current domain, in  3.198 seconds
Domain Reload Profiling: 4341ms
	BeginReloadAssembly (851ms)
		DisableScriptedObjects (70ms)
		CreateAndSetChildDomain (594ms)
	RebuildCommonClasses (10ms)
	RebuildNativeTypeToScriptingClass (15ms)
	initialDomainReloadingComplete (82ms)
	LoadAllAssembliesAndSetupDomain (185ms)
		LoadAssemblies (127ms)
		AnalyzeDomain (22ms)
			TypeCache.Refresh (9ms)
			ResolveRequiredComponents (9ms)
	FinalizeReload (3198ms)
		SetupLoadedEditorAssemblies (0ms)
			BeforeProcessingInitializeOnLoad (115ms)
			ProcessInitializeOnLoadAttributes (840ms)
			ProcessInitializeOnLoadMethodAttributes (442ms)
			AfterProcessingInitializeOnLoad (5ms)
		AwakeInstancesAfterBackupRestoration (1148ms)

Asset Pipeline Refresh (id=85180f7455719aa4fa1c53acd066a7ee): Total: 4.621 seconds - Initiated by StopAssetImportingV2(ForceSynchronousImport | ForceDomainReload)
	(Values over 0.05ms)
	Summary:
		Imports: total=0 (actual=0, local cache=0, cache server=0)
		Asset DB Process Time: managed=0 ms, native=3390 ms
		Asset DB Callback time: managed=31 ms, native=0 ms
		Scripting: domain reloads=1, domain reload time=1198 ms, compile time=1 ms, other=0 ms
		Project Asset Count: scripts=2149, non-scripts=5371
		Asset File Changes: new=0, changed=0, moved=0, deleted=0
		Scan Filter Count: 0
	InvokePackagesCallback: 1.554ms
	ApplyChangesToAssetFolders: 0.327ms
	Collect global state as custom dependencies: 2.744ms
	ProcessAssetsWithTransientArtifactChanges: 0.149ms
	CategorizeAssets: 73.548ms
	CompileScripts: 1.086ms
	ImportOutOfDateAssets: 3269.725ms (3218.637ms without children)
		CollectScriptTypesHashes: 0.663ms
		ReloadNativeAssets: 1.035ms
		UnloadImportedAssets: 0.277ms
		EnsureUptoDateAssetsAreRegisteredWithGuidPM: 1.015ms
		ImportSchedulerStart: 48.692ms
	PostProcessAllAssets: 31.282ms
		MonoPostProcessAllAssets: 31.278ms
			UniversalRenderPipelineGlobalSettingsPostprocessor.OnPostprocessAllAssets 10.370ms
			SyncVS.PostprocessSyncProject 2.432ms
			WindowAssetPostprocessingWatcher.OnPostprocessAllAssets 2.028ms
			GraphRefreshPostprocessor.OnPostprocessAllAssets 1.833ms
			SpeedTree9Postprocessor.OnPostprocessAllAssets 1.785ms
			AssetChangeDetector.OnPostprocessAllAssets 1.531ms
			UVCSAssetPostprocessor.OnPostprocessAllAssets 0.709ms
			RenderPipelineGlobalSettingsPostprocessor.OnPostprocessAllAssets 0.705ms
			ShaderReflectionAssetPostProcessor.OnPostprocessAllAssets 0.326ms
			InputActionAssetPostprocessor.OnPostprocessAllAssets 0.272ms
			EditModeScopePostprocessor.OnPostprocessAllAssets 0.258ms
			ReferencedClipsPostProcessor.OnPostprocessAllAssets 0.247ms
			ProjectSettingsPostprocessor.OnPostprocessAllAssets 0.216ms
			AssetDatabaseCallbacks.OnPostprocessAllAssets 0.149ms
			TerrainToolbarOverlayPostProcessor.OnPostprocessAllAssets 0.139ms
			ModelAssetProcessor.OnPostprocessAllAssets 0.120ms
			SpriteEditorTexturePostprocessor.OnPostprocessAllAssets 0.108ms
			AssetChangedListener.OnPostprocessAllAssets 0.052ms
	GatherAllCurrentPrimaryImportResultRevisions: 0.244ms
	UnloadStreamsBegin: 1.682ms
	PersistCurrentRevisions: 0.223ms
	GenerateScriptTypeHashes: 2.814ms
	GenerateScriptTypeSerializationHashes: 4.580ms
	Untracked: 1232.806ms

Loaded scene 'Temp/__Backupscenes/0.backup'
	Deserialize:            0.996 ms
	Integration:            852.817 ms
	Integration of assets:  0.001 ms
	Thread Wait Time:       0.011 ms
	Total Operation Time:   853.825 ms
[Licensing::Client] Error: Code 404 while processing request (status: Found 0 entitlement groups and 0 free entitlements matching requested entitlement ids)
[Licensing::Client] Successfully resolved entitlement details
[Licensing::Client] Successfully resolved entitlement details
[INFO ] [relay] log Unity client connected with ID: editor-39260-m8w47a (relay 1.0.12-build.97)
[INFO ] [relay] connection.established clientId=editor-39260-m8w47a port=9001
[Licensing::Client] Successfully resolved entitlement details
[Licensing::Client] Successfully resolved entitlement details
[Licensing::Client] Successfully resolved entitlement details
Unloading 21 Unused Serialized files (Serialized files now loaded: 0)
Loaded scene 'Temp/__Backupscenes/0.backup'
	Deserialize:            0.787 ms
	Integration:            247.598 ms
	Integration of assets:  0.002 ms
	Thread Wait Time:       0.006 ms
	Total Operation Time:   248.393 ms
Unloading 71 unused Assets / (359.4 KB). Loaded Objects now: 12808.
Memory consumption went from 0.86 GB to 0.85 GB.
Total: 33.426000 ms (FindLiveObjects: 0.568300 ms CreateObjectMapping: 1.950200 ms MarkObjects: 30.636200 ms  DeleteObjects: 0.270400 ms)

[Licensing::Client] Successfully resolved entitlement details
[Worker2] Imported GUID: 77be932cbbf5922409e603dc20de7d85 - Path: Assets/Scripts/Utlity/VisualsUtility.cs - Importer: PreviewImporter -> (ImportResultId: 'e6aedd1a2955480979190a543c47d8ce') in 0.0148658 seconds
C:\build\output\Unity-Technologies\mono\mono\eglib\gpath.c:115: assertion 'filename != NULL' failed

Asset Pipeline Refresh (id=5fe67826e3b99864baf93973c0b36352): Total: 0.013 seconds - Initiated by RefreshV2(NoUpdateAssetOptions)
[Licensing::Client] Successfully resolved entitlement details
[Licensing::Client] Successfully resolved entitlement details
Token refresh failed or was not needed.
UnityEngine.Debug:ExtractStackTraceNoAlloc (byte*,int,string)
UnityEngine.StackTraceUtility:ExtractStackTrace ()
UnityEngine.DebugLogHandler:Internal_Log (UnityEngine.LogType,UnityEngine.LogOption,string,UnityEngine.Object)
UnityEngine.DebugLogHandler:LogFormat (UnityEngine.LogType,UnityEngine.Object,string,object[])
UnityEngine.Logger:Log (UnityEngine.LogType,object)
UnityEngine.Debug:LogError (object)
Unity.AI.Toolkit.Accounts.Services.Core.Auth/<ForceRefreshTokenInternal>d__8:MoveNext () (at ./Library/PackageCache/com.unity.ai.assistant@c0127625258e/Modules/Unity.AI.Toolkit.Accounts/Services/Core/Auth.cs:66)
System.Runtime.CompilerServices.AsyncMethodBuilderCore/MoveNextRunner:InvokeMoveNext (object)
System.Threading.ExecutionContext:RunInternal (System.Threading.ExecutionContext,System.Threading.ContextCallback,object,bool)
System.Threading.ExecutionContext:Run (System.Threading.ExecutionContext,System.Threading.ContextCallback,object,bool)
System.Runtime.CompilerServices.AsyncMethodBuilderCore/MoveNextRunner:Run ()
System.Threading.Tasks.AwaitTaskContinuation:InvokeAction (object)
System.Threading.Tasks.AwaitTaskContinuation:RunCallback (System.Threading.ContextCallback,object,System.Threading.Tasks.Task&)
System.Threading.Tasks.SynchronizationContextAwaitTaskContinuation:Run (System.Threading.Tasks.Task,bool)
System.Threading.Tasks.Task:FinishContinuations ()
System.Threading.Tasks.Task:FinishStageThree ()
System.Threading.Tasks.Task`1<System.Threading.Tasks.Task>:TrySetResult (System.Threading.Tasks.Task)
System.Threading.Tasks.TaskFactory/CompleteOnInvokePromise:Invoke (System.Threading.Tasks.Task)
System.Threading.Tasks.Task:FinishContinuations ()
System.Threading.Tasks.Task:FinishStageThree ()
System.Threading.Tasks.Task`1<bool>:TrySetResult (bool)
System.Threading.Tasks.TaskCompletionSource`1<bool>:TrySetResult (bool)
Unity.AI.Toolkit.Accounts.Services.Core.Auth/<>c__DisplayClass8_0:<ForceRefreshTokenInternal>b__0 (bool) (at ./Library/PackageCache/com.unity.ai.assistant@c0127625258e/Modules/Unity.AI.Toolkit.Accounts/Services/Core/Auth.cs:45)
UnityEditor.Connect.UnityConnect:AccessTokenRefreshed (bool)

(Filename: ./Library/PackageCache/com.unity.ai.assistant@c0127625258e/Modules/Unity.AI.Toolkit.Accounts/Services/Core/Auth.cs Line: 66)

[Licensing::Client] Successfully resolved entitlement details
[Licensing::Client] Successfully resolved entitlement details
[Licensing::Client] Successfully resolved entitlement details
[Licensing::Client] Successfully updated the access token
[Licensing::Module] Successfully updated access token: "MDtpqv6c"... (expires: 2026-08-28T09:26:09Z)
[Licensing::Client] Successfully resolved entitlement details
[Licensing::Client] Successfully resolved entitlement details
Asset Pipeline Refresh (id=266e916730dcabe4d9531ae97b615bd2): Total: 0.005 seconds - Initiated by RefreshV2(AllowForceSynchronousImport)
Token refresh timed out after 30 seconds.
UnityEngine.Debug:ExtractStackTraceNoAlloc (byte*,int,string)
UnityEngine.StackTraceUtility:ExtractStackTrace ()
UnityEngine.DebugLogHandler:Internal_Log (UnityEngine.LogType,UnityEngine.LogOption,string,UnityEngine.Object)
UnityEngine.DebugLogHandler:LogFormat (UnityEngine.LogType,UnityEngine.Object,string,object[])
UnityEngine.Logger:Log (UnityEngine.LogType,object)
UnityEngine.Debug:LogWarning (object)
Unity.AI.Toolkit.Accounts.Services.Core.Auth/<ForceRefreshTokenInternal>d__8:MoveNext () (at ./Library/PackageCache/com.unity.ai.assistant@c0127625258e/Modules/Unity.AI.Toolkit.Accounts/Services/Core/Auth.cs:72)
System.Runtime.CompilerServices.AsyncMethodBuilderCore/MoveNextRunner:InvokeMoveNext (object)
System.Threading.ExecutionContext:RunInternal (System.Threading.ExecutionContext,System.Threading.ContextCallback,object,bool)
System.Threading.ExecutionContext:Run (System.Threading.ExecutionContext,System.Threading.ContextCallback,object,bool)
System.Runtime.CompilerServices.AsyncMethodBuilderCore/MoveNextRunner:Run ()
System.Threading.Tasks.AwaitTaskContinuation:InvokeAction (object)
System.Threading.Tasks.AwaitTaskContinuation:RunCallback (System.Threading.ContextCallback,object,System.Threading.Tasks.Task&)
System.Threading.Tasks.SynchronizationContextAwaitTaskContinuation:Run (System.Threading.Tasks.Task,bool)
System.Threading.Tasks.Task:FinishContinuations ()
System.Threading.Tasks.Task:FinishStageThree ()
System.Threading.Tasks.Task`1<System.Threading.Tasks.Task>:TrySetResult (System.Threading.Tasks.Task)
System.Threading.Tasks.TaskFactory/CompleteOnInvokePromise:Invoke (System.Threading.Tasks.Task)
System.Threading.Tasks.Task:FinishContinuations ()
System.Threading.Tasks.Task:FinishStageThree ()
System.Threading.Tasks.Task`1<System.Threading.Tasks.VoidTaskResult>:TrySetResult (System.Threading.Tasks.VoidTaskResult)
System.Runtime.CompilerServices.AsyncTaskMethodBuilder`1<System.Threading.Tasks.VoidTaskResult>:SetResult (System.Threading.Tasks.VoidTaskResult)
System.Runtime.CompilerServices.AsyncTaskMethodBuilder`1<System.Threading.Tasks.VoidTaskResult>:SetResult (System.Threading.Tasks.Task`1<System.Threading.Tasks.VoidTaskResult>)
System.Runtime.CompilerServices.AsyncTaskMethodBuilder:SetResult ()
Unity.AI.Toolkit.EditorTask/<ConfigureAwaitMainThread>d__1:MoveNext () (at ./Library/PackageCache/com.unity.ai.assistant@c0127625258e/Modules/Unity.AI.Toolkit.Async/EditorTask.cs:41)
System.Runtime.CompilerServices.AsyncMethodBuilderCore/MoveNextRunner:InvokeMoveNext (object)
System.Threading.ExecutionContext:RunInternal (System.Threading.ExecutionContext,System.Threading.ContextCallback,object,bool)
System.Threading.ExecutionContext:Run (System.Threading.ExecutionContext,System.Threading.ContextCallback,object,bool)
System.Runtime.CompilerServices.AsyncMethodBuilderCore/MoveNextRunner:Run ()
Unity.AI.Toolkit.EditorAwaitable/<>c__DisplayClass3_0:<OnCompleted>b__0 () (at ./Library/PackageCache/com.unity.ai.assistant@c0127625258e/Modules/Unity.AI.Toolkit.Async/EditorAwaitable.cs:40)
UnityEditor.EditorApplication:Internal_CallUpdateFunctions ()

(Filename: ./Library/PackageCache/com.unity.ai.assistant@c0127625258e/Modules/Unity.AI.Toolkit.Accounts/Services/Core/Auth.cs Line: 72)

Token refresh timed out after 30 seconds.
UnityEngine.Debug:ExtractStackTraceNoAlloc (byte*,int,string)
UnityEngine.StackTraceUtility:ExtractStackTrace ()
UnityEngine.DebugLogHandler:Internal_Log (UnityEngine.LogType,UnityEngine.LogOption,string,UnityEngine.Object)
UnityEngine.DebugLogHandler:LogFormat (UnityEngine.LogType,UnityEngine.Object,string,object[])
UnityEngine.Logger:Log (UnityEngine.LogType,object)
UnityEngine.Debug:LogWarning (object)
Unity.AI.Toolkit.Accounts.Services.Core.Auth/<ForceRefreshTokenInternal>d__8:MoveNext () (at ./Library/PackageCache/com.unity.ai.assistant@c0127625258e/Modules/Unity.AI.Toolkit.Accounts/Services/Core/Auth.cs:72)
System.Runtime.CompilerServices.AsyncMethodBuilderCore/MoveNextRunner:InvokeMoveNext (object)
System.Threading.ExecutionContext:RunInternal (System.Threading.ExecutionContext,System.Threading.ContextCallback,object,bool)
System.Threading.ExecutionContext:Run (System.Threading.ExecutionContext,System.Threading.ContextCallback,object,bool)
System.Runtime.CompilerServices.AsyncMethodBuilderCore/MoveNextRunner:Run ()
System.Threading.Tasks.AwaitTaskContinuation:InvokeAction (object)
System.Threading.Tasks.AwaitTaskContinuation:RunCallback (System.Threading.ContextCallback,object,System.Threading.Tasks.Task&)
System.Threading.Tasks.SynchronizationContextAwaitTaskContinuation:Run (System.Threading.Tasks.Task,bool)
System.Threading.Tasks.Task:FinishContinuations ()
System.Threading.Tasks.Task:FinishStageThree ()
System.Threading.Tasks.Task`1<System.Threading.Tasks.Task>:TrySetResult (System.Threading.Tasks.Task)
System.Threading.Tasks.TaskFactory/CompleteOnInvokePromise:Invoke (System.Threading.Tasks.Task)
System.Threading.Tasks.Task:FinishContinuations ()
System.Threading.Tasks.Task:FinishStageThree ()
System.Threading.Tasks.Task`1<System.Threading.Tasks.VoidTaskResult>:TrySetResult (System.Threading.Tasks.VoidTaskResult)
System.Runtime.CompilerServices.AsyncTaskMethodBuilder`1<System.Threading.Tasks.VoidTaskResult>:SetResult (System.Threading.Tasks.VoidTaskResult)
System.Runtime.CompilerServices.AsyncTaskMethodBuilder`1<System.Threading.Tasks.VoidTaskResult>:SetResult (System.Threading.Tasks.Task`1<System.Threading.Tasks.VoidTaskResult>)
System.Runtime.CompilerServices.AsyncTaskMethodBuilder:SetResult ()
Unity.AI.Toolkit.EditorTask/<ConfigureAwaitMainThread>d__1:MoveNext () (at ./Library/PackageCache/com.unity.ai.assistant@c0127625258e/Modules/Unity.AI.Toolkit.Async/EditorTask.cs:41)
System.Runtime.CompilerServices.AsyncMethodBuilderCore/MoveNextRunner:InvokeMoveNext (object)
System.Threading.ExecutionContext:RunInternal (System.Threading.ExecutionContext,System.Threading.ContextCallback,object,bool)
System.Threading.ExecutionContext:Run (System.Threading.ExecutionContext,System.Threading.ContextCallback,object,bool)
System.Runtime.CompilerServices.AsyncMethodBuilderCore/MoveNextRunner:Run ()
Unity.AI.Toolkit.EditorAwaitable/<>c__DisplayClass3_0:<OnCompleted>b__0 () (at ./Library/PackageCache/com.unity.ai.assistant@c0127625258e/Modules/Unity.AI.Toolkit.Async/EditorAwaitable.cs:40)
UnityEditor.EditorApplication:Internal_CallUpdateFunctions ()

(Filename: ./Library/PackageCache/com.unity.ai.assistant@c0127625258e/Modules/Unity.AI.Toolkit.Accounts/Services/Core/Auth.cs Line: 72)

Importing 'GUID: 0000000000000000b000000000000000 - Path: ProjectSettings/EditorBuildSettings.asset' with importer (LibraryAssetImporter)
Imported 'GUID: 0000000000000000b000000000000000' -> (Import Result ID: '7d3157b8516595d3fe3e1c15529eb700') in 0.004 seconds [static dependencies only]. Details - ImportResultOutputID=4647dd083cfc32cebcd7526e8846440c DependenciesID=92d1ef275d12fc8d4a22532f7e1c8a37 StaticDependenciesID=b947d7fca5e487827e3fc098c8741c44 
[Licensing::Client] Successfully resolved entitlement details
Refreshing native plugins compatible for Editor in 3.16 ms, found 5 plugins.

Asset Pipeline Refresh (id=16c63fc439819f24184d831233d3a926): Total: 0.335 seconds - Initiated by StopAssetImportingV2(NoUpdateAssetOptions)
	(Values over 0.05ms)
	Summary:
		Imports: total=1 (actual=1, local cache=0, cache server=0)
		Asset DB Process Time: managed=1 ms, native=94 ms
		Asset DB Callback time: managed=228 ms, native=10 ms
		Scripting: domain reloads=0, domain reload time=0 ms, compile time=0 ms, other=0 ms
		Project Asset Count: scripts=2149, non-scripts=5371
		Asset File Changes: new=0, changed=0, moved=0, deleted=0
		Scan Filter Count: 1
	ApplyChangesToAssetFolders: 0.108ms
	Scan: 7.895ms
	Collect global state as custom dependencies: 0.223ms
	ProcessAssetsWithTransientArtifactChanges: 0.108ms
	CategorizeAssets: 2.502ms
	ImportOutOfDateAssets: 80.483ms (16.042ms without children)
		ImportManagerImport: 4.930ms (0.650ms without children)
		ReloadNativeAssets: 0.115ms
		UnloadImportedAssets: 0.164ms
		EnsureUptoDateAssetsAreRegisteredWithGuidPM: 0.761ms
		ImportSchedulerStart: 58.466ms
	PostProcessAllAssets: 235.698ms
		XRBuildSystem.XRAssetImported 6.150ms
		MonoPostProcessAllAssets: 228.991ms
			AssetReferenceReimportMonitor.OnPostprocessAllAssets 27.823ms
			AssetChangedListener.OnPostprocessAllAssets 4.263ms
			AssetPostprocessor.OnPostprocessAllAssets 3.895ms
			UVCSAssetPostprocessor.OnPostprocessAllAssets 3.329ms
			SpriteSlicePostprocessor.OnPostprocessAllAssets 2.530ms
			SyncVS.PostprocessSyncProject 1.957ms
			ShaderGraphAssetPostProcessor.OnPostprocessAllAssets 1.871ms
			BuilderAssetPostprocessor.OnPostprocessAllAssets 1.124ms
			RetainedModeAssetPostprocessor.OnPostprocessAllAssets 1.120ms
			SpriteEditorTexturePostprocessor.OnPostprocessAllAssets 0.773ms
			ArtifactBrowserPostProcessor.OnPostprocessAllAssets 0.472ms
			MaterialPostprocessor.OnPostprocessAllAssets 0.428ms
			ModelAssetProcessor.OnPostprocessAllAssets 0.427ms
			SkillsProjectAssetPostprocessor.OnPostprocessAllAssets 0.399ms
			PostProcessor.OnPostprocessAllAssets 0.336ms
			SampleDependencyImporterPostProcessor.OnPostprocessAllAssets 0.327ms
			TMPro_TexturePostProcessor.OnPostprocessAllAssets 0.313ms
			AudioMixerPostprocessor.OnPostprocessAllAssets 0.300ms
			StyleCatalogPostProcessor.OnPostprocessAllAssets 0.292ms
			ConfigAssetsTracker.OnPostprocessAllAssets 0.289ms
			TextAssetPostProcessor.OnPostprocessAllAssets 0.281ms
			InputActionJsonNameModifierAssetProcessor.OnPostprocessAllAssets 0.261ms
			AssetEvents.OnPostprocessAllAssets 0.230ms
			SamplePostprocessor.OnPostprocessAllAssets 0.206ms
			ScenarioDriftAssetsTracker.OnPostprocessAllAssets 0.134ms
			SpeedTreePostProcessor.OnPostprocessAllAssets 0.133ms
			AssetReloadNotifier.OnPostprocessAllAssets 0.131ms
			RenderPipelineGlobalSettingsPostprocessor.OnPostprocessAllAssets 0.123ms
			GraphRefreshPostprocessor.OnPostprocessAllAssets 0.109ms
			TrackSelectedAssetsProcessor.OnPostprocessAllAssets 0.079ms
			AudioContainerPostProcessor.OnPostprocessAllAssets 0.064ms
	PostAssetChangesProfiler: 3.754ms
	GatherAllCurrentPrimaryImportResultRevisions: 0.386ms
	PersistCurrentRevisions: 0.286ms
	Untracked: 3.991ms

[Licensing::Client] Error: Code 404 while processing request (status: Found 0 entitlement groups and 0 free entitlements matching requested entitlement ids)
[Licensing::Client] Error: Code 404 while processing request (status: Found 0 entitlement groups and 0 free entitlements matching requested entitlement ids)
[Licensing::Client] Error: Code 404 while processing request (status: Found 0 entitlement groups and 0 free entitlements matching requested entitlement ids)
[Licensing::Client] Error: Code 404 while processing request (status: Found 0 entitlement groups and 0 free entitlements matching requested entitlement ids)
[Licensing::Client] Error: Code 404 while processing request (status: Found 0 entitlement groups and 0 free entitlements matching requested entitlement ids)
[Licensing::Client] Error: Code 404 while processing request (status: Found 0 entitlement groups and 0 free entitlements matching requested entitlement ids)
[Licensing::Client] Error: Code 404 while processing request (status: Found 0 entitlement groups and 0 free entitlements matching requested entitlement ids)
[Licensing::Client] Error: Code 404 while processing request (status: Found 0 entitlement groups and 0 free entitlements matching requested entitlement ids)
[Licensing::Client] Error: Code 404 while processing request (status: Found 0 entitlement groups and 0 free entitlements matching requested entitlement ids)
[Licensing::Client] Error: Code 404 while processing request (status: Found 0 entitlement groups and 0 free entitlements matching requested entitlement ids)
[Licensing::Client] Error: Code 404 while processing request (status: Found 0 entitlement groups and 0 free entitlements matching requested entitlement ids)
[Licensing::Client] Error: Code 404 while processing request (status: Found 0 entitlement groups and 0 free entitlements matching requested entitlement ids)
[Licensing::Client] Error: Code 404 while processing request (status: Found 0 entitlement groups and 0 free entitlements matching requested entitlement ids)
[Licensing::Client] Error: Code 404 while processing request (status: Found 0 entitlement groups and 0 free entitlements matching requested entitlement ids)
[Licensing::Client] Error: Code 404 while processing request (status: Found 0 entitlement groups and 0 free entitlements matching requested entitlement ids)
[Licensing::Client] Error: Code 404 while processing request (status: Found 0 entitlement groups and 0 free entitlements matching requested entitlement ids)
[Licensing::Client] Error: Code 404 while processing request (status: Found 0 entitlement groups and 0 free entitlements matching requested entitlement ids)
[Licensing::Client] Error: Code 404 while processing request (status: Found 0 entitlement groups and 0 free entitlements matching requested entitlement ids)
[Licensing::Client] Error: Code 404 while processing request (status: Found 0 entitlement groups and 0 free entitlements matching requested entitlement ids)
MonoPathRemapper: Attempts to remap: 440766; Successful remaps: 37366
Serialized file version minimum: 23, current 23
[LAYOUT] About to save layout C:\Users\Len\Lenomation_V3\UserSettings\Layouts\default-6000.dwlt
[LAYOUT] About to save layout C:/Users/Len/AppData/Roaming/Unity/Editor-5.x/Preferences\Layouts\current\default-6000.dwlt
[INFO ] [relay] log Shutdown request received from client editor-39260-m8w47a
[INFO ] [relay] log Unity client requested immediate shutdown - shutting down now, reason: Shutdown requested by client
[INFO ] [relay] log Shutdown: Initiating graceful shutdown: Shutdown requested by client
SUCCESS: The process with PID 12604 (child process of PID 37292) has been terminated.
SUCCESS: The process with PID 37292 (child process of PID 39260) has been terminated.
Input System module state changed to: ShutdownInProgress.
Input Polling Thread exited.
Input System module state changed to: Shutdown.
[Physics::Module] Cleanup current backend.
[Physics::Module] Id: 0xf2b8ea05
[Licensing::IpcConnector] LicenseClient-Len-6000.5.8-notifications channel disconnected successfully.
[Licensing::IpcConnector] LicenseClient-Len-6000.5.8 channel disconnected successfully.
Lingering sessions upon destruction of worker manager
AcceleratorClientConnectionCallback - disconnected - :0
Cleanup mono
CodeReloadManager destroyed
abort_threads: Failed aborting id: 0000000000000764, mono_thread_manage will ignore it

abort_threads: Failed aborting id: 0000000000000764, mono_thread_manage will ignore it

debugger-agent: Unable to listen on 4968
Checking for leaked weakptr:
  Found no leaked weakptrs.
[Package Manager] Server process was shutdown
##utp:{"type":"MemoryLeaks","version":2,"phase":"Immediate","time":1787902065659,"processId":39260,"allocatedMemory":58935932,"memoryLabels":[{"Default":252352},{"Permanent":15516},{"NewDelete":71789},{"Thread":4208248},{"Manager":824872},{"VertexData":8},{"Geometry":816},{"Texture":24},{"Shader":867819},{"Material":24},{"GfxDevice":64088},{"GfxThread":9216},{"Animation":952},{"Audio":1544},{"FreeType":8},{"FontEngine":736},{"Physics":2146},{"Physics2D":16},{"Serialization":171248},{"Input":45280},{"JobScheduler":256},{"TextLib":23254},{"Mono":48},{"MonoCode":768},{"ScriptingNativeRuntime":2198644},{"BaseObject":1622024},{"Resource":1208},{"Renderer":3080},{"Transform":4685},{"File":6974},{"WebCam":616},{"Culling":32},{"Terrain":11442},{"Wind":24},{"STL":40},{"String":9783},{"StaticString":3808},{"Utility":2673970},{"Curl":48},{"PoolAlloc":2936},{"AI":80},{"TypeTree":1334855},{"CodeReload":448},{"RuntimeInitializeOnLoadManager":64},{"Sprites":102},{"SpriteAtlas":120},{"GI":7816},{"Director":8296},{"CloudService":6920},{"WebRequest":10004},{"VR":47114},{"SceneManager":608},{"Video":208},{"LazyScriptCache":32},{"NativeArray":33054304},{"Camera":17},{"Secure":26137},{"SerializationCache":1576},{"APIUpdating":10320},{"Subsystems":336},{"VirtualTexturing":57888},{"StaticSafetyDebugInfo":278528},{"Analytics":728},{"Hierarchy":1176},{"UIElements":1064896},{"CoreStats":13688},{"Identifiers":6768},{"Gui":268110},{"EditorUtility":251387},{"VersionControl":8},{"Undo":931},{"AssetDatabase":9020510},{"AssetImporter":40},{"EditorGi":328},{"UnityConnect":35337},{"Upm":1988},{"UpmDiagnostics":8},{"AssetCompliance":64},{"DrivenProperties":72},{"LocalIPC":218},{"ProfilerEditor":9746},{"CoreBusinessMetrics":3476},{"Windowing":456},{"TLS":308578},{"Licensing":1344},{"AssetReference":32},{"IPCStream":32}]}
