[Licensing::Module] Trying to connect to existing licensing client channel...
Built from '6000.5/staging' branch; Version is '6000.5.8f1 (5cb7df797b7d) revision 6076383'; Using compiler version '194234433'; Build Type 'Release'
[Licensing::IpcConnector] Successfully connected to: "LicenseClient-Len" at "2026-08-27T10:26:43.0523207Z"
OS: 'Windows 11  (10.0.26200) Core' Language: 'en' Physical Memory: 32632 MB
BatchMode: 0, IsHumanControllingUs: 1, StartBugReporterOnCrash: 1, Is64bit: 1
System  architecture: x64
Process architecture: x64
Date: 2026-08-27T10:26:43Z

COMMAND LINE ARGUMENTS:
C:\Program Files\Unity\Hub\Editor\6000.5.8f1\Editor\Unity.exe
-projectpath
C:\Users\Len\Lenomation_V3
-acceptSoftwareTermsForThisRunOnly
-useHub
-hubIPC
-cloudEnvironment
production
-licensingIpc
LicenseClient-Len
-hubSessionId
f2636ba1-e0cd-44cd-a71a-03fb45f0e395
-accessToken
SLGfx5zrIgOhQ1V6OnVphTzYWfgs8zjW39k6oce3-C4005f
Successfully changed project path to: C:\Users\Len\Lenomation_V3
C:/Users/Len/Lenomation_V3
[UnityMemory] Configuration Parameters - Can be set up in boot.config
    "memorysetup-temp-allocator-size-gi-baking-worker=262144"
    "memorysetup-temp-allocator-size-gi-baking-worker=262144"
    "memorysetup-temp-allocator-size-gi-baking-worker=262144"
    "memorysetup-temp-allocator-size-gi-baking-worker=262144"
    "memorysetup-temp-allocator-size-gi-baking-worker=262144"
    "memorysetup-temp-allocator-size-nav-mesh-worker=65536"
    "memorysetup-temp-allocator-size-audio-worker=65536"
    "memorysetup-temp-allocator-size-cloud-worker=32768"
    "memorysetup-temp-allocator-size-gfx=262144"
    "memorysetup-temp-allocator-size-preload-manager=33554432"
    "memorysetup-allocator-temp-initial-block-size-main=262144"
    "memorysetup-allocator-temp-initial-block-size-worker=262144"
    "memorysetup-temp-allocator-size-job-worker=262144"
    "memorysetup-temp-allocator-size-background-worker=32768"
    "memorysetup-bucket-allocator-granularity=16"
    "memorysetup-bucket-allocator-bucket-count=8"
    "memorysetup-bucket-allocator-block-size=33554432"
    "memorysetup-bucket-allocator-block-count=8"
    "memorysetup-main-allocator-block-size=16777216"
    "memorysetup-thread-allocator-block-size=16777216"
    "memorysetup-main-allocator-mimalloc-enabled=0"
    "memorysetup-gfx-main-allocator-block-size=16777216"
    "memorysetup-gfx-thread-allocator-block-size=16777216"
    "memorysetup-cache-allocator-block-size=4194304"
    "memorysetup-typetree-allocator-block-size=2097152"
    "memorysetup-profiler-bucket-allocator-granularity=16"
    "memorysetup-profiler-bucket-allocator-bucket-count=8"
    "memorysetup-profiler-bucket-allocator-block-size=33554432"
    "memorysetup-profiler-bucket-allocator-block-count=8"
    "memorysetup-profiler-allocator-block-size=16777216"
    "memorysetup-profiler-editor-allocator-block-size=1048576"
    "memorysetup-temp-allocator-size-main=16777216"
    "memorysetup-job-temp-allocator-block-size=2097152"
    "memorysetup-job-temp-allocator-block-size-background=1048576"
    "memorysetup-job-temp-allocator-reduction-small-platforms=262144"
Player connection [7164]  Target information:

Player connection [7164]  * "[IP] 192.168.1.149 [Port] 55504 [Flags] 2 [Guid] 287126332 [EditorId] 287126332 [Version] 1048832 [Id] WindowsEditor(7,LenPC) [Debug] 1 [PackageName] WindowsEditor [ProjectName] Editor" 

Player connection [7164] Host joined multi-casting on [225.0.0.222:54997]...
Player connection [7164] Host joined alternative multi-casting on [225.0.0.222:34997]...
Input System module state changed to: Initialized.
[Physics::Module] Initialized fallback backend.
[Physics::Module] Id: 0xdecafbad
[Package Manager] Connected to IPC stream "Upm-31616" after 0.2 seconds.
[Licensing::Module] Licensing is not yet initialized.
[Licensing::Client] Error: HandshakeResponse reported an error:
	ResponseCode: 505
	ResponseStatus: Unsupported protocol version '1.18.1'.
[Licensing::Module] Error: Failed to handshake to channel: "LicenseClient-Len"
[Licensing::IpcConnector] LicenseClient-Len channel disconnected successfully.
[Licensing::IpcConnector] Channel LicenseClient-Len-6000.5.8 doesn't exist
[Licensing::Module] Successfully launched the LicensingClient (PId: 11024)
Starting IPC server.
Waiting for clients to connect on \\.\pipe\Unity-LicenseClient-Len-6000.5.8, press Ctrl-C to exit.
[Licensing::IpcConnector] Successfully connected to: "LicenseClient-Len-6000.5.8" at "2026-08-27T10:26:44.1761689Z"
[Licensing::Client] Code 10 while verifying Licensing Client signature (process Id: 11024, path: "C:/Program Files/Unity/Hub/Editor/6000.5.8f1/Editor/Data/Resources/Licensing/Client/Unity.Licensing.Client.exe")
[Licensing::Module] LicensingClient has failed validation; ignoring
[Licensing::Client] Handshaking with LicensingClient:
  Version:                 1.18.1+9fbee8e
  Session Id:              64fee2366a49457890f392a7a514cbba
  Correlation Id:          100fca08206acfc90942c822a0d4ee69
  External correlation Id: 4308659817548557732
  Machine Id:              YsBmvqtNExQjYkfo7ZFy7ZTOaSw=
[Licensing::Module] Successfully connected to LicensingClient on channel: "LicenseClient-Len-6000.5.8" (connect: 0.25s, validation: 0.18s, handshake: 0.01s)
[Licensing::IpcConnector] Successfully connected to: "LicenseClient-Len-6000.5.8-notifications" at "2026-08-27T10:26:44.3645631Z"
[Licensing::Module] Connected to LicensingClient (PId: 11024, launch time: 0.00, total connection time: 0.43s)
[Licensing::Client] Successfully updated the access token
[Licensing::Module] Successfully updated the access token SLGfx5zrIg...
[Licensing::Client] Successfully resolved entitlement details
[Licensing::Module] License group:
  Id: 6500056-UnityPersXXXX
  Product: Unity Personal
  Type: Assigned
  Expiration: Unlimited
[Licensing::Client] Successfully updated license, isAsync: True, time: 0.01
[Licensing::Client] Successfully resolved entitlement details
[Licensing::Module] Licensing Background thread has ended after 1.37s
[Licensing::Module] Licensing is initialized (took 0.99s).
[Licensing::Client] Successfully resolved entitlement details
Library Redirect Path: Library/
[Physics::Module] Selected backend.
[Physics::Module] Name: PhysX
[Physics::Module] Id: 0xf2b8ea05
[Physics::Module] SDK Version: 4.1.2
[Physics::Module] Integration Version: 1.0.0
[Physics::Module] Threading Mode: Multi-Threaded
Artifact Garbage Collection - Removed 2 unused hashed content files
Initialize engine version: 6000.5.8f1 (5cb7df797b7d)
[Subsystems] Discovering subsystems at path C:/Program Files/Unity/Hub/Editor/6000.5.8f1/Editor/Data/Resources/UnitySubsystems
[Subsystems] Discovering subsystems at path C:/Users/Len/Lenomation_V3/Assets
[D3D12 Device Filter] Vendor Name: NVIDIA
[D3D12 Device Filter] Device Name: NVIDIA GeForce RTX 3080 Ti
[D3D12 Device Filter] Driver Version: 32.0.16.1656
[D3D12 Device Filter] Feature Level: 12.2
[D3D12 Device Filter] Graphics Memory: 12086 MB
[D3D12 Device Filter] Processor Count: 16
[D3D12 Device Filter] Device Type: Discrete
GfxDevice: creating device client; kGfxThreadingModeSplitJobs
d3d12: failed to query info queue interface (0x80004002).
Direct3D:
    Version:         Direct3D 12 [level 12.2]
    Renderer:        NVIDIA GeForce RTX 3080 Ti (ID=0x2208)
    Vendor:          NVIDIA
    VRAM:            12086 MB
    App VRAM Budget: 11318 MB
    Driver:          32.0.16.1656
Initialize mono
Mono path[0] = 'C:/Program Files/Unity/Hub/Editor/6000.5.8f1/Editor/Data/Managed'
Mono path[1] = 'C:/Program Files/Unity/Hub/Editor/6000.5.8f1/Editor/Data/BCLExtensions/runtime/netstandard2.1'
Mono path[2] = 'C:/Program Files/Unity/Hub/Editor/6000.5.8f1/Editor/Data/MonoBleedingEdge/lib/mono/unityjit-win32'
Mono config path = 'C:/Program Files/Unity/Hub/Editor/6000.5.8f1/Editor/Data/MonoBleedingEdge/etc'
Using monoOptions --debugger-agent=transport=dt_socket,embedding=1,server=y,suspend=n,address=127.0.0.1:56616
CodeReloadManager initialized
ImportWorker Server TCP listen port: 0
AcceleratorClientConnectionCallback - disconnected - :0
Begin MonoManager ReloadAssembly
Registering precompiled unity dll's ...
Register platform support module: C:/Program Files/Unity/Hub/Editor/6000.5.8f1/Editor/Data/PlaybackEngines/WebGLSupport/UnityEditor.WebGL.Extensions.dll
Register platform support module: C:/Program Files/Unity/Hub/Editor/6000.5.8f1/Editor/Data/PlaybackEngines/WindowsStandaloneSupport/UnityEditor.WindowsStandalone.Extensions.dll
Registered in 0.001827 seconds.
Native extension for WindowsStandalone target not found
Native extension for WebGL target not found
Package Manager log level set to [2]
ScheduleIndexationOnStartup MainProcess:False IndexOnStartup:True
Mono: successfully reloaded assembly
- Finished resetting the current domain, in  0.461 seconds
Domain Reload Profiling: 886ms
	BeginReloadAssembly (112ms)
		CreateAndSetChildDomain (13ms)
	RebuildCommonClasses (4ms)
	RebuildNativeTypeToScriptingClass (14ms)
	initialDomainReloadingComplete (55ms)
	LoadAllAssembliesAndSetupDomain (239ms)
		LoadAssemblies (97ms)
		AnalyzeDomain (172ms)
			TypeCache.Refresh (171ms)
				TypeCache.ScanAssembly (159ms)
	FinalizeReload (462ms)
		SetupLoadedEditorAssemblies (0ms)
			BeforeProcessingInitializeOnLoad (77ms)
			ProcessInitializeOnLoadAttributes (80ms)
			ProcessInitializeOnLoadMethodAttributes (247ms)
[Licensing::Client] Successfully resolved entitlement details
Application.AssetDatabase Initial Refresh Start
[Package Manager] Restoring resolved packages state from cache
[Licensing::Client] Successfully resolved entitlement details
[Package Manager] Registered 62 packages:
  Packages from [https://packages.unity.com]:
    com.unity.ai.assistant@2.18.0-pre.2 (location: C:\Users\Len\Lenomation_V3\Library\PackageCache\com.unity.ai.assistant@c0127625258e)
    com.unity.ai.inference@2.6.1 (location: C:\Users\Len\Lenomation_V3\Library\PackageCache\com.unity.ai.inference@9a123aee5df7)
    com.unity.ai.navigation@2.0.14 (location: C:\Users\Len\Lenomation_V3\Library\PackageCache\com.unity.ai.navigation@134dd6a3b97b)
    com.unity.collab-proxy@2.13.6 (location: C:\Users\Len\Lenomation_V3\Library\PackageCache\com.unity.collab-proxy@4628d2ba6ea4)
    com.unity.ide.rider@3.0.40 (location: C:\Users\Len\Lenomation_V3\Library\PackageCache\com.unity.ide.rider@e4950c6d131b)
    com.unity.ide.visualstudio@2.0.26 (location: C:\Users\Len\Lenomation_V3\Library\PackageCache\com.unity.ide.visualstudio@a99d56dec63f)
    com.unity.inputsystem@1.20.0 (location: C:\Users\Len\Lenomation_V3\Library\PackageCache\com.unity.inputsystem@7a4e1a2a8194)
    com.unity.timeline@1.8.12 (location: C:\Users\Len\Lenomation_V3\Library\PackageCache\com.unity.timeline@8cd8509afae5)
    com.unity.visualscripting@1.9.12 (location: C:\Users\Len\Lenomation_V3\Library\PackageCache\com.unity.visualscripting@4edfcc09512f)
    com.unity.burst@1.8.30 (location: C:\Users\Len\Lenomation_V3\Library\PackageCache\com.unity.burst@2f3d916873ea)
    com.unity.dt.app-ui@2.1.7 (location: C:\Users\Len\Lenomation_V3\Library\PackageCache\com.unity.dt.app-ui@b097002a00c2)
    com.unity.nuget.newtonsoft-json@3.2.2 (location: C:\Users\Len\Lenomation_V3\Library\PackageCache\com.unity.nuget.newtonsoft-json@4dfd81071c64)
    com.unity.nuget.mono-cecil@1.11.6 (location: C:\Users\Len\Lenomation_V3\Library\PackageCache\com.unity.nuget.mono-cecil@ecb9724e46ff)
    com.unity.searcher@4.9.5 (location: C:\Users\Len\Lenomation_V3\Library\PackageCache\com.unity.searcher@a463122f2c00)
    com.unity.test-framework.performance@3.5.0 (location: C:\Users\Len\Lenomation_V3\Library\PackageCache\com.unity.test-framework.performance@8b56083ec0f0)
  Built-in packages:
    com.unity.multiplayer.center@1.0.1 (location: C:\Users\Len\Lenomation_V3\Library\PackageCache\com.unity.multiplayer.center@b860850997d0)
    com.unity.render-pipelines.universal@17.5.0 (location: C:\Users\Len\Lenomation_V3\Library\PackageCache\com.unity.render-pipelines.universal@73b4c4ff130e)
    com.unity.test-framework@1.7.0 (location: C:\Users\Len\Lenomation_V3\Library\PackageCache\com.unity.test-framework@1405238725ab)
    com.unity.ugui@2.5.0 (location: C:\Users\Len\Lenomation_V3\Library\PackageCache\com.unity.ugui@1c4864518158)
    com.unity.modules.accessibility@1.0.0 (location: C:\Users\Len\Lenomation_V3\Library\PackageCache\com.unity.modules.accessibility)
    com.unity.modules.adaptiveperformance@1.0.0 (location: C:\Users\Len\Lenomation_V3\Library\PackageCache\com.unity.modules.adaptiveperformance)
    com.unity.modules.ai@1.0.0 (location: C:\Users\Len\Lenomation_V3\Library\PackageCache\com.unity.modules.ai)
    com.unity.modules.androidjni@1.0.0 (location: C:\Users\Len\Lenomation_V3\Library\PackageCache\com.unity.modules.androidjni)
    com.unity.modules.animation@1.0.0 (location: C:\Users\Len\Lenomation_V3\Library\PackageCache\com.unity.modules.animation)
    com.unity.modules.assetbundle@1.0.0 (location: C:\Users\Len\Lenomation_V3\Library\PackageCache\com.unity.modules.assetbundle)
    com.unity.modules.audio@1.0.0 (location: C:\Users\Len\Lenomation_V3\Library\PackageCache\com.unity.modules.audio)
    com.unity.modules.cloth@1.0.0 (location: C:\Users\Len\Lenomation_V3\Library\PackageCache\com.unity.modules.cloth)
    com.unity.modules.director@1.0.0 (location: C:\Users\Len\Lenomation_V3\Library\PackageCache\com.unity.modules.director)
    com.unity.modules.imageconversion@1.0.0 (location: C:\Users\Len\Lenomation_V3\Library\PackageCache\com.unity.modules.imageconversion)
    com.unity.modules.imgui@1.0.0 (location: C:\Users\Len\Lenomation_V3\Library\PackageCache\com.unity.modules.imgui)
    com.unity.modules.jsonserialize@1.0.0 (location: C:\Users\Len\Lenomation_V3\Library\PackageCache\com.unity.modules.jsonserialize)
    com.unity.modules.particlesystem@1.0.0 (location: C:\Users\Len\Lenomation_V3\Library\PackageCache\com.unity.modules.particlesystem)
    com.unity.modules.physics@1.0.0 (location: C:\Users\Len\Lenomation_V3\Library\PackageCache\com.unity.modules.physics)
    com.unity.modules.physics2d@1.0.0 (location: C:\Users\Len\Lenomation_V3\Library\PackageCache\com.unity.modules.physics2d)
    com.unity.modules.physicscore2d@1.0.0 (location: C:\Users\Len\Lenomation_V3\Library\PackageCache\com.unity.modules.physicscore2d)
    com.unity.modules.screencapture@1.0.0 (location: C:\Users\Len\Lenomation_V3\Library\PackageCache\com.unity.modules.screencapture)
    com.unity.modules.terrain@1.0.0 (location: C:\Users\Len\Lenomation_V3\Library\PackageCache\com.unity.modules.terrain)
    com.unity.modules.terrainphysics@1.0.0 (location: C:\Users\Len\Lenomation_V3\Library\PackageCache\com.unity.modules.terrainphysics)
    com.unity.modules.tilemap@1.0.0 (location: C:\Users\Len\Lenomation_V3\Library\PackageCache\com.unity.modules.tilemap)
    com.unity.modules.ui@1.0.0 (location: C:\Users\Len\Lenomation_V3\Library\PackageCache\com.unity.modules.ui)
    com.unity.modules.uielements@1.0.0 (location: C:\Users\Len\Lenomation_V3\Library\PackageCache\com.unity.modules.uielements)
    com.unity.modules.umbra@1.0.0 (location: C:\Users\Len\Lenomation_V3\Library\PackageCache\com.unity.modules.umbra)
    com.unity.modules.unityanalytics@1.0.0 (location: C:\Users\Len\Lenomation_V3\Library\PackageCache\com.unity.modules.unityanalytics)
    com.unity.modules.unitywebrequest@1.0.0 (location: C:\Users\Len\Lenomation_V3\Library\PackageCache\com.unity.modules.unitywebrequest)
    com.unity.modules.unitywebrequestassetbundle@1.0.0 (location: C:\Users\Len\Lenomation_V3\Library\PackageCache\com.unity.modules.unitywebrequestassetbundle)
    com.unity.modules.unitywebrequestaudio@1.0.0 (location: C:\Users\Len\Lenomation_V3\Library\PackageCache\com.unity.modules.unitywebrequestaudio)
    com.unity.modules.unitywebrequesttexture@1.0.0 (location: C:\Users\Len\Lenomation_V3\Library\PackageCache\com.unity.modules.unitywebrequesttexture)
    com.unity.modules.unitywebrequestwww@1.0.0 (location: C:\Users\Len\Lenomation_V3\Library\PackageCache\com.unity.modules.unitywebrequestwww)
    com.unity.modules.vectorgraphics@1.0.0 (location: C:\Users\Len\Lenomation_V3\Library\PackageCache\com.unity.modules.vectorgraphics)
    com.unity.modules.vehicles@1.0.0 (location: C:\Users\Len\Lenomation_V3\Library\PackageCache\com.unity.modules.vehicles)
    com.unity.modules.video@1.0.0 (location: C:\Users\Len\Lenomation_V3\Library\PackageCache\com.unity.modules.video)
    com.unity.modules.wind@1.0.0 (location: C:\Users\Len\Lenomation_V3\Library\PackageCache\com.unity.modules.wind)
    com.unity.modules.xr@1.0.0 (location: C:\Users\Len\Lenomation_V3\Library\PackageCache\com.unity.modules.xr)
    com.unity.modules.subsystems@1.0.0 (location: C:\Users\Len\Lenomation_V3\Library\PackageCache\com.unity.modules.subsystems)
    com.unity.modules.hierarchycore@1.0.0 (location: C:\Users\Len\Lenomation_V3\Library\PackageCache\com.unity.modules.hierarchycore)
    com.unity.ext.nunit@2.1.0 (location: C:\Users\Len\Lenomation_V3\Library\PackageCache\com.unity.ext.nunit@44f7d31723bd)
    com.unity.render-pipelines.core@17.5.0 (location: C:\Users\Len\Lenomation_V3\Library\PackageCache\com.unity.render-pipelines.core@a4c9a9793789)
    com.unity.shadergraph@17.5.0 (location: C:\Users\Len\Lenomation_V3\Library\PackageCache\com.unity.shadergraph@8d7376ec43ee)
    com.unity.render-pipelines.universal-config@17.5.0 (location: C:\Users\Len\Lenomation_V3\Library\PackageCache\com.unity.render-pipelines.universal-config@fdda01c80fe3)
    com.unity.collections@6.5.0 (location: C:\Users\Len\Lenomation_V3\Library\PackageCache\com.unity.collections@ec2c217e4cb2)
    com.unity.2d.sprite@1.0.0 (location: C:\Users\Len\Lenomation_V3\Library\PackageCache\com.unity.2d.sprite@053a968eab56)
    com.unity.mathematics@1.4.0 (location: C:\Users\Len\Lenomation_V3\Library\PackageCache\com.unity.mathematics@981956d94fb6)
[Subsystems] No new subsystems found in resolved package list.
[Package Manager] Done registering packages in 0.02 seconds
info: Microsoft.Hosting.Lifetime[14]
      Now listening on: http://localhost:80
info: Microsoft.Hosting.Lifetime[0]
      Application started. Press Ctrl+C to shut down.
info: Microsoft.Hosting.Lifetime[0]
      Hosting environment: Production
info: Microsoft.Hosting.Lifetime[0]
      Content root path: C:\Users\Len\Lenomation_V3
info: Microsoft.AspNetCore.Hosting.Diagnostics[1]
      Request starting HTTP/2 POST http://ilpp/UnityILPP.PostProcessing/Ping - application/grpc -
info: Microsoft.AspNetCore.Routing.EndpointMiddleware[0]
      Executing endpoint 'gRPC - /UnityILPP.PostProcessing/Ping'
info: Microsoft.AspNetCore.Routing.EndpointMiddleware[1]
      Executed endpoint 'gRPC - /UnityILPP.PostProcessing/Ping'
info: Microsoft.AspNetCore.Hosting.Diagnostics[2]
      Request finished HTTP/2 POST http://ilpp/UnityILPP.PostProcessing/Ping - 200 - application/grpc 25.6056ms
Refreshing native plugins compatible for Editor in 2.71 ms, found 5 plugins.
Starting: C:\Program Files\Unity\Hub\Editor\6000.5.8f1\Editor\Data\Tools\BuildPipeline\bee_backend.exe --ipc --defer-dag-verification --dagfile="Library/Bee/1900b0aE.dag" --continue-on-failure --profile="Library/Bee/backend1.traceevents" ScriptAssemblies
WorkingDir: C:/Users/Len/Lenomation_V3
info: Microsoft.AspNetCore.Hosting.Diagnostics[1]
      Request starting HTTP/2 POST http://ilpp/UnityILPP.PostProcessing/ConfigurePostProcessors - application/grpc -
info: Microsoft.AspNetCore.Routing.EndpointMiddleware[0]
      Executing endpoint 'gRPC - /UnityILPP.PostProcessing/ConfigurePostProcessors'
warn: Unity.ILPP.Runner.PostProcessingAssemblyLoadContext[0]
      Assembly system.runtime.interopservices.windowsruntime has duplicate hint path. Ignoring "C:\Program Files\Unity\Hub\Editor\6000.5.8f1\Editor\Data\UnityReferenceAssemblies\unity-4.8-api\Facades\System.Runtime.InteropServices.WindowsRuntime.dll" in favor of "C:\Program Files\Unity\Hub\Editor\6000.5.8f1\Editor\Data\NetStandard\Extensions\2.0.0\System.Runtime.InteropServices.WindowsRuntime.dll"
warn: Unity.ILPP.Runner.PostProcessingAssemblyLoadContext[0]
      Assembly system.componentmodel.composition has duplicate hint path. Ignoring "C:\Program Files\Unity\Hub\Editor\6000.5.8f1\Editor\Data\UnityReferenceAssemblies\unity-4.8-api\System.ComponentModel.Composition.dll" in favor of "C:\Program Files\Unity\Hub\Editor\6000.5.8f1\Editor\Data\NetStandard\compat\2.1.0\shims\netfx\System.ComponentModel.Composition.dll"
info: Unity.ILPP.Runner.PostProcessingAssemblyLoadContext[0]
      Resolved Unity.Burst.Cecil, Version=0.11.6.0, Culture=neutral, PublicKeyToken=50cebf1cceb9d05e with Library\PackageCache\com.unity.burst@2f3d916873ea\Unity.Burst.CodeGen\Unity.Burst.Cecil.dll
info: Unity.ILPP.Runner.PostProcessingAssemblyLoadContext[0]
      Resolved Mono.Cecil, Version=0.11.5.0, Culture=neutral, PublicKeyToken=50cebf1cceb9d05e with Library\PackageCache\com.unity.nuget.mono-cecil@ecb9724e46ff\Mono.Cecil.dll
info: Microsoft.AspNetCore.Routing.EndpointMiddleware[1]
      Executed endpoint 'gRPC - /UnityILPP.PostProcessing/ConfigurePostProcessors'
info: Microsoft.AspNetCore.Hosting.Diagnostics[2]
      Request finished HTTP/2 POST http://ilpp/UnityILPP.PostProcessing/ConfigurePostProcessors - 200 - application/grpc 46.5647ms
ExitCode: 0 Duration: 0s301ms
[1193/1563  0s] ILPP-Configuration Library/ilpp-configuration.nevergeneratedoutput
*** Tundra build success (0.27 seconds), 1 items updated, 1563 evaluated
AssetDatabase: script compilation time: 0.721990s
Begin MonoManager ReloadAssembly
Symbol file LoadedFromMemory is not a mono symbol file
Symbol file LoadedFromMemory is not a mono symbol file
Refreshing native plugins compatible for Editor in 2.69 ms, found 5 plugins.
Native extension for WindowsStandalone target not found
Native extension for WebGL target not found
Refreshing native plugins compatible for Editor in 2.81 ms, found 5 plugins.
[Licensing::Client] Error: Code 404 while processing request (status: Found 0 entitlement groups and 0 free entitlements matching requested entitlement ids)
ScheduleIndexationOnStartup MainProcess:True IndexOnStartup:True
Mono: successfully reloaded assembly
- Finished resetting the current domain, in  4.414 seconds
Domain Reload Profiling: 5648ms
	BeginReloadAssembly (328ms)
		DisableScriptedObjects (24ms)
		CreateAndSetChildDomain (167ms)
	RebuildCommonClasses (8ms)
	RebuildNativeTypeToScriptingClass (17ms)
	initialDomainReloadingComplete (86ms)
	LoadAllAssembliesAndSetupDomain (793ms)
		LoadAssemblies (366ms)
		AnalyzeDomain (389ms)
			TypeCache.Refresh (307ms)
				TypeCache.ScanAssembly (290ms)
			BuildScriptInfoCaches (73ms)
			ResolveRequiredComponents (7ms)
	FinalizeReload (4417ms)
		SetupLoadedEditorAssemblies (0ms)
			BeforeProcessingInitializeOnLoad (112ms)
			ProcessInitializeOnLoadAttributes (3580ms)
			ProcessInitializeOnLoadMethodAttributes (329ms)
			AfterProcessingInitializeOnLoad (6ms)
		AwakeInstancesAfterBackupRestoration (43ms)
Starting new worker id: 0 with log in C:/Users/Len/Lenomation_V3/Logs/AssetImportWorkerHW0.log

Asset Pipeline Refresh (id=fe7a06fa0623b6a45aeb95c2d65e91c8): Total: 7.205 seconds - Initiated by InitialRefreshV2(ForceSynchronousImport)
	(Values over 0.05ms)
	Summary:
		Imports: total=0 (actual=0, local cache=0, cache server=0)
		Asset DB Process Time: managed=0 ms, native=5027 ms
		Asset DB Callback time: managed=43 ms, native=24 ms
		Scripting: domain reloads=1, domain reload time=1304 ms, compile time=732 ms, other=72 ms
		Project Asset Count: scripts=2148, non-scripts=5354
		Asset File Changes: new=0, changed=0, moved=0, deleted=0
		Scan Filter Count: 0
	InvokePackagesCallback: 26.175ms
	ApplyChangesToAssetFolders: 0.546ms
	Scan: 111.393ms
	Collect global state as custom dependencies: 21.105ms
	CategorizeScriptCompilationAssets: 57.783ms
	ProcessAssetsWithTransientArtifactChanges: 99.013ms
	CategorizeAssets: 72.751ms
	CompileScripts: 731.881ms
	ImportOutOfDateAssets: 4522.321ms (4442.651ms without children)
		UnloadImportedAssets: 0.638ms
		EnsureUptoDateAssetsAreRegisteredWithGuidPM: 0.888ms
		ImportSchedulerStart: 78.105ms
	PostProcessAllAssets: 43.853ms
		MonoPostProcessAllAssets: 43.810ms
			UniversalRenderPipelineGlobalSettingsPostprocessor.OnPostprocessAllAssets 11.327ms
			SpeedTree9Postprocessor.OnPostprocessAllAssets 2.493ms
			WindowAssetPostprocessingWatcher.OnPostprocessAllAssets 2.045ms
			GraphRefreshPostprocessor.OnPostprocessAllAssets 1.857ms
			SyncVS.PostprocessSyncProject 1.424ms
			AssetChangeDetector.OnPostprocessAllAssets 0.925ms
			EditModeScopePostprocessor.OnPostprocessAllAssets 0.914ms
			RenderPipelineGlobalSettingsPostprocessor.OnPostprocessAllAssets 0.833ms
			InputActionAssetPostprocessor.OnPostprocessAllAssets 0.412ms
			ReferencedClipsPostProcessor.OnPostprocessAllAssets 0.372ms
			TerrainToolbarOverlayPostProcessor.OnPostprocessAllAssets 0.344ms
			ShaderReflectionAssetPostProcessor.OnPostprocessAllAssets 0.338ms
			AssetDatabaseCallbacks.OnPostprocessAllAssets 0.255ms
			ProjectSettingsPostprocessor.OnPostprocessAllAssets 0.170ms
	UnloadStreamsBegin: 3.752ms
	PersistCurrentRevisions: 0.221ms
	GenerateScriptTypeHashes: 3.073ms
	GenerateScriptTypeSerializationHashes: 5.426ms
	Untracked: 1508.369ms

Application.AssetDatabase Initial Refresh End
Launched and connected shader compiler UnityShaderCompiler.exe after 0.01 seconds
Scanning for USB devices : 6.436ms
Initializing Unity extensions:
[MODES] ModeService[none].Initialize
[MODES] ModeService[none].LoadModes
[MODES] Loading mode Default (0) for mode-current-id-Lenomation_V3
Unloading 67 Unused Serialized files (Serialized files now loaded: 0)
Loaded scene 'Assets/Scenes/StartScene.unity'
	Deserialize:            4.700 ms
	Integration:            277.139 ms
	Integration of assets:  0.001 ms
	Thread Wait Time:       0.048 ms
	Total Operation Time:   281.888 ms
Unloading 10292 unused Assets / (25.0 MB). Loaded Objects now: 11372.
Memory consumption went from 0.58 GB to 0.55 GB.
Total: 28.290200 ms (FindLiveObjects: 0.799100 ms CreateObjectMapping: 4.820400 ms MarkObjects: 14.150300 ms  DeleteObjects: 8.517300 ms)

[LAYOUT] About to load UserSettings\Layouts\default-6000.dwlt, keepMainWindow=False
Worker ready: AssetImportWorkerHW0 0
[LAYOUT] About to save layout C:\Users\Len\Lenomation_V3\UserSettings\Layouts\default-6000.dwlt
[LAYOUT] About to save layout C:/Users/Len/AppData/Roaming/Unity/Editor-5.x/Preferences\Layouts\current\default-6000.dwlt
[MODES] ModeService[default].InitializeCurrentMode
[MODES] ModeService[default].RaiseModeChanged(default, default)
<RI> Initializing input.
Using Windows.Gaming.Input
[Project] Loading completed in 13.851 seconds
	Project init time: 				11.372 seconds
		Template init time: 		0.000 seconds
		Package Manager init time: 		1.209 seconds
		Asset Database init time: 		0.849 seconds
		Global illumination init time: 	0.002 seconds
		Assemblies load time: 			0.918 seconds
		Unity extensions init time: 	0.050 seconds
		Asset Database refresh time: 	7.205 seconds
	Scene opening time: 			2.336 seconds
##utp:{"type":"ProjectInfo","version":2,"phase":"Immediate","time":1787826416896,"processId":31616,"projectLoad":13.850731399999999,"projectInit":11.37175,"templateInit":0.0,"packageManagerInit":1.2092175,"assetDatabaseInit":0.8489926,"globalIlluminationInit":0.0024052,"assembliesLoad":0.9182058,"unityExtensionsInit":0.0496484,"assetDatabaseRefresh":7.2053633,"sceneOpening":2.3357392}
##utp:{"type":"EditorInfo","version":2,"phase":"Immediate","time":1787826416896,"processId":31616,"editorVersion":"6000.5.8f1 (5cb7df797b7d)","branch":"6000.5/staging","buildType":"Release","platform":"Windows"}
Asset Pipeline Refresh (id=06a3f3b522427b54ba504221d0de0a04): Total: 0.130 seconds - Initiated by RefreshV2(AllowForceSynchronousImport)
Start Indexing on Editor startup
[Indexing] Starting Initial Indexing for Assets
[INFO ] [relay] relay.startup port=9001 mcpClientPort=9002 editorPid=31616
[INFO ] [relay] log === RELAY SERVER STARTED === (unity-ai-relay v1.0.12-build.97)
[INFO ] [relay] log Starting relay server...
[INFO ] [relay] log Command line arguments: ["bun","B:/~BUN/root/relay_win.exe","--relay","--port","9001","--mcp-client-port","9002","--editor-pid","31616","--shutdown-delay","180","--log-dir","C:\\Users\\Len\\Lenomation_V3\\Logs"]
[INFO ] [relay] log Parsed config: {"port":9001,"mcpClientPort":9002,"editorPid":"31616","shutdownDelaySeconds":180}
[INFO ] [relay] log Initializing relay components...
[INFO ] [relay] log Creating RelayEditor...
[INFO ] [relay] log WebSocket server started
[INFO ] [relay] log Relay server initialization completed
[INFO ] [relay] log MCP Client initialized at port: 9002
[WARN ] [relay] log [shell-env] Shell environment did not contain a PATH variable
[INFO ] [relay] log Unity MCP Relay server started | Port: 9002 | Endpoints: /mcp/start-server, /mcp/stop-server, /mcp/server-status, /mcp/call-tool
[INFO ] [relay] log Unity client connected with ID: editor-31616-1hovb0 (relay 1.0.12-build.97)
[INFO ] [relay] connection.established clientId=editor-31616-1hovb0 port=9001
Created GICache directory at C:/Users/Len/AppData/LocalLow/Unity/Caches/GiCache. Took: 0.013s, timestamps: [14.273 - 14.286]
[Licensing::Client] Successfully resolved entitlement details
[Licensing::Client] Successfully resolved entitlement details
[Licensing::Client] Successfully resolved entitlement details
[Licensing::Client] Successfully resolved entitlement details
[Licensing::Client] Successfully updated the access token
[Licensing::Module] Successfully updated access token: "SLGfx5zr"... (expires: 2026-08-27T12:08:04Z)
[Licensing::Client] Successfully resolved entitlement details
Starting new worker id: 1 with log in C:/Users/Len/Lenomation_V3/Logs/AssetImportWorkerHW1.log
[Worker0] Imported GUID: 1ccc691013ebf7a4885b007f462d1e47 - Path: Assets/Editor/ConveyorPrefabCreator.cs - Importer: ScriptedImporter/UnityEditor.QuickSearchModule:UnityEditor.Search:ASIAI0B -> (ImportResultId: 'd27237a55b399dd0bf43e7ba66cb1093') in 0.0768871 seconds
[Worker0] Imported GUID: 98dfd508bc0085d4799c9bbf32321950 - Path: Assets/Scripts/Configs/ConveyorConfig.cs - Importer: ScriptedImporter/UnityEditor.QuickSearchModule:UnityEditor.Search:ASIAI0B -> (ImportResultId: '0c20cd1386b50f4b5ad0614abcae279e') in 0.0193813 seconds
[Worker0] Imported GUID: 54824f1db165a3344b9f2b5741797065 - Path: Assets/Scripts/Core/ConveyorManager.cs - Importer: ScriptedImporter/UnityEditor.QuickSearchModule:UnityEditor.Search:ASIAI0B -> (ImportResultId: 'f1c68f3d1e9c99cd4198bcd65438912b') in 0.0139383 seconds
[Licensing::Client] Successfully resolved entitlement details
Request Asset Garbage Collect because used heap size increased from 0.55 GB to 1.21 GB, exceeding the threshold of 256.0 MB.
Unloading 6 Unused Serialized files (Serialized files now loaded: 0)
Worker ready: AssetImportWorkerHW1 1
Unloading 3 unused Assets / (1.4 KB). Loaded Objects now: 12289.
Memory consumption went from 1.20 GB to 1.20 GB.
Total: 26.011500 ms (FindLiveObjects: 0.635800 ms CreateObjectMapping: 1.896300 ms MarkObjects: 23.405800 ms  DeleteObjects: 0.072500 ms)

Reloading assemblies for play mode.
Reloading assemblies after forced synchronous recompile.
Begin MonoManager ReloadAssembly
[INFO ] [relay] log Domain reload signal received from client editor-31616-1hovb0
Refreshing native plugins compatible for Editor in 2.92 ms, found 5 plugins.
[INFO ] [relay] log Client disconnected - blocking and caching for recovery
[WARN ] [relay] connection.lost clientId=null
[WARN ] [relay] log Client disconnected - sessions will persist until auto-shutdown, reason: Client disconnected
[INFO ] [relay] log Auto-shutdown timer started due to client disconnection
Symbol file LoadedFromMemory is not a mono symbol file
Symbol file LoadedFromMemory is not a mono symbol file
Refreshing native plugins compatible for Editor in 2.76 ms, found 5 plugins.
Native extension for WindowsStandalone target not found
Native extension for WebGL target not found
Refreshing native plugins compatible for Editor in 3.17 ms, found 5 plugins.
[Licensing::Client] Error: Code 404 while processing request (status: Found 0 entitlement groups and 0 free entitlements matching requested entitlement ids)
ScheduleIndexationOnStartup MainProcess:True IndexOnStartup:True
[MODES] ModeService[none].Initialize
[MODES] ModeService[none].LoadModes
Refreshing native plugins compatible for Editor in 3.31 ms, found 5 plugins.
Mono: successfully reloaded assembly
- Finished resetting the current domain, in  2.920 seconds
Domain Reload Profiling: 4141ms
	BeginReloadAssembly (919ms)
		DisableScriptedObjects (103ms)
		CreateAndSetChildDomain (618ms)
	RebuildCommonClasses (10ms)
	RebuildNativeTypeToScriptingClass (16ms)
	initialDomainReloadingComplete (86ms)
	LoadAllAssembliesAndSetupDomain (189ms)
		LoadAssemblies (136ms)
		AnalyzeDomain (21ms)
			TypeCache.Refresh (9ms)
			ResolveRequiredComponents (9ms)
	FinalizeReload (2921ms)
		SetupLoadedEditorAssemblies (0ms)
			BeforeProcessingInitializeOnLoad (117ms)
			ProcessInitializeOnLoadAttributes (850ms)
			ProcessInitializeOnLoadMethodAttributes (359ms)
			AfterProcessingInitializeOnLoad (6ms)
		AwakeInstancesAfterBackupRestoration (1057ms)
No restricted APIs configured; Validation skipped.
Checking 39 assemblies for restricted APIs found 0 usage(s) in 3 ms
Refreshing native plugins compatible for Editor in 2.75 ms, found 5 plugins.

Asset Pipeline Refresh (id=d2df149be058ad6418604e4f1f3013d0): Total: 7.887 seconds - Initiated by StopAssetImportingV2(ForceSynchronousImport | ForceDomainReload)
	(Values over 0.05ms)
	Summary:
		Imports: total=0 (actual=0, local cache=0, cache server=0)
		Asset DB Process Time: managed=0 ms, native=3376 ms
		Asset DB Callback time: managed=2745 ms, native=481 ms
		Scripting: domain reloads=1, domain reload time=1281 ms, compile time=2 ms, other=0 ms
		Project Asset Count: scripts=2148, non-scripts=5354
		Asset File Changes: new=0, changed=0, moved=0, deleted=0
		Scan Filter Count: 0
	InvokePackagesCallback: 1.570ms
	ApplyChangesToAssetFolders: 0.330ms
	Collect global state as custom dependencies: 3.267ms
	ProcessAssetsWithTransientArtifactChanges: 240.882ms
	CategorizeAssets: 87.034ms
	CompileScripts: 2.144ms
	ImportOutOfDateAssets: 2996.452ms (2942.876ms without children)
		CollectScriptTypesHashes: 1.616ms
		ReloadNativeAssets: 0.985ms
		UnloadImportedAssets: 1.652ms
		EnsureUptoDateAssetsAreRegisteredWithGuidPM: 0.995ms
		ImportSchedulerStart: 49.909ms
	PostProcessAllAssets: 3219.395ms
		AssemblyValidation.PostprocessAllAssets 61.874ms
		PostProcessCallbackCreateDeferredMaterials 24.268ms
		ShaderAssetModifiedCallback 13.012ms
		RaytracingShaderImportPostprocess 12.408ms
		ComputeShaderImportPostprocess 12.086ms
		SpeedTreeImporter.PostprocessAllAssets 11.107ms
		LocalizationDatabase.AssetDatabasePostprocessCallback 4.752ms
		BlockShaderImporter.PostprocessAllAssets 4.523ms
		XRBuildSystem.XRAssetImported 0.618ms
		MonoPostProcessAllAssets: 2742.711ms
			UVCSAssetPostprocessor.OnPostprocessAllAssets 1608.695ms
			ShaderGraphAssetPostProcessor.OnPostprocessAllAssets 286.155ms
			PostProcessor.OnPostprocessAllAssets 94.974ms
			AssetPostprocessor.OnPostprocessAllAssets 85.409ms
			InputActionAssetPostprocessor.OnPostprocessAllAssets 48.218ms
			InputActionJsonNameModifierAssetProcessor.OnPostprocessAllAssets 47.673ms
			MaterialPostprocessor.OnPostprocessAllAssets 47.622ms
			AssetReferenceReimportMonitor.OnPostprocessAllAssets 43.419ms
			SyncVS.PostprocessSyncProject 32.326ms
			TextAssetPostProcessor.OnPostprocessAllAssets 32.114ms
			SpriteSlicePostprocessor.OnPostprocessAllAssets 28.602ms
			AssetChangedListener.OnPostprocessAllAssets 19.482ms
			RenderPipelineGlobalSettingsPostprocessor.OnPostprocessAllAssets 13.692ms
			UniversalRenderPipelineGlobalSettingsPostprocessor.OnPostprocessAllAssets 12.570ms
			SpeedTree9Postprocessor.OnPostprocessAllAssets 7.906ms
			BuilderAssetPostprocessor.OnPostprocessAllAssets 6.018ms
			WindowAssetPostprocessingWatcher.OnPostprocessAllAssets 1.911ms
			GraphRefreshPostprocessor.OnPostprocessAllAssets 1.906ms
			RetainedModeAssetPostprocessor.OnPostprocessAllAssets 1.737ms
			AssetChangeDetector.OnPostprocessAllAssets 1.038ms
			SkillsProjectAssetPostprocessor.OnPostprocessAllAssets 0.744ms
			StyleCatalogPostProcessor.OnPostprocessAllAssets 0.653ms
			SpriteEditorTexturePostprocessor.OnPostprocessAllAssets 0.639ms
			SpeedTreePostProcessor.OnPostprocessAllAssets 0.535ms
			ModelAssetProcessor.OnPostprocessAllAssets 0.493ms
			ArtifactBrowserPostProcessor.OnPostprocessAllAssets 0.482ms
			ProjectSettingsPostprocessor.OnPostprocessAllAssets 0.367ms
			ShaderReflectionAssetPostProcessor.OnPostprocessAllAssets 0.365ms
			AudioMixerPostprocessor.OnPostprocessAllAssets 0.290ms
			AssetReloadNotifier.OnPostprocessAllAssets 0.281ms
			SampleDependencyImporterPostProcessor.OnPostprocessAllAssets 0.248ms
			ReferencedClipsPostProcessor.OnPostprocessAllAssets 0.246ms
			TMPro_TexturePostProcessor.OnPostprocessAllAssets 0.241ms
			EditModeScopePostprocessor.OnPostprocessAllAssets 0.231ms
			TerrainToolbarOverlayPostProcessor.OnPostprocessAllAssets 0.213ms
			AssetEvents.OnPostprocessAllAssets 0.203ms
			SamplePostprocessor.OnPostprocessAllAssets 0.200ms
			ConfigAssetsTracker.OnPostprocessAllAssets 0.163ms
			ScenarioDriftAssetsTracker.OnPostprocessAllAssets 0.154ms
			AssetDatabaseCallbacks.OnPostprocessAllAssets 0.140ms
			AudioContainerPostProcessor.OnPostprocessAllAssets 0.076ms
			TrackSelectedAssetsProcessor.OnPostprocessAllAssets 0.069ms
	PostAssetChangesProfiler: 7.051ms
	GatherAllCurrentPrimaryImportResultRevisions: 0.395ms
	UnloadStreamsBegin: 1.526ms
	PersistCurrentRevisions: 0.227ms
	GenerateScriptTypeHashes: 8.947ms
	GenerateScriptTypeSerializationHashes: 15.865ms
	Untracked: 1320.906ms

Loaded scene 'Temp/__Backupscenes/0.backup'
	Deserialize:            0.961 ms
	Integration:            747.097 ms
	Integration of assets:  0.001 ms
	Thread Wait Time:       0.035 ms
	Total Operation Time:   748.094 ms
UPID Received '0956883a-88ea-49b2-bde1-fe810ba60755'.
[Licensing::Client] Successfully resolved entitlement details
[Licensing::Client] Successfully resolved entitlement details
[INFO ] [relay] log Unity client connected with ID: editor-31616-bba7wp (relay 1.0.12-build.97)
[INFO ] [relay] connection.established clientId=editor-31616-bba7wp port=9001
[Licensing::Client] Successfully resolved entitlement details
[Licensing::Client] Successfully resolved entitlement details
[Licensing::Client] Error: Code 404 while processing request (status: Found 0 entitlement groups and 0 free entitlements matching requested entitlement ids)
[Licensing::Client] Error: Code 404 while processing request (status: Found 0 entitlement groups and 0 free entitlements matching requested entitlement ids)
[Licensing::Client] Error: Code 404 while processing request (status: Found 0 entitlement groups and 0 free entitlements matching requested entitlement ids)
[Licensing::Client] Error: Code 404 while processing request (status: Found 0 entitlement groups and 0 free entitlements matching requested entitlement ids)
Error reason is 'NoSubscription' and no additional error information was provided (https://generators.ai.unity.com).
UnityEngine.Debug:ExtractStackTraceNoAlloc (byte*,int,string)
UnityEngine.StackTraceUtility:ExtractStackTrace ()
UnityEngine.DebugLogHandler:Internal_Log (UnityEngine.LogType,UnityEngine.LogOption,string,UnityEngine.Object)
UnityEngine.DebugLogHandler:LogFormat (UnityEngine.LogType,UnityEngine.Object,string,object[])
UnityEngine.Logger:Log (UnityEngine.LogType,object)
UnityEngine.Debug:Log (object)
Unity.AI.ModelSelector.Services.Stores.Actions.ModelSelectorSuperProxyActions/<>c/<<-cctor>b__8_0>d:MoveNext () (at ./Library/PackageCache/com.unity.ai.assistant@c0127625258e/Modules/Unity.AI.ModelSelector/Services/Stores/Actions/ModelSelectorSuperProxyActions.cs:495)
System.Runtime.CompilerServices.AsyncMethodBuilderCore/MoveNextRunner:InvokeMoveNext (object)
System.Threading.ExecutionContext:RunInternal (System.Threading.ExecutionContext,System.Threading.ContextCallback,object,bool)
System.Threading.ExecutionContext:Run (System.Threading.ExecutionContext,System.Threading.ContextCallback,object,bool)
System.Runtime.CompilerServices.AsyncMethodBuilderCore/MoveNextRunner:Run ()
System.Threading.Tasks.AwaitTaskContinuation:InvokeAction (object)
System.Threading.Tasks.AwaitTaskContinuation:RunCallback (System.Threading.ContextCallback,object,System.Threading.Tasks.Task&)
System.Threading.Tasks.SynchronizationContextAwaitTaskContinuation:Run (System.Threading.Tasks.Task,bool)
System.Threading.Tasks.Task:FinishContinuations ()
System.Threading.Tasks.Task:FinishStageThree ()
System.Threading.Tasks.Task`1<AiEditorToolsSdk.Components.Common.Responses.Wrappers.OperationResult`1<AiEditorToolsSdk.Components.GenerativeModels.Responses.ModelListV2.ModelListFullResult>>:TrySetResult (AiEditorToolsSdk.Components.Common.Responses.Wrappers.OperationResult`1<AiEditorToolsSdk.Components.GenerativeModels.Responses.ModelListV2.ModelListFullResult>)
System.Runtime.CompilerServices.AsyncTaskMethodBuilder`1<AiEditorToolsSdk.Components.Common.Responses.Wrappers.OperationResult`1<AiEditorToolsSdk.Components.GenerativeModels.Responses.ModelListV2.ModelListFullResult>>:SetResult (AiEditorToolsSdk.Components.Common.Responses.Wrappers.OperationResult`1<AiEditorToolsSdk.Components.GenerativeModels.Responses.ModelListV2.ModelListFullResult>)
AiEditorToolsSdk.Components.GenerativeModels.GenerativeModelsComponentV2/<GetModelsAsync>d__5:MoveNext ()
System.Runtime.CompilerServices.AsyncMethodBuilderCore/MoveNextRunner:InvokeMoveNext (object)
System.Threading.ExecutionContext:RunInternal (System.Threading.ExecutionContext,System.Threading.ContextCallback,object,bool)
System.Threading.ExecutionContext:Run (System.Threading.ExecutionContext,System.Threading.ContextCallback,object,bool)
System.Runtime.CompilerServices.AsyncMethodBuilderCore/MoveNextRunner:Run ()
System.Threading.Tasks.AwaitTaskContinuation:InvokeAction (object)
System.Threading.Tasks.AwaitTaskContinuation:RunCallback (System.Threading.ContextCallback,object,System.Threading.Tasks.Task&)
System.Threading.Tasks.SynchronizationContextAwaitTaskContinuation:Run (System.Threading.Tasks.Task,bool)
System.Threading.Tasks.Task:FinishContinuations ()
System.Threading.Tasks.Task:FinishStageThree ()
System.Threading.Tasks.Task`1<AiEditorToolsSdk.Components.Common.Responses.Wrappers.OperationResult`1<AiEditorToolsSdk.Components.GenerativeModels.Responses.ModelListV2.ModelListFullResult>>:TrySetResult (AiEditorToolsSdk.Components.Common.Responses.Wrappers.OperationResult`1<AiEditorToolsSdk.Components.GenerativeModels.Responses.ModelListV2.ModelListFullResult>)
System.Runtime.CompilerServices.AsyncTaskMethodBuilder`1<AiEditorToolsSdk.Components.Common.Responses.Wrappers.OperationResult`1<AiEditorToolsSdk.Components.GenerativeModels.Responses.ModelListV2.ModelListFullResult>>:SetResult (AiEditorToolsSdk.Components.Common.Responses.Wrappers.OperationResult`1<AiEditorToolsSdk.Components.GenerativeModels.Responses.ModelListV2.ModelListFullResult>)
AiEditorToolsSdk.Application.InternalServices.SdkOperation.SdkOperationService/<ExecuteRequest>d__4`1<AiEditorToolsSdk.Components.GenerativeModels.Responses.ModelListV2.ModelListFullResult>:MoveNext ()
System.Runtime.CompilerServices.AsyncMethodBuilderCore/MoveNextRunner:InvokeMoveNext (object)
System.Threading.ExecutionContext:RunInternal (System.Threading.ExecutionContext,System.Threading.ContextCallback,object,bool)
System.Threading.ExecutionContext:Run (System.Threading.ExecutionContext,System.Threading.ContextCallback,object,bool)
System.Runtime.CompilerServices.AsyncMethodBuilderCore/MoveNextRunner:Run ()
System.Threading.Tasks.AwaitTaskContinuation:InvokeAction (object)
System.Threading.Tasks.AwaitTaskContinuation:RunCallback (System.Threading.ContextCallback,object,System.Threading.Tasks.Task&)
System.Threading.Tasks.SynchronizationContextAwaitTaskContinuation:Run (System.Threading.Tasks.Task,bool)
System.Threading.Tasks.Task:FinishContinuations ()
System.Threading.Tasks.Task:FinishStageThree ()
System.Threading.Tasks.Task`1<AiEditorToolsSdk.Components.Common.Responses.Wrappers.OperationResult`1<AiEditorToolsSdk.Components.GenerativeModels.Responses.ModelListV2.ModelListFullResult>>:TrySetResult (AiEditorToolsSdk.Components.Common.Responses.Wrappers.OperationResult`1<AiEditorToolsSdk.Components.GenerativeModels.Responses.ModelListV2.ModelListFullResult>)
System.Runtime.CompilerServices.AsyncTaskMethodBuilder`1<AiEditorToolsSdk.Components.Common.Responses.Wrappers.OperationResult`1<AiEditorToolsSdk.Components.GenerativeModels.Responses.ModelListV2.ModelListFullResult>>:SetResult (AiEditorToolsSdk.Components.Common.Responses.Wrappers.OperationResult`1<AiEditorToolsSdk.Components.GenerativeModels.Responses.ModelListV2.ModelListFullResult>)
AiEditorToolsSdk.Application.Gateways.GenerativeModels.V2.GenerativeModelsGatewayV2/<GetModelsAsync>d__4:MoveNext ()
System.Runtime.CompilerServices.AsyncMethodBuilderCore/MoveNextRunner:InvokeMoveNext (object)
System.Threading.ExecutionContext:RunInternal (System.Threading.ExecutionContext,System.Threading.ContextCallback,object,bool)
System.Threading.ExecutionContext:Run (System.Threading.ExecutionContext,System.Threading.ContextCallback,object,bool)
System.Runtime.CompilerServices.AsyncMethodBuilderCore/MoveNextRunner:Run ()
System.Threading.Tasks.AwaitTaskContinuation:InvokeAction (object)
System.Threading.Tasks.AwaitTaskContinuation:RunCallback (System.Threading.ContextCallback,object,System.Threading.Tasks.Task&)
System.Threading.Tasks.SynchronizationContextAwaitTaskContinuation:Run (System.Threading.Tasks.Task,bool)
System.Threading.Tasks.Task:FinishContinuations ()
System.Threading.Tasks.Task:FinishStageThree ()
System.Threading.Tasks.Task`1<AiEditorToolsSdk.Domain.Core.Results.Result`2<SuperProxyClientV1Namespace.ModelListFullResponse, AiEditorToolsSdk.Domain.Core.Errors.ApiError>>:TrySetResult (AiEditorToolsSdk.Domain.Core.Results.Result`2<SuperProxyClientV1Namespace.ModelListFullResponse, AiEditorToolsSdk.Domain.Core.Errors.ApiError>)
System.Runtime.CompilerServices.AsyncTaskMethodBuilder`1<AiEditorToolsSdk.Domain.Core.Results.Result`2<SuperProxyClientV1Namespace.ModelListFullResponse, AiEditorToolsSdk.Domain.Core.Errors.ApiError>>:SetResult (AiEditorToolsSdk.Domain.Core.Results.Result`2<SuperProxyClientV1Namespace.ModelListFullResponse, AiEditorToolsSdk.Domain.Core.Errors.ApiError>)
AiEditorToolsSdk.Application.InternalServices.ApiClientProcessor.ApiClientProcessorService/<ProcessApiRequest>d__5`1<SuperProxyClientV1Namespace.ModelListFullResponse>:MoveNext ()
System.Runtime.CompilerServices.AsyncMethodBuilderCore/MoveNextRunner:InvokeMoveNext (object)
System.Threading.ExecutionContext:RunInternal (System.Threading.ExecutionContext,System.Threading.ContextCallback,object,bool)
System.Threading.ExecutionContext:Run (System.Threading.ExecutionContext,System.Threading.ContextCallback,object,bool)
System.Runtime.CompilerServices.AsyncMethodBuilderCore/MoveNextRunner:Run ()
System.Threading.Tasks.AwaitTaskContinuation:InvokeAction (object)
System.Threading.Tasks.AwaitTaskContinuation:RunCallback (System.Threading.ContextCallback,object,System.Threading.Tasks.Task&)
System.Threading.Tasks.SynchronizationContextAwaitTaskContinuation:Run (System.Threading.Tasks.Task,bool)
System.Threading.Tasks.Task:FinishContinuations ()
System.Threading.Tasks.Task:FinishStageThree ()
System.Threading.Tasks.Task`1<AiEditorToolsSdk.Domain.Core.Results.Result`2<SuperProxyClientV1Namespace.ModelListFullResponse, AiEditorToolsSdk.Domain.Core.Errors.ApiError>>:TrySetResult (AiEditorToolsSdk.Domain.Core.Results.Result`2<SuperProxyClientV1Namespace.ModelListFullResponse, AiEditorToolsSdk.Domain.Core.Errors.ApiError>)
System.Runtime.CompilerServices.AsyncTaskMethodBuilder`1<AiEditorToolsSdk.Domain.Core.Results.Result`2<SuperProxyClientV1Namespace.ModelListFullResponse, AiEditorToolsSdk.Domain.Core.Errors.ApiError>>:SetResult (AiEditorToolsSdk.Domain.Core.Results.Result`2<SuperProxyClientV1Namespace.ModelListFullResponse, AiEditorToolsSdk.Domain.Core.Errors.ApiError>)
AiEditorToolsSdk.Application.InternalServices.ApiClientProcessor.ApiClientProcessorService/<ProcessApiRequestImpl>d__6`1<SuperProxyClientV1Namespace.ModelListFullResponse>:MoveNext ()
System.Runtime.CompilerServices.AsyncMethodBuilderCore/MoveNextRunner:InvokeMoveNext (object)
System.Threading.ExecutionContext:RunInternal (System.Threading.ExecutionContext,System.Threading.ContextCallback,object,bool)
System.Threading.ExecutionContext:Run (System.Threading.ExecutionContext,System.Threading.ContextCallback,object,bool)
System.Runtime.CompilerServices.AsyncMethodBuilderCore/MoveNextRunner:Run ()
System.Threading.Tasks.AwaitTaskContinuation:InvokeAction (object)
System.Threading.Tasks.AwaitTaskContinuation:RunCallback (System.Threading.ContextCallback,object,System.Threading.Tasks.Task&)
System.Threading.Tasks.SynchronizationContextAwaitTaskContinuation:Run (System.Threading.Tasks.Task,bool)
System.Threading.Tasks.Task:FinishContinuations ()
System.Threading.Tasks.Task:FinishStageThree ()
System.Threading.Tasks.Task:FinishStageTwo ()
System.Threading.Tasks.Task:Finish (bool)
System.Threading.Tasks.Task:TrySetException (object)
System.Runtime.CompilerServices.AsyncTaskMethodBuilder`1<SuperProxyClientV1Namespace.ModelListFullResponse>:SetException (System.Exception)
AiEditorToolsSdk.Application.Gateways.GenerativeModels.V2.GenerativeModelsGatewayV2/<>c__DisplayClass4_0/<<GetModelsAsync>b__0>d:MoveNext ()
System.Runtime.CompilerServices.AsyncMethodBuilderCore/MoveNextRunner:InvokeMoveNext (object)
System.Threading.ExecutionContext:RunInternal (System.Threading.ExecutionContext,System.Threading.ContextCallback,object,bool)
System.Threading.ExecutionContext:Run (System.Threading.ExecutionContext,System.Threading.ContextCallback,object,bool)
System.Runtime.CompilerServices.AsyncMethodBuilderCore/MoveNextRunner:Run ()
System.Threading.Tasks.SynchronizationContextAwaitTaskContinuation/<>c:<.cctor>b__7_0 (object)
UnityEngine.UnitySynchronizationContext/WorkRequest:Invoke ()
UnityEngine.UnitySynchronizationContext:Exec ()
UnityEngine.UnitySynchronizationContext:ExecuteTasks ()

(Filename: ./Library/PackageCache/com.unity.ai.assistant@c0127625258e/Modules/Unity.AI.ModelSelector/Services/Stores/Actions/ModelSelectorSuperProxyActions.cs Line: 495)

Error reason is 'NoSubscription' and no additional error information was provided (https://generators.ai.unity.com).
UnityEngine.Debug:ExtractStackTraceNoAlloc (byte*,int,string)
UnityEngine.StackTraceUtility:ExtractStackTrace ()
UnityEngine.DebugLogHandler:Internal_Log (UnityEngine.LogType,UnityEngine.LogOption,string,UnityEngine.Object)
UnityEngine.DebugLogHandler:LogFormat (UnityEngine.LogType,UnityEngine.Object,string,object[])
UnityEngine.Logger:Log (UnityEngine.LogType,object)
UnityEngine.Debug:Log (object)
Unity.AI.ModelSelector.Services.Stores.Actions.ModelSelectorSuperProxyActions/<>c/<<-cctor>b__8_0>d:MoveNext () (at ./Library/PackageCache/com.unity.ai.assistant@c0127625258e/Modules/Unity.AI.ModelSelector/Services/Stores/Actions/ModelSelectorSuperProxyActions.cs:495)
System.Runtime.CompilerServices.AsyncMethodBuilderCore/MoveNextRunner:InvokeMoveNext (object)
System.Threading.ExecutionContext:RunInternal (System.Threading.ExecutionContext,System.Threading.ContextCallback,object,bool)
System.Threading.ExecutionContext:Run (System.Threading.ExecutionContext,System.Threading.ContextCallback,object,bool)
System.Runtime.CompilerServices.AsyncMethodBuilderCore/MoveNextRunner:Run ()
System.Threading.Tasks.AwaitTaskContinuation:InvokeAction (object)
System.Threading.Tasks.AwaitTaskContinuation:RunCallback (System.Threading.ContextCallback,object,System.Threading.Tasks.Task&)
System.Threading.Tasks.SynchronizationContextAwaitTaskContinuation:Run (System.Threading.Tasks.Task,bool)
System.Threading.Tasks.Task:FinishContinuations ()
System.Threading.Tasks.Task:FinishStageThree ()
System.Threading.Tasks.Task`1<AiEditorToolsSdk.Components.Common.Responses.Wrappers.OperationResult`1<AiEditorToolsSdk.Components.GenerativeModels.Responses.ModelListV2.ModelListFullResult>>:TrySetResult (AiEditorToolsSdk.Components.Common.Responses.Wrappers.OperationResult`1<AiEditorToolsSdk.Components.GenerativeModels.Responses.ModelListV2.ModelListFullResult>)
System.Runtime.CompilerServices.AsyncTaskMethodBuilder`1<AiEditorToolsSdk.Components.Common.Responses.Wrappers.OperationResult`1<AiEditorToolsSdk.Components.GenerativeModels.Responses.ModelListV2.ModelListFullResult>>:SetResult (AiEditorToolsSdk.Components.Common.Responses.Wrappers.OperationResult`1<AiEditorToolsSdk.Components.GenerativeModels.Responses.ModelListV2.ModelListFullResult>)
AiEditorToolsSdk.Components.GenerativeModels.GenerativeModelsComponentV2/<GetModelsAsync>d__5:MoveNext ()
System.Runtime.CompilerServices.AsyncMethodBuilderCore/MoveNextRunner:InvokeMoveNext (object)
System.Threading.ExecutionContext:RunInternal (System.Threading.ExecutionContext,System.Threading.ContextCallback,object,bool)
System.Threading.ExecutionContext:Run (System.Threading.ExecutionContext,System.Threading.ContextCallback,object,bool)
System.Runtime.CompilerServices.AsyncMethodBuilderCore/MoveNextRunner:Run ()
System.Threading.Tasks.AwaitTaskContinuation:InvokeAction (object)
System.Threading.Tasks.AwaitTaskContinuation:RunCallback (System.Threading.ContextCallback,object,System.Threading.Tasks.Task&)
System.Threading.Tasks.SynchronizationContextAwaitTaskContinuation:Run (System.Threading.Tasks.Task,bool)
System.Threading.Tasks.Task:FinishContinuations ()
System.Threading.Tasks.Task:FinishStageThree ()
System.Threading.Tasks.Task`1<AiEditorToolsSdk.Components.Common.Responses.Wrappers.OperationResult`1<AiEditorToolsSdk.Components.GenerativeModels.Responses.ModelListV2.ModelListFullResult>>:TrySetResult (AiEditorToolsSdk.Components.Common.Responses.Wrappers.OperationResult`1<AiEditorToolsSdk.Components.GenerativeModels.Responses.ModelListV2.ModelListFullResult>)
System.Runtime.CompilerServices.AsyncTaskMethodBuilder`1<AiEditorToolsSdk.Components.Common.Responses.Wrappers.OperationResult`1<AiEditorToolsSdk.Components.GenerativeModels.Responses.ModelListV2.ModelListFullResult>>:SetResult (AiEditorToolsSdk.Components.Common.Responses.Wrappers.OperationResult`1<AiEditorToolsSdk.Components.GenerativeModels.Responses.ModelListV2.ModelListFullResult>)
AiEditorToolsSdk.Application.InternalServices.SdkOperation.SdkOperationService/<ExecuteRequest>d__4`1<AiEditorToolsSdk.Components.GenerativeModels.Responses.ModelListV2.ModelListFullResult>:MoveNext ()
System.Runtime.CompilerServices.AsyncMethodBuilderCore/MoveNextRunner:InvokeMoveNext (object)
System.Threading.ExecutionContext:RunInternal (System.Threading.ExecutionContext,System.Threading.ContextCallback,object,bool)
System.Threading.ExecutionContext:Run (System.Threading.ExecutionContext,System.Threading.ContextCallback,object,bool)
System.Runtime.CompilerServices.AsyncMethodBuilderCore/MoveNextRunner:Run ()
System.Threading.Tasks.AwaitTaskContinuation:InvokeAction (object)
System.Threading.Tasks.AwaitTaskContinuation:RunCallback (System.Threading.ContextCallback,object,System.Threading.Tasks.Task&)
System.Threading.Tasks.SynchronizationContextAwaitTaskContinuation:Run (System.Threading.Tasks.Task,bool)
System.Threading.Tasks.Task:FinishContinuations ()
System.Threading.Tasks.Task:FinishStageThree ()
System.Threading.Tasks.Task`1<AiEditorToolsSdk.Components.Common.Responses.Wrappers.OperationResult`1<AiEditorToolsSdk.Components.GenerativeModels.Responses.ModelListV2.ModelListFullResult>>:TrySetResult (AiEditorToolsSdk.Components.Common.Responses.Wrappers.OperationResult`1<AiEditorToolsSdk.Components.GenerativeModels.Responses.ModelListV2.ModelListFullResult>)
System.Runtime.CompilerServices.AsyncTaskMethodBuilder`1<AiEditorToolsSdk.Components.Common.Responses.Wrappers.OperationResult`1<AiEditorToolsSdk.Components.GenerativeModels.Responses.ModelListV2.ModelListFullResult>>:SetResult (AiEditorToolsSdk.Components.Common.Responses.Wrappers.OperationResult`1<AiEditorToolsSdk.Components.GenerativeModels.Responses.ModelListV2.ModelListFullResult>)
AiEditorToolsSdk.Application.Gateways.GenerativeModels.V2.GenerativeModelsGatewayV2/<GetModelsAsync>d__4:MoveNext ()
System.Runtime.CompilerServices.AsyncMethodBuilderCore/MoveNextRunner:InvokeMoveNext (object)
System.Threading.ExecutionContext:RunInternal (System.Threading.ExecutionContext,System.Threading.ContextCallback,object,bool)
System.Threading.ExecutionContext:Run (System.Threading.ExecutionContext,System.Threading.ContextCallback,object,bool)
System.Runtime.CompilerServices.AsyncMethodBuilderCore/MoveNextRunner:Run ()
System.Threading.Tasks.AwaitTaskContinuation:InvokeAction (object)
System.Threading.Tasks.AwaitTaskContinuation:RunCallback (System.Threading.ContextCallback,object,System.Threading.Tasks.Task&)
System.Threading.Tasks.SynchronizationContextAwaitTaskContinuation:Run (System.Threading.Tasks.Task,bool)
System.Threading.Tasks.Task:FinishContinuations ()
System.Threading.Tasks.Task:FinishStageThree ()
System.Threading.Tasks.Task`1<AiEditorToolsSdk.Domain.Core.Results.Result`2<SuperProxyClientV1Namespace.ModelListFullResponse, AiEditorToolsSdk.Domain.Core.Errors.ApiError>>:TrySetResult (AiEditorToolsSdk.Domain.Core.Results.Result`2<SuperProxyClientV1Namespace.ModelListFullResponse, AiEditorToolsSdk.Domain.Core.Errors.ApiError>)
System.Runtime.CompilerServices.AsyncTaskMethodBuilder`1<AiEditorToolsSdk.Domain.Core.Results.Result`2<SuperProxyClientV1Namespace.ModelListFullResponse, AiEditorToolsSdk.Domain.Core.Errors.ApiError>>:SetResult (AiEditorToolsSdk.Domain.Core.Results.Result`2<SuperProxyClientV1Namespace.ModelListFullResponse, AiEditorToolsSdk.Domain.Core.Errors.ApiError>)
AiEditorToolsSdk.Application.InternalServices.ApiClientProcessor.ApiClientProcessorService/<ProcessApiRequest>d__5`1<SuperProxyClientV1Namespace.ModelListFullResponse>:MoveNext ()
System.Runtime.CompilerServices.AsyncMethodBuilderCore/MoveNextRunner:InvokeMoveNext (object)
System.Threading.ExecutionContext:RunInternal (System.Threading.ExecutionContext,System.Threading.ContextCallback,object,bool)
System.Threading.ExecutionContext:Run (System.Threading.ExecutionContext,System.Threading.ContextCallback,object,bool)
System.Runtime.CompilerServices.AsyncMethodBuilderCore/MoveNextRunner:Run ()
System.Threading.Tasks.AwaitTaskContinuation:InvokeAction (object)
System.Threading.Tasks.AwaitTaskContinuation:RunCallback (System.Threading.ContextCallback,object,System.Threading.Tasks.Task&)
System.Threading.Tasks.SynchronizationContextAwaitTaskContinuation:Run (System.Threading.Tasks.Task,bool)
System.Threading.Tasks.Task:FinishContinuations ()
System.Threading.Tasks.Task:FinishStageThree ()
System.Threading.Tasks.Task`1<AiEditorToolsSdk.Domain.Core.Results.Result`2<SuperProxyClientV1Namespace.ModelListFullResponse, AiEditorToolsSdk.Domain.Core.Errors.ApiError>>:TrySetResult (AiEditorToolsSdk.Domain.Core.Results.Result`2<SuperProxyClientV1Namespace.ModelListFullResponse, AiEditorToolsSdk.Domain.Core.Errors.ApiError>)
System.Runtime.CompilerServices.AsyncTaskMethodBuilder`1<AiEditorToolsSdk.Domain.Core.Results.Result`2<SuperProxyClientV1Namespace.ModelListFullResponse, AiEditorToolsSdk.Domain.Core.Errors.ApiError>>:SetResult (AiEditorToolsSdk.Domain.Core.Results.Result`2<SuperProxyClientV1Namespace.ModelListFullResponse, AiEditorToolsSdk.Domain.Core.Errors.ApiError>)
AiEditorToolsSdk.Application.InternalServices.ApiClientProcessor.ApiClientProcessorService/<ProcessApiRequestImpl>d__6`1<SuperProxyClientV1Namespace.ModelListFullResponse>:MoveNext ()
System.Runtime.CompilerServices.AsyncMethodBuilderCore/MoveNextRunner:InvokeMoveNext (object)
System.Threading.ExecutionContext:RunInternal (System.Threading.ExecutionContext,System.Threading.ContextCallback,object,bool)
System.Threading.ExecutionContext:Run (System.Threading.ExecutionContext,System.Threading.ContextCallback,object,bool)
System.Runtime.CompilerServices.AsyncMethodBuilderCore/MoveNextRunner:Run ()
System.Threading.Tasks.AwaitTaskContinuation:InvokeAction (object)
System.Threading.Tasks.AwaitTaskContinuation:RunCallback (System.Threading.ContextCallback,object,System.Threading.Tasks.Task&)
System.Threading.Tasks.SynchronizationContextAwaitTaskContinuation:Run (System.Threading.Tasks.Task,bool)
System.Threading.Tasks.Task:FinishContinuations ()
System.Threading.Tasks.Task:FinishStageThree ()
System.Threading.Tasks.Task:FinishStageTwo ()
System.Threading.Tasks.Task:Finish (bool)
System.Threading.Tasks.Task:TrySetException (object)
System.Runtime.CompilerServices.AsyncTaskMethodBuilder`1<SuperProxyClientV1Namespace.ModelListFullResponse>:SetException (System.Exception)
AiEditorToolsSdk.Application.Gateways.GenerativeModels.V2.GenerativeModelsGatewayV2/<>c__DisplayClass4_0/<<GetModelsAsync>b__0>d:MoveNext ()
System.Runtime.CompilerServices.AsyncMethodBuilderCore/MoveNextRunner:InvokeMoveNext (object)
System.Threading.ExecutionContext:RunInternal (System.Threading.ExecutionContext,System.Threading.ContextCallback,object,bool)
System.Threading.ExecutionContext:Run (System.Threading.ExecutionContext,System.Threading.ContextCallback,object,bool)
System.Runtime.CompilerServices.AsyncMethodBuilderCore/MoveNextRunner:Run ()
System.Threading.Tasks.SynchronizationContextAwaitTaskContinuation/<>c:<.cctor>b__7_0 (object)
UnityEngine.UnitySynchronizationContext/WorkRequest:Invoke ()
UnityEngine.UnitySynchronizationContext:Exec ()
UnityEngine.UnitySynchronizationContext:ExecuteTasks ()

(Filename: ./Library/PackageCache/com.unity.ai.assistant@c0127625258e/Modules/Unity.AI.ModelSelector/Services/Stores/Actions/ModelSelectorSuperProxyActions.cs Line: 495)

Error reason is 'NoSubscription' and no additional error information was provided (https://generators.ai.unity.com).
UnityEngine.Debug:ExtractStackTraceNoAlloc (byte*,int,string)
UnityEngine.StackTraceUtility:ExtractStackTrace ()
UnityEngine.DebugLogHandler:Internal_Log (UnityEngine.LogType,UnityEngine.LogOption,string,UnityEngine.Object)
UnityEngine.DebugLogHandler:LogFormat (UnityEngine.LogType,UnityEngine.Object,string,object[])
UnityEngine.Logger:Log (UnityEngine.LogType,object)
UnityEngine.Debug:Log (object)
Unity.AI.ModelSelector.Services.Stores.Actions.ModelSelectorSuperProxyActions/<>c/<<-cctor>b__8_0>d:MoveNext () (at ./Library/PackageCache/com.unity.ai.assistant@c0127625258e/Modules/Unity.AI.ModelSelector/Services/Stores/Actions/ModelSelectorSuperProxyActions.cs:495)
System.Runtime.CompilerServices.AsyncMethodBuilderCore/MoveNextRunner:InvokeMoveNext (object)
System.Threading.ExecutionContext:RunInternal (System.Threading.ExecutionContext,System.Threading.ContextCallback,object,bool)
System.Threading.ExecutionContext:Run (System.Threading.ExecutionContext,System.Threading.ContextCallback,object,bool)
System.Runtime.CompilerServices.AsyncMethodBuilderCore/MoveNextRunner:Run ()
System.Threading.Tasks.AwaitTaskContinuation:InvokeAction (object)
System.Threading.Tasks.AwaitTaskContinuation:RunCallback (System.Threading.ContextCallback,object,System.Threading.Tasks.Task&)
System.Threading.Tasks.SynchronizationContextAwaitTaskContinuation:Run (System.Threading.Tasks.Task,bool)
System.Threading.Tasks.Task:FinishContinuations ()
System.Threading.Tasks.Task:FinishStageThree ()
System.Threading.Tasks.Task`1<AiEditorToolsSdk.Components.Common.Responses.Wrappers.OperationResult`1<AiEditorToolsSdk.Components.GenerativeModels.Responses.ModelListV2.ModelListFullResult>>:TrySetResult (AiEditorToolsSdk.Components.Common.Responses.Wrappers.OperationResult`1<AiEditorToolsSdk.Components.GenerativeModels.Responses.ModelListV2.ModelListFullResult>)
System.Runtime.CompilerServices.AsyncTaskMethodBuilder`1<AiEditorToolsSdk.Components.Common.Responses.Wrappers.OperationResult`1<AiEditorToolsSdk.Components.GenerativeModels.Responses.ModelListV2.ModelListFullResult>>:SetResult (AiEditorToolsSdk.Components.Common.Responses.Wrappers.OperationResult`1<AiEditorToolsSdk.Components.GenerativeModels.Responses.ModelListV2.ModelListFullResult>)
AiEditorToolsSdk.Components.GenerativeModels.GenerativeModelsComponentV2/<GetModelsAsync>d__5:MoveNext ()
System.Runtime.CompilerServices.AsyncMethodBuilderCore/MoveNextRunner:InvokeMoveNext (object)
System.Threading.ExecutionContext:RunInternal (System.Threading.ExecutionContext,System.Threading.ContextCallback,object,bool)
System.Threading.ExecutionContext:Run (System.Threading.ExecutionContext,System.Threading.ContextCallback,object,bool)
System.Runtime.CompilerServices.AsyncMethodBuilderCore/MoveNextRunner:Run ()
System.Threading.Tasks.AwaitTaskContinuation:InvokeAction (object)
System.Threading.Tasks.AwaitTaskContinuation:RunCallback (System.Threading.ContextCallback,object,System.Threading.Tasks.Task&)
System.Threading.Tasks.SynchronizationContextAwaitTaskContinuation:Run (System.Threading.Tasks.Task,bool)
System.Threading.Tasks.Task:FinishContinuations ()
System.Threading.Tasks.Task:FinishStageThree ()
System.Threading.Tasks.Task`1<AiEditorToolsSdk.Components.Common.Responses.Wrappers.OperationResult`1<AiEditorToolsSdk.Components.GenerativeModels.Responses.ModelListV2.ModelListFullResult>>:TrySetResult (AiEditorToolsSdk.Components.Common.Responses.Wrappers.OperationResult`1<AiEditorToolsSdk.Components.GenerativeModels.Responses.ModelListV2.ModelListFullResult>)
System.Runtime.CompilerServices.AsyncTaskMethodBuilder`1<AiEditorToolsSdk.Components.Common.Responses.Wrappers.OperationResult`1<AiEditorToolsSdk.Components.GenerativeModels.Responses.ModelListV2.ModelListFullResult>>:SetResult (AiEditorToolsSdk.Components.Common.Responses.Wrappers.OperationResult`1<AiEditorToolsSdk.Components.GenerativeModels.Responses.ModelListV2.ModelListFullResult>)
AiEditorToolsSdk.Application.InternalServices.SdkOperation.SdkOperationService/<ExecuteRequest>d__4`1<AiEditorToolsSdk.Components.GenerativeModels.Responses.ModelListV2.ModelListFullResult>:MoveNext ()
System.Runtime.CompilerServices.AsyncMethodBuilderCore/MoveNextRunner:InvokeMoveNext (object)
System.Threading.ExecutionContext:RunInternal (System.Threading.ExecutionContext,System.Threading.ContextCallback,object,bool)
System.Threading.ExecutionContext:Run (System.Threading.ExecutionContext,System.Threading.ContextCallback,object,bool)
System.Runtime.CompilerServices.AsyncMethodBuilderCore/MoveNextRunner:Run ()
System.Threading.Tasks.AwaitTaskContinuation:InvokeAction (object)
System.Threading.Tasks.AwaitTaskContinuation:RunCallback (System.Threading.ContextCallback,object,System.Threading.Tasks.Task&)
System.Threading.Tasks.SynchronizationContextAwaitTaskContinuation:Run (System.Threading.Tasks.Task,bool)
System.Threading.Tasks.Task:FinishContinuations ()
System.Threading.Tasks.Task:FinishStageThree ()
System.Threading.Tasks.Task`1<AiEditorToolsSdk.Components.Common.Responses.Wrappers.OperationResult`1<AiEditorToolsSdk.Components.GenerativeModels.Responses.ModelListV2.ModelListFullResult>>:TrySetResult (AiEditorToolsSdk.Components.Common.Responses.Wrappers.OperationResult`1<AiEditorToolsSdk.Components.GenerativeModels.Responses.ModelListV2.ModelListFullResult>)
System.Runtime.CompilerServices.AsyncTaskMethodBuilder`1<AiEditorToolsSdk.Components.Common.Responses.Wrappers.OperationResult`1<AiEditorToolsSdk.Components.GenerativeModels.Responses.ModelListV2.ModelListFullResult>>:SetResult (AiEditorToolsSdk.Components.Common.Responses.Wrappers.OperationResult`1<AiEditorToolsSdk.Components.GenerativeModels.Responses.ModelListV2.ModelListFullResult>)
AiEditorToolsSdk.Application.Gateways.GenerativeModels.V2.GenerativeModelsGatewayV2/<GetModelsAsync>d__4:MoveNext ()
System.Runtime.CompilerServices.AsyncMethodBuilderCore/MoveNextRunner:InvokeMoveNext (object)
System.Threading.ExecutionContext:RunInternal (System.Threading.ExecutionContext,System.Threading.ContextCallback,object,bool)
System.Threading.ExecutionContext:Run (System.Threading.ExecutionContext,System.Threading.ContextCallback,object,bool)
System.Runtime.CompilerServices.AsyncMethodBuilderCore/MoveNextRunner:Run ()
System.Threading.Tasks.AwaitTaskContinuation:InvokeAction (object)
System.Threading.Tasks.AwaitTaskContinuation:RunCallback (System.Threading.ContextCallback,object,System.Threading.Tasks.Task&)
System.Threading.Tasks.SynchronizationContextAwaitTaskContinuation:Run (System.Threading.Tasks.Task,bool)
System.Threading.Tasks.Task:FinishContinuations ()
System.Threading.Tasks.Task:FinishStageThree ()
System.Threading.Tasks.Task`1<AiEditorToolsSdk.Domain.Core.Results.Result`2<SuperProxyClientV1Namespace.ModelListFullResponse, AiEditorToolsSdk.Domain.Core.Errors.ApiError>>:TrySetResult (AiEditorToolsSdk.Domain.Core.Results.Result`2<SuperProxyClientV1Namespace.ModelListFullResponse, AiEditorToolsSdk.Domain.Core.Errors.ApiError>)
System.Runtime.CompilerServices.AsyncTaskMethodBuilder`1<AiEditorToolsSdk.Domain.Core.Results.Result`2<SuperProxyClientV1Namespace.ModelListFullResponse, AiEditorToolsSdk.Domain.Core.Errors.ApiError>>:SetResult (AiEditorToolsSdk.Domain.Core.Results.Result`2<SuperProxyClientV1Namespace.ModelListFullResponse, AiEditorToolsSdk.Domain.Core.Errors.ApiError>)
AiEditorToolsSdk.Application.InternalServices.ApiClientProcessor.ApiClientProcessorService/<ProcessApiRequest>d__5`1<SuperProxyClientV1Namespace.ModelListFullResponse>:MoveNext ()
System.Runtime.CompilerServices.AsyncMethodBuilderCore/MoveNextRunner:InvokeMoveNext (object)
System.Threading.ExecutionContext:RunInternal (System.Threading.ExecutionContext,System.Threading.ContextCallback,object,bool)
System.Threading.ExecutionContext:Run (System.Threading.ExecutionContext,System.Threading.ContextCallback,object,bool)
System.Runtime.CompilerServices.AsyncMethodBuilderCore/MoveNextRunner:Run ()
System.Threading.Tasks.AwaitTaskContinuation:InvokeAction (object)
System.Threading.Tasks.AwaitTaskContinuation:RunCallback (System.Threading.ContextCallback,object,System.Threading.Tasks.Task&)
System.Threading.Tasks.SynchronizationContextAwaitTaskContinuation:Run (System.Threading.Tasks.Task,bool)
System.Threading.Tasks.Task:FinishContinuations ()
System.Threading.Tasks.Task:FinishStageThree ()
System.Threading.Tasks.Task`1<AiEditorToolsSdk.Domain.Core.Results.Result`2<SuperProxyClientV1Namespace.ModelListFullResponse, AiEditorToolsSdk.Domain.Core.Errors.ApiError>>:TrySetResult (AiEditorToolsSdk.Domain.Core.Results.Result`2<SuperProxyClientV1Namespace.ModelListFullResponse, AiEditorToolsSdk.Domain.Core.Errors.ApiError>)
System.Runtime.CompilerServices.AsyncTaskMethodBuilder`1<AiEditorToolsSdk.Domain.Core.Results.Result`2<SuperProxyClientV1Namespace.ModelListFullResponse, AiEditorToolsSdk.Domain.Core.Errors.ApiError>>:SetResult (AiEditorToolsSdk.Domain.Core.Results.Result`2<SuperProxyClientV1Namespace.ModelListFullResponse, AiEditorToolsSdk.Domain.Core.Errors.ApiError>)
AiEditorToolsSdk.Application.InternalServices.ApiClientProcessor.ApiClientProcessorService/<ProcessApiRequestImpl>d__6`1<SuperProxyClientV1Namespace.ModelListFullResponse>:MoveNext ()
System.Runtime.CompilerServices.AsyncMethodBuilderCore/MoveNextRunner:InvokeMoveNext (object)
System.Threading.ExecutionContext:RunInternal (System.Threading.ExecutionContext,System.Threading.ContextCallback,object,bool)
System.Threading.ExecutionContext:Run (System.Threading.ExecutionContext,System.Threading.ContextCallback,object,bool)
System.Runtime.CompilerServices.AsyncMethodBuilderCore/MoveNextRunner:Run ()
System.Threading.Tasks.AwaitTaskContinuation:InvokeAction (object)
System.Threading.Tasks.AwaitTaskContinuation:RunCallback (System.Threading.ContextCallback,object,System.Threading.Tasks.Task&)
System.Threading.Tasks.SynchronizationContextAwaitTaskContinuation:Run (System.Threading.Tasks.Task,bool)
System.Threading.Tasks.Task:FinishContinuations ()
System.Threading.Tasks.Task:FinishStageThree ()
System.Threading.Tasks.Task:FinishStageTwo ()
System.Threading.Tasks.Task:Finish (bool)
System.Threading.Tasks.Task:TrySetException (object)
System.Runtime.CompilerServices.AsyncTaskMethodBuilder`1<SuperProxyClientV1Namespace.ModelListFullResponse>:SetException (System.Exception)
AiEditorToolsSdk.Application.Gateways.GenerativeModels.V2.GenerativeModelsGatewayV2/<>c__DisplayClass4_0/<<GetModelsAsync>b__0>d:MoveNext ()
System.Runtime.CompilerServices.AsyncMethodBuilderCore/MoveNextRunner:InvokeMoveNext (object)
System.Threading.ExecutionContext:RunInternal (System.Threading.ExecutionContext,System.Threading.ContextCallback,object,bool)
System.Threading.ExecutionContext:Run (System.Threading.ExecutionContext,System.Threading.ContextCallback,object,bool)
System.Runtime.CompilerServices.AsyncMethodBuilderCore/MoveNextRunner:Run ()
System.Threading.Tasks.SynchronizationContextAwaitTaskContinuation/<>c:<.cctor>b__7_0 (object)
UnityEngine.UnitySynchronizationContext/WorkRequest:Invoke ()
UnityEngine.UnitySynchronizationContext:Exec ()
UnityEngine.UnitySynchronizationContext:ExecuteTasks ()

(Filename: ./Library/PackageCache/com.unity.ai.assistant@c0127625258e/Modules/Unity.AI.ModelSelector/Services/Stores/Actions/ModelSelectorSuperProxyActions.cs Line: 495)

Error reason is 'NoSubscription' and no additional error information was provided (https://generators.ai.unity.com).
UnityEngine.Debug:ExtractStackTraceNoAlloc (byte*,int,string)
UnityEngine.StackTraceUtility:ExtractStackTrace ()
UnityEngine.DebugLogHandler:Internal_Log (UnityEngine.LogType,UnityEngine.LogOption,string,UnityEngine.Object)
UnityEngine.DebugLogHandler:LogFormat (UnityEngine.LogType,UnityEngine.Object,string,object[])
UnityEngine.Logger:Log (UnityEngine.LogType,object)
UnityEngine.Debug:Log (object)
Unity.AI.ModelSelector.Services.Stores.Actions.ModelSelectorSuperProxyActions/<>c/<<-cctor>b__8_0>d:MoveNext () (at ./Library/PackageCache/com.unity.ai.assistant@c0127625258e/Modules/Unity.AI.ModelSelector/Services/Stores/Actions/ModelSelectorSuperProxyActions.cs:495)
System.Runtime.CompilerServices.AsyncMethodBuilderCore/MoveNextRunner:InvokeMoveNext (object)
System.Threading.ExecutionContext:RunInternal (System.Threading.ExecutionContext,System.Threading.ContextCallback,object,bool)
System.Threading.ExecutionContext:Run (System.Threading.ExecutionContext,System.Threading.ContextCallback,object,bool)
System.Runtime.CompilerServices.AsyncMethodBuilderCore/MoveNextRunner:Run ()
System.Threading.Tasks.AwaitTaskContinuation:InvokeAction (object)
System.Threading.Tasks.AwaitTaskContinuation:RunCallback (System.Threading.ContextCallback,object,System.Threading.Tasks.Task&)
System.Threading.Tasks.SynchronizationContextAwaitTaskContinuation:Run (System.Threading.Tasks.Task,bool)
System.Threading.Tasks.Task:FinishContinuations ()
System.Threading.Tasks.Task:FinishStageThree ()
System.Threading.Tasks.Task`1<AiEditorToolsSdk.Components.Common.Responses.Wrappers.OperationResult`1<AiEditorToolsSdk.Components.GenerativeModels.Responses.ModelListV2.ModelListFullResult>>:TrySetResult (AiEditorToolsSdk.Components.Common.Responses.Wrappers.OperationResult`1<AiEditorToolsSdk.Components.GenerativeModels.Responses.ModelListV2.ModelListFullResult>)
System.Runtime.CompilerServices.AsyncTaskMethodBuilder`1<AiEditorToolsSdk.Components.Common.Responses.Wrappers.OperationResult`1<AiEditorToolsSdk.Components.GenerativeModels.Responses.ModelListV2.ModelListFullResult>>:SetResult (AiEditorToolsSdk.Components.Common.Responses.Wrappers.OperationResult`1<AiEditorToolsSdk.Components.GenerativeModels.Responses.ModelListV2.ModelListFullResult>)
AiEditorToolsSdk.Components.GenerativeModels.GenerativeModelsComponentV2/<GetModelsAsync>d__5:MoveNext ()
System.Runtime.CompilerServices.AsyncMethodBuilderCore/MoveNextRunner:InvokeMoveNext (object)
System.Threading.ExecutionContext:RunInternal (System.Threading.ExecutionContext,System.Threading.ContextCallback,object,bool)
System.Threading.ExecutionContext:Run (System.Threading.ExecutionContext,System.Threading.ContextCallback,object,bool)
System.Runtime.CompilerServices.AsyncMethodBuilderCore/MoveNextRunner:Run ()
System.Threading.Tasks.AwaitTaskContinuation:InvokeAction (object)
System.Threading.Tasks.AwaitTaskContinuation:RunCallback (System.Threading.ContextCallback,object,System.Threading.Tasks.Task&)
System.Threading.Tasks.SynchronizationContextAwaitTaskContinuation:Run (System.Threading.Tasks.Task,bool)
System.Threading.Tasks.Task:FinishContinuations ()
System.Threading.Tasks.Task:FinishStageThree ()
System.Threading.Tasks.Task`1<AiEditorToolsSdk.Components.Common.Responses.Wrappers.OperationResult`1<AiEditorToolsSdk.Components.GenerativeModels.Responses.ModelListV2.ModelListFullResult>>:TrySetResult (AiEditorToolsSdk.Components.Common.Responses.Wrappers.OperationResult`1<AiEditorToolsSdk.Components.GenerativeModels.Responses.ModelListV2.ModelListFullResult>)
System.Runtime.CompilerServices.AsyncTaskMethodBuilder`1<AiEditorToolsSdk.Components.Common.Responses.Wrappers.OperationResult`1<AiEditorToolsSdk.Components.GenerativeModels.Responses.ModelListV2.ModelListFullResult>>:SetResult (AiEditorToolsSdk.Components.Common.Responses.Wrappers.OperationResult`1<AiEditorToolsSdk.Components.GenerativeModels.Responses.ModelListV2.ModelListFullResult>)
AiEditorToolsSdk.Application.InternalServices.SdkOperation.SdkOperationService/<ExecuteRequest>d__4`1<AiEditorToolsSdk.Components.GenerativeModels.Responses.ModelListV2.ModelListFullResult>:MoveNext ()
System.Runtime.CompilerServices.AsyncMethodBuilderCore/MoveNextRunner:InvokeMoveNext (object)
System.Threading.ExecutionContext:RunInternal (System.Threading.ExecutionContext,System.Threading.ContextCallback,object,bool)
System.Threading.ExecutionContext:Run (System.Threading.ExecutionContext,System.Threading.ContextCallback,object,bool)
System.Runtime.CompilerServices.AsyncMethodBuilderCore/MoveNextRunner:Run ()
System.Threading.Tasks.AwaitTaskContinuation:InvokeAction (object)
System.Threading.Tasks.AwaitTaskContinuation:RunCallback (System.Threading.ContextCallback,object,System.Threading.Tasks.Task&)
System.Threading.Tasks.SynchronizationContextAwaitTaskContinuation:Run (System.Threading.Tasks.Task,bool)
System.Threading.Tasks.Task:FinishContinuations ()
System.Threading.Tasks.Task:FinishStageThree ()
System.Threading.Tasks.Task`1<AiEditorToolsSdk.Components.Common.Responses.Wrappers.OperationResult`1<AiEditorToolsSdk.Components.GenerativeModels.Responses.ModelListV2.ModelListFullResult>>:TrySetResult (AiEditorToolsSdk.Components.Common.Responses.Wrappers.OperationResult`1<AiEditorToolsSdk.Components.GenerativeModels.Responses.ModelListV2.ModelListFullResult>)
System.Runtime.CompilerServices.AsyncTaskMethodBuilder`1<AiEditorToolsSdk.Components.Common.Responses.Wrappers.OperationResult`1<AiEditorToolsSdk.Components.GenerativeModels.Responses.ModelListV2.ModelListFullResult>>:SetResult (AiEditorToolsSdk.Components.Common.Responses.Wrappers.OperationResult`1<AiEditorToolsSdk.Components.GenerativeModels.Responses.ModelListV2.ModelListFullResult>)
AiEditorToolsSdk.Application.Gateways.GenerativeModels.V2.GenerativeModelsGatewayV2/<GetModelsAsync>d__4:MoveNext ()
System.Runtime.CompilerServices.AsyncMethodBuilderCore/MoveNextRunner:InvokeMoveNext (object)
System.Threading.ExecutionContext:RunInternal (System.Threading.ExecutionContext,System.Threading.ContextCallback,object,bool)
System.Threading.ExecutionContext:Run (System.Threading.ExecutionContext,System.Threading.ContextCallback,object,bool)
System.Runtime.CompilerServices.AsyncMethodBuilderCore/MoveNextRunner:Run ()
System.Threading.Tasks.AwaitTaskContinuation:InvokeAction (object)
System.Threading.Tasks.AwaitTaskContinuation:RunCallback (System.Threading.ContextCallback,object,System.Threading.Tasks.Task&)
System.Threading.Tasks.SynchronizationContextAwaitTaskContinuation:Run (System.Threading.Tasks.Task,bool)
System.Threading.Tasks.Task:FinishContinuations ()
System.Threading.Tasks.Task:FinishStageThree ()
System.Threading.Tasks.Task`1<AiEditorToolsSdk.Domain.Core.Results.Result`2<SuperProxyClientV1Namespace.ModelListFullResponse, AiEditorToolsSdk.Domain.Core.Errors.ApiError>>:TrySetResult (AiEditorToolsSdk.Domain.Core.Results.Result`2<SuperProxyClientV1Namespace.ModelListFullResponse, AiEditorToolsSdk.Domain.Core.Errors.ApiError>)
System.Runtime.CompilerServices.AsyncTaskMethodBuilder`1<AiEditorToolsSdk.Domain.Core.Results.Result`2<SuperProxyClientV1Namespace.ModelListFullResponse, AiEditorToolsSdk.Domain.Core.Errors.ApiError>>:SetResult (AiEditorToolsSdk.Domain.Core.Results.Result`2<SuperProxyClientV1Namespace.ModelListFullResponse, AiEditorToolsSdk.Domain.Core.Errors.ApiError>)
AiEditorToolsSdk.Application.InternalServices.ApiClientProcessor.ApiClientProcessorService/<ProcessApiRequest>d__5`1<SuperProxyClientV1Namespace.ModelListFullResponse>:MoveNext ()
System.Runtime.CompilerServices.AsyncMethodBuilderCore/MoveNextRunner:InvokeMoveNext (object)
System.Threading.ExecutionContext:RunInternal (System.Threading.ExecutionContext,System.Threading.ContextCallback,object,bool)
System.Threading.ExecutionContext:Run (System.Threading.ExecutionContext,System.Threading.ContextCallback,object,bool)
System.Runtime.CompilerServices.AsyncMethodBuilderCore/MoveNextRunner:Run ()
System.Threading.Tasks.AwaitTaskContinuation:InvokeAction (object)
System.Threading.Tasks.AwaitTaskContinuation:RunCallback (System.Threading.ContextCallback,object,System.Threading.Tasks.Task&)
System.Threading.Tasks.SynchronizationContextAwaitTaskContinuation:Run (System.Threading.Tasks.Task,bool)
System.Threading.Tasks.Task:FinishContinuations ()
System.Threading.Tasks.Task:FinishStageThree ()
System.Threading.Tasks.Task`1<AiEditorToolsSdk.Domain.Core.Results.Result`2<SuperProxyClientV1Namespace.ModelListFullResponse, AiEditorToolsSdk.Domain.Core.Errors.ApiError>>:TrySetResult (AiEditorToolsSdk.Domain.Core.Results.Result`2<SuperProxyClientV1Namespace.ModelListFullResponse, AiEditorToolsSdk.Domain.Core.Errors.ApiError>)
System.Runtime.CompilerServices.AsyncTaskMethodBuilder`1<AiEditorToolsSdk.Domain.Core.Results.Result`2<SuperProxyClientV1Namespace.ModelListFullResponse, AiEditorToolsSdk.Domain.Core.Errors.ApiError>>:SetResult (AiEditorToolsSdk.Domain.Core.Results.Result`2<SuperProxyClientV1Namespace.ModelListFullResponse, AiEditorToolsSdk.Domain.Core.Errors.ApiError>)
AiEditorToolsSdk.Application.InternalServices.ApiClientProcessor.ApiClientProcessorService/<ProcessApiRequestImpl>d__6`1<SuperProxyClientV1Namespace.ModelListFullResponse>:MoveNext ()
System.Runtime.CompilerServices.AsyncMethodBuilderCore/MoveNextRunner:InvokeMoveNext (object)
System.Threading.ExecutionContext:RunInternal (System.Threading.ExecutionContext,System.Threading.ContextCallback,object,bool)
System.Threading.ExecutionContext:Run (System.Threading.ExecutionContext,System.Threading.ContextCallback,object,bool)
System.Runtime.CompilerServices.AsyncMethodBuilderCore/MoveNextRunner:Run ()
System.Threading.Tasks.AwaitTaskContinuation:InvokeAction (object)
System.Threading.Tasks.AwaitTaskContinuation:RunCallback (System.Threading.ContextCallback,object,System.Threading.Tasks.Task&)
System.Threading.Tasks.SynchronizationContextAwaitTaskContinuation:Run (System.Threading.Tasks.Task,bool)
System.Threading.Tasks.Task:FinishContinuations ()
System.Threading.Tasks.Task:FinishStageThree ()
System.Threading.Tasks.Task:FinishStageTwo ()
System.Threading.Tasks.Task:Finish (bool)
System.Threading.Tasks.Task:TrySetException (object)
System.Runtime.CompilerServices.AsyncTaskMethodBuilder`1<SuperProxyClientV1Namespace.ModelListFullResponse>:SetException (System.Exception)
AiEditorToolsSdk.Application.Gateways.GenerativeModels.V2.GenerativeModelsGatewayV2/<>c__DisplayClass4_0/<<GetModelsAsync>b__0>d:MoveNext ()
System.Runtime.CompilerServices.AsyncMethodBuilderCore/MoveNextRunner:InvokeMoveNext (object)
System.Threading.ExecutionContext:RunInternal (System.Threading.ExecutionContext,System.Threading.ContextCallback,object,bool)
System.Threading.ExecutionContext:Run (System.Threading.ExecutionContext,System.Threading.ContextCallback,object,bool)
System.Runtime.CompilerServices.AsyncMethodBuilderCore/MoveNextRunner:Run ()
System.Threading.Tasks.SynchronizationContextAwaitTaskContinuation/<>c:<.cctor>b__7_0 (object)
UnityEngine.UnitySynchronizationContext/WorkRequest:Invoke ()
UnityEngine.UnitySynchronizationContext:Exec ()
UnityEngine.UnitySynchronizationContext:ExecuteTasks ()

(Filename: ./Library/PackageCache/com.unity.ai.assistant@c0127625258e/Modules/Unity.AI.ModelSelector/Services/Stores/Actions/ModelSelectorSuperProxyActions.cs Line: 495)

Error reason is 'NoSubscription' and no additional error information was provided (https://generators.ai.unity.com).
UnityEngine.Debug:ExtractStackTraceNoAlloc (byte*,int,string)
UnityEngine.StackTraceUtility:ExtractStackTrace ()
UnityEngine.DebugLogHandler:Internal_Log (UnityEngine.LogType,UnityEngine.LogOption,string,UnityEngine.Object)
UnityEngine.DebugLogHandler:LogFormat (UnityEngine.LogType,UnityEngine.Object,string,object[])
UnityEngine.Logger:Log (UnityEngine.LogType,object)
UnityEngine.Debug:Log (object)
Unity.AI.ModelSelector.Services.Stores.Actions.ModelSelectorSuperProxyActions/<>c/<<-cctor>b__8_0>d:MoveNext () (at ./Library/PackageCache/com.unity.ai.assistant@c0127625258e/Modules/Unity.AI.ModelSelector/Services/Stores/Actions/ModelSelectorSuperProxyActions.cs:495)
System.Runtime.CompilerServices.AsyncMethodBuilderCore/MoveNextRunner:InvokeMoveNext (object)
System.Threading.ExecutionContext:RunInternal (System.Threading.ExecutionContext,System.Threading.ContextCallback,object,bool)
System.Threading.ExecutionContext:Run (System.Threading.ExecutionContext,System.Threading.ContextCallback,object,bool)
System.Runtime.CompilerServices.AsyncMethodBuilderCore/MoveNextRunner:Run ()
System.Threading.Tasks.AwaitTaskContinuation:InvokeAction (object)
System.Threading.Tasks.AwaitTaskContinuation:RunCallback (System.Threading.ContextCallback,object,System.Threading.Tasks.Task&)
System.Threading.Tasks.SynchronizationContextAwaitTaskContinuation:Run (System.Threading.Tasks.Task,bool)
System.Threading.Tasks.Task:FinishContinuations ()
System.Threading.Tasks.Task:FinishStageThree ()
System.Threading.Tasks.Task`1<AiEditorToolsSdk.Components.Common.Responses.Wrappers.OperationResult`1<AiEditorToolsSdk.Components.GenerativeModels.Responses.ModelListV2.ModelListFullResult>>:TrySetResult (AiEditorToolsSdk.Components.Common.Responses.Wrappers.OperationResult`1<AiEditorToolsSdk.Components.GenerativeModels.Responses.ModelListV2.ModelListFullResult>)
System.Runtime.CompilerServices.AsyncTaskMethodBuilder`1<AiEditorToolsSdk.Components.Common.Responses.Wrappers.OperationResult`1<AiEditorToolsSdk.Components.GenerativeModels.Responses.ModelListV2.ModelListFullResult>>:SetResult (AiEditorToolsSdk.Components.Common.Responses.Wrappers.OperationResult`1<AiEditorToolsSdk.Components.GenerativeModels.Responses.ModelListV2.ModelListFullResult>)
AiEditorToolsSdk.Components.GenerativeModels.GenerativeModelsComponentV2/<GetModelsAsync>d__5:MoveNext ()
System.Runtime.CompilerServices.AsyncMethodBuilderCore/MoveNextRunner:InvokeMoveNext (object)
System.Threading.ExecutionContext:RunInternal (System.Threading.ExecutionContext,System.Threading.ContextCallback,object,bool)
System.Threading.ExecutionContext:Run (System.Threading.ExecutionContext,System.Threading.ContextCallback,object,bool)
System.Runtime.CompilerServices.AsyncMethodBuilderCore/MoveNextRunner:Run ()
System.Threading.Tasks.AwaitTaskContinuation:InvokeAction (object)
System.Threading.Tasks.AwaitTaskContinuation:RunCallback (System.Threading.ContextCallback,object,System.Threading.Tasks.Task&)
System.Threading.Tasks.SynchronizationContextAwaitTaskContinuation:Run (System.Threading.Tasks.Task,bool)
System.Threading.Tasks.Task:FinishContinuations ()
System.Threading.Tasks.Task:FinishStageThree ()
System.Threading.Tasks.Task`1<AiEditorToolsSdk.Components.Common.Responses.Wrappers.OperationResult`1<AiEditorToolsSdk.Components.GenerativeModels.Responses.ModelListV2.ModelListFullResult>>:TrySetResult (AiEditorToolsSdk.Components.Common.Responses.Wrappers.OperationResult`1<AiEditorToolsSdk.Components.GenerativeModels.Responses.ModelListV2.ModelListFullResult>)
System.Runtime.CompilerServices.AsyncTaskMethodBuilder`1<AiEditorToolsSdk.Components.Common.Responses.Wrappers.OperationResult`1<AiEditorToolsSdk.Components.GenerativeModels.Responses.ModelListV2.ModelListFullResult>>:SetResult (AiEditorToolsSdk.Components.Common.Responses.Wrappers.OperationResult`1<AiEditorToolsSdk.Components.GenerativeModels.Responses.ModelListV2.ModelListFullResult>)
AiEditorToolsSdk.Application.InternalServices.SdkOperation.SdkOperationService/<ExecuteRequest>d__4`1<AiEditorToolsSdk.Components.GenerativeModels.Responses.ModelListV2.ModelListFullResult>:MoveNext ()
System.Runtime.CompilerServices.AsyncMethodBuilderCore/MoveNextRunner:InvokeMoveNext (object)
System.Threading.ExecutionContext:RunInternal (System.Threading.ExecutionContext,System.Threading.ContextCallback,object,bool)
System.Threading.ExecutionContext:Run (System.Threading.ExecutionContext,System.Threading.ContextCallback,object,bool)
System.Runtime.CompilerServices.AsyncMethodBuilderCore/MoveNextRunner:Run ()
System.Threading.Tasks.AwaitTaskContinuation:InvokeAction (object)
System.Threading.Tasks.AwaitTaskContinuation:RunCallback (System.Threading.ContextCallback,object,System.Threading.Tasks.Task&)
System.Threading.Tasks.SynchronizationContextAwaitTaskContinuation:Run (System.Threading.Tasks.Task,bool)
System.Threading.Tasks.Task:FinishContinuations ()
System.Threading.Tasks.Task:FinishStageThree ()
System.Threading.Tasks.Task`1<AiEditorToolsSdk.Components.Common.Responses.Wrappers.OperationResult`1<AiEditorToolsSdk.Components.GenerativeModels.Responses.ModelListV2.ModelListFullResult>>:TrySetResult (AiEditorToolsSdk.Components.Common.Responses.Wrappers.OperationResult`1<AiEditorToolsSdk.Components.GenerativeModels.Responses.ModelListV2.ModelListFullResult>)
System.Runtime.CompilerServices.AsyncTaskMethodBuilder`1<AiEditorToolsSdk.Components.Common.Responses.Wrappers.OperationResult`1<AiEditorToolsSdk.Components.GenerativeModels.Responses.ModelListV2.ModelListFullResult>>:SetResult (AiEditorToolsSdk.Components.Common.Responses.Wrappers.OperationResult`1<AiEditorToolsSdk.Components.GenerativeModels.Responses.ModelListV2.ModelListFullResult>)
AiEditorToolsSdk.Application.Gateways.GenerativeModels.V2.GenerativeModelsGatewayV2/<GetModelsAsync>d__4:MoveNext ()
System.Runtime.CompilerServices.AsyncMethodBuilderCore/MoveNextRunner:InvokeMoveNext (object)
System.Threading.ExecutionContext:RunInternal (System.Threading.ExecutionContext,System.Threading.ContextCallback,object,bool)
System.Threading.ExecutionContext:Run (System.Threading.ExecutionContext,System.Threading.ContextCallback,object,bool)
System.Runtime.CompilerServices.AsyncMethodBuilderCore/MoveNextRunner:Run ()
System.Threading.Tasks.AwaitTaskContinuation:InvokeAction (object)
System.Threading.Tasks.AwaitTaskContinuation:RunCallback (System.Threading.ContextCallback,object,System.Threading.Tasks.Task&)
System.Threading.Tasks.SynchronizationContextAwaitTaskContinuation:Run (System.Threading.Tasks.Task,bool)
System.Threading.Tasks.Task:FinishContinuations ()
System.Threading.Tasks.Task:FinishStageThree ()
System.Threading.Tasks.Task`1<AiEditorToolsSdk.Domain.Core.Results.Result`2<SuperProxyClientV1Namespace.ModelListFullResponse, AiEditorToolsSdk.Domain.Core.Errors.ApiError>>:TrySetResult (AiEditorToolsSdk.Domain.Core.Results.Result`2<SuperProxyClientV1Namespace.ModelListFullResponse, AiEditorToolsSdk.Domain.Core.Errors.ApiError>)
System.Runtime.CompilerServices.AsyncTaskMethodBuilder`1<AiEditorToolsSdk.Domain.Core.Results.Result`2<SuperProxyClientV1Namespace.ModelListFullResponse, AiEditorToolsSdk.Domain.Core.Errors.ApiError>>:SetResult (AiEditorToolsSdk.Domain.Core.Results.Result`2<SuperProxyClientV1Namespace.ModelListFullResponse, AiEditorToolsSdk.Domain.Core.Errors.ApiError>)
AiEditorToolsSdk.Application.InternalServices.ApiClientProcessor.ApiClientProcessorService/<ProcessApiRequest>d__5`1<SuperProxyClientV1Namespace.ModelListFullResponse>:MoveNext ()
System.Runtime.CompilerServices.AsyncMethodBuilderCore/MoveNextRunner:InvokeMoveNext (object)
System.Threading.ExecutionContext:RunInternal (System.Threading.ExecutionContext,System.Threading.ContextCallback,object,bool)
System.Threading.ExecutionContext:Run (System.Threading.ExecutionContext,System.Threading.ContextCallback,object,bool)
System.Runtime.CompilerServices.AsyncMethodBuilderCore/MoveNextRunner:Run ()
System.Threading.Tasks.AwaitTaskContinuation:InvokeAction (object)
System.Threading.Tasks.AwaitTaskContinuation:RunCallback (System.Threading.ContextCallback,object,System.Threading.Tasks.Task&)
System.Threading.Tasks.SynchronizationContextAwaitTaskContinuation:Run (System.Threading.Tasks.Task,bool)
System.Threading.Tasks.Task:FinishContinuations ()
System.Threading.Tasks.Task:FinishStageThree ()
System.Threading.Tasks.Task`1<AiEditorToolsSdk.Domain.Core.Results.Result`2<SuperProxyClientV1Namespace.ModelListFullResponse, AiEditorToolsSdk.Domain.Core.Errors.ApiError>>:TrySetResult (AiEditorToolsSdk.Domain.Core.Results.Result`2<SuperProxyClientV1Namespace.ModelListFullResponse, AiEditorToolsSdk.Domain.Core.Errors.ApiError>)
System.Runtime.CompilerServices.AsyncTaskMethodBuilder`1<AiEditorToolsSdk.Domain.Core.Results.Result`2<SuperProxyClientV1Namespace.ModelListFullResponse, AiEditorToolsSdk.Domain.Core.Errors.ApiError>>:SetResult (AiEditorToolsSdk.Domain.Core.Results.Result`2<SuperProxyClientV1Namespace.ModelListFullResponse, AiEditorToolsSdk.Domain.Core.Errors.ApiError>)
AiEditorToolsSdk.Application.InternalServices.ApiClientProcessor.ApiClientProcessorService/<ProcessApiRequestImpl>d__6`1<SuperProxyClientV1Namespace.ModelListFullResponse>:MoveNext ()
System.Runtime.CompilerServices.AsyncMethodBuilderCore/MoveNextRunner:InvokeMoveNext (object)
System.Threading.ExecutionContext:RunInternal (System.Threading.ExecutionContext,System.Threading.ContextCallback,object,bool)
System.Threading.ExecutionContext:Run (System.Threading.ExecutionContext,System.Threading.ContextCallback,object,bool)
System.Runtime.CompilerServices.AsyncMethodBuilderCore/MoveNextRunner:Run ()
System.Threading.Tasks.AwaitTaskContinuation:InvokeAction (object)
System.Threading.Tasks.AwaitTaskContinuation:RunCallback (System.Threading.ContextCallback,object,System.Threading.Tasks.Task&)
System.Threading.Tasks.SynchronizationContextAwaitTaskContinuation:Run (System.Threading.Tasks.Task,bool)
System.Threading.Tasks.Task:FinishContinuations ()
System.Threading.Tasks.Task:FinishStageThree ()
System.Threading.Tasks.Task:FinishStageTwo ()
System.Threading.Tasks.Task:Finish (bool)
System.Threading.Tasks.Task:TrySetException (object)
System.Runtime.CompilerServices.AsyncTaskMethodBuilder`1<SuperProxyClientV1Namespace.ModelListFullResponse>:SetException (System.Exception)
AiEditorToolsSdk.Application.Gateways.GenerativeModels.V2.GenerativeModelsGatewayV2/<>c__DisplayClass4_0/<<GetModelsAsync>b__0>d:MoveNext ()
System.Runtime.CompilerServices.AsyncMethodBuilderCore/MoveNextRunner:InvokeMoveNext (object)
System.Threading.ExecutionContext:RunInternal (System.Threading.ExecutionContext,System.Threading.ContextCallback,object,bool)
System.Threading.ExecutionContext:Run (System.Threading.ExecutionContext,System.Threading.ContextCallback,object,bool)
System.Runtime.CompilerServices.AsyncMethodBuilderCore/MoveNextRunner:Run ()
System.Threading.Tasks.SynchronizationContextAwaitTaskContinuation/<>c:<.cctor>b__7_0 (object)
UnityEngine.UnitySynchronizationContext/WorkRequest:Invoke ()
UnityEngine.UnitySynchronizationContext:Exec ()
UnityEngine.UnitySynchronizationContext:ExecuteTasks ()

(Filename: ./Library/PackageCache/com.unity.ai.assistant@c0127625258e/Modules/Unity.AI.ModelSelector/Services/Stores/Actions/ModelSelectorSuperProxyActions.cs Line: 495)

[Licensing::Client] Error: Code 404 while processing request (status: Found 0 entitlement groups and 0 free entitlements matching requested entitlement ids)
Asset Pipeline Refresh (id=d16f65807aa24af46bc0de78a783bb4c): Total: 0.015 seconds - Initiated by RefreshV2(NoUpdateAssetOptions)
[Licensing::Client] Error: Code 404 while processing request (status: Found 0 entitlement groups and 0 free entitlements matching requested entitlement ids)
Asset Pipeline Refresh (id=ee414b10d37ddcd48bd9e4b0cfb825f9): Total: 0.003 seconds - Initiated by RefreshV2(NoUpdateAssetOptions)
[Licensing::Client] Error: Code 404 while processing request (status: Found 0 entitlement groups and 0 free entitlements matching requested entitlement ids)
TrimDiskCacheJob: Current cache size 0mb
Asset Pipeline Refresh (id=455bc0f5d1f7f5c42ab1855882c144fa): Total: 0.004 seconds - Initiated by RefreshV2(NoUpdateAssetOptions)
[Licensing::Client] Error: Code 404 while processing request (status: Found 0 entitlement groups and 0 free entitlements matching requested entitlement ids)
Asset Pipeline Refresh (id=a76f2e9b2d70029459f9dc1efc3cb725): Total: 0.004 seconds - Initiated by RefreshV2(NoUpdateAssetOptions)
Unloading 0 Unused Serialized files (Serialized files now loaded: 0)
Loaded scene 'Temp/__Backupscenes/0.backup'
	Deserialize:            0.757 ms
	Integration:            291.111 ms
	Integration of assets:  0.001 ms
	Thread Wait Time:       0.044 ms
	Total Operation Time:   291.913 ms
Unloading 9106 unused Assets / (4.5 MB). Loaded Objects now: 12547.
Memory consumption went from 0.80 GB to 0.79 GB.
Total: 41.432500 ms (FindLiveObjects: 0.925200 ms CreateObjectMapping: 4.435200 ms MarkObjects: 32.959400 ms  DeleteObjects: 3.111600 ms)

[Licensing::Client] Successfully resolved entitlement details
[Licensing::Client] Error: Code 404 while processing request (status: Found 0 entitlement groups and 0 free entitlements matching requested entitlement ids)
Asset Pipeline Refresh (id=cd56d99565a6a744bbd250b2e0e5c947): Total: 0.007 seconds - Initiated by RefreshV2(AllowForceSynchronousImport)
[Licensing::Client] Error: Code 404 while processing request (status: Found 0 entitlement groups and 0 free entitlements matching requested entitlement ids)
[Licensing::Client] Successfully resolved entitlement details
C:\build\output\Unity-Technologies\mono\mono\eglib\gpath.c:115: assertion 'filename != NULL' failed

[Licensing::Client] Successfully resolved entitlement details
[Licensing::Client] Successfully resolved entitlement details
[ScriptCompilation] Requested script compilation because: AssetDatabase observed changes in script compilation related files
Refreshing native plugins compatible for Editor in 3.19 ms, found 5 plugins.
Asset Pipeline Refresh (id=c5707ae9b7be6534486fe6b49adb3bed): Total: 0.153 seconds - Initiated by RefreshV2(NoUpdateAssetOptions)
info: Microsoft.AspNetCore.Hosting.Diagnostics[1]
      Request starting HTTP/2 POST http://ilpp/UnityILPP.PostProcessing/Ping - application/grpc -
info: Microsoft.AspNetCore.Routing.EndpointMiddleware[0]
      Executing endpoint 'gRPC - /UnityILPP.PostProcessing/Ping'
info: Microsoft.AspNetCore.Routing.EndpointMiddleware[1]
      Executed endpoint 'gRPC - /UnityILPP.PostProcessing/Ping'
info: Microsoft.AspNetCore.Hosting.Diagnostics[2]
      Request finished HTTP/2 POST http://ilpp/UnityILPP.PostProcessing/Ping - 200 - application/grpc 0.8248ms
Starting: C:\Program Files\Unity\Hub\Editor\6000.5.8f1\Editor\Data\Tools\BuildPipeline\bee_backend.exe --ipc --defer-dag-verification --dagfile="Library/Bee/1900b0aE.dag" --continue-on-failure --profile="Library/Bee/backend1.traceevents" ScriptAssemblies
WorkingDir: C:/Users/Len/Lenomation_V3
info: Microsoft.AspNetCore.Hosting.Diagnostics[1]
      Request starting HTTP/2 POST http://ilpp/UnityILPP.PostProcessing/ConfigurePostProcessors - application/grpc -
info: Microsoft.AspNetCore.Routing.EndpointMiddleware[0]
      Executing endpoint 'gRPC - /UnityILPP.PostProcessing/ConfigurePostProcessors'
info: Unity.ILPP.Runner.PostProcessingAssemblyLoadContext[0]
      Current configuration matches the requested one, skipping
info: Microsoft.AspNetCore.Routing.EndpointMiddleware[1]
      Executed endpoint 'gRPC - /UnityILPP.PostProcessing/ConfigurePostProcessors'
info: Microsoft.AspNetCore.Hosting.Diagnostics[2]
      Request finished HTTP/2 POST http://ilpp/UnityILPP.PostProcessing/ConfigurePostProcessors - 200 - application/grpc 5.4012ms
[Worker1] Imported GUID: 211fd68e1147e1747bc2db49e272c529 - Path: Assets/Scripts/Logistics/ConveyorPieceType.cs - Importer: PreviewImporter -> (ImportResultId: 'dc383ce5beed7b0ff40a30e7b7af4495') in 0.0344337 seconds
info: Microsoft.AspNetCore.Hosting.Diagnostics[1]
      Request starting HTTP/2 POST http://ilpp/UnityILPP.PostProcessing/PostProcessAssembly - application/grpc -
info: Microsoft.AspNetCore.Routing.EndpointMiddleware[0]
      Executing endpoint 'gRPC - /UnityILPP.PostProcessing/PostProcessAssembly'
info: Unity.ILPP.Runner.PostProcessingPipeline[0]
      Processing assembly Library/Bee/artifacts/1900b0aE.dag/Assembly-CSharp.dll, with 144 defines and 366 references
info: Unity.ILPP.Runner.PostProcessingPipeline[0]
      processors: Unity.Jobs.CodeGen.JobsILPostProcessor, zzzUnity.Burst.CodeGen.BurstILPostProcessor
info: Unity.ILPP.Runner.PostProcessingPipeline[0]
      running Unity.Jobs.CodeGen.JobsILPostProcessor
info: Unity.ILPP.Runner.PostProcessingAssemblyLoadContext[0]
      Resolved Unity.Collections, Version=0.0.0.0, Culture=neutral, PublicKeyToken=null with Library\Bee\artifacts\1900b0aE.dag\Unity.Collections.dll
info: Unity.ILPP.Runner.PostProcessingAssemblyLoadContext[0]
      Resolved UnityEditor.CoreModule, Version=0.0.0.0, Culture=neutral, PublicKeyToken=null with C:\Program Files\Unity\Hub\Editor\6000.5.8f1\Editor\Data\Managed\UnityEngine\UnityEditor.CoreModule.dll
info: Unity.ILPP.Runner.PostProcessingAssemblyLoadContext[0]
      Resolved UnityEngine.CoreModule, Version=0.0.0.0, Culture=neutral, PublicKeyToken=null with C:\Program Files\Unity\Hub\Editor\6000.5.8f1\Editor\Data\Managed\UnityEngine\UnityEngine.CoreModule.dll
info: Unity.ILPP.Runner.PostProcessingAssemblyLoadContext[0]
      Resolved Unity.Scripting, Version=0.0.0.0, Culture=neutral, PublicKeyToken=null with C:\Program Files\Unity\Hub\Editor\6000.5.8f1\Editor\Data\Managed\UnityEngine\Unity.Scripting.dll
info: Microsoft.AspNetCore.Hosting.Diagnostics[1]
      Request starting HTTP/2 POST http://ilpp/UnityILPP.PostProcessing/PostProcessAssembly - application/grpc -
info: Microsoft.AspNetCore.Routing.EndpointMiddleware[0]
      Executing endpoint 'gRPC - /UnityILPP.PostProcessing/PostProcessAssembly'
info: Unity.ILPP.Runner.PostProcessingPipeline[0]
      Processing assembly Library/Bee/artifacts/1900b0aE.dag/Assembly-CSharp-Editor.dll, with 142 defines and 390 references
info: Unity.ILPP.Runner.PostProcessingPipeline[0]
      processors: Unity.Jobs.CodeGen.JobsILPostProcessor, zzzUnity.Burst.CodeGen.BurstILPostProcessor
info: Unity.ILPP.Runner.PostProcessingPipeline[0]
      running Unity.Jobs.CodeGen.JobsILPostProcessor
info: Unity.ILPP.Runner.PostProcessingPipeline[0]
      running zzzUnity.Burst.CodeGen.BurstILPostProcessor
info: Unity.ILPP.Runner.PostProcessingPipeline[0]
      running zzzUnity.Burst.CodeGen.BurstILPostProcessor
info: Unity.ILPP.Runner.PostProcessingAssemblyLoadContext[0]
      Resolved Unity.Burst.Cecil.Rocks, Version=0.11.6.0, Culture=neutral, PublicKeyToken=50cebf1cceb9d05e with Library\PackageCache\com.unity.burst@2f3d916873ea\Unity.Burst.CodeGen\Unity.Burst.Cecil.Rocks.dll
info: Microsoft.AspNetCore.Routing.EndpointMiddleware[1]
      Executed endpoint 'gRPC - /UnityILPP.PostProcessing/PostProcessAssembly'
info: Microsoft.AspNetCore.Routing.EndpointMiddleware[1]
      Executed endpoint 'gRPC - /UnityILPP.PostProcessing/PostProcessAssembly'
info: Microsoft.AspNetCore.Hosting.Diagnostics[2]
      Request finished HTTP/2 POST http://ilpp/UnityILPP.PostProcessing/PostProcessAssembly - 200 - application/grpc 156.8131ms
info: Microsoft.AspNetCore.Hosting.Diagnostics[2]
      Request finished HTTP/2 POST http://ilpp/UnityILPP.PostProcessing/PostProcessAssembly - 200 - application/grpc 374.6855ms
ExitCode: 0 Duration: 2s286ms
[1191/1563  0s] ILPP-Configuration Library/ilpp-configuration.nevergeneratedoutput
[1555/1563  1s] Csc Library/Bee/artifacts/1900b0aE.dag/Assembly-CSharp.dll (+2 others)
[1556/1563  0s] Csc Library/Bee/artifacts/1900b0aE.dag/Assembly-CSharp-Editor.dll (+2 others)
[1557/1563  0s] ILPostProcess Library/Bee/artifacts/1900b0aE.dag/post-processed/Assembly-CSharp.dll (+pdb)
Processing assembly Library/Bee/artifacts/1900b0aE.dag/Assembly-CSharp.dll, with 144 defines and 366 references

processors: Unity.Jobs.CodeGen.JobsILPostProcessor, zzzUnity.Burst.CodeGen.BurstILPostProcessor

running Unity.Jobs.CodeGen.JobsILPostProcessor

running zzzUnity.Burst.CodeGen.BurstILPostProcessor
[1558/1563  0s] ILPostProcess Library/Bee/artifacts/1900b0aE.dag/post-processed/Assembly-CSharp-Editor.dll (+pdb)
Processing assembly Library/Bee/artifacts/1900b0aE.dag/Assembly-CSharp-Editor.dll, with 142 defines and 390 references

processors: Unity.Jobs.CodeGen.JobsILPostProcessor, zzzUnity.Burst.CodeGen.BurstILPostProcessor

running Unity.Jobs.CodeGen.JobsILPostProcessor

running zzzUnity.Burst.CodeGen.BurstILPostProcessor
[1559/1563  0s] CopyFiles Library/ScriptAssemblies/Assembly-CSharp.pdb
[1560/1563  0s] CopyFiles Library/ScriptAssemblies/Assembly-CSharp.dll
[1561/1563  0s] CopyFiles Library/ScriptAssemblies/Assembly-CSharp-Editor.pdb
[1562/1563  0s] CopyFiles Library/ScriptAssemblies/Assembly-CSharp-Editor.dll
*** Tundra build success (2.25 seconds), 9 items updated, 1563 evaluated
Reloading assemblies after finishing script compilation.
Reloading assemblies after forced synchronous recompile.
Begin MonoManager ReloadAssembly
[INFO ] [relay] log Domain reload signal received from client editor-31616-bba7wp
Total cache size 268137716
Total cache size after purge 268137716, took 00:00:00.4875480
[INFO ] [relay] log Client disconnected - blocking and caching for recovery
[WARN ] [relay] connection.lost clientId=null
[WARN ] [relay] log Client disconnected - sessions will persist until auto-shutdown, reason: Client disconnected
[INFO ] [relay] log Auto-shutdown timer started due to client disconnection
Symbol file LoadedFromMemory is not a mono symbol file
Symbol file LoadedFromMemory is not a mono symbol file
Refreshing native plugins compatible for Editor in 4.00 ms, found 5 plugins.
Native extension for WindowsStandalone target not found
Native extension for WebGL target not found
[MODES] ModeService[none].Initialize
[MODES] ModeService[none].LoadModes
Refreshing native plugins compatible for Editor in 3.13 ms, found 5 plugins.
[Licensing::Client] Error: Code 404 while processing request (status: Found 0 entitlement groups and 0 free entitlements matching requested entitlement ids)
ScheduleIndexationOnStartup MainProcess:True IndexOnStartup:True
Mono: successfully reloaded assembly
- Finished resetting the current domain, in  3.490 seconds
Domain Reload Profiling: 5426ms
	BeginReloadAssembly (1212ms)
		DisableScriptedObjects (153ms)
		CreateAndSetChildDomain (728ms)
	RebuildCommonClasses (11ms)
	RebuildNativeTypeToScriptingClass (15ms)
	initialDomainReloadingComplete (95ms)
	LoadAllAssembliesAndSetupDomain (602ms)
		LoadAssemblies (166ms)
		AnalyzeDomain (387ms)
			TypeCache.Refresh (13ms)
			BuildScriptInfoCaches (361ms)
			ResolveRequiredComponents (12ms)
	FinalizeReload (3492ms)
		SetupLoadedEditorAssemblies (0ms)
			BeforeProcessingInitializeOnLoad (239ms)
			ProcessInitializeOnLoadAttributes (936ms)
			ProcessInitializeOnLoadMethodAttributes (490ms)
			AfterProcessingInitializeOnLoad (5ms)
		AwakeInstancesAfterBackupRestoration (1213ms)
Importing 'GUID: 01aaf63520e4bbd499bd001fe7fcbfe7 - Path: Assets/Prefabs/Logistics/Conveyors/Straight/StraightConveyor_L1.prefab' with importer (PrefabImporter)
Imported 'GUID: 01aaf63520e4bbd499bd001fe7fcbfe7' -> (Import Result ID: '8b1efb5039e021d6950f6a93f6b7c95e') in 0.006 seconds [static and dynamic dependencies]. Details - ImportResultOutputID=b18213019bf21a01c6a14f0aa1745fd0 DependenciesID=6f6e959b707f51001eddbb817610c212 StaticDependenciesID=45dac97e7d0fe3c7d6eda49cdd9cad3b 
Importing 'GUID: 639da058b8f588d43a74341dfb128649 - Path: Assets/Prefabs/Logistics/Conveyors/Straight/StraightConveyor_L2.prefab' with importer (PrefabImporter)
Imported 'GUID: 639da058b8f588d43a74341dfb128649' -> (Import Result ID: 'df67f34c514e3f5f9e9d08f9e88e5474') in 0.002 seconds [static and dynamic dependencies]. Details - ImportResultOutputID=1b8fec68b1a34ef98ade9d931b43907c DependenciesID=92a9b8a149a8768620a02882128804b2 StaticDependenciesID=dd7556bcffb5e5ae73ad0cdb07a517de 
Importing 'GUID: 3827da66744c65443a89682cb23fd187 - Path: Assets/Prefabs/Logistics/Conveyors/Straight/StraightConveyor_L4.prefab' with importer (PrefabImporter)
Imported 'GUID: 3827da66744c65443a89682cb23fd187' -> (Import Result ID: 'c64e9cebb466ee1e8816b489aea41cc6') in 0.002 seconds [static and dynamic dependencies]. Details - ImportResultOutputID=fec00223f362e1444faae335cf94f557 DependenciesID=0aea0ce7722a45bf125ddec14a43c9c5 StaticDependenciesID=6a8f37aa55ea9e13087e684660324d34 
Importing 'GUID: 883b00e33de4a8c4690c5187ab596400 - Path: Assets/Prefabs/Logistics/Conveyors/Straight/StraightConveyor_L5.prefab' with importer (PrefabImporter)
Imported 'GUID: 883b00e33de4a8c4690c5187ab596400' -> (Import Result ID: '7d6b221fa4ffea03def837bbb91a0a32') in 0.003 seconds [static and dynamic dependencies]. Details - ImportResultOutputID=1eb992cd0254ec48e7f3ee588a97ccea DependenciesID=b2d4569b75388dbaa159edc4f2798205 StaticDependenciesID=5be7949a8f0e6c169db5a97344182aad 
Importing 'GUID: 7cc55c01dd2b6764ea1a70963567ba8a - Path: Assets/Prefabs/Logistics/Conveyors/EndCaps/EndCapConveyor.prefab' with importer (PrefabImporter)
Imported 'GUID: 7cc55c01dd2b6764ea1a70963567ba8a' -> (Import Result ID: '8d92f1a0196e2ea7fed88ca0b5e939f4') in 0.002 seconds [static and dynamic dependencies]. Details - ImportResultOutputID=d3a63666f11f7d4961670894290ac1ee DependenciesID=dfe69d114d52a7e486abdca57f650922 StaticDependenciesID=0fafbb4dd1f9b6cc050f7210dbca8a23 
Importing 'GUID: bf7b433b43e01174e91e876ac60410a7 - Path: Assets/Prefabs/Logistics/Conveyors/Straight/StraightConveyor_L3.prefab' with importer (PrefabImporter)
Imported 'GUID: bf7b433b43e01174e91e876ac60410a7' -> (Import Result ID: 'cb7a95086735db47df2614b8dd8a9111') in 0.004 seconds [static and dynamic dependencies]. Details - ImportResultOutputID=5289fac5da9dcca95104faec0bfaae84 DependenciesID=42a096eacff633b55c28e16b89036787 StaticDependenciesID=4c596d8761a1528ae4d9fe509cc422ab 
Refreshing native plugins compatible for Editor in 3.87 ms, found 5 plugins.

Asset Pipeline Refresh (id=5ad904b0b09c7db47acac4e3fff63bad): Total: 6.104 seconds - Initiated by StopAssetImportingV2(ForceSynchronousImport | ForceDomainReload)
	(Values over 0.05ms)
	Summary:
		Imports: total=6 (actual=6, local cache=0, cache server=0)
		Asset DB Process Time: managed=2 ms, native=3761 ms
		Asset DB Callback time: managed=307 ms, native=6 ms
		Scripting: domain reloads=1, domain reload time=2020 ms, compile time=5 ms, other=0 ms
		Project Asset Count: scripts=2148, non-scripts=5354
		Asset File Changes: new=0, changed=0, moved=0, deleted=0
		Scan Filter Count: 0
	InvokePackagesCallback: 1.999ms
	ApplyChangesToAssetFolders: 0.430ms
	Collect global state as custom dependencies: 3.058ms
	ProcessAssetsWithTransientArtifactChanges: 6.162ms
	CategorizeAssets: 86.083ms
	CompileScripts: 5.053ms
	ImportOutOfDateAssets: 3608.339ms (3516.955ms without children)
		ImportManagerImport: 29.144ms (3.222ms without children)
			UpdateCategorizedAssets: 0.072ms
		CollectScriptTypesHashes: 1.663ms
		ReloadNativeAssets: 0.928ms
		UnloadImportedAssets: 0.536ms
		ReloadImportedAssets: 4.215ms
		EnsureUptoDateAssetsAreRegisteredWithGuidPM: 1.153ms
		ImportSchedulerStart: 59.557ms
	PostProcessAllAssets: 309.096ms
		XRBuildSystem.XRAssetImported 0.740ms
		MonoPostProcessAllAssets: 307.851ms
			AssetReferenceReimportMonitor.OnPostprocessAllAssets 37.225ms
			UniversalRenderPipelineGlobalSettingsPostprocessor.OnPostprocessAllAssets 16.267ms
			BuilderAssetPostprocessor.OnPostprocessAllAssets 8.203ms
			AssetChangedListener.OnPostprocessAllAssets 5.929ms
			AssetPostprocessor.OnPostprocessAllAssets 4.918ms
			UVCSAssetPostprocessor.OnPostprocessAllAssets 4.599ms
			GraphRefreshPostprocessor.OnPostprocessAllAssets 2.681ms
			SpeedTree9Postprocessor.OnPostprocessAllAssets 2.613ms
			SpriteSlicePostprocessor.OnPostprocessAllAssets 2.406ms
			WindowAssetPostprocessingWatcher.OnPostprocessAllAssets 2.228ms
			SyncVS.PostprocessSyncProject 2.084ms
			ShaderGraphAssetPostProcessor.OnPostprocessAllAssets 1.373ms
			AssetChangeDetector.OnPostprocessAllAssets 1.223ms
			EditModeScopePostprocessor.OnPostprocessAllAssets 1.212ms
			RetainedModeAssetPostprocessor.OnPostprocessAllAssets 1.047ms
			RenderPipelineGlobalSettingsPostprocessor.OnPostprocessAllAssets 0.967ms
			MaterialPostprocessor.OnPostprocessAllAssets 0.917ms
			ArtifactBrowserPostProcessor.OnPostprocessAllAssets 0.750ms
			TMPro_TexturePostProcessor.OnPostprocessAllAssets 0.723ms
			SpriteEditorTexturePostprocessor.OnPostprocessAllAssets 0.659ms
			SkillsProjectAssetPostprocessor.OnPostprocessAllAssets 0.557ms
			ModelAssetProcessor.OnPostprocessAllAssets 0.490ms
			InputActionAssetPostprocessor.OnPostprocessAllAssets 0.451ms
			AudioMixerPostprocessor.OnPostprocessAllAssets 0.413ms
			ShaderReflectionAssetPostProcessor.OnPostprocessAllAssets 0.401ms
			TextAssetPostProcessor.OnPostprocessAllAssets 0.386ms
			SampleDependencyImporterPostProcessor.OnPostprocessAllAssets 0.362ms
			InputActionJsonNameModifierAssetProcessor.OnPostprocessAllAssets 0.361ms
			StyleCatalogPostProcessor.OnPostprocessAllAssets 0.341ms
			ReferencedClipsPostProcessor.OnPostprocessAllAssets 0.339ms
			PostProcessor.OnPostprocessAllAssets 0.293ms
			AssetEvents.OnPostprocessAllAssets 0.267ms
			ProjectSettingsPostprocessor.OnPostprocessAllAssets 0.222ms
			ConfigAssetsTracker.OnPostprocessAllAssets 0.217ms
			SpeedTreePostProcessor.OnPostprocessAllAssets 0.203ms
			AssetDatabaseCallbacks.OnPostprocessAllAssets 0.193ms
			TerrainToolbarOverlayPostProcessor.OnPostprocessAllAssets 0.177ms
			ScenarioDriftAssetsTracker.OnPostprocessAllAssets 0.171ms
			AssetReloadNotifier.OnPostprocessAllAssets 0.144ms
			SamplePostprocessor.OnPostprocessAllAssets 0.121ms
			AudioContainerPostProcessor.OnPostprocessAllAssets 0.092ms
			TrackSelectedAssetsProcessor.OnPostprocessAllAssets 0.079ms
	PostAssetChangesProfiler: 4.452ms
	GatherAllCurrentPrimaryImportResultRevisions: 0.352ms
	PersistCurrentRevisions: 0.418ms
	GenerateScriptTypeHashes: 3.567ms
	GenerateScriptTypeSerializationHashes: 6.015ms
	Untracked: 2072.579ms

[Licensing::Client] Error: Code 404 while processing request (status: Found 0 entitlement groups and 0 free entitlements matching requested entitlement ids)
[Licensing::Client] Successfully resolved entitlement details
[Licensing::Client] Successfully resolved entitlement details
[Licensing::Client] Successfully resolved entitlement details
[Licensing::Client] Successfully resolved entitlement details
[Licensing::Client] Successfully resolved entitlement details
[Licensing::Client] Error: Code 404 while processing request (status: Found 0 entitlement groups and 0 free entitlements matching requested entitlement ids)
[Licensing::Client] Error: Code 404 while processing request (status: Found 0 entitlement groups and 0 free entitlements matching requested entitlement ids)
[Licensing::Client] Error: Code 404 while processing request (status: Found 0 entitlement groups and 0 free entitlements matching requested entitlement ids)
[Licensing::Client] Error: Code 404 while processing request (status: Found 0 entitlement groups and 0 free entitlements matching requested entitlement ids)
UPID Received '0956883a-88ea-49b2-bde1-fe810ba60755'.
[Licensing::Client] Successfully resolved entitlement details
[Licensing::Client] Error: Code 404 while processing request (status: Found 0 entitlement groups and 0 free entitlements matching requested entitlement ids)
[Licensing::Client] Error: Code 404 while processing request (status: Found 0 entitlement groups and 0 free entitlements matching requested entitlement ids)
[Licensing::Client] Error: Code 404 while processing request (status: Found 0 entitlement groups and 0 free entitlements matching requested entitlement ids)
[Licensing::Client] Error: Code 404 while processing request (status: Found 0 entitlement groups and 0 free entitlements matching requested entitlement ids)
Asset Pipeline Refresh (id=4057ec312e9737c4fb85cd4644836105): Total: 0.015 seconds - Initiated by RefreshV2(AllowForceSynchronousImport)
[INFO ] [relay] log Unity client connected with ID: editor-31616-ecdbkp (relay 1.0.12-build.97)
[INFO ] [relay] connection.established clientId=editor-31616-ecdbkp port=9001
C:\build\output\Unity-Technologies\mono\mono\eglib\gpath.c:115: assertion 'filename != NULL' failed

[Licensing::Client] Error: Code 404 while processing request (status: Found 0 entitlement groups and 0 free entitlements matching requested entitlement ids)
[Worker0] Imported GUID: 98dfd508bc0085d4799c9bbf32321950 - Path: Assets/Scripts/Configs/ConveyorConfig.cs - Importer: PreviewImporter -> (ImportResultId: 'fd9bb2d42dabeb74824a36b10e1ba70e') in 0.0186702 seconds
[ScriptCompilation] Requested script compilation because: AssetDatabase observed changes in script compilation related files
Refreshing native plugins compatible for Editor in 3.89 ms, found 5 plugins.
Asset Pipeline Refresh (id=9164615669fa5574bba5c0ac1f4f3ec7): Total: 0.148 seconds - Initiated by RefreshV2(NoUpdateAssetOptions)
[Worker0] Imported GUID: 98dfd508bc0085d4799c9bbf32321950 - Path: Assets/Scripts/Configs/ConveyorConfig.cs - Importer: PreviewImporter -> (ImportResultId: '2d41eceece15f17c69beeb381d199d41') in 0.0148038 seconds
[ScriptCompilation] Requested script compilation because: AssetDatabase observed changes in script compilation related files
[Licensing::Client] Successfully resolved entitlement details
info: Microsoft.AspNetCore.Hosting.Diagnostics[1]
      Request starting HTTP/2 POST http://ilpp/UnityILPP.PostProcessing/Ping - application/grpc -
info: Microsoft.AspNetCore.Routing.EndpointMiddleware[0]
      Executing endpoint 'gRPC - /UnityILPP.PostProcessing/Ping'
info: Microsoft.AspNetCore.Routing.EndpointMiddleware[1]
      Executed endpoint 'gRPC - /UnityILPP.PostProcessing/Ping'
info: Microsoft.AspNetCore.Hosting.Diagnostics[2]
      Request finished HTTP/2 POST http://ilpp/UnityILPP.PostProcessing/Ping - 200 - application/grpc 0.2830ms
Starting: C:\Program Files\Unity\Hub\Editor\6000.5.8f1\Editor\Data\Tools\BuildPipeline\bee_backend.exe --ipc --defer-dag-verification --dagfile="Library/Bee/1900b0aE.dag" --continue-on-failure --profile="Library/Bee/backend1.traceevents" ScriptAssemblies
WorkingDir: C:/Users/Len/Lenomation_V3
info: Microsoft.AspNetCore.Hosting.Diagnostics[1]
      Request starting HTTP/2 POST http://ilpp/UnityILPP.PostProcessing/ConfigurePostProcessors - application/grpc -
info: Microsoft.AspNetCore.Routing.EndpointMiddleware[0]
      Executing endpoint 'gRPC - /UnityILPP.PostProcessing/ConfigurePostProcessors'
info: Unity.ILPP.Runner.PostProcessingAssemblyLoadContext[0]
      Current configuration matches the requested one, skipping
info: Microsoft.AspNetCore.Routing.EndpointMiddleware[1]
      Executed endpoint 'gRPC - /UnityILPP.PostProcessing/ConfigurePostProcessors'
info: Microsoft.AspNetCore.Hosting.Diagnostics[2]
      Request finished HTTP/2 POST http://ilpp/UnityILPP.PostProcessing/ConfigurePostProcessors - 200 - application/grpc 0.9014ms
info: Microsoft.AspNetCore.Hosting.Diagnostics[1]
      Request starting HTTP/2 POST http://ilpp/UnityILPP.PostProcessing/PostProcessAssembly - application/grpc -
info: Microsoft.AspNetCore.Routing.EndpointMiddleware[0]
      Executing endpoint 'gRPC - /UnityILPP.PostProcessing/PostProcessAssembly'
info: Unity.ILPP.Runner.PostProcessingPipeline[0]
      Processing assembly Library/Bee/artifacts/1900b0aE.dag/Assembly-CSharp.dll, with 144 defines and 366 references
info: Unity.ILPP.Runner.PostProcessingPipeline[0]
      processors: Unity.Jobs.CodeGen.JobsILPostProcessor, zzzUnity.Burst.CodeGen.BurstILPostProcessor
info: Unity.ILPP.Runner.PostProcessingPipeline[0]
      running Unity.Jobs.CodeGen.JobsILPostProcessor
info: Unity.ILPP.Runner.PostProcessingPipeline[0]
      running zzzUnity.Burst.CodeGen.BurstILPostProcessor
info: Microsoft.AspNetCore.Routing.EndpointMiddleware[1]
      Executed endpoint 'gRPC - /UnityILPP.PostProcessing/PostProcessAssembly'
info: Microsoft.AspNetCore.Hosting.Diagnostics[2]
      Request finished HTTP/2 POST http://ilpp/UnityILPP.PostProcessing/PostProcessAssembly - 200 - application/grpc 21.2674ms
info: Microsoft.AspNetCore.Hosting.Diagnostics[1]
      Request starting HTTP/2 POST http://ilpp/UnityILPP.PostProcessing/PostProcessAssembly - application/grpc -
info: Microsoft.AspNetCore.Routing.EndpointMiddleware[0]
      Executing endpoint 'gRPC - /UnityILPP.PostProcessing/PostProcessAssembly'
info: Unity.ILPP.Runner.PostProcessingPipeline[0]
      Processing assembly Library/Bee/artifacts/1900b0aE.dag/Assembly-CSharp-Editor.dll, with 142 defines and 390 references
info: Unity.ILPP.Runner.PostProcessingPipeline[0]
      processors: Unity.Jobs.CodeGen.JobsILPostProcessor, zzzUnity.Burst.CodeGen.BurstILPostProcessor
info: Unity.ILPP.Runner.PostProcessingPipeline[0]
      running Unity.Jobs.CodeGen.JobsILPostProcessor
info: Unity.ILPP.Runner.PostProcessingPipeline[0]
      running zzzUnity.Burst.CodeGen.BurstILPostProcessor
info: Microsoft.AspNetCore.Routing.EndpointMiddleware[1]
      Executed endpoint 'gRPC - /UnityILPP.PostProcessing/PostProcessAssembly'
info: Microsoft.AspNetCore.Hosting.Diagnostics[2]
      Request finished HTTP/2 POST http://ilpp/UnityILPP.PostProcessing/PostProcessAssembly - 200 - application/grpc 11.7012ms
ExitCode: 0 Duration: 0s757ms
[1191/1563  0s] ILPP-Configuration Library/ilpp-configuration.nevergeneratedoutput
[1555/1563  0s] Csc Library/Bee/artifacts/1900b0aE.dag/Assembly-CSharp.dll (+2 others)
[1556/1563  0s] ILPostProcess Library/Bee/artifacts/1900b0aE.dag/post-processed/Assembly-CSharp.dll (+pdb)
Processing assembly Library/Bee/artifacts/1900b0aE.dag/Assembly-CSharp.dll, with 144 defines and 366 references

processors: Unity.Jobs.CodeGen.JobsILPostProcessor, zzzUnity.Burst.CodeGen.BurstILPostProcessor

running Unity.Jobs.CodeGen.JobsILPostProcessor

running zzzUnity.Burst.CodeGen.BurstILPostProcessor
[1557/1563  0s] CopyFiles Library/ScriptAssemblies/Assembly-CSharp.pdb
[1558/1563  0s] CopyFiles Library/ScriptAssemblies/Assembly-CSharp.dll
[1559/1563  0s] Csc Library/Bee/artifacts/1900b0aE.dag/Assembly-CSharp-Editor.dll (+2 others)
[1560/1563  0s] ILPostProcess Library/Bee/artifacts/1900b0aE.dag/post-processed/Assembly-CSharp-Editor.dll (+pdb)
Processing assembly Library/Bee/artifacts/1900b0aE.dag/Assembly-CSharp-Editor.dll, with 142 defines and 390 references

processors: Unity.Jobs.CodeGen.JobsILPostProcessor, zzzUnity.Burst.CodeGen.BurstILPostProcessor

running Unity.Jobs.CodeGen.JobsILPostProcessor

running zzzUnity.Burst.CodeGen.BurstILPostProcessor
[1561/1563  0s] CopyFiles Library/ScriptAssemblies/Assembly-CSharp-Editor.dll
[1562/1563  0s] CopyFiles Library/ScriptAssemblies/Assembly-CSharp-Editor.pdb
*** Tundra build success (0.73 seconds), 9 items updated, 1563 evaluated
Reloading assemblies after forced synchronous recompile.
Begin MonoManager ReloadAssembly
[INFO ] [relay] log Domain reload signal received from client editor-31616-ecdbkp
Total cache size 268137716
Total cache size after purge 268137716, took 00:00:00.3022406
[INFO ] [relay] log Client disconnected - blocking and caching for recovery
[WARN ] [relay] connection.lost clientId=null
[WARN ] [relay] log Client disconnected - sessions will persist until auto-shutdown, reason: Client disconnected
[INFO ] [relay] log Auto-shutdown timer started due to client disconnection
Symbol file LoadedFromMemory is not a mono symbol file
Symbol file LoadedFromMemory is not a mono symbol file
Refreshing native plugins compatible for Editor in 2.97 ms, found 5 plugins.
Native extension for WindowsStandalone target not found
Native extension for WebGL target not found
[MODES] ModeService[none].Initialize
[MODES] ModeService[none].LoadModes
Refreshing native plugins compatible for Editor in 2.85 ms, found 5 plugins.
[Licensing::Client] Error: Code 404 while processing request (status: Found 0 entitlement groups and 0 free entitlements matching requested entitlement ids)
ScheduleIndexationOnStartup MainProcess:True IndexOnStartup:True
Mono: successfully reloaded assembly
- Finished resetting the current domain, in  3.215 seconds
Domain Reload Profiling: 5049ms
	BeginReloadAssembly (1181ms)
		DisableScriptedObjects (146ms)
		CreateAndSetChildDomain (720ms)
	RebuildCommonClasses (9ms)
	RebuildNativeTypeToScriptingClass (14ms)
	initialDomainReloadingComplete (116ms)
	LoadAllAssembliesAndSetupDomain (512ms)
		LoadAssemblies (147ms)
		AnalyzeDomain (330ms)
			TypeCache.Refresh (13ms)
			BuildScriptInfoCaches (306ms)
			ResolveRequiredComponents (9ms)
	FinalizeReload (3218ms)
		SetupLoadedEditorAssemblies (0ms)
			InitializePlatformSupportModulesInManaged (3ms)
			BeforeProcessingInitializeOnLoad (240ms)
			ProcessInitializeOnLoadAttributes (820ms)
			ProcessInitializeOnLoadMethodAttributes (504ms)
			AfterProcessingInitializeOnLoad (6ms)
		AwakeInstancesAfterBackupRestoration (1003ms)
Refreshing native plugins compatible for Editor in 2.72 ms, found 5 plugins.

Asset Pipeline Refresh (id=52f243edd817ca04a887a4a3eb966f60): Total: 6.648 seconds - Initiated by RefreshV2(AllowForceSynchronousImport)
	(Values over 0.05ms)
	Summary:
		Imports: total=0 (actual=0, local cache=0, cache server=0)
		Asset DB Process Time: managed=0 ms, native=3450 ms
		Asset DB Callback time: managed=251 ms, native=5 ms
		Scripting: domain reloads=1, domain reload time=1911 ms, compile time=1029 ms, other=0 ms
		Project Asset Count: scripts=2148, non-scripts=5354
		Asset File Changes: new=0, changed=5, moved=0, deleted=0
		Scan Filter Count: 0
	InvokePackagesCallback: 2.091ms
	ApplyChangesToAssetFolders: 0.451ms
	Scan: 21.812ms
	Collect global state as custom dependencies: 3.926ms
	OnSourceAssetsModified: 0.072ms
	CategorizeScriptCompilationAssets: 0.067ms
	ProcessAssetsWithTransientArtifactChanges: 7.762ms
	CategorizeAssets: 83.230ms
	CompileScripts: 1029.194ms
	ImportOutOfDateAssets: 3289.738ms (3237.502ms without children)
		CollectScriptTypesHashes: 1.078ms
		ReloadNativeAssets: 0.915ms
		UnloadImportedAssets: 0.128ms
		EnsureUptoDateAssetsAreRegisteredWithGuidPM: 0.935ms
		ImportSchedulerStart: 50.219ms
	PostProcessAllAssets: 252.696ms
		XRBuildSystem.XRAssetImported 0.594ms
		MonoPostProcessAllAssets: 251.513ms
			AssetReferenceReimportMonitor.OnPostprocessAllAssets 28.728ms
			UniversalRenderPipelineGlobalSettingsPostprocessor.OnPostprocessAllAssets 9.797ms
			BuilderAssetPostprocessor.OnPostprocessAllAssets 5.619ms
			AssetChangedListener.OnPostprocessAllAssets 4.899ms
			AssetPostprocessor.OnPostprocessAllAssets 3.970ms
			UVCSAssetPostprocessor.OnPostprocessAllAssets 3.391ms
			SpeedTree9Postprocessor.OnPostprocessAllAssets 2.770ms
			GraphRefreshPostprocessor.OnPostprocessAllAssets 2.503ms
			WindowAssetPostprocessingWatcher.OnPostprocessAllAssets 2.284ms
			SpriteSlicePostprocessor.OnPostprocessAllAssets 2.163ms
			SyncVS.PostprocessSyncProject 2.095ms
			ShaderGraphAssetPostProcessor.OnPostprocessAllAssets 1.513ms
			EditModeScopePostprocessor.OnPostprocessAllAssets 1.082ms
			RetainedModeAssetPostprocessor.OnPostprocessAllAssets 1.080ms
			SpriteEditorTexturePostprocessor.OnPostprocessAllAssets 0.897ms
			AssetChangeDetector.OnPostprocessAllAssets 0.797ms
			MaterialPostprocessor.OnPostprocessAllAssets 0.723ms
			RenderPipelineGlobalSettingsPostprocessor.OnPostprocessAllAssets 0.673ms
			TextAssetPostProcessor.OnPostprocessAllAssets 0.662ms
			ModelAssetProcessor.OnPostprocessAllAssets 0.596ms
			ArtifactBrowserPostProcessor.OnPostprocessAllAssets 0.577ms
			TMPro_TexturePostProcessor.OnPostprocessAllAssets 0.565ms
			SkillsProjectAssetPostprocessor.OnPostprocessAllAssets 0.402ms
			AudioMixerPostprocessor.OnPostprocessAllAssets 0.387ms
			InputActionAssetPostprocessor.OnPostprocessAllAssets 0.372ms
			SpeedTreePostProcessor.OnPostprocessAllAssets 0.350ms
			StyleCatalogPostProcessor.OnPostprocessAllAssets 0.313ms
			ShaderReflectionAssetPostProcessor.OnPostprocessAllAssets 0.312ms
			InputActionJsonNameModifierAssetProcessor.OnPostprocessAllAssets 0.278ms
			TerrainToolbarOverlayPostProcessor.OnPostprocessAllAssets 0.277ms
			SampleDependencyImporterPostProcessor.OnPostprocessAllAssets 0.251ms
			ReferencedClipsPostProcessor.OnPostprocessAllAssets 0.247ms
			PostProcessor.OnPostprocessAllAssets 0.227ms
			AssetEvents.OnPostprocessAllAssets 0.223ms
			SamplePostprocessor.OnPostprocessAllAssets 0.202ms
			AssetDatabaseCallbacks.OnPostprocessAllAssets 0.192ms
			ProjectSettingsPostprocessor.OnPostprocessAllAssets 0.192ms
			ScenarioDriftAssetsTracker.OnPostprocessAllAssets 0.167ms
			ConfigAssetsTracker.OnPostprocessAllAssets 0.160ms
			AssetReloadNotifier.OnPostprocessAllAssets 0.103ms
			AudioContainerPostProcessor.OnPostprocessAllAssets 0.080ms
			TrackSelectedAssetsProcessor.OnPostprocessAllAssets 0.055ms
	PostAssetChangesProfiler: 4.372ms
	GatherAllCurrentPrimaryImportResultRevisions: 0.497ms
	PersistCurrentRevisions: 0.279ms
	GenerateScriptTypeHashes: 9.052ms
	GenerateScriptTypeSerializationHashes: 16.803ms
	Untracked: 1947.431ms

[Licensing::Client] Error: Code 404 while processing request (status: Found 0 entitlement groups and 0 free entitlements matching requested entitlement ids)
[Licensing::Client] Error: Code 404 while processing request (status: Found 0 entitlement groups and 0 free entitlements matching requested entitlement ids)
[Licensing::Client] Successfully resolved entitlement details
[Licensing::Client] Successfully resolved entitlement details
[INFO ] [relay] log Unity client connected with ID: editor-31616-6n2ggq (relay 1.0.12-build.97)
[INFO ] [relay] connection.established clientId=editor-31616-6n2ggq port=9001
[Licensing::Client] Successfully resolved entitlement details
[Licensing::Client] Successfully resolved entitlement details
Importing 'GUID: 36c24ed04e4d0d54abe965c266b4a1f0 - Path: Assets/Prefabs/Logistics/Conveyors/Links' with importer (DefaultImporter)
Imported 'GUID: 36c24ed04e4d0d54abe965c266b4a1f0' -> (Import Result ID: 'bd86a489898752e685bff538bca5a37e') in 0.006 seconds [static dependencies only]. Details - ImportResultOutputID=85b555d7afe7f7adbc3d5aa1316a97da DependenciesID=8f1253103908a5c54af76acc93472d0e StaticDependenciesID=d2dad0a444e9aa802f9f1209a3fb98d2 
Refreshing native plugins compatible for Editor in 3.10 ms, found 5 plugins.
Asset Pipeline Refresh (id=8098fcf0b2127404f86bb02d62bc237c): Total: 0.123 seconds - Initiated by StopAssetImportingV2(NoUpdateAssetOptions)
Refreshing native plugins compatible for Editor in 3.04 ms, found 5 plugins.
Asset Pipeline Refresh (id=6a9464fe9195ac1419c285e6a7ae4ee7): Total: 0.106 seconds - Initiated by StopAssetImportingV2(NoUpdateAssetOptions)
Importing 'GUID: 0000000000000000b000000000000000 - Path: ProjectSettings/EditorBuildSettings.asset' with importer (LibraryAssetImporter)
Imported 'GUID: 0000000000000000b000000000000000' -> (Import Result ID: '7d3157b8516595d3fe3e1c15529eb700') in 0.001 seconds [static dependencies only]. Details - ImportResultOutputID=4647dd083cfc32cebcd7526e8846440c DependenciesID=92d1ef275d12fc8d4a22532f7e1c8a37 StaticDependenciesID=b947d7fca5e487827e3fc098c8741c44 
Refreshing native plugins compatible for Editor in 2.55 ms, found 5 plugins.
Asset Pipeline Refresh (id=b5b1d8dea9a02704ea5ec8f3309de034): Total: 0.084 seconds - Initiated by StopAssetImportingV2(NoUpdateAssetOptions)
Asset Pipeline Refresh (id=df97ff9bb0933f541ab362a7392ea121): Total: 0.011 seconds - Initiated by RefreshV2(NoUpdateAssetOptions)
Importing 'GUID: 97bae6a24f9131b44a026390c1d44eeb - Path: Assets/Prefabs/Logistics/Conveyors/Straight' with importer (DefaultImporter)
Imported 'GUID: 97bae6a24f9131b44a026390c1d44eeb' -> (Import Result ID: '66d25e3560b83e5bf1ed3144cdc4b663') in 0.002 seconds [static dependencies only]. Details - ImportResultOutputID=9b5a83e6a46e7792de8cb55a110aefd6 DependenciesID=6507e6dbad7ac3714a6cbbb6193f3217 StaticDependenciesID=c481036b3c37d22e567984357233a7e2 
Refreshing native plugins compatible for Editor in 3.21 ms, found 5 plugins.
Asset Pipeline Refresh (id=f2b774dcb2ca19245a1af11b53369153): Total: 0.102 seconds - Initiated by StopAssetImportingV2(NoUpdateAssetOptions)
Refreshing native plugins compatible for Editor in 2.99 ms, found 5 plugins.
Asset Pipeline Refresh (id=96e275f787976e94aa1c1c910e2290bb): Total: 0.095 seconds - Initiated by StopAssetImportingV2(NoUpdateAssetOptions)
Asset Pipeline Refresh (id=a8a8b5999eb61bf4ab8ba7d5876d6509): Total: 0.012 seconds - Initiated by RefreshV2(NoUpdateAssetOptions)
Importing 'GUID: c21e8565fffb708489172826efac19aa - Path: Assets/Prefabs/Logistics/Conveyors/EndCaps' with importer (DefaultImporter)
Imported 'GUID: c21e8565fffb708489172826efac19aa' -> (Import Result ID: '036fa1e5f713bfd3871e1ec903d5c014') in 0.003 seconds [static dependencies only]. Details - ImportResultOutputID=af5cebfb1824231064a20b7827f526e3 DependenciesID=11d9031d4bceda477a11c3f23c0bc4c6 StaticDependenciesID=6ab3c324d409b766f71aa46542e247a6 
Refreshing native plugins compatible for Editor in 2.77 ms, found 5 plugins.
Asset Pipeline Refresh (id=e05c191ae1c91dc4da83faa5874744e0): Total: 0.100 seconds - Initiated by StopAssetImportingV2(NoUpdateAssetOptions)
Refreshing native plugins compatible for Editor in 2.50 ms, found 5 plugins.
Asset Pipeline Refresh (id=016259c860565ec4588d14d2725af262): Total: 0.092 seconds - Initiated by StopAssetImportingV2(NoUpdateAssetOptions)
Asset Pipeline Refresh (id=b85bbd84a113b9b43aa47e88e092801d): Total: 0.011 seconds - Initiated by RefreshV2(NoUpdateAssetOptions)
Importing 'GUID: 36c24ed04e4d0d54abe965c266b4a1f0 - Path: Assets/Prefabs/Logistics/Conveyors/Links' with importer (DefaultImporter)
Imported 'GUID: 36c24ed04e4d0d54abe965c266b4a1f0' -> (Import Result ID: 'bd86a489898752e685bff538bca5a37e') in 0.002 seconds [static dependencies only]. Details - ImportResultOutputID=85b555d7afe7f7adbc3d5aa1316a97da DependenciesID=8f1253103908a5c54af76acc93472d0e StaticDependenciesID=d2dad0a444e9aa802f9f1209a3fb98d2 
Refreshing native plugins compatible for Editor in 3.08 ms, found 5 plugins.
Asset Pipeline Refresh (id=7996cc4583c5a304aa9fa75bfac33fe3): Total: 0.101 seconds - Initiated by StopAssetImportingV2(NoUpdateAssetOptions)
Asset Pipeline Refresh (id=ebc8b4092566476489700adaa6ff58d0): Total: 0.012 seconds - Initiated by RefreshV2(NoUpdateAssetOptions)
Refreshing native plugins compatible for Editor in 3.41 ms, found 5 plugins.
Asset Pipeline Refresh (id=78fb8dd89a175ff4d9abbe290c8a4b74): Total: 0.111 seconds - Initiated by StopAssetImportingV2(NoUpdateAssetOptions)
Importing 'GUID: 89c651fbff3012f4388a415d407e26a3 - Path: Assets/Prefabs/Logistics/Conveyors/Straight/GuardRail.prefab' with importer (PrefabImporter)
Imported 'GUID: 89c651fbff3012f4388a415d407e26a3' -> (Import Result ID: '87e1c0acba5b37ec4da339c78332217d') in 0.005 seconds [static dependencies only]. Details - ImportResultOutputID=e3dc64fb83d942342fad0f7a76a46e08 DependenciesID=9ebdb454724d6b2ff531b388bbb235bd StaticDependenciesID=fbb7a32bdfc4dcd3012aacf88b43dcb4 
Refreshing native plugins compatible for Editor in 3.07 ms, found 5 plugins.
Asset Pipeline Refresh (id=491c9ed3fbb8f91469bddad60c756cee): Total: 0.115 seconds - Initiated by StopAssetImportingV2(NoUpdateAssetOptions)
Refreshing native plugins compatible for Editor in 2.56 ms, found 5 plugins.
Asset Pipeline Refresh (id=324c0fe91784bac4891e4d9d223f0b7a): Total: 0.114 seconds - Initiated by StopAssetImportingV2(NoUpdateAssetOptions)
Importing 'GUID: e47f79482ab4e684388844ff3f1924e1 - Path: Assets/Prefabs/Logistics/Conveyors/EndCaps/EndCapGuardRail.prefab' with importer (PrefabImporter)
Imported 'GUID: e47f79482ab4e684388844ff3f1924e1' -> (Import Result ID: '1702d8bf5f81fca53e82b32c1c40e0b9') in 0.004 seconds [static dependencies only]. Details - ImportResultOutputID=20966afd87b07afe32bf5910293dde8c DependenciesID=95cc46cd1e3907799ba739d4cdf35125 StaticDependenciesID=4f0498fd30444afd354ad38ab59f217b 
Refreshing native plugins compatible for Editor in 2.57 ms, found 5 plugins.
Asset Pipeline Refresh (id=4a7ceb30cff11b640baf14eaebb7a525): Total: 0.117 seconds - Initiated by StopAssetImportingV2(NoUpdateAssetOptions)
Refreshing native plugins compatible for Editor in 2.91 ms, found 5 plugins.
Asset Pipeline Refresh (id=698808ac089d26e4ba6b99e31a200ba6): Total: 0.113 seconds - Initiated by StopAssetImportingV2(NoUpdateAssetOptions)
Refreshing native plugins compatible for Editor in 2.56 ms, found 5 plugins.
Asset Pipeline Refresh (id=75d29285720a91a4393f063e181fd89d): Total: 0.102 seconds - Initiated by StopAssetImportingV2(NoUpdateAssetOptions)
Importing 'GUID: fb12bfa7acecf0f49a84053334bd761f - Path: Assets/Prefabs/Logistics/Conveyors/Links/LinkMesh.asset' with importer (NativeFormatImporter)
Imported 'GUID: fb12bfa7acecf0f49a84053334bd761f' -> (Import Result ID: 'bf26abaa9fddb39fa4ec4d8c15ea7191') in 0.001 seconds [static dependencies only]. Details - ImportResultOutputID=8b2783e1bc571af43d77f633c239e7b2 DependenciesID=14c847dce73c0422f1e1927201b5b246 StaticDependenciesID=a1a0aeb7171882f17afe6c9836f78b9e 
Refreshing native plugins compatible for Editor in 2.40 ms, found 5 plugins.
Asset Pipeline Refresh (id=c4ed61b13e5d3cc4486d65cf55c732b6): Total: 0.113 seconds - Initiated by StopAssetImportingV2(NoUpdateAssetOptions)
Importing 'GUID: 4194239cb6c74934fa3996fd5e72e5a3 - Path: Assets/Materials/ConveyorTop.mat' with importer (NativeFormatImporter)
Imported 'GUID: 4194239cb6c74934fa3996fd5e72e5a3' -> (Import Result ID: 'ec536078d38d5bc1cbbe49106345acce') in 0.001 seconds [static dependencies only]. Details - ImportResultOutputID=3caa46c4e159def43acf0e585b0984a4 DependenciesID=f908ebc1314ee0d8bc8810367e70d024 StaticDependenciesID=e0a0d84477f93e77f3e9aa7a783996da 
Importing 'GUID: 91b1496d333e8574595ef9f50642f45a - Path: Assets/Materials/ConveyorGuardRail.mat' with importer (NativeFormatImporter)
Imported 'GUID: 91b1496d333e8574595ef9f50642f45a' -> (Import Result ID: 'e8f148633ef6ddd9d008f87c657c5110') in 0.001 seconds [static dependencies only]. Details - ImportResultOutputID=3972271e97b6ae8253e9eebde1af98ce DependenciesID=f4eceb7ace0768139b73068b51647409 StaticDependenciesID=3e4a7f0a6af400a9798e53fd5892e66a 
Importing 'GUID: 23db05cf8cc35354390211056b589b8c - Path: Assets/Materials/ConveyorEndCap.mat' with importer (NativeFormatImporter)
Imported 'GUID: 23db05cf8cc35354390211056b589b8c' -> (Import Result ID: 'c64341c3b724154f252e2676d3ab287b') in 0.001 seconds [static dependencies only]. Details - ImportResultOutputID=352c107f186ec979bc2e3d6d08f507c7 DependenciesID=bf552b1d639cd234ceebe3c9fe05f9b9 StaticDependenciesID=d3ab6691c6d194dffed713bc0be26c79 
Importing 'GUID: 7ca147e253c03b04c9b351aeca7064d1 - Path: Assets/Materials/ConveyorSide.mat' with importer (NativeFormatImporter)
Imported 'GUID: 7ca147e253c03b04c9b351aeca7064d1' -> (Import Result ID: 'c82f3faa25986a14321d9e76fd35bf1c') in 0.001 seconds [static dependencies only]. Details - ImportResultOutputID=5ec664f5e97a41aae605eefab098f1c7 DependenciesID=e49dc24384ddf8fccb947754b00e9fd6 StaticDependenciesID=b414efc9f9bb8c41d2c19daef5cc870b 
Importing 'GUID: edb06e9e5d5b93444b4687125d0ed5cd - Path: Assets/Materials/ConveyorBottom.mat' with importer (NativeFormatImporter)
Imported 'GUID: edb06e9e5d5b93444b4687125d0ed5cd' -> (Import Result ID: 'bd750a17100c7752e27a14555dff70e0') in 0.001 seconds [static dependencies only]. Details - ImportResultOutputID=d6dec9bcdd6c59398a936b60f2d24523 DependenciesID=a2787c7fd6da90f413aad22de35c2f26 StaticDependenciesID=d4aa3613c3f6c9a8e80ac26294c23ee1 
Importing 'GUID: 6ec9a06dda83478488989c47c4cafe3b - Path: Assets/Materials/ConveyorArrow.mat' with importer (NativeFormatImporter)
Imported 'GUID: 6ec9a06dda83478488989c47c4cafe3b' -> (Import Result ID: '3803b58f2438e8c664d0608422e733b3') in 0.001 seconds [static dependencies only]. Details - ImportResultOutputID=9bee318c8633e34910f2d00fd31d166f DependenciesID=603500e325ddf008e8caede7e7d2ac1e StaticDependenciesID=176203c8a4df5f0b82c106ee53ddb7a3 
Refreshing native plugins compatible for Editor in 2.73 ms, found 5 plugins.
Asset Pipeline Refresh (id=df25e57415756a943bb465f692d76287): Total: 0.085 seconds - Initiated by StopAssetImportingV2(NoUpdateAssetOptions)
Asset Pipeline Refresh (id=d524a803852b19242881d8846482eca2): Total: 0.012 seconds - Initiated by RefreshV2(NoUpdateAssetOptions)
Importing 'GUID: 01aaf63520e4bbd499bd001fe7fcbfe7 - Path: Assets/Prefabs/Logistics/Conveyors/Straight/StraightConveyor_L1.prefab' with importer (PrefabImporter)
Imported 'GUID: 01aaf63520e4bbd499bd001fe7fcbfe7' -> (Import Result ID: 'e8a5d731bfb5914cefd75cfcbb0ceddc') in 0.005 seconds [static and dynamic dependencies]. Details - ImportResultOutputID=b680c755dd9648710389c9e42d871360 DependenciesID=7d3b9bf916e53f1659ee9125bcc14426 StaticDependenciesID=4cd167ca7a9a1c6992e241f7b3b39988 
Refreshing native plugins compatible for Editor in 2.60 ms, found 5 plugins.
Asset Pipeline Refresh (id=2251b27fdfdd6b54bae2123668f56ed3): Total: 0.127 seconds - Initiated by StopAssetImportingV2(NoUpdateAssetOptions)
Importing 'GUID: 639da058b8f588d43a74341dfb128649 - Path: Assets/Prefabs/Logistics/Conveyors/Straight/StraightConveyor_L2.prefab' with importer (PrefabImporter)
Imported 'GUID: 639da058b8f588d43a74341dfb128649' -> (Import Result ID: 'f83bf621bf66143b4169dc9f0765ae42') in 0.005 seconds [static and dynamic dependencies]. Details - ImportResultOutputID=da823ef64938bb29c1cb85a224824d09 DependenciesID=b6dd98749a426ba6eeebe91cd16acb8c StaticDependenciesID=bcb45696b46a40ab47cf17d835f0eadb 
Refreshing native plugins compatible for Editor in 2.99 ms, found 5 plugins.
Asset Pipeline Refresh (id=b6abd0f9c7383cd49834340eba0fe348): Total: 0.112 seconds - Initiated by StopAssetImportingV2(NoUpdateAssetOptions)
Importing 'GUID: bf7b433b43e01174e91e876ac60410a7 - Path: Assets/Prefabs/Logistics/Conveyors/Straight/StraightConveyor_L3.prefab' with importer (PrefabImporter)
Imported 'GUID: bf7b433b43e01174e91e876ac60410a7' -> (Import Result ID: '99dfa1159bfa6a3aa57d6de2ab2936ad') in 0.005 seconds [static and dynamic dependencies]. Details - ImportResultOutputID=f3a1cbfd116596a3762c64528a7181f9 DependenciesID=4580241f2b9abdbbde319e13e8800493 StaticDependenciesID=a6d5b3fce849818b10cc372146293d58 
Refreshing native plugins compatible for Editor in 3.10 ms, found 5 plugins.
Asset Pipeline Refresh (id=12604668476d8b94c9780cb3b104862d): Total: 0.109 seconds - Initiated by StopAssetImportingV2(NoUpdateAssetOptions)
Importing 'GUID: 3827da66744c65443a89682cb23fd187 - Path: Assets/Prefabs/Logistics/Conveyors/Straight/StraightConveyor_L4.prefab' with importer (PrefabImporter)
Imported 'GUID: 3827da66744c65443a89682cb23fd187' -> (Import Result ID: '808ac19a5d7f6566ea17fa4d62840192') in 0.006 seconds [static and dynamic dependencies]. Details - ImportResultOutputID=9d2f85dc5e7e7d9aa76d6825efd0e037 DependenciesID=eff5b60089d05ed7803789e9567b25ac StaticDependenciesID=072c9e0353b35407c93ab4c681fcd23e 
Refreshing native plugins compatible for Editor in 2.55 ms, found 5 plugins.
Asset Pipeline Refresh (id=6d1aec0f56807f941a306e43708debc7): Total: 0.104 seconds - Initiated by StopAssetImportingV2(NoUpdateAssetOptions)
Importing 'GUID: 883b00e33de4a8c4690c5187ab596400 - Path: Assets/Prefabs/Logistics/Conveyors/Straight/StraightConveyor_L5.prefab' with importer (PrefabImporter)
Imported 'GUID: 883b00e33de4a8c4690c5187ab596400' -> (Import Result ID: '5195e5cf1aaad3adeeb748e449a248c1') in 0.006 seconds [static and dynamic dependencies]. Details - ImportResultOutputID=d47e6abfb06074f5cc0d74c9b013b92e DependenciesID=fd16059c8af82662dbecf87792264058 StaticDependenciesID=51a3f85f8834ce7cf1d50813b250c024 
Refreshing native plugins compatible for Editor in 3.00 ms, found 5 plugins.
Asset Pipeline Refresh (id=7abe838ae7abd4845ad703caa6de4f6d): Total: 0.104 seconds - Initiated by StopAssetImportingV2(NoUpdateAssetOptions)
Importing 'GUID: 7cc55c01dd2b6764ea1a70963567ba8a - Path: Assets/Prefabs/Logistics/Conveyors/EndCaps/EndCapConveyor.prefab' with importer (PrefabImporter)
Imported 'GUID: 7cc55c01dd2b6764ea1a70963567ba8a' -> (Import Result ID: '39da85cf60cca107fa76cfff895c5c80') in 0.005 seconds [static and dynamic dependencies]. Details - ImportResultOutputID=5f861ab83188dd7dcbd83edff05e08fd DependenciesID=cf1c963d29e68cbe9f30020db0e14b11 StaticDependenciesID=75a81cc14c6ac54115f3b3d3472bd921 
Refreshing native plugins compatible for Editor in 2.54 ms, found 5 plugins.
Asset Pipeline Refresh (id=e1a33a4f7419d274d86c32f690f5973e): Total: 0.103 seconds - Initiated by StopAssetImportingV2(NoUpdateAssetOptions)
Importing 'GUID: 7e7f4c662e3d60c4d95e9adc8054fdf7 - Path: Assets/Prefabs/Logistics/Conveyors/Links/LinkConveyor.prefab' with importer (PrefabImporter)
Imported 'GUID: 7e7f4c662e3d60c4d95e9adc8054fdf7' -> (Import Result ID: 'f367446f6053d9b2706350a10ca90a97') in 0.004 seconds [static and dynamic dependencies]. Details - ImportResultOutputID=337bf7a8d0a411b7e551c2922b7d3c8d DependenciesID=d6cd9610c484a93b8239f621fdd5f017 StaticDependenciesID=294f7a0ec49702a27d0e31976e247b2e 
Refreshing native plugins compatible for Editor in 2.59 ms, found 5 plugins.
Asset Pipeline Refresh (id=1f337713d05fece48b748a315fb6b1ad): Total: 0.102 seconds - Initiated by StopAssetImportingV2(NoUpdateAssetOptions)
Asset Pipeline Refresh (id=e29bb4941b8fdf54cbf687255498b28e): Total: 0.011 seconds - Initiated by RefreshV2(NoUpdateAssetOptions)
Conveyor prefabs rebuilt.
UnityEngine.Debug:ExtractStackTraceNoAlloc (byte*,int,string)
UnityEngine.StackTraceUtility:ExtractStackTrace ()
UnityEngine.DebugLogHandler:Internal_Log (UnityEngine.LogType,UnityEngine.LogOption,string,UnityEngine.Object)
UnityEngine.DebugLogHandler:LogFormat (UnityEngine.LogType,UnityEngine.Object,string,object[])
UnityEngine.Logger:Log (UnityEngine.LogType,object)
UnityEngine.Debug:Log (object)
ConveyorPrefabCreator:CreateConveyorPrefabs () (at Assets/Editor/ConveyorPrefabCreator.cs:75)

(Filename: Assets/Editor/ConveyorPrefabCreator.cs Line: 75)

[Licensing::Client] Successfully resolved entitlement details
[Licensing::Client] Error: Code 404 while processing request (status: Found 0 entitlement groups and 0 free entitlements matching requested entitlement ids)
[Licensing::Client] Error: Code 404 while processing request (status: Found 0 entitlement groups and 0 free entitlements matching requested entitlement ids)
[Licensing::Client] Error: Code 404 while processing request (status: Found 0 entitlement groups and 0 free entitlements matching requested entitlement ids)
[Licensing::Client] Error: Code 404 while processing request (status: Found 0 entitlement groups and 0 free entitlements matching requested entitlement ids)
[Licensing::Client] Error: Code 404 while processing request (status: Found 0 entitlement groups and 0 free entitlements matching requested entitlement ids)
[Licensing::Client] Error: Code 404 while processing request (status: Found 0 entitlement groups and 0 free entitlements matching requested entitlement ids)
UPID Received '0956883a-88ea-49b2-bde1-fe810ba60755'.
[Licensing::Client] Successfully resolved entitlement details
[Licensing::Client] Error: Code 404 while processing request (status: Found 0 entitlement groups and 0 free entitlements matching requested entitlement ids)
[Licensing::Client] Error: Code 404 while processing request (status: Found 0 entitlement groups and 0 free entitlements matching requested entitlement ids)
Reloading assemblies for play mode.
Reloading assemblies after forced synchronous recompile.
Begin MonoManager ReloadAssembly
[INFO ] [relay] log Domain reload signal received from client editor-31616-6n2ggq
[INFO ] [relay] log Client disconnected - blocking and caching for recovery
[WARN ] [relay] connection.lost clientId=null
[WARN ] [relay] log Client disconnected - sessions will persist until auto-shutdown, reason: Client disconnected
[INFO ] [relay] log Auto-shutdown timer started due to client disconnection
Symbol file LoadedFromMemory is not a mono symbol file
Symbol file LoadedFromMemory is not a mono symbol file
Refreshing native plugins compatible for Editor in 2.84 ms, found 5 plugins.
Native extension for WindowsStandalone target not found
Native extension for WebGL target not found
[Licensing::Client] Error: Code 404 while processing request (status: Found 0 entitlement groups and 0 free entitlements matching requested entitlement ids)
ScheduleIndexationOnStartup MainProcess:True IndexOnStartup:True
[MODES] ModeService[none].Initialize
[MODES] ModeService[none].LoadModes
Refreshing native plugins compatible for Editor in 3.40 ms, found 5 plugins.
Mono: successfully reloaded assembly
- Finished resetting the current domain, in  3.042 seconds
Domain Reload Profiling: 4127ms
	BeginReloadAssembly (796ms)
		DisableScriptedObjects (86ms)
		CreateAndSetChildDomain (529ms)
	RebuildCommonClasses (9ms)
	RebuildNativeTypeToScriptingClass (14ms)
	initialDomainReloadingComplete (78ms)
	LoadAllAssembliesAndSetupDomain (185ms)
		LoadAssemblies (125ms)
		AnalyzeDomain (22ms)
			TypeCache.Refresh (9ms)
			ResolveRequiredComponents (9ms)
	FinalizeReload (3045ms)
		SetupLoadedEditorAssemblies (0ms)
			BeforeProcessingInitializeOnLoad (107ms)
			ProcessInitializeOnLoadAttributes (826ms)
			ProcessInitializeOnLoadMethodAttributes (441ms)
			AfterProcessingInitializeOnLoad (5ms)
		AwakeInstancesAfterBackupRestoration (1032ms)

Asset Pipeline Refresh (id=4b06b030930f0f643a19c1e5dc381ea9): Total: 4.403 seconds - Initiated by StopAssetImportingV2(ForceSynchronousImport | ForceDomainReload)
	(Values over 0.05ms)
	Summary:
		Imports: total=0 (actual=0, local cache=0, cache server=0)
		Asset DB Process Time: managed=0 ms, native=3234 ms
		Asset DB Callback time: managed=28 ms, native=0 ms
		Scripting: domain reloads=1, domain reload time=1137 ms, compile time=2 ms, other=0 ms
		Project Asset Count: scripts=2149, non-scripts=5356
		Asset File Changes: new=0, changed=0, moved=0, deleted=0
		Scan Filter Count: 0
	InvokePackagesCallback: 1.596ms
	ApplyChangesToAssetFolders: 0.320ms
	Collect global state as custom dependencies: 2.898ms
	ProcessAssetsWithTransientArtifactChanges: 0.161ms
	CategorizeAssets: 75.822ms
	CompileScripts: 2.126ms
	ImportOutOfDateAssets: 3114.862ms (3063.515ms without children)
		CollectScriptTypesHashes: 0.661ms
		ReloadNativeAssets: 1.024ms
		UnloadImportedAssets: 0.170ms
		EnsureUptoDateAssetsAreRegisteredWithGuidPM: 0.899ms
		ImportSchedulerStart: 49.216ms
	PostProcessAllAssets: 28.354ms
		MonoPostProcessAllAssets: 28.351ms
			UniversalRenderPipelineGlobalSettingsPostprocessor.OnPostprocessAllAssets 9.069ms
			SyncVS.PostprocessSyncProject 1.900ms
			SpeedTree9Postprocessor.OnPostprocessAllAssets 1.782ms
			GraphRefreshPostprocessor.OnPostprocessAllAssets 1.753ms
			WindowAssetPostprocessingWatcher.OnPostprocessAllAssets 1.418ms
			AssetChangeDetector.OnPostprocessAllAssets 0.874ms
			RenderPipelineGlobalSettingsPostprocessor.OnPostprocessAllAssets 0.662ms
			UVCSAssetPostprocessor.OnPostprocessAllAssets 0.590ms
			ShaderReflectionAssetPostProcessor.OnPostprocessAllAssets 0.329ms
			EditModeScopePostprocessor.OnPostprocessAllAssets 0.248ms
			InputActionAssetPostprocessor.OnPostprocessAllAssets 0.240ms
			ReferencedClipsPostProcessor.OnPostprocessAllAssets 0.228ms
			ProjectSettingsPostprocessor.OnPostprocessAllAssets 0.216ms
			TerrainToolbarOverlayPostProcessor.OnPostprocessAllAssets 0.126ms
			AssetDatabaseCallbacks.OnPostprocessAllAssets 0.126ms
			ModelAssetProcessor.OnPostprocessAllAssets 0.109ms
			SpriteEditorTexturePostprocessor.OnPostprocessAllAssets 0.095ms
	GatherAllCurrentPrimaryImportResultRevisions: 0.270ms
	PersistCurrentRevisions: 0.220ms
	GenerateScriptTypeHashes: 6.009ms
	GenerateScriptTypeSerializationHashes: 11.185ms
	Untracked: 1171.164ms

Loaded scene 'Temp/__Backupscenes/0.backup'
	Deserialize:            0.882 ms
	Integration:            859.364 ms
	Integration of assets:  0.001 ms
	Thread Wait Time:       0.041 ms
	Total Operation Time:   860.289 ms
[Licensing::Client] Error: Code 404 while processing request (status: Found 0 entitlement groups and 0 free entitlements matching requested entitlement ids)
[Licensing::Client] Successfully resolved entitlement details
[Licensing::Client] Successfully resolved entitlement details
[INFO ] [relay] log Unity client connected with ID: editor-31616-dkupil (relay 1.0.12-build.97)
[INFO ] [relay] connection.established clientId=editor-31616-dkupil port=9001
[Licensing::Client] Successfully resolved entitlement details
[Licensing::Client] Successfully resolved entitlement details
[Licensing::Client] Successfully resolved entitlement details
Asset Pipeline Refresh (id=8094abe2388d5af4582a176931bc205b): Total: 0.015 seconds - Initiated by RefreshV2(NoUpdateAssetOptions)
Asset Pipeline Refresh (id=4cadd5fc6e034f2409b0f5c8662c862c): Total: 0.003 seconds - Initiated by RefreshV2(NoUpdateAssetOptions)
[Licensing::Client] Error: Code 404 while processing request (status: Found 0 entitlement groups and 0 free entitlements matching requested entitlement ids)
Asset Pipeline Refresh (id=d1d76b0a1fedba6479498b070089b0d3): Total: 0.003 seconds - Initiated by RefreshV2(NoUpdateAssetOptions)
[Licensing::Client] Error: Code 404 while processing request (status: Found 0 entitlement groups and 0 free entitlements matching requested entitlement ids)
Asset Pipeline Refresh (id=3fa16880f7c7d2543a5d271bec30329d): Total: 0.004 seconds - Initiated by RefreshV2(NoUpdateAssetOptions)
[Licensing::Client] Error: Code 404 while processing request (status: Found 0 entitlement groups and 0 free entitlements matching requested entitlement ids)
Asset Pipeline Refresh (id=922016e155195dd4486f6ea42d649a38): Total: 0.006 seconds - Initiated by RefreshV2(NoUpdateAssetOptions)
Unloading 0 Unused Serialized files (Serialized files now loaded: 0)
Loaded scene 'Temp/__Backupscenes/0.backup'
	Deserialize:            0.849 ms
	Integration:            271.986 ms
	Integration of assets:  0.002 ms
	Thread Wait Time:       0.014 ms
	Total Operation Time:   272.850 ms
Unloading 151 unused Assets / (18.3 MB). Loaded Objects now: 12682.
Memory consumption went from 0.85 GB to 0.83 GB.
Total: 42.104200 ms (FindLiveObjects: 0.633100 ms CreateObjectMapping: 2.158600 ms MarkObjects: 32.965000 ms  DeleteObjects: 6.345600 ms)

[Licensing::Client] Successfully resolved entitlement details
[Licensing::Client] Error: Code 404 while processing request (status: Found 0 entitlement groups and 0 free entitlements matching requested entitlement ids)
[ScriptCompilation] Requested script compilation because: AssetDatabase observed changes in script compilation related files
Refreshing native plugins compatible for Editor in 2.63 ms, found 5 plugins.

Asset Pipeline Refresh (id=7b0b944791159544bb609e8340c5b79f): Total: 0.369 seconds - Initiated by RefreshV2(NoUpdateAssetOptions)
	(Values over 0.05ms)
	Summary:
		Imports: total=0 (actual=0, local cache=0, cache server=0)
		Asset DB Process Time: managed=0 ms, native=120 ms
		Asset DB Callback time: managed=238 ms, native=8 ms
		Scripting: domain reloads=0, domain reload time=0 ms, compile time=1 ms, other=0 ms
		Project Asset Count: scripts=2149, non-scripts=5356
		Asset File Changes: new=0, changed=1, moved=0, deleted=0
		Scan Filter Count: 0
	ApplyChangesToAssetFolders: 0.177ms
	Scan: 11.380ms
	Collect global state as custom dependencies: 0.537ms
	OnSourceAssetsModified: 0.805ms
	CategorizeScriptCompilationAssets: 0.050ms
	ProcessAssetsWithTransientArtifactChanges: 0.316ms
	CategorizeAssets: 28.270ms
	CompileScripts: 0.839ms
	ImportOutOfDateAssets: 63.540ms (11.229ms without children)
		ReloadNativeAssets: 0.055ms
		UnloadImportedAssets: 0.076ms
		EnsureUptoDateAssetsAreRegisteredWithGuidPM: 0.703ms
		ImportSchedulerStart: 51.473ms
	PostProcessAllAssets: 243.538ms
		XRBuildSystem.XRAssetImported 5.323ms
		MonoPostProcessAllAssets: 237.731ms
			AssetReferenceReimportMonitor.OnPostprocessAllAssets 28.068ms
			AssetChangedListener.OnPostprocessAllAssets 6.374ms
			BuilderAssetPostprocessor.OnPostprocessAllAssets 5.380ms
			AssetPostprocessor.OnPostprocessAllAssets 4.507ms
			UVCSAssetPostprocessor.OnPostprocessAllAssets 2.675ms
			SpriteSlicePostprocessor.OnPostprocessAllAssets 2.268ms
			RetainedModeAssetPostprocessor.OnPostprocessAllAssets 1.809ms
			ShaderGraphAssetPostProcessor.OnPostprocessAllAssets 1.455ms
			SpriteEditorTexturePostprocessor.OnPostprocessAllAssets 0.671ms
			TMPro_TexturePostProcessor.OnPostprocessAllAssets 0.603ms
			ArtifactBrowserPostProcessor.OnPostprocessAllAssets 0.570ms
			SkillsProjectAssetPostprocessor.OnPostprocessAllAssets 0.520ms
			MaterialPostprocessor.OnPostprocessAllAssets 0.450ms
			ModelAssetProcessor.OnPostprocessAllAssets 0.393ms
			PostProcessor.OnPostprocessAllAssets 0.380ms
			AudioMixerPostprocessor.OnPostprocessAllAssets 0.369ms
			StyleCatalogPostProcessor.OnPostprocessAllAssets 0.319ms
			SampleDependencyImporterPostProcessor.OnPostprocessAllAssets 0.296ms
			TextAssetPostProcessor.OnPostprocessAllAssets 0.288ms
			InputActionJsonNameModifierAssetProcessor.OnPostprocessAllAssets 0.281ms
			AssetEvents.OnPostprocessAllAssets 0.235ms
			SyncVS.PostprocessSyncProject 0.214ms
			RenderPipelineGlobalSettingsPostprocessor.OnPostprocessAllAssets 0.183ms
			SpeedTreePostProcessor.OnPostprocessAllAssets 0.152ms
			ConfigAssetsTracker.OnPostprocessAllAssets 0.149ms
			ScenarioDriftAssetsTracker.OnPostprocessAllAssets 0.143ms
			SamplePostprocessor.OnPostprocessAllAssets 0.127ms
			GraphRefreshPostprocessor.OnPostprocessAllAssets 0.127ms
			AssetReloadNotifier.OnPostprocessAllAssets 0.109ms
			InputActionAssetPostprocessor.OnPostprocessAllAssets 0.100ms
			AudioContainerPostProcessor.OnPostprocessAllAssets 0.076ms
			TrackSelectedAssetsProcessor.OnPostprocessAllAssets 0.057ms
	PostAssetChangesProfiler: 3.121ms
	GatherAllCurrentPrimaryImportResultRevisions: 0.310ms
	PersistCurrentRevisions: 0.249ms
	Untracked: 13.349ms

info: Microsoft.AspNetCore.Hosting.Diagnostics[1]
      Request starting HTTP/2 POST http://ilpp/UnityILPP.PostProcessing/Ping - application/grpc -
info: Microsoft.AspNetCore.Routing.EndpointMiddleware[0]
      Executing endpoint 'gRPC - /UnityILPP.PostProcessing/Ping'
info: Microsoft.AspNetCore.Routing.EndpointMiddleware[1]
      Executed endpoint 'gRPC - /UnityILPP.PostProcessing/Ping'
info: Microsoft.AspNetCore.Hosting.Diagnostics[2]
      Request finished HTTP/2 POST http://ilpp/UnityILPP.PostProcessing/Ping - 200 - application/grpc 0.2296ms
Starting: C:\Program Files\Unity\Hub\Editor\6000.5.8f1\Editor\Data\Tools\BuildPipeline\bee_backend.exe --ipc --defer-dag-verification --dagfile="Library/Bee/1900b0aE.dag" --continue-on-failure --profile="Library/Bee/backend1.traceevents" ScriptAssemblies
WorkingDir: C:/Users/Len/Lenomation_V3
info: Microsoft.AspNetCore.Hosting.Diagnostics[1]
      Request starting HTTP/2 POST http://ilpp/UnityILPP.PostProcessing/ConfigurePostProcessors - application/grpc -
info: Microsoft.AspNetCore.Routing.EndpointMiddleware[0]
      Executing endpoint 'gRPC - /UnityILPP.PostProcessing/ConfigurePostProcessors'
info: Unity.ILPP.Runner.PostProcessingAssemblyLoadContext[0]
      Current configuration matches the requested one, skipping
info: Microsoft.AspNetCore.Routing.EndpointMiddleware[1]
      Executed endpoint 'gRPC - /UnityILPP.PostProcessing/ConfigurePostProcessors'
info: Microsoft.AspNetCore.Hosting.Diagnostics[2]
      Request finished HTTP/2 POST http://ilpp/UnityILPP.PostProcessing/ConfigurePostProcessors - 200 - application/grpc 0.8375ms
info: Microsoft.AspNetCore.Hosting.Diagnostics[1]
      Request starting HTTP/2 POST http://ilpp/UnityILPP.PostProcessing/PostProcessAssembly - application/grpc -
info: Microsoft.AspNetCore.Routing.EndpointMiddleware[0]
      Executing endpoint 'gRPC - /UnityILPP.PostProcessing/PostProcessAssembly'
info: Unity.ILPP.Runner.PostProcessingPipeline[0]
      Processing assembly Library/Bee/artifacts/1900b0aE.dag/Assembly-CSharp.dll, with 144 defines and 366 references
info: Unity.ILPP.Runner.PostProcessingPipeline[0]
      processors: Unity.Jobs.CodeGen.JobsILPostProcessor, zzzUnity.Burst.CodeGen.BurstILPostProcessor
info: Unity.ILPP.Runner.PostProcessingPipeline[0]
      running Unity.Jobs.CodeGen.JobsILPostProcessor
info: Unity.ILPP.Runner.PostProcessingPipeline[0]
      running zzzUnity.Burst.CodeGen.BurstILPostProcessor
info: Microsoft.AspNetCore.Routing.EndpointMiddleware[1]
      Executed endpoint 'gRPC - /UnityILPP.PostProcessing/PostProcessAssembly'
info: Microsoft.AspNetCore.Hosting.Diagnostics[2]
      Request finished HTTP/2 POST http://ilpp/UnityILPP.PostProcessing/PostProcessAssembly - 200 - application/grpc 16.0636ms
info: Microsoft.AspNetCore.Hosting.Diagnostics[1]
      Request starting HTTP/2 POST http://ilpp/UnityILPP.PostProcessing/PostProcessAssembly - application/grpc -
info: Microsoft.AspNetCore.Routing.EndpointMiddleware[0]
      Executing endpoint 'gRPC - /UnityILPP.PostProcessing/PostProcessAssembly'
info: Unity.ILPP.Runner.PostProcessingPipeline[0]
      Processing assembly Library/Bee/artifacts/1900b0aE.dag/Assembly-CSharp-Editor.dll, with 142 defines and 390 references
info: Unity.ILPP.Runner.PostProcessingPipeline[0]
      processors: Unity.Jobs.CodeGen.JobsILPostProcessor, zzzUnity.Burst.CodeGen.BurstILPostProcessor
info: Unity.ILPP.Runner.PostProcessingPipeline[0]
      running Unity.Jobs.CodeGen.JobsILPostProcessor
info: Unity.ILPP.Runner.PostProcessingPipeline[0]
      running zzzUnity.Burst.CodeGen.BurstILPostProcessor
info: Microsoft.AspNetCore.Routing.EndpointMiddleware[1]
      Executed endpoint 'gRPC - /UnityILPP.PostProcessing/PostProcessAssembly'
info: Microsoft.AspNetCore.Hosting.Diagnostics[2]
      Request finished HTTP/2 POST http://ilpp/UnityILPP.PostProcessing/PostProcessAssembly - 200 - application/grpc 16.0129ms
ExitCode: 0 Duration: 0s879ms
[1191/1563  0s] ILPP-Configuration Library/ilpp-configuration.nevergeneratedoutput
[1555/1563  0s] Csc Library/Bee/artifacts/1900b0aE.dag/Assembly-CSharp.dll (+2 others)
[1556/1563  0s] ILPostProcess Library/Bee/artifacts/1900b0aE.dag/post-processed/Assembly-CSharp.dll (+pdb)
Processing assembly Library/Bee/artifacts/1900b0aE.dag/Assembly-CSharp.dll, with 144 defines and 366 references

processors: Unity.Jobs.CodeGen.JobsILPostProcessor, zzzUnity.Burst.CodeGen.BurstILPostProcessor

running Unity.Jobs.CodeGen.JobsILPostProcessor

running zzzUnity.Burst.CodeGen.BurstILPostProcessor
[1557/1563  0s] CopyFiles Library/ScriptAssemblies/Assembly-CSharp.pdb
[1558/1563  0s] CopyFiles Library/ScriptAssemblies/Assembly-CSharp.dll
[1559/1563  0s] Csc Library/Bee/artifacts/1900b0aE.dag/Assembly-CSharp-Editor.dll (+2 others)
[1560/1563  0s] ILPostProcess Library/Bee/artifacts/1900b0aE.dag/post-processed/Assembly-CSharp-Editor.dll (+pdb)
Processing assembly Library/Bee/artifacts/1900b0aE.dag/Assembly-CSharp-Editor.dll, with 142 defines and 390 references

processors: Unity.Jobs.CodeGen.JobsILPostProcessor, zzzUnity.Burst.CodeGen.BurstILPostProcessor

running Unity.Jobs.CodeGen.JobsILPostProcessor

running zzzUnity.Burst.CodeGen.BurstILPostProcessor
[1561/1563  0s] CopyFiles Library/ScriptAssemblies/Assembly-CSharp-Editor.dll
[1562/1563  0s] CopyFiles Library/ScriptAssemblies/Assembly-CSharp-Editor.pdb
*** Tundra build success (0.85 seconds), 9 items updated, 1563 evaluated
Reloading assemblies after finishing script compilation.
Reloading assemblies after forced synchronous recompile.
Begin MonoManager ReloadAssembly
Total cache size 268137716
Total cache size after purge 268137716, took 00:00:00.2783416
[INFO ] [relay] log Domain reload signal received from client editor-31616-dkupil
[INFO ] [relay] log Client disconnected - blocking and caching for recovery
[WARN ] [relay] connection.lost clientId=null
[WARN ] [relay] log Client disconnected - sessions will persist until auto-shutdown, reason: Client disconnected
[INFO ] [relay] log Auto-shutdown timer started due to client disconnection
Symbol file LoadedFromMemory is not a mono symbol file
Symbol file LoadedFromMemory is not a mono symbol file
Refreshing native plugins compatible for Editor in 2.89 ms, found 5 plugins.
Native extension for WindowsStandalone target not found
Native extension for WebGL target not found
[MODES] ModeService[none].Initialize
[MODES] ModeService[none].LoadModes
Refreshing native plugins compatible for Editor in 3.25 ms, found 5 plugins.
[Licensing::Client] Error: Code 404 while processing request (status: Found 0 entitlement groups and 0 free entitlements matching requested entitlement ids)
ScheduleIndexationOnStartup MainProcess:True IndexOnStartup:True
Mono: successfully reloaded assembly
- Finished resetting the current domain, in  3.325 seconds
Domain Reload Profiling: 5197ms
	BeginReloadAssembly (1228ms)
		DisableScriptedObjects (139ms)
		CreateAndSetChildDomain (757ms)
	RebuildCommonClasses (8ms)
	RebuildNativeTypeToScriptingClass (14ms)
	initialDomainReloadingComplete (94ms)
	LoadAllAssembliesAndSetupDomain (525ms)
		LoadAssemblies (137ms)
		AnalyzeDomain (336ms)
			TypeCache.Refresh (13ms)
			BuildScriptInfoCaches (311ms)
			ResolveRequiredComponents (10ms)
	FinalizeReload (3327ms)
		SetupLoadedEditorAssemblies (0ms)
			BeforeProcessingInitializeOnLoad (243ms)
			ProcessInitializeOnLoadAttributes (898ms)
			ProcessInitializeOnLoadMethodAttributes (456ms)
			AfterProcessingInitializeOnLoad (5ms)
		AwakeInstancesAfterBackupRestoration (1094ms)

Asset Pipeline Refresh (id=5211b892831cb314d8c64b0d1e0faed3): Total: 5.521 seconds - Initiated by StopAssetImportingV2(ForceSynchronousImport | ForceDomainReload)
	(Values over 0.05ms)
	Summary:
		Imports: total=0 (actual=0, local cache=0, cache server=0)
		Asset DB Process Time: managed=0 ms, native=3537 ms
		Asset DB Callback time: managed=30 ms, native=0 ms
		Scripting: domain reloads=1, domain reload time=1951 ms, compile time=1 ms, other=0 ms
		Project Asset Count: scripts=2149, non-scripts=5356
		Asset File Changes: new=0, changed=0, moved=0, deleted=0
		Scan Filter Count: 0
	InvokePackagesCallback: 1.662ms
	ApplyChangesToAssetFolders: 0.338ms
	Collect global state as custom dependencies: 3.032ms
	ProcessAssetsWithTransientArtifactChanges: 9.033ms
	CategorizeAssets: 77.966ms
	CompileScripts: 1.073ms
	ImportOutOfDateAssets: 3403.869ms (3347.214ms without children)
		CollectScriptTypesHashes: 0.916ms
		ReloadNativeAssets: 1.003ms
		UnloadImportedAssets: 0.301ms
		EnsureUptoDateAssetsAreRegisteredWithGuidPM: 1.224ms
		ImportSchedulerStart: 54.081ms
	PostProcessAllAssets: 30.919ms
		MonoPostProcessAllAssets: 30.915ms
			AssetReferenceReimportMonitor.OnPostprocessAllAssets 28.068ms
			UniversalRenderPipelineGlobalSettingsPostprocessor.OnPostprocessAllAssets 9.281ms
			AssetChangedListener.OnPostprocessAllAssets 6.374ms
			BuilderAssetPostprocessor.OnPostprocessAllAssets 5.380ms
			AssetPostprocessor.OnPostprocessAllAssets 4.507ms
			UVCSAssetPostprocessor.OnPostprocessAllAssets 2.675ms
			SpriteSlicePostprocessor.OnPostprocessAllAssets 2.268ms
			SyncVS.PostprocessSyncProject 2.172ms
			RetainedModeAssetPostprocessor.OnPostprocessAllAssets 1.809ms
			WindowAssetPostprocessingWatcher.OnPostprocessAllAssets 1.718ms
			SpeedTree9Postprocessor.OnPostprocessAllAssets 1.718ms
			GraphRefreshPostprocessor.OnPostprocessAllAssets 1.669ms
			ShaderGraphAssetPostProcessor.OnPostprocessAllAssets 1.455ms
			EditModeScopePostprocessor.OnPostprocessAllAssets 0.888ms
			AssetChangeDetector.OnPostprocessAllAssets 0.820ms
			RenderPipelineGlobalSettingsPostprocessor.OnPostprocessAllAssets 0.703ms
			SpriteEditorTexturePostprocessor.OnPostprocessAllAssets 0.671ms
			TMPro_TexturePostProcessor.OnPostprocessAllAssets 0.603ms
			ArtifactBrowserPostProcessor.OnPostprocessAllAssets 0.570ms
			SkillsProjectAssetPostprocessor.OnPostprocessAllAssets 0.520ms
			ShaderReflectionAssetPostProcessor.OnPostprocessAllAssets 0.462ms
			MaterialPostprocessor.OnPostprocessAllAssets 0.450ms
			ModelAssetProcessor.OnPostprocessAllAssets 0.393ms
			PostProcessor.OnPostprocessAllAssets 0.380ms
			AudioMixerPostprocessor.OnPostprocessAllAssets 0.369ms
			StyleCatalogPostProcessor.OnPostprocessAllAssets 0.319ms
			SampleDependencyImporterPostProcessor.OnPostprocessAllAssets 0.296ms
			TextAssetPostProcessor.OnPostprocessAllAssets 0.288ms
			InputActionJsonNameModifierAssetProcessor.OnPostprocessAllAssets 0.281ms
			ReferencedClipsPostProcessor.OnPostprocessAllAssets 0.249ms
			InputActionAssetPostprocessor.OnPostprocessAllAssets 0.249ms
			AssetEvents.OnPostprocessAllAssets 0.235ms
			ProjectSettingsPostprocessor.OnPostprocessAllAssets 0.181ms
			AssetDatabaseCallbacks.OnPostprocessAllAssets 0.154ms
			SpeedTreePostProcessor.OnPostprocessAllAssets 0.152ms
			ConfigAssetsTracker.OnPostprocessAllAssets 0.149ms
			ScenarioDriftAssetsTracker.OnPostprocessAllAssets 0.143ms
			TerrainToolbarOverlayPostProcessor.OnPostprocessAllAssets 0.136ms
			SamplePostprocessor.OnPostprocessAllAssets 0.127ms
			AssetReloadNotifier.OnPostprocessAllAssets 0.109ms
			AudioContainerPostProcessor.OnPostprocessAllAssets 0.076ms
			TrackSelectedAssetsProcessor.OnPostprocessAllAssets 0.057ms
	GatherAllCurrentPrimaryImportResultRevisions: 0.398ms
	PersistCurrentRevisions: 0.222ms
	GenerateScriptTypeHashes: 2.786ms
	GenerateScriptTypeSerializationHashes: 4.571ms
	Untracked: 1987.738ms

[Licensing::Client] Error: Code 404 while processing request (status: Found 0 entitlement groups and 0 free entitlements matching requested entitlement ids)
[Licensing::Client] Successfully resolved entitlement details
[Licensing::Client] Successfully resolved entitlement details
[Licensing::Client] Successfully resolved entitlement details
[Licensing::Client] Successfully resolved entitlement details
[Licensing::Client] Successfully resolved entitlement details
[ScriptCompilation] Requested script compilation because: AssetDatabase observed changes in script compilation related files
[Licensing::Client] Successfully resolved entitlement details
Refreshing native plugins compatible for Editor in 3.79 ms, found 5 plugins.

Asset Pipeline Refresh (id=30f2378ccbdd1bc41b90b36caea143d4): Total: 0.332 seconds - Initiated by RefreshV2(NoUpdateAssetOptions)
	(Values over 0.05ms)
	Summary:
		Imports: total=0 (actual=0, local cache=0, cache server=0)
		Asset DB Process Time: managed=0 ms, native=107 ms
		Asset DB Callback time: managed=218 ms, native=5 ms
		Scripting: domain reloads=0, domain reload time=0 ms, compile time=1 ms, other=0 ms
		Project Asset Count: scripts=2149, non-scripts=5356
		Asset File Changes: new=0, changed=1, moved=0, deleted=0
		Scan Filter Count: 0
	ApplyChangesToAssetFolders: 0.107ms
	Scan: 7.218ms
	Collect global state as custom dependencies: 0.272ms
	OnSourceAssetsModified: 0.686ms
	ProcessAssetsWithTransientArtifactChanges: 0.135ms
	CategorizeAssets: 22.844ms
	CompileScripts: 0.513ms
	ImportOutOfDateAssets: 67.433ms (10.879ms without children)
		UnloadImportedAssets: 0.183ms
		EnsureUptoDateAssetsAreRegisteredWithGuidPM: 0.781ms
		ImportSchedulerStart: 55.547ms
	PostProcessAllAssets: 218.788ms
		XRBuildSystem.XRAssetImported 0.571ms
		MonoPostProcessAllAssets: 217.749ms
			AssetReferenceReimportMonitor.OnPostprocessAllAssets 24.171ms
			BuilderAssetPostprocessor.OnPostprocessAllAssets 5.165ms
			AssetChangedListener.OnPostprocessAllAssets 4.402ms
			AssetPostprocessor.OnPostprocessAllAssets 3.710ms
			UVCSAssetPostprocessor.OnPostprocessAllAssets 2.377ms
			SpriteSlicePostprocessor.OnPostprocessAllAssets 2.307ms
			SyncVS.PostprocessSyncProject 2.243ms
			ShaderGraphAssetPostProcessor.OnPostprocessAllAssets 1.054ms
			RetainedModeAssetPostprocessor.OnPostprocessAllAssets 1.025ms
			MaterialPostprocessor.OnPostprocessAllAssets 0.624ms
			TMPro_TexturePostProcessor.OnPostprocessAllAssets 0.589ms
			SpriteEditorTexturePostprocessor.OnPostprocessAllAssets 0.532ms
			PostProcessor.OnPostprocessAllAssets 0.514ms
			ArtifactBrowserPostProcessor.OnPostprocessAllAssets 0.474ms
			ModelAssetProcessor.OnPostprocessAllAssets 0.444ms
			SkillsProjectAssetPostprocessor.OnPostprocessAllAssets 0.379ms
			InputActionJsonNameModifierAssetProcessor.OnPostprocessAllAssets 0.357ms
			SampleDependencyImporterPostProcessor.OnPostprocessAllAssets 0.326ms
			AudioMixerPostprocessor.OnPostprocessAllAssets 0.324ms
			TextAssetPostProcessor.OnPostprocessAllAssets 0.284ms
			StyleCatalogPostProcessor.OnPostprocessAllAssets 0.251ms
			ConfigAssetsTracker.OnPostprocessAllAssets 0.210ms
			RenderPipelineGlobalSettingsPostprocessor.OnPostprocessAllAssets 0.197ms
			AssetEvents.OnPostprocessAllAssets 0.191ms
			ScenarioDriftAssetsTracker.OnPostprocessAllAssets 0.176ms
			InputActionAssetPostprocessor.OnPostprocessAllAssets 0.151ms
			SpeedTreePostProcessor.OnPostprocessAllAssets 0.134ms
			SamplePostprocessor.OnPostprocessAllAssets 0.125ms
			AssetReloadNotifier.OnPostprocessAllAssets 0.110ms
			GraphRefreshPostprocessor.OnPostprocessAllAssets 0.102ms
			TrackSelectedAssetsProcessor.OnPostprocessAllAssets 0.070ms
			AudioContainerPostProcessor.OnPostprocessAllAssets 0.066ms
	PostAssetChangesProfiler: 4.693ms
	GatherAllCurrentPrimaryImportResultRevisions: 0.416ms
	PersistCurrentRevisions: 0.255ms
	Untracked: 8.540ms

info: Microsoft.AspNetCore.Hosting.Diagnostics[1]
      Request starting HTTP/2 POST http://ilpp/UnityILPP.PostProcessing/Ping - application/grpc -
info: Microsoft.AspNetCore.Routing.EndpointMiddleware[0]
      Executing endpoint 'gRPC - /UnityILPP.PostProcessing/Ping'
info: Microsoft.AspNetCore.Routing.EndpointMiddleware[1]
      Executed endpoint 'gRPC - /UnityILPP.PostProcessing/Ping'
info: Microsoft.AspNetCore.Hosting.Diagnostics[2]
      Request finished HTTP/2 POST http://ilpp/UnityILPP.PostProcessing/Ping - 200 - application/grpc 0.2305ms
Starting: C:\Program Files\Unity\Hub\Editor\6000.5.8f1\Editor\Data\Tools\BuildPipeline\bee_backend.exe --ipc --defer-dag-verification --dagfile="Library/Bee/1900b0aE.dag" --continue-on-failure --profile="Library/Bee/backend1.traceevents" ScriptAssemblies
WorkingDir: C:/Users/Len/Lenomation_V3
info: Microsoft.AspNetCore.Hosting.Diagnostics[1]
      Request starting HTTP/2 POST http://ilpp/UnityILPP.PostProcessing/ConfigurePostProcessors - application/grpc -
info: Microsoft.AspNetCore.Routing.EndpointMiddleware[0]
      Executing endpoint 'gRPC - /UnityILPP.PostProcessing/ConfigurePostProcessors'
info: Unity.ILPP.Runner.PostProcessingAssemblyLoadContext[0]
      Current configuration matches the requested one, skipping
info: Microsoft.AspNetCore.Routing.EndpointMiddleware[1]
      Executed endpoint 'gRPC - /UnityILPP.PostProcessing/ConfigurePostProcessors'
info: Microsoft.AspNetCore.Hosting.Diagnostics[2]
      Request finished HTTP/2 POST http://ilpp/UnityILPP.PostProcessing/ConfigurePostProcessors - 200 - application/grpc 0.6703ms
info: Microsoft.AspNetCore.Hosting.Diagnostics[1]
      Request starting HTTP/2 POST http://ilpp/UnityILPP.PostProcessing/PostProcessAssembly - application/grpc -
info: Microsoft.AspNetCore.Routing.EndpointMiddleware[0]
      Executing endpoint 'gRPC - /UnityILPP.PostProcessing/PostProcessAssembly'
info: Unity.ILPP.Runner.PostProcessingPipeline[0]
      Processing assembly Library/Bee/artifacts/1900b0aE.dag/Assembly-CSharp-Editor.dll, with 142 defines and 390 references
info: Unity.ILPP.Runner.PostProcessingPipeline[0]
      processors: Unity.Jobs.CodeGen.JobsILPostProcessor, zzzUnity.Burst.CodeGen.BurstILPostProcessor
info: Unity.ILPP.Runner.PostProcessingPipeline[0]
      running Unity.Jobs.CodeGen.JobsILPostProcessor
info: Unity.ILPP.Runner.PostProcessingPipeline[0]
      running zzzUnity.Burst.CodeGen.BurstILPostProcessor
info: Microsoft.AspNetCore.Routing.EndpointMiddleware[1]
      Executed endpoint 'gRPC - /UnityILPP.PostProcessing/PostProcessAssembly'
info: Microsoft.AspNetCore.Hosting.Diagnostics[2]
      Request finished HTTP/2 POST http://ilpp/UnityILPP.PostProcessing/PostProcessAssembly - 200 - application/grpc 13.1881ms
ExitCode: 0 Duration: 0s444ms
[1192/1563  0s] ILPP-Configuration Library/ilpp-configuration.nevergeneratedoutput
[1559/1563  0s] Csc Library/Bee/artifacts/1900b0aE.dag/Assembly-CSharp-Editor.dll (+2 others)
[1560/1563  0s] ILPostProcess Library/Bee/artifacts/1900b0aE.dag/post-processed/Assembly-CSharp-Editor.dll (+pdb)
Processing assembly Library/Bee/artifacts/1900b0aE.dag/Assembly-CSharp-Editor.dll, with 142 defines and 390 references

processors: Unity.Jobs.CodeGen.JobsILPostProcessor, zzzUnity.Burst.CodeGen.BurstILPostProcessor

running Unity.Jobs.CodeGen.JobsILPostProcessor

running zzzUnity.Burst.CodeGen.BurstILPostProcessor
[1561/1563  0s] CopyFiles Library/ScriptAssemblies/Assembly-CSharp-Editor.pdb
[1562/1563  0s] CopyFiles Library/ScriptAssemblies/Assembly-CSharp-Editor.dll
*** Tundra build success (0.42 seconds), 5 items updated, 1563 evaluated
Reloading assemblies after finishing script compilation.
Reloading assemblies after forced synchronous recompile.
Begin MonoManager ReloadAssembly
Total cache size 268137716
Total cache size after purge 268137716, took 00:00:00.4347033
Symbol file LoadedFromMemory is not a mono symbol file
Symbol file LoadedFromMemory is not a mono symbol file
Refreshing native plugins compatible for Editor in 3.33 ms, found 5 plugins.
Native extension for WindowsStandalone target not found
Native extension for WebGL target not found
[MODES] ModeService[none].Initialize
[MODES] ModeService[none].LoadModes
Refreshing native plugins compatible for Editor in 3.90 ms, found 5 plugins.
[Licensing::Client] Error: Code 404 while processing request (status: Found 0 entitlement groups and 0 free entitlements matching requested entitlement ids)
ScheduleIndexationOnStartup MainProcess:True IndexOnStartup:True
Mono: successfully reloaded assembly
- Finished resetting the current domain, in  3.159 seconds
Domain Reload Profiling: 4965ms
	BeginReloadAssembly (1123ms)
		DisableScriptedObjects (149ms)
		CreateAndSetChildDomain (629ms)
	RebuildCommonClasses (10ms)
	RebuildNativeTypeToScriptingClass (24ms)
	initialDomainReloadingComplete (125ms)
	LoadAllAssembliesAndSetupDomain (523ms)
		LoadAssemblies (137ms)
		AnalyzeDomain (355ms)
			TypeCache.Refresh (12ms)
			BuildScriptInfoCaches (331ms)
			ResolveRequiredComponents (10ms)
	FinalizeReload (3161ms)
		SetupLoadedEditorAssemblies (0ms)
			BeforeProcessingInitializeOnLoad (233ms)
			ProcessInitializeOnLoadAttributes (908ms)
			ProcessInitializeOnLoadMethodAttributes (488ms)
			AfterProcessingInitializeOnLoad (8ms)
		AwakeInstancesAfterBackupRestoration (945ms)

Asset Pipeline Refresh (id=ccd4e4cc62aa3374ba01911f2e18dd64): Total: 5.328 seconds - Initiated by StopAssetImportingV2(ForceSynchronousImport | ForceDomainReload)
	(Values over 0.05ms)
	Summary:
		Imports: total=0 (actual=0, local cache=0, cache server=0)
		Asset DB Process Time: managed=0 ms, native=3392 ms
		Asset DB Callback time: managed=46 ms, native=0 ms
		Scripting: domain reloads=1, domain reload time=1886 ms, compile time=2 ms, other=0 ms
		Project Asset Count: scripts=2149, non-scripts=5356
		Asset File Changes: new=0, changed=0, moved=0, deleted=0
		Scan Filter Count: 0
	InvokePackagesCallback: 1.757ms
	ApplyChangesToAssetFolders: 0.356ms
	Collect global state as custom dependencies: 2.983ms
	ProcessAssetsWithTransientArtifactChanges: 7.521ms
	CategorizeAssets: 90.197ms
	CompileScripts: 1.828ms
	ImportOutOfDateAssets: 3249.005ms (3182.336ms without children)
		CollectScriptTypesHashes: 0.740ms
		ReloadNativeAssets: 1.014ms
		UnloadImportedAssets: 0.184ms
		EnsureUptoDateAssetsAreRegisteredWithGuidPM: 0.991ms
		ImportSchedulerStart: 64.418ms
	PostProcessAllAssets: 46.741ms
		MonoPostProcessAllAssets: 46.736ms
			AssetReferenceReimportMonitor.OnPostprocessAllAssets 24.171ms
			UniversalRenderPipelineGlobalSettingsPostprocessor.OnPostprocessAllAssets 17.161ms
			BuilderAssetPostprocessor.OnPostprocessAllAssets 5.165ms
			AssetChangedListener.OnPostprocessAllAssets 4.402ms
			AssetPostprocessor.OnPostprocessAllAssets 3.710ms
			SpeedTree9Postprocessor.OnPostprocessAllAssets 2.979ms
			SyncVS.PostprocessSyncProject 2.726ms
			GraphRefreshPostprocessor.OnPostprocessAllAssets 2.378ms
			UVCSAssetPostprocessor.OnPostprocessAllAssets 2.377ms
			SpriteSlicePostprocessor.OnPostprocessAllAssets 2.307ms
			WindowAssetPostprocessingWatcher.OnPostprocessAllAssets 1.684ms
			EditModeScopePostprocessor.OnPostprocessAllAssets 1.242ms
			AssetChangeDetector.OnPostprocessAllAssets 1.058ms
			ShaderGraphAssetPostProcessor.OnPostprocessAllAssets 1.054ms
			RetainedModeAssetPostprocessor.OnPostprocessAllAssets 1.025ms
			ShaderReflectionAssetPostProcessor.OnPostprocessAllAssets 0.737ms
			MaterialPostprocessor.OnPostprocessAllAssets 0.624ms
			RenderPipelineGlobalSettingsPostprocessor.OnPostprocessAllAssets 0.624ms
			TMPro_TexturePostProcessor.OnPostprocessAllAssets 0.589ms
			SpriteEditorTexturePostprocessor.OnPostprocessAllAssets 0.532ms
			PostProcessor.OnPostprocessAllAssets 0.514ms
			ArtifactBrowserPostProcessor.OnPostprocessAllAssets 0.474ms
			ModelAssetProcessor.OnPostprocessAllAssets 0.444ms
			InputActionAssetPostprocessor.OnPostprocessAllAssets 0.382ms
			SkillsProjectAssetPostprocessor.OnPostprocessAllAssets 0.379ms
			InputActionJsonNameModifierAssetProcessor.OnPostprocessAllAssets 0.357ms
			SampleDependencyImporterPostProcessor.OnPostprocessAllAssets 0.326ms
			AudioMixerPostprocessor.OnPostprocessAllAssets 0.324ms
			TerrainToolbarOverlayPostProcessor.OnPostprocessAllAssets 0.289ms
			TextAssetPostProcessor.OnPostprocessAllAssets 0.284ms
			StyleCatalogPostProcessor.OnPostprocessAllAssets 0.251ms
			ReferencedClipsPostProcessor.OnPostprocessAllAssets 0.250ms
			ConfigAssetsTracker.OnPostprocessAllAssets 0.210ms
			AssetEvents.OnPostprocessAllAssets 0.191ms
			ProjectSettingsPostprocessor.OnPostprocessAllAssets 0.186ms
			ScenarioDriftAssetsTracker.OnPostprocessAllAssets 0.176ms
			SpeedTreePostProcessor.OnPostprocessAllAssets 0.134ms
			SamplePostprocessor.OnPostprocessAllAssets 0.125ms
			AssetDatabaseCallbacks.OnPostprocessAllAssets 0.124ms
			AssetReloadNotifier.OnPostprocessAllAssets 0.110ms
			TrackSelectedAssetsProcessor.OnPostprocessAllAssets 0.070ms
			AudioContainerPostProcessor.OnPostprocessAllAssets 0.066ms
	GatherAllCurrentPrimaryImportResultRevisions: 0.290ms
	PersistCurrentRevisions: 0.260ms
	GenerateScriptTypeHashes: 7.090ms
	GenerateScriptTypeSerializationHashes: 12.265ms
	Untracked: 1921.690ms

[Licensing::Client] Successfully resolved entitlement details
[Licensing::Client] Successfully resolved entitlement details
[Licensing::Client] Successfully resolved entitlement details
[Licensing::Client] Successfully resolved entitlement details
[Licensing::Client] Error: Code 404 while processing request (status: Found 0 entitlement groups and 0 free entitlements matching requested entitlement ids)
[Licensing::Client] Successfully resolved entitlement details
[Licensing::Client] Error: Code 404 while processing request (status: Found 0 entitlement groups and 0 free entitlements matching requested entitlement ids)
[Licensing::Client] Error: Code 404 while processing request (status: Found 0 entitlement groups and 0 free entitlements matching requested entitlement ids)
[Licensing::Client] Error: Code 404 while processing request (status: Found 0 entitlement groups and 0 free entitlements matching requested entitlement ids)
[Licensing::Client] Error: Code 404 while processing request (status: Found 0 entitlement groups and 0 free entitlements matching requested entitlement ids)
[Licensing::Client] Error: Code 404 while processing request (status: Found 0 entitlement groups and 0 free entitlements matching requested entitlement ids)
[Licensing::Client] Error: Code 404 while processing request (status: Found 0 entitlement groups and 0 free entitlements matching requested entitlement ids)
UPID Received '0956883a-88ea-49b2-bde1-fe810ba60755'.
[Licensing::Client] Successfully resolved entitlement details
[Licensing::Client] Error: Code 404 while processing request (status: Found 0 entitlement groups and 0 free entitlements matching requested entitlement ids)
[Licensing::Client] Error: Code 404 while processing request (status: Found 0 entitlement groups and 0 free entitlements matching requested entitlement ids)
[ScriptCompilation] Requested script compilation because: AssetDatabase observed changes in script compilation related files
Refreshing native plugins compatible for Editor in 4.45 ms, found 5 plugins.

Asset Pipeline Refresh (id=4681cd985967bf743a60921d90422deb): Total: 0.375 seconds - Initiated by RefreshV2(NoUpdateAssetOptions)
	(Values over 0.05ms)
	Summary:
		Imports: total=0 (actual=0, local cache=0, cache server=0)
		Asset DB Process Time: managed=0 ms, native=118 ms
		Asset DB Callback time: managed=249 ms, native=6 ms
		Scripting: domain reloads=0, domain reload time=0 ms, compile time=1 ms, other=0 ms
		Project Asset Count: scripts=2149, non-scripts=5356
		Asset File Changes: new=0, changed=1, moved=0, deleted=0
		Scan Filter Count: 0
	ApplyChangesToAssetFolders: 0.237ms
	Scan: 8.062ms
	Collect global state as custom dependencies: 0.236ms
	OnSourceAssetsModified: 0.580ms
	ProcessAssetsWithTransientArtifactChanges: 0.131ms
	CategorizeAssets: 22.857ms
	CompileScripts: 0.509ms
	ImportOutOfDateAssets: 77.772ms (9.389ms without children)
		UnloadImportedAssets: 0.289ms
		EnsureUptoDateAssetsAreRegisteredWithGuidPM: 0.844ms
		ImportSchedulerStart: 67.220ms
	PostProcessAllAssets: 250.195ms
		XRBuildSystem.XRAssetImported 0.557ms
		MonoPostProcessAllAssets: 249.196ms
			AssetReferenceReimportMonitor.OnPostprocessAllAssets 32.794ms
			BuilderAssetPostprocessor.OnPostprocessAllAssets 7.864ms
			AssetChangedListener.OnPostprocessAllAssets 7.822ms
			AssetPostprocessor.OnPostprocessAllAssets 4.752ms
			UVCSAssetPostprocessor.OnPostprocessAllAssets 3.424ms
			SpriteSlicePostprocessor.OnPostprocessAllAssets 2.817ms
			ShaderGraphAssetPostProcessor.OnPostprocessAllAssets 2.256ms
			RetainedModeAssetPostprocessor.OnPostprocessAllAssets 1.525ms
			SpriteEditorTexturePostprocessor.OnPostprocessAllAssets 0.945ms
			ArtifactBrowserPostProcessor.OnPostprocessAllAssets 0.777ms
			SkillsProjectAssetPostprocessor.OnPostprocessAllAssets 0.574ms
			ModelAssetProcessor.OnPostprocessAllAssets 0.542ms
			TextAssetPostProcessor.OnPostprocessAllAssets 0.496ms
			AudioMixerPostprocessor.OnPostprocessAllAssets 0.484ms
			TMPro_TexturePostProcessor.OnPostprocessAllAssets 0.475ms
			MaterialPostprocessor.OnPostprocessAllAssets 0.461ms
			PostProcessor.OnPostprocessAllAssets 0.372ms
			StyleCatalogPostProcessor.OnPostprocessAllAssets 0.332ms
			SampleDependencyImporterPostProcessor.OnPostprocessAllAssets 0.305ms
			AssetEvents.OnPostprocessAllAssets 0.291ms
			InputActionJsonNameModifierAssetProcessor.OnPostprocessAllAssets 0.289ms
			SamplePostprocessor.OnPostprocessAllAssets 0.250ms
			SyncVS.PostprocessSyncProject 0.236ms
			SpeedTreePostProcessor.OnPostprocessAllAssets 0.235ms
			ConfigAssetsTracker.OnPostprocessAllAssets 0.209ms
			ScenarioDriftAssetsTracker.OnPostprocessAllAssets 0.169ms
			RenderPipelineGlobalSettingsPostprocessor.OnPostprocessAllAssets 0.168ms
			AssetReloadNotifier.OnPostprocessAllAssets 0.139ms
			InputActionAssetPostprocessor.OnPostprocessAllAssets 0.135ms
			GraphRefreshPostprocessor.OnPostprocessAllAssets 0.131ms
			AudioContainerPostProcessor.OnPostprocessAllAssets 0.104ms
			TrackSelectedAssetsProcessor.OnPostprocessAllAssets 0.072ms
	PostAssetChangesProfiler: 5.115ms
	GatherAllCurrentPrimaryImportResultRevisions: 0.603ms
	PersistCurrentRevisions: 0.218ms
	Untracked: 7.937ms

info: Microsoft.AspNetCore.Hosting.Diagnostics[1]
      Request starting HTTP/2 POST http://ilpp/UnityILPP.PostProcessing/Ping - application/grpc -
info: Microsoft.AspNetCore.Routing.EndpointMiddleware[0]
      Executing endpoint 'gRPC - /UnityILPP.PostProcessing/Ping'
info: Microsoft.AspNetCore.Routing.EndpointMiddleware[1]
      Executed endpoint 'gRPC - /UnityILPP.PostProcessing/Ping'
info: Microsoft.AspNetCore.Hosting.Diagnostics[2]
      Request finished HTTP/2 POST http://ilpp/UnityILPP.PostProcessing/Ping - 200 - application/grpc 0.1888ms
Starting: C:\Program Files\Unity\Hub\Editor\6000.5.8f1\Editor\Data\Tools\BuildPipeline\bee_backend.exe --ipc --defer-dag-verification --dagfile="Library/Bee/1900b0aE.dag" --continue-on-failure --profile="Library/Bee/backend1.traceevents" ScriptAssemblies
WorkingDir: C:/Users/Len/Lenomation_V3
info: Microsoft.AspNetCore.Hosting.Diagnostics[1]
      Request starting HTTP/2 POST http://ilpp/UnityILPP.PostProcessing/ConfigurePostProcessors - application/grpc -
info: Microsoft.AspNetCore.Routing.EndpointMiddleware[0]
      Executing endpoint 'gRPC - /UnityILPP.PostProcessing/ConfigurePostProcessors'
info: Unity.ILPP.Runner.PostProcessingAssemblyLoadContext[0]
      Current configuration matches the requested one, skipping
info: Microsoft.AspNetCore.Routing.EndpointMiddleware[1]
      Executed endpoint 'gRPC - /UnityILPP.PostProcessing/ConfigurePostProcessors'
info: Microsoft.AspNetCore.Hosting.Diagnostics[2]
      Request finished HTTP/2 POST http://ilpp/UnityILPP.PostProcessing/ConfigurePostProcessors - 200 - application/grpc 0.7678ms
info: Microsoft.AspNetCore.Hosting.Diagnostics[1]
      Request starting HTTP/2 POST http://ilpp/UnityILPP.PostProcessing/PostProcessAssembly - application/grpc -
info: Microsoft.AspNetCore.Routing.EndpointMiddleware[0]
      Executing endpoint 'gRPC - /UnityILPP.PostProcessing/PostProcessAssembly'
info: Unity.ILPP.Runner.PostProcessingPipeline[0]
      Processing assembly Library/Bee/artifacts/1900b0aE.dag/Assembly-CSharp-Editor.dll, with 142 defines and 390 references
info: Unity.ILPP.Runner.PostProcessingPipeline[0]
      processors: Unity.Jobs.CodeGen.JobsILPostProcessor, zzzUnity.Burst.CodeGen.BurstILPostProcessor
info: Unity.ILPP.Runner.PostProcessingPipeline[0]
      running Unity.Jobs.CodeGen.JobsILPostProcessor
info: Unity.ILPP.Runner.PostProcessingPipeline[0]
      running zzzUnity.Burst.CodeGen.BurstILPostProcessor
info: Microsoft.AspNetCore.Routing.EndpointMiddleware[1]
      Executed endpoint 'gRPC - /UnityILPP.PostProcessing/PostProcessAssembly'
info: Microsoft.AspNetCore.Hosting.Diagnostics[2]
      Request finished HTTP/2 POST http://ilpp/UnityILPP.PostProcessing/PostProcessAssembly - 200 - application/grpc 10.2636ms
ExitCode: 0 Duration: 0s414ms
[1192/1563  0s] ILPP-Configuration Library/ilpp-configuration.nevergeneratedoutput
[1559/1563  0s] Csc Library/Bee/artifacts/1900b0aE.dag/Assembly-CSharp-Editor.dll (+2 others)
Assets\Editor\ConveyorPrefabCreator.cs(48,12): warning CS0219: The variable 'cornerMeshPath' is assigned but its value is never used
[1560/1563  0s] ILPostProcess Library/Bee/artifacts/1900b0aE.dag/post-processed/Assembly-CSharp-Editor.dll (+pdb)
Processing assembly Library/Bee/artifacts/1900b0aE.dag/Assembly-CSharp-Editor.dll, with 142 defines and 390 references

processors: Unity.Jobs.CodeGen.JobsILPostProcessor, zzzUnity.Burst.CodeGen.BurstILPostProcessor

running Unity.Jobs.CodeGen.JobsILPostProcessor

running zzzUnity.Burst.CodeGen.BurstILPostProcessor
[1561/1563  0s] CopyFiles Library/ScriptAssemblies/Assembly-CSharp-Editor.pdb
[1562/1563  0s] CopyFiles Library/ScriptAssemblies/Assembly-CSharp-Editor.dll
*** Tundra build success (0.39 seconds), 5 items updated, 1563 evaluated
Assets\Editor\ConveyorPrefabCreator.cs(48,12): warning CS0219: The variable 'cornerMeshPath' is assigned but its value is never used
Reloading assemblies after finishing script compilation.
Reloading assemblies after forced synchronous recompile.
Begin MonoManager ReloadAssembly
Total cache size 268137716
Total cache size after purge 268137716, took 00:00:00.3445765
Symbol file LoadedFromMemory is not a mono symbol file
Symbol file LoadedFromMemory is not a mono symbol file
Refreshing native plugins compatible for Editor in 4.23 ms, found 5 plugins.
Native extension for WindowsStandalone target not found
Native extension for WebGL target not found
[MODES] ModeService[none].Initialize
[MODES] ModeService[none].LoadModes
Refreshing native plugins compatible for Editor in 4.90 ms, found 5 plugins.
[Licensing::Client] Error: Code 404 while processing request (status: Found 0 entitlement groups and 0 free entitlements matching requested entitlement ids)
ScheduleIndexationOnStartup MainProcess:True IndexOnStartup:True
Mono: successfully reloaded assembly
- Finished resetting the current domain, in  3.658 seconds
Domain Reload Profiling: 5627ms
	BeginReloadAssembly (1240ms)
		DisableScriptedObjects (150ms)
		CreateAndSetChildDomain (710ms)
	RebuildCommonClasses (10ms)
	RebuildNativeTypeToScriptingClass (16ms)
	initialDomainReloadingComplete (101ms)
	LoadAllAssembliesAndSetupDomain (601ms)
		LoadAssemblies (186ms)
		AnalyzeDomain (402ms)
			TypeCache.Refresh (12ms)
			BuildScriptInfoCaches (377ms)
			ResolveRequiredComponents (11ms)
	FinalizeReload (3660ms)
		SetupLoadedEditorAssemblies (0ms)
			BeforeProcessingInitializeOnLoad (233ms)
			ProcessInitializeOnLoadAttributes (1273ms)
			ProcessInitializeOnLoadMethodAttributes (509ms)
			AfterProcessingInitializeOnLoad (5ms)
		AwakeInstancesAfterBackupRestoration (1010ms)

Asset Pipeline Refresh (id=73cbf8c2faf7ce34faf2bdcc54537217): Total: 5.975 seconds - Initiated by StopAssetImportingV2(ForceSynchronousImport | ForceDomainReload)
	(Values over 0.05ms)
	Summary:
		Imports: total=0 (actual=0, local cache=0, cache server=0)
		Asset DB Process Time: managed=0 ms, native=3880 ms
		Asset DB Callback time: managed=41 ms, native=0 ms
		Scripting: domain reloads=1, domain reload time=2051 ms, compile time=2 ms, other=0 ms
		Project Asset Count: scripts=2149, non-scripts=5356
		Asset File Changes: new=0, changed=0, moved=0, deleted=0
		Scan Filter Count: 0
	InvokePackagesCallback: 2.285ms
	ApplyChangesToAssetFolders: 0.439ms
	Collect global state as custom dependencies: 3.433ms
	ProcessAssetsWithTransientArtifactChanges: 8.659ms
	CategorizeAssets: 81.771ms
	CompileScripts: 1.850ms
	ImportOutOfDateAssets: 3739.714ms (3680.972ms without children)
		CollectScriptTypesHashes: 1.058ms
		ReloadNativeAssets: 1.125ms
		UnloadImportedAssets: 0.288ms
		EnsureUptoDateAssetsAreRegisteredWithGuidPM: 1.251ms
		ImportSchedulerStart: 56.013ms
	PostProcessAllAssets: 41.161ms
		MonoPostProcessAllAssets: 41.157ms
			AssetReferenceReimportMonitor.OnPostprocessAllAssets 32.794ms
			UniversalRenderPipelineGlobalSettingsPostprocessor.OnPostprocessAllAssets 14.595ms
			BuilderAssetPostprocessor.OnPostprocessAllAssets 7.864ms
			AssetChangedListener.OnPostprocessAllAssets 7.822ms
			AssetPostprocessor.OnPostprocessAllAssets 4.752ms
			UVCSAssetPostprocessor.OnPostprocessAllAssets 3.424ms
			SpriteSlicePostprocessor.OnPostprocessAllAssets 2.817ms
			GraphRefreshPostprocessor.OnPostprocessAllAssets 2.769ms
			SyncVS.PostprocessSyncProject 2.578ms
			AssetChangeDetector.OnPostprocessAllAssets 2.486ms
			SpeedTree9Postprocessor.OnPostprocessAllAssets 2.392ms
			ShaderGraphAssetPostProcessor.OnPostprocessAllAssets 2.256ms
			WindowAssetPostprocessingWatcher.OnPostprocessAllAssets 2.212ms
			RetainedModeAssetPostprocessor.OnPostprocessAllAssets 1.525ms
			RenderPipelineGlobalSettingsPostprocessor.OnPostprocessAllAssets 1.017ms
			EditModeScopePostprocessor.OnPostprocessAllAssets 1.015ms
			SpriteEditorTexturePostprocessor.OnPostprocessAllAssets 0.945ms
			ArtifactBrowserPostProcessor.OnPostprocessAllAssets 0.777ms
			InputActionAssetPostprocessor.OnPostprocessAllAssets 0.605ms
			SkillsProjectAssetPostprocessor.OnPostprocessAllAssets 0.574ms
			ModelAssetProcessor.OnPostprocessAllAssets 0.542ms
			TextAssetPostProcessor.OnPostprocessAllAssets 0.496ms
			AudioMixerPostprocessor.OnPostprocessAllAssets 0.484ms
			TMPro_TexturePostProcessor.OnPostprocessAllAssets 0.475ms
			MaterialPostprocessor.OnPostprocessAllAssets 0.461ms
			ReferencedClipsPostProcessor.OnPostprocessAllAssets 0.426ms
			ShaderReflectionAssetPostProcessor.OnPostprocessAllAssets 0.425ms
			PostProcessor.OnPostprocessAllAssets 0.372ms
			StyleCatalogPostProcessor.OnPostprocessAllAssets 0.332ms
			SampleDependencyImporterPostProcessor.OnPostprocessAllAssets 0.305ms
			AssetEvents.OnPostprocessAllAssets 0.291ms
			InputActionJsonNameModifierAssetProcessor.OnPostprocessAllAssets 0.289ms
			ProjectSettingsPostprocessor.OnPostprocessAllAssets 0.255ms
			SamplePostprocessor.OnPostprocessAllAssets 0.250ms
			SpeedTreePostProcessor.OnPostprocessAllAssets 0.235ms
			ConfigAssetsTracker.OnPostprocessAllAssets 0.209ms
			TerrainToolbarOverlayPostProcessor.OnPostprocessAllAssets 0.198ms
			AssetDatabaseCallbacks.OnPostprocessAllAssets 0.188ms
			ScenarioDriftAssetsTracker.OnPostprocessAllAssets 0.169ms
			AssetReloadNotifier.OnPostprocessAllAssets 0.139ms
			AudioContainerPostProcessor.OnPostprocessAllAssets 0.104ms
			TrackSelectedAssetsProcessor.OnPostprocessAllAssets 0.072ms
	GatherAllCurrentPrimaryImportResultRevisions: 0.407ms
	PersistCurrentRevisions: 0.219ms
	GenerateScriptTypeHashes: 4.711ms
	GenerateScriptTypeSerializationHashes: 7.922ms
	Untracked: 2090.037ms

[Licensing::Client] Error: Code 404 while processing request (status: Found 0 entitlement groups and 0 free entitlements matching requested entitlement ids)
[Licensing::Client] Successfully resolved entitlement details
[Licensing::Client] Successfully resolved entitlement details
[Licensing::Client] Successfully resolved entitlement details
[Licensing::Client] Successfully resolved entitlement details
[ScriptCompilation] Requested script compilation because: AssetDatabase observed changes in script compilation related files
Refreshing native plugins compatible for Editor in 3.29 ms, found 5 plugins.

Asset Pipeline Refresh (id=b8c5844896aed78499403246ff44b20e): Total: 0.379 seconds - Initiated by RefreshV2(NoUpdateAssetOptions)
	(Values over 0.05ms)
	Summary:
		Imports: total=0 (actual=0, local cache=0, cache server=0)
		Asset DB Process Time: managed=0 ms, native=122 ms
		Asset DB Callback time: managed=250 ms, native=5 ms
		Scripting: domain reloads=0, domain reload time=0 ms, compile time=1 ms, other=0 ms
		Project Asset Count: scripts=2149, non-scripts=5356
		Asset File Changes: new=0, changed=1, moved=0, deleted=0
		Scan Filter Count: 0
	ApplyChangesToAssetFolders: 0.115ms
	Scan: 7.024ms
	Collect global state as custom dependencies: 0.228ms
	OnSourceAssetsModified: 0.628ms
	ProcessAssetsWithTransientArtifactChanges: 0.150ms
	CategorizeAssets: 23.673ms
	CompileScripts: 0.519ms
	ImportOutOfDateAssets: 83.695ms (12.225ms without children)
		UnloadImportedAssets: 0.194ms
		EnsureUptoDateAssetsAreRegisteredWithGuidPM: 0.821ms
		ImportSchedulerStart: 70.407ms
	PostProcessAllAssets: 250.645ms
		XRBuildSystem.XRAssetImported 0.594ms
		MonoPostProcessAllAssets: 249.684ms
			AssetReferenceReimportMonitor.OnPostprocessAllAssets 32.519ms
			BuilderAssetPostprocessor.OnPostprocessAllAssets 7.158ms
			AssetChangedListener.OnPostprocessAllAssets 6.156ms
			AssetPostprocessor.OnPostprocessAllAssets 5.008ms
			SpriteSlicePostprocessor.OnPostprocessAllAssets 3.799ms
			UVCSAssetPostprocessor.OnPostprocessAllAssets 2.248ms
			RetainedModeAssetPostprocessor.OnPostprocessAllAssets 1.357ms
			ShaderGraphAssetPostProcessor.OnPostprocessAllAssets 1.327ms
			SpriteEditorTexturePostprocessor.OnPostprocessAllAssets 0.918ms
			MaterialPostprocessor.OnPostprocessAllAssets 0.914ms
			ArtifactBrowserPostProcessor.OnPostprocessAllAssets 0.760ms
			TMPro_TexturePostProcessor.OnPostprocessAllAssets 0.642ms
			InputActionJsonNameModifierAssetProcessor.OnPostprocessAllAssets 0.595ms
			SkillsProjectAssetPostprocessor.OnPostprocessAllAssets 0.490ms
			AudioMixerPostprocessor.OnPostprocessAllAssets 0.479ms
			TextAssetPostProcessor.OnPostprocessAllAssets 0.462ms
			ModelAssetProcessor.OnPostprocessAllAssets 0.395ms
			PostProcessor.OnPostprocessAllAssets 0.391ms
			StyleCatalogPostProcessor.OnPostprocessAllAssets 0.301ms
			SyncVS.PostprocessSyncProject 0.289ms
			AssetEvents.OnPostprocessAllAssets 0.268ms
			SampleDependencyImporterPostProcessor.OnPostprocessAllAssets 0.260ms
			SpeedTreePostProcessor.OnPostprocessAllAssets 0.183ms
			InputActionAssetPostprocessor.OnPostprocessAllAssets 0.182ms
			SamplePostprocessor.OnPostprocessAllAssets 0.172ms
			ConfigAssetsTracker.OnPostprocessAllAssets 0.156ms
			RenderPipelineGlobalSettingsPostprocessor.OnPostprocessAllAssets 0.150ms
			ScenarioDriftAssetsTracker.OnPostprocessAllAssets 0.136ms
			GraphRefreshPostprocessor.OnPostprocessAllAssets 0.118ms
			AudioContainerPostProcessor.OnPostprocessAllAssets 0.108ms
			AssetReloadNotifier.OnPostprocessAllAssets 0.106ms
			TrackSelectedAssetsProcessor.OnPostprocessAllAssets 0.090ms
	PostAssetChangesProfiler: 4.134ms
	GatherAllCurrentPrimaryImportResultRevisions: 0.333ms
	PersistCurrentRevisions: 0.232ms
	Untracked: 7.232ms

[Licensing::Client] Successfully resolved entitlement details
info: Microsoft.AspNetCore.Hosting.Diagnostics[1]
      Request starting HTTP/2 POST http://ilpp/UnityILPP.PostProcessing/Ping - application/grpc -
info: Microsoft.AspNetCore.Routing.EndpointMiddleware[0]
      Executing endpoint 'gRPC - /UnityILPP.PostProcessing/Ping'
info: Microsoft.AspNetCore.Routing.EndpointMiddleware[1]
      Executed endpoint 'gRPC - /UnityILPP.PostProcessing/Ping'
info: Microsoft.AspNetCore.Hosting.Diagnostics[2]
      Request finished HTTP/2 POST http://ilpp/UnityILPP.PostProcessing/Ping - 200 - application/grpc 0.1982ms
Starting: C:\Program Files\Unity\Hub\Editor\6000.5.8f1\Editor\Data\Tools\BuildPipeline\bee_backend.exe --ipc --defer-dag-verification --dagfile="Library/Bee/1900b0aE.dag" --continue-on-failure --profile="Library/Bee/backend1.traceevents" ScriptAssemblies
WorkingDir: C:/Users/Len/Lenomation_V3
info: Microsoft.AspNetCore.Hosting.Diagnostics[1]
      Request starting HTTP/2 POST http://ilpp/UnityILPP.PostProcessing/ConfigurePostProcessors - application/grpc -
info: Microsoft.AspNetCore.Routing.EndpointMiddleware[0]
      Executing endpoint 'gRPC - /UnityILPP.PostProcessing/ConfigurePostProcessors'
info: Unity.ILPP.Runner.PostProcessingAssemblyLoadContext[0]
      Current configuration matches the requested one, skipping
info: Microsoft.AspNetCore.Routing.EndpointMiddleware[1]
      Executed endpoint 'gRPC - /UnityILPP.PostProcessing/ConfigurePostProcessors'
info: Microsoft.AspNetCore.Hosting.Diagnostics[2]
      Request finished HTTP/2 POST http://ilpp/UnityILPP.PostProcessing/ConfigurePostProcessors - 200 - application/grpc 2.7169ms
info: Microsoft.AspNetCore.Hosting.Diagnostics[1]
      Request starting HTTP/2 POST http://ilpp/UnityILPP.PostProcessing/PostProcessAssembly - application/grpc -
info: Microsoft.AspNetCore.Routing.EndpointMiddleware[0]
      Executing endpoint 'gRPC - /UnityILPP.PostProcessing/PostProcessAssembly'
info: Unity.ILPP.Runner.PostProcessingPipeline[0]
      Processing assembly Library/Bee/artifacts/1900b0aE.dag/Assembly-CSharp-Editor.dll, with 142 defines and 390 references
info: Unity.ILPP.Runner.PostProcessingPipeline[0]
      processors: Unity.Jobs.CodeGen.JobsILPostProcessor, zzzUnity.Burst.CodeGen.BurstILPostProcessor
info: Unity.ILPP.Runner.PostProcessingPipeline[0]
      running Unity.Jobs.CodeGen.JobsILPostProcessor
info: Unity.ILPP.Runner.PostProcessingPipeline[0]
      running zzzUnity.Burst.CodeGen.BurstILPostProcessor
info: Microsoft.AspNetCore.Routing.EndpointMiddleware[1]
      Executed endpoint 'gRPC - /UnityILPP.PostProcessing/PostProcessAssembly'
info: Microsoft.AspNetCore.Hosting.Diagnostics[2]
      Request finished HTTP/2 POST http://ilpp/UnityILPP.PostProcessing/PostProcessAssembly - 200 - application/grpc 9.6995ms
ExitCode: 0 Duration: 0s424ms
[1192/1563  0s] ILPP-Configuration Library/ilpp-configuration.nevergeneratedoutput
[1559/1563  0s] Csc Library/Bee/artifacts/1900b0aE.dag/Assembly-CSharp-Editor.dll (+2 others)
[1560/1563  0s] ILPostProcess Library/Bee/artifacts/1900b0aE.dag/post-processed/Assembly-CSharp-Editor.dll (+pdb)
Processing assembly Library/Bee/artifacts/1900b0aE.dag/Assembly-CSharp-Editor.dll, with 142 defines and 390 references

processors: Unity.Jobs.CodeGen.JobsILPostProcessor, zzzUnity.Burst.CodeGen.BurstILPostProcessor

running Unity.Jobs.CodeGen.JobsILPostProcessor

running zzzUnity.Burst.CodeGen.BurstILPostProcessor
[1561/1563  0s] CopyFiles Library/ScriptAssemblies/Assembly-CSharp-Editor.pdb
[1562/1563  0s] CopyFiles Library/ScriptAssemblies/Assembly-CSharp-Editor.dll
*** Tundra build success (0.40 seconds), 5 items updated, 1563 evaluated
Reloading assemblies after finishing script compilation.
Reloading assemblies after forced synchronous recompile.
Begin MonoManager ReloadAssembly
Total cache size 268137716
Total cache size after purge 268137716, took 00:00:00.3187794
Symbol file LoadedFromMemory is not a mono symbol file
Symbol file LoadedFromMemory is not a mono symbol file
Refreshing native plugins compatible for Editor in 3.11 ms, found 5 plugins.
Native extension for WindowsStandalone target not found
Native extension for WebGL target not found
[MODES] ModeService[none].Initialize
[MODES] ModeService[none].LoadModes
Refreshing native plugins compatible for Editor in 4.46 ms, found 5 plugins.
[Licensing::Client] Error: Code 404 while processing request (status: Found 0 entitlement groups and 0 free entitlements matching requested entitlement ids)
ScheduleIndexationOnStartup MainProcess:True IndexOnStartup:True
Mono: successfully reloaded assembly
- Finished resetting the current domain, in  3.369 seconds
Domain Reload Profiling: 5414ms
	BeginReloadAssembly (1259ms)
		DisableScriptedObjects (198ms)
		CreateAndSetChildDomain (652ms)
	RebuildCommonClasses (13ms)
	RebuildNativeTypeToScriptingClass (22ms)
	initialDomainReloadingComplete (128ms)
	LoadAllAssembliesAndSetupDomain (621ms)
		LoadAssemblies (171ms)
		AnalyzeDomain (446ms)
			TypeCache.Refresh (16ms)
			BuildScriptInfoCaches (419ms)
			ResolveRequiredComponents (9ms)
	FinalizeReload (3371ms)
		SetupLoadedEditorAssemblies (0ms)
			BeforeProcessingInitializeOnLoad (230ms)
			ProcessInitializeOnLoadAttributes (864ms)
			ProcessInitializeOnLoadMethodAttributes (600ms)
			AfterProcessingInitializeOnLoad (9ms)
		AwakeInstancesAfterBackupRestoration (1058ms)

Asset Pipeline Refresh (id=5a5d16e685090334180ff347136081bd): Total: 5.768 seconds - Initiated by StopAssetImportingV2(ForceSynchronousImport | ForceDomainReload)
	(Values over 0.05ms)
	Summary:
		Imports: total=0 (actual=0, local cache=0, cache server=0)
		Asset DB Process Time: managed=0 ms, native=3598 ms
		Asset DB Callback time: managed=40 ms, native=0 ms
		Scripting: domain reloads=1, domain reload time=2125 ms, compile time=4 ms, other=0 ms
		Project Asset Count: scripts=2149, non-scripts=5356
		Asset File Changes: new=0, changed=0, moved=0, deleted=0
		Scan Filter Count: 0
	InvokePackagesCallback: 2.009ms
	ApplyChangesToAssetFolders: 0.430ms
	Collect global state as custom dependencies: 3.473ms
	ProcessAssetsWithTransientArtifactChanges: 7.090ms
	CategorizeAssets: 86.028ms
	CompileScripts: 3.595ms
	ImportOutOfDateAssets: 3457.043ms (3394.009ms without children)
		CollectScriptTypesHashes: 1.273ms
		ReloadNativeAssets: 0.916ms
		UnloadImportedAssets: 0.202ms
		EnsureUptoDateAssetsAreRegisteredWithGuidPM: 0.921ms
		ImportSchedulerStart: 60.893ms
	PostProcessAllAssets: 40.621ms
		MonoPostProcessAllAssets: 40.617ms
			AssetReferenceReimportMonitor.OnPostprocessAllAssets 32.519ms
			UniversalRenderPipelineGlobalSettingsPostprocessor.OnPostprocessAllAssets 12.790ms
			BuilderAssetPostprocessor.OnPostprocessAllAssets 7.158ms
			AssetChangedListener.OnPostprocessAllAssets 6.156ms
			AssetPostprocessor.OnPostprocessAllAssets 5.008ms
			SpriteSlicePostprocessor.OnPostprocessAllAssets 3.799ms
			GraphRefreshPostprocessor.OnPostprocessAllAssets 2.468ms
			AssetChangeDetector.OnPostprocessAllAssets 2.429ms
			UVCSAssetPostprocessor.OnPostprocessAllAssets 2.248ms
			WindowAssetPostprocessingWatcher.OnPostprocessAllAssets 2.067ms
			SyncVS.PostprocessSyncProject 1.784ms
			SpeedTree9Postprocessor.OnPostprocessAllAssets 1.644ms
			RetainedModeAssetPostprocessor.OnPostprocessAllAssets 1.357ms
			ShaderGraphAssetPostProcessor.OnPostprocessAllAssets 1.327ms
			EditModeScopePostprocessor.OnPostprocessAllAssets 1.272ms
			RenderPipelineGlobalSettingsPostprocessor.OnPostprocessAllAssets 0.920ms
			SpriteEditorTexturePostprocessor.OnPostprocessAllAssets 0.918ms
			MaterialPostprocessor.OnPostprocessAllAssets 0.914ms
			ArtifactBrowserPostProcessor.OnPostprocessAllAssets 0.760ms
			TMPro_TexturePostProcessor.OnPostprocessAllAssets 0.642ms
			InputActionJsonNameModifierAssetProcessor.OnPostprocessAllAssets 0.595ms
			SkillsProjectAssetPostprocessor.OnPostprocessAllAssets 0.490ms
			AudioMixerPostprocessor.OnPostprocessAllAssets 0.479ms
			TextAssetPostProcessor.OnPostprocessAllAssets 0.462ms
			ModelAssetProcessor.OnPostprocessAllAssets 0.395ms
			PostProcessor.OnPostprocessAllAssets 0.391ms
			ShaderReflectionAssetPostProcessor.OnPostprocessAllAssets 0.368ms
			ReferencedClipsPostProcessor.OnPostprocessAllAssets 0.348ms
			StyleCatalogPostProcessor.OnPostprocessAllAssets 0.301ms
			AssetEvents.OnPostprocessAllAssets 0.268ms
			SampleDependencyImporterPostProcessor.OnPostprocessAllAssets 0.260ms
			InputActionAssetPostprocessor.OnPostprocessAllAssets 0.256ms
			AssetDatabaseCallbacks.OnPostprocessAllAssets 0.184ms
			SpeedTreePostProcessor.OnPostprocessAllAssets 0.183ms
			SamplePostprocessor.OnPostprocessAllAssets 0.172ms
			ProjectSettingsPostprocessor.OnPostprocessAllAssets 0.158ms
			ConfigAssetsTracker.OnPostprocessAllAssets 0.156ms
			TerrainToolbarOverlayPostProcessor.OnPostprocessAllAssets 0.149ms
			ScenarioDriftAssetsTracker.OnPostprocessAllAssets 0.136ms
			AudioContainerPostProcessor.OnPostprocessAllAssets 0.108ms
			AssetReloadNotifier.OnPostprocessAllAssets 0.106ms
			TrackSelectedAssetsProcessor.OnPostprocessAllAssets 0.090ms
	GatherAllCurrentPrimaryImportResultRevisions: 0.340ms
	PersistCurrentRevisions: 0.244ms
	GenerateScriptTypeHashes: 7.394ms
	GenerateScriptTypeSerializationHashes: 12.819ms
	Untracked: 2161.901ms

[Licensing::Client] Error: Code 404 while processing request (status: Found 0 entitlement groups and 0 free entitlements matching requested entitlement ids)
[Licensing::Client] Error: Code 404 while processing request (status: Found 0 entitlement groups and 0 free entitlements matching requested entitlement ids)
[Licensing::Client] Error: Code 404 while processing request (status: Found 0 entitlement groups and 0 free entitlements matching requested entitlement ids)
[Licensing::Client] Successfully resolved entitlement details
[Licensing::Client] Successfully resolved entitlement details
[Licensing::Client] Successfully resolved entitlement details
[Licensing::Client] Successfully resolved entitlement details
[Licensing::Client] Successfully resolved entitlement details
[Licensing::Client] Error: Code 404 while processing request (status: Found 0 entitlement groups and 0 free entitlements matching requested entitlement ids)
[Licensing::Client] Error: Code 404 while processing request (status: Found 0 entitlement groups and 0 free entitlements matching requested entitlement ids)
[Licensing::Client] Error: Code 404 while processing request (status: Found 0 entitlement groups and 0 free entitlements matching requested entitlement ids)
[Licensing::Client] Error: Code 404 while processing request (status: Found 0 entitlement groups and 0 free entitlements matching requested entitlement ids)
[Licensing::Client] Error: Code 404 while processing request (status: Found 0 entitlement groups and 0 free entitlements matching requested entitlement ids)
[Licensing::Client] Error: Code 404 while processing request (status: Found 0 entitlement groups and 0 free entitlements matching requested entitlement ids)
[Licensing::Client] Error: Code 404 while processing request (status: Found 0 entitlement groups and 0 free entitlements matching requested entitlement ids)
[Licensing::Client] Error: Code 404 while processing request (status: Found 0 entitlement groups and 0 free entitlements matching requested entitlement ids)
UPID Received '0956883a-88ea-49b2-bde1-fe810ba60755'.
[Licensing::Client] Error: Code 404 while processing request (status: Found 0 entitlement groups and 0 free entitlements matching requested entitlement ids)
[Licensing::Client] Error: Code 404 while processing request (status: Found 0 entitlement groups and 0 free entitlements matching requested entitlement ids)
[Licensing::Client] Successfully resolved entitlement details
[ScriptCompilation] Requested script compilation because: AssetDatabase observed changes in script compilation related files
Refreshing native plugins compatible for Editor in 4.26 ms, found 5 plugins.

Asset Pipeline Refresh (id=6fc2d688e50ee664facf0ee743a53c25): Total: 0.411 seconds - Initiated by RefreshV2(NoUpdateAssetOptions)
	(Values over 0.05ms)
	Summary:
		Imports: total=0 (actual=0, local cache=0, cache server=0)
		Asset DB Process Time: managed=0 ms, native=122 ms
		Asset DB Callback time: managed=281 ms, native=6 ms
		Scripting: domain reloads=0, domain reload time=0 ms, compile time=1 ms, other=0 ms
		Project Asset Count: scripts=2149, non-scripts=5356
		Asset File Changes: new=0, changed=1, moved=0, deleted=0
		Scan Filter Count: 0
	ApplyChangesToAssetFolders: 0.150ms
	Scan: 8.773ms
	Collect global state as custom dependencies: 0.277ms
	OnSourceAssetsModified: 0.735ms
	ProcessAssetsWithTransientArtifactChanges: 0.133ms
	CategorizeAssets: 23.567ms
	CompileScripts: 0.590ms
	ImportOutOfDateAssets: 80.188ms (12.633ms without children)
		ReloadNativeAssets: 0.057ms
		UnloadImportedAssets: 0.336ms
		EnsureUptoDateAssetsAreRegisteredWithGuidPM: 0.940ms
		ImportSchedulerStart: 66.218ms
	PostProcessAllAssets: 282.058ms
		XRBuildSystem.XRAssetImported 0.837ms
		MonoPostProcessAllAssets: 280.716ms
			AssetReferenceReimportMonitor.OnPostprocessAllAssets 33.381ms
			BuilderAssetPostprocessor.OnPostprocessAllAssets 7.582ms
			AssetChangedListener.OnPostprocessAllAssets 6.642ms
			AssetPostprocessor.OnPostprocessAllAssets 6.093ms
			SpriteSlicePostprocessor.OnPostprocessAllAssets 5.386ms
			UVCSAssetPostprocessor.OnPostprocessAllAssets 4.173ms
			ShaderGraphAssetPostProcessor.OnPostprocessAllAssets 1.947ms
			RetainedModeAssetPostprocessor.OnPostprocessAllAssets 1.711ms
			SpriteEditorTexturePostprocessor.OnPostprocessAllAssets 1.292ms
			ArtifactBrowserPostProcessor.OnPostprocessAllAssets 0.990ms
			TMPro_TexturePostProcessor.OnPostprocessAllAssets 0.774ms
			MaterialPostprocessor.OnPostprocessAllAssets 0.646ms
			AudioMixerPostprocessor.OnPostprocessAllAssets 0.571ms
			ModelAssetProcessor.OnPostprocessAllAssets 0.553ms
			TextAssetPostProcessor.OnPostprocessAllAssets 0.469ms
			AssetEvents.OnPostprocessAllAssets 0.461ms
			SkillsProjectAssetPostprocessor.OnPostprocessAllAssets 0.422ms
			InputActionJsonNameModifierAssetProcessor.OnPostprocessAllAssets 0.398ms
			StyleCatalogPostProcessor.OnPostprocessAllAssets 0.383ms
			SampleDependencyImporterPostProcessor.OnPostprocessAllAssets 0.372ms
			PostProcessor.OnPostprocessAllAssets 0.370ms
			ConfigAssetsTracker.OnPostprocessAllAssets 0.367ms
			InputActionAssetPostprocessor.OnPostprocessAllAssets 0.302ms
			SyncVS.PostprocessSyncProject 0.250ms
			ScenarioDriftAssetsTracker.OnPostprocessAllAssets 0.238ms
			SpeedTreePostProcessor.OnPostprocessAllAssets 0.238ms
			AssetReloadNotifier.OnPostprocessAllAssets 0.210ms
			SamplePostprocessor.OnPostprocessAllAssets 0.208ms
			RenderPipelineGlobalSettingsPostprocessor.OnPostprocessAllAssets 0.156ms
			AudioContainerPostProcessor.OnPostprocessAllAssets 0.109ms
			GraphRefreshPostprocessor.OnPostprocessAllAssets 0.108ms
			TrackSelectedAssetsProcessor.OnPostprocessAllAssets 0.056ms
	PostAssetChangesProfiler: 4.966ms
	GatherAllCurrentPrimaryImportResultRevisions: 0.325ms
	PersistCurrentRevisions: 0.360ms
	Untracked: 8.431ms

info: Microsoft.AspNetCore.Hosting.Diagnostics[1]
      Request starting HTTP/2 POST http://ilpp/UnityILPP.PostProcessing/Ping - application/grpc -
info: Microsoft.AspNetCore.Routing.EndpointMiddleware[0]
      Executing endpoint 'gRPC - /UnityILPP.PostProcessing/Ping'
info: Microsoft.AspNetCore.Routing.EndpointMiddleware[1]
      Executed endpoint 'gRPC - /UnityILPP.PostProcessing/Ping'
info: Microsoft.AspNetCore.Hosting.Diagnostics[2]
      Request finished HTTP/2 POST http://ilpp/UnityILPP.PostProcessing/Ping - 200 - application/grpc 0.2066ms
Starting: C:\Program Files\Unity\Hub\Editor\6000.5.8f1\Editor\Data\Tools\BuildPipeline\bee_backend.exe --ipc --defer-dag-verification --dagfile="Library/Bee/1900b0aE.dag" --continue-on-failure --profile="Library/Bee/backend1.traceevents" ScriptAssemblies
WorkingDir: C:/Users/Len/Lenomation_V3
info: Microsoft.AspNetCore.Hosting.Diagnostics[1]
      Request starting HTTP/2 POST http://ilpp/UnityILPP.PostProcessing/ConfigurePostProcessors - application/grpc -
info: Microsoft.AspNetCore.Routing.EndpointMiddleware[0]
      Executing endpoint 'gRPC - /UnityILPP.PostProcessing/ConfigurePostProcessors'
info: Unity.ILPP.Runner.PostProcessingAssemblyLoadContext[0]
      Current configuration matches the requested one, skipping
info: Microsoft.AspNetCore.Routing.EndpointMiddleware[1]
      Executed endpoint 'gRPC - /UnityILPP.PostProcessing/ConfigurePostProcessors'
info: Microsoft.AspNetCore.Hosting.Diagnostics[2]
      Request finished HTTP/2 POST http://ilpp/UnityILPP.PostProcessing/ConfigurePostProcessors - 200 - application/grpc 0.7829ms
ExitCode: 3 Duration: 0s304ms
[1192/1563  0s] ILPP-Configuration Library/ilpp-configuration.nevergeneratedoutput
[1559/1563  0s] Csc Library/Bee/artifacts/1900b0aE.dag/Assembly-CSharp-Editor.dll (+2 others)
##### CommandLine
"C:\Program Files\Unity\Hub\Editor\6000.5.8f1\Editor\Data\DotNetSdk\dotnet.exe" exec "C:/Program Files/Unity/Hub/Editor/6000.5.8f1/Editor/Data/DotNetSdk/sdk/8.0.318/Roslyn/bincore/csc.dll" /nostdlib /noconfig /shared "@Library/Bee/artifacts/1900b0aE.dag/Assembly-CSharp-Editor.rsp" "@Library/Bee/artifacts/1900b0aE.dag/Assembly-CSharp-Editor.rsp2"
##### Contents of Library\Bee\artifacts\1900b0aE.dag\Assembly-CSharp-Editor.rsp
-target:library
-out:"Library/Bee/artifacts/1900b0aE.dag/Assembly-CSharp-Editor.dll"
-refout:"Library/Bee/artifacts/1900b0aE.dag/Assembly-CSharp-Editor.ref.dll"
-define:UNITY_6000_5_8
-define:UNITY_6000_5
-define:UNITY_6000
-define:UNITY_5_3_OR_NEWER
-define:UNITY_5_4_OR_NEWER
-define:UNITY_5_5_OR_NEWER
-define:UNITY_5_6_OR_NEWER
-define:UNITY_2017_1_OR_NEWER
-define:UNITY_2017_2_OR_NEWER
-define:UNITY_2017_3_OR_NEWER
-define:UNITY_2017_4_OR_NEWER
-define:UNITY_2018_1_OR_NEWER
-define:UNITY_2018_2_OR_NEWER
-define:UNITY_2018_3_OR_NEWER
-define:UNITY_2018_4_OR_NEWER
-define:UNITY_2019_1_OR_NEWER
-define:UNITY_2019_2_OR_NEWER
-define:UNITY_2019_3_OR_NEWER
-define:UNITY_2019_4_OR_NEWER
-define:UNITY_2020_1_OR_NEWER
-define:UNITY_2020_2_OR_NEWER
-define:UNITY_2020_3_OR_NEWER
-define:UNITY_2021_1_OR_NEWER
-define:UNITY_2021_2_OR_NEWER
-define:UNITY_2021_3_OR_NEWER
-define:UNITY_2022_1_OR_NEWER
-define:UNITY_2022_2_OR_NEWER
-define:UNITY_2022_3_OR_NEWER
-define:UNITY_2023_1_OR_NEWER
-define:UNITY_2023_2_OR_NEWER
-define:UNITY_2023_3_OR_NEWER
-define:UNITY_6000_0_OR_NEWER
-define:UNITY_6000_1_OR_NEWER
-define:UNITY_6000_2_OR_NEWER
-define:UNITY_6000_3_OR_NEWER
-define:UNITY_6000_4_OR_NEWER
-define:UNITY_6000_5_OR_NEWER
-define:PLATFORM_ARCH_64
-define:UNITY_64
-define:UNITY_INCLUDE_TESTS
-define:UNITY_ENABLE_CLOUD_SERVICES_ENGINE_DIAGNOSTICS_MANAGED
-define:ENABLE_AR
-define:ENABLE_AUDIO
-define:ENABLE_AUDIO_SCRIPTABLE_PIPELINE
-define:ENABLE_CACHING
-define:ENABLE_CLOTH
-define:ENABLE_EVENT_QUEUE
-define:ENABLE_MICROPHONE
-define:ENABLE_MULTIPLE_DISPLAYS
-define:ENABLE_PHYSICS
-define:ENABLE_TEXTURE_STREAMING
-define:ENABLE_VIRTUALTEXTURING
-define:ENABLE_LZMA
-define:ENABLE_UNITYEVENTS
-define:ENABLE_VR
-define:ENABLE_WEBCAM
-define:ENABLE_UNITYWEBREQUEST
-define:ENABLE_WWW
-define:ENABLE_CLOUD_SERVICES
-define:ENABLE_CLOUD_SERVICES_ADS
-define:ENABLE_CLOUD_SERVICES_USE_WEBREQUEST
-define:ENABLE_UNITY_CONSENT
-define:ENABLE_UNITY_CLOUD_IDENTIFIERS
-define:ENABLE_CLOUD_SERVICES_CRASH_REPORTING
-define:ENABLE_CLOUD_SERVICES_NATIVE_CRASH_REPORTING
-define:ENABLE_CLOUD_SERVICES_PURCHASING
-define:ENABLE_CLOUD_SERVICES_ANALYTICS
-define:ENABLE_CLOUD_SERVICES_BUILD
-define:ENABLE_EDITOR_GAME_SERVICES
-define:ENABLE_UNITY_GAME_SERVICES_ANALYTICS_SUPPORT
-define:ENABLE_CLOUD_LICENSE
-define:ENABLE_EDITOR_HUB_LICENSE
-define:ENABLE_WEBSOCKET_CLIENT
-define:ENABLE_GENERATE_NATIVE_PLUGINS_FOR_ASSEMBLIES_API
-define:ENABLE_DIRECTOR_AUDIO
-define:ENABLE_DIRECTOR_TEXTURE
-define:ENABLE_MANAGED_JOBS
-define:ENABLE_MANAGED_TRANSFORM_JOBS
-define:ENABLE_MANAGED_ANIMATION_JOBS
-define:ENABLE_MANAGED_AUDIO_JOBS
-define:ENABLE_MANAGED_UNITYTLS
-define:INCLUDE_DYNAMIC_GI
-define:ENABLE_SCRIPTING_GC_WBARRIERS
-define:PLATFORM_SUPPORTS_MONO
-define:RENDER_SOFTWARE_CURSOR
-define:ENABLE_MARSHALLING_TESTS
-define:ENABLE_VIDEO
-define:ENABLE_NAVIGATION_OFFMESHLINK_TO_NAVMESHLINK
-define:ENABLE_ACCELERATOR_CLIENT_DEBUGGING
-define:ENABLE_ACCESSIBILITY_SCREEN_READER
-define:TEXTCORE_1_0_OR_NEWER
-define:EDITOR_ONLY_NAVMESH_BUILDER_DEPRECATED
-define:PLATFORM_STANDALONE_WIN
-define:PLATFORM_STANDALONE
-define:UNITY_STANDALONE_WIN
-define:UNITY_STANDALONE
-define:ENABLE_RUNTIME_GI
-define:ENABLE_MOVIES
-define:ENABLE_NETWORK
-define:ENABLE_NVIDIA
-define:ENABLE_AMD
-define:ENABLE_CRUNCH_TEXTURE_COMPRESSION
-define:ENABLE_CLOUD_SERVICES_ENGINE_DIAGNOSTICS
-define:ENABLE_OUT_OF_PROCESS_CRASH_HANDLER
-define:ENABLE_CLUSTER_SYNC
-define:ENABLE_CLUSTERINPUT
-define:PLATFORM_UPDATES_TIME_OUTSIDE_OF_PLAYER_LOOP
-define:GFXDEVICE_WAITFOREVENT_MESSAGEPUMP
-define:PLATFORM_USES_EXPLICIT_MEMORY_MANAGER_INITIALIZER
-define:PLATFORM_SUPPORTS_WAIT_FOR_PRESENTATION
-define:PLATFORM_SUPPORTS_SPLIT_GRAPHICS_JOBS
-define:PLATFORM_USES_VULKAN_OLD_SWAPCHAIN
-define:USE_READ_ASYNC_MANAGED_API
-define:ENABLE_MONO
-define:NET_4_6
-define:NET_UNITY_4_8
-define:ENABLE_PROFILER
-define:DEBUG
-define:TRACE
-define:UNITY_ASSERTIONS
-define:UNITY_EDITOR
-define:UNITY_EDITOR_64
-define:UNITY_EDITOR_WIN
-define:ENABLE_UNITY_COLLECTIONS_CHECKS
-define:ENABLE_BURST_AOT
-define:UNITY_TEAM_LICENSE
-define:ENABLE_CUSTOM_RENDER_TEXTURE
-define:ENABLE_DIRECTOR
-define:ENABLE_LOCALIZATION
-define:ENABLE_SPRITES
-define:ENABLE_TERRAIN
-define:ENABLE_TILEMAP
-define:ENABLE_TIMELINE
-define:ENABLE_INPUT_SYSTEM
-define:TEXTCORE_FONT_ENGINE_1_5_OR_NEWER
-define:TEXTCORE_TEXT_ENGINE_1_5_OR_NEWER
-define:TEXTCORE_FONT_ENGINE_1_6_OR_NEWER
-define:SENTIS_ANALYTICS_ENABLED
-define:APP_UI_EDITOR_ONLY
-define:CSHARP_7_OR_LATER
-define:CSHARP_7_3_OR_NEWER
-define:UNITY_EDITOR_ONLY_COMPILATION
-r:"C:/Program Files/Unity/Hub/Editor/6000.5.8f1/Editor/Data/BCLExtensions/TargetingPacks/netstandard2.1/ref/Microsoft.Bcl.AsyncInterfaces.dll"
-r:"C:/Program Files/Unity/Hub/Editor/6000.5.8f1/Editor/Data/BCLExtensions/TargetingPacks/netstandard2.1/ref/Microsoft.Extensions.DependencyInjection.Abstractions.dll"
-r:"C:/Program Files/Unity/Hub/Editor/6000.5.8f1/Editor/Data/BCLExtensions/TargetingPacks/netstandard2.1/ref/Microsoft.Extensions.Logging.Abstractions.dll"
-r:"C:/Program Files/Unity/Hub/Editor/6000.5.8f1/Editor/Data/BCLExtensions/TargetingPacks/netstandard2.1/ref/System.Collections.Immutable.dll"
-r:"C:/Program Files/Unity/Hub/Editor/6000.5.8f1/Editor/Data/BCLExtensions/TargetingPacks/netstandard2.1/ref/System.Diagnostics.DiagnosticSource.dll"
-r:"C:/Program Files/Unity/Hub/Editor/6000.5.8f1/Editor/Data/BCLExtensions/TargetingPacks/netstandard2.1/ref/System.IO.Hashing.dll"
-r:"C:/Program Files/Unity/Hub/Editor/6000.5.8f1/Editor/Data/BCLExtensions/TargetingPacks/netstandard2.1/ref/System.Reflection.Metadata.dll"
-r:"C:/Program Files/Unity/Hub/Editor/6000.5.8f1/Editor/Data/BCLExtensions/TargetingPacks/netstandard2.1/ref/System.Runtime.CompilerServices.Unsafe.dll"
-r:"C:/Program Files/Unity/Hub/Editor/6000.5.8f1/Editor/Data/BCLExtensions/TargetingPacks/netstandard2.1/ref/System.Text.Encodings.Web.dll"
-r:"C:/Program Files/Unity/Hub/Editor/6000.5.8f1/Editor/Data/BCLExtensions/TargetingPacks/netstandard2.1/ref/System.Text.Json.dll"
-r:"C:/Program Files/Unity/Hub/Editor/6000.5.8f1/Editor/Data/Managed/UnityEditor.Graphs.dll"
-r:"C:/Program Files/Unity/Hub/Editor/6000.5.8f1/Editor/Data/Managed/UnityEngine/Unity.Scripting.dll"
-r:"C:/Program Files/Unity/Hub/Editor/6000.5.8f1/Editor/Data/Managed/UnityEngine/UnityEditor.AIModule.dll"
-r:"C:/Program Files/Unity/Hub/Editor/6000.5.8f1/Editor/Data/Managed/UnityEngine/UnityEditor.AccessibilityModule.dll"
-r:"C:/Program Files/Unity/Hub/Editor/6000.5.8f1/Editor/Data/Managed/UnityEngine/UnityEditor.AdaptivePerformanceModule.dll"
-r:"C:/Program Files/Unity/Hub/Editor/6000.5.8f1/Editor/Data/Managed/UnityEngine/UnityEditor.AssetComplianceModule.dll"
-r:"C:/Program Files/Unity/Hub/Editor/6000.5.8f1/Editor/Data/Managed/UnityEngine/UnityEditor.BuildProfileModule.dll"
-r:"C:/Program Files/Unity/Hub/Editor/6000.5.8f1/Editor/Data/Managed/UnityEngine/UnityEditor.ClothModule.dll"
-r:"C:/Program Files/Unity/Hub/Editor/6000.5.8f1/Editor/Data/Managed/UnityEngine/UnityEditor.ContentLoadModule.dll"
-r:"C:/Program Files/Unity/Hub/Editor/6000.5.8f1/Editor/Data/Managed/UnityEngine/UnityEditor.CoreBusinessMetricsModule.dll"
-r:"C:/Program Files/Unity/Hub/Editor/6000.5.8f1/Editor/Data/Managed/UnityEngine/UnityEditor.CoreModule.dll"
-r:"C:/Program Files/Unity/Hub/Editor/6000.5.8f1/Editor/Data/Managed/UnityEngine/UnityEditor.DeviceSimulatorModule.dll"
-r:"C:/Program Files/Unity/Hub/Editor/6000.5.8f1/Editor/Data/Managed/UnityEngine/UnityEditor.DiagnosticsModule.dll"
-r:"C:/Program Files/Unity/Hub/Editor/6000.5.8f1/Editor/Data/Managed/UnityEngine/UnityEditor.EditorToolbarModule.dll"
-r:"C:/Program Files/Unity/Hub/Editor/6000.5.8f1/Editor/Data/Managed/UnityEngine/UnityEditor.EmbreeModule.dll"
-r:"C:/Program Files/Unity/Hub/Editor/6000.5.8f1/Editor/Data/Managed/UnityEngine/UnityEditor.GIModule.dll"
-r:"C:/Program Files/Unity/Hub/Editor/6000.5.8f1/Editor/Data/Managed/UnityEngine/UnityEditor.GenericRemoteModule.dll"
-r:"C:/Program Files/Unity/Hub/Editor/6000.5.8f1/Editor/Data/Managed/UnityEngine/UnityEditor.GraphToolkitModule.dll"
-r:"C:/Program Files/Unity/Hub/Editor/6000.5.8f1/Editor/Data/Managed/UnityEngine/UnityEditor.GraphViewModule.dll"
-r:"C:/Program Files/Unity/Hub/Editor/6000.5.8f1/Editor/Data/Managed/UnityEngine/UnityEditor.GraphicsStateCollectionSerializerModule.dll"
-r:"C:/Program Files/Unity/Hub/Editor/6000.5.8f1/Editor/Data/Managed/UnityEngine/UnityEditor.GridAndSnapModule.dll"
-r:"C:/Program Files/Unity/Hub/Editor/6000.5.8f1/Editor/Data/Managed/UnityEngine/UnityEditor.GridModule.dll"
-r:"C:/Program Files/Unity/Hub/Editor/6000.5.8f1/Editor/Data/Managed/UnityEngine/UnityEditor.HierarchyModule.dll"
-r:"C:/Program Files/Unity/Hub/Editor/6000.5.8f1/Editor/Data/Managed/UnityEngine/UnityEditor.LightingModule.dll"
-r:"C:/Program Files/Unity/Hub/Editor/6000.5.8f1/Editor/Data/Managed/UnityEngine/UnityEditor.MathematicsModule.dll"
-r:"C:/Program Files/Unity/Hub/Editor/6000.5.8f1/Editor/Data/Managed/UnityEngine/UnityEditor.MediaModule.dll"
-r:"C:/Program Files/Unity/Hub/Editor/6000.5.8f1/Editor/Data/Managed/UnityEngine/UnityEditor.MultiplayerModule.dll"
-r:"C:/Program Files/Unity/Hub/Editor/6000.5.8f1/Editor/Data/Managed/UnityEngine/UnityEditor.Physics2DModule.dll"
-r:"C:/Program Files/Unity/Hub/Editor/6000.5.8f1/Editor/Data/Managed/UnityEngine/UnityEditor.PhysicsCore2DModule.dll"
-r:"C:/Program Files/Unity/Hub/Editor/6000.5.8f1/Editor/Data/Managed/UnityEngine/UnityEditor.PhysicsModule.dll"
-r:"C:/Program Files/Unity/Hub/Editor/6000.5.8f1/Editor/Data/Managed/UnityEngine/UnityEditor.PlayModeModule.dll"
-r:"C:/Program Files/Unity/Hub/Editor/6000.5.8f1/Editor/Data/Managed/UnityEngine/UnityEditor.PresetsUIModule.dll"
-r:"C:/Program Files/Unity/Hub/Editor/6000.5.8f1/Editor/Data/Managed/UnityEngine/UnityEditor.ProjectAuditorModule.dll"
-r:"C:/Program Files/Unity/Hub/Editor/6000.5.8f1/Editor/Data/Managed/UnityEngine/UnityEditor.PropertiesModule.dll"
-r:"C:/Program Files/Unity/Hub/Editor/6000.5.8f1/Editor/Data/Managed/UnityEngine/UnityEditor.QuickInstallModule.dll"
-r:"C:/Program Files/Unity/Hub/Editor/6000.5.8f1/Editor/Data/Managed/UnityEngine/UnityEditor.QuickSearchModule.dll"
-r:"C:/Program Files/Unity/Hub/Editor/6000.5.8f1/Editor/Data/Managed/UnityEngine/UnityEditor.SafeModeModule.dll"
-r:"C:/Program Files/Unity/Hub/Editor/6000.5.8f1/Editor/Data/Managed/UnityEngine/UnityEditor.SceneTemplateModule.dll"
-r:"C:/Program Files/Unity/Hub/Editor/6000.5.8f1/Editor/Data/Managed/UnityEngine/UnityEditor.SceneViewModule.dll"
-r:"C:/Program Files/Unity/Hub/Editor/6000.5.8f1/Editor/Data/Managed/UnityEngine/UnityEditor.ShaderBuildSettingsModule.dll"
-r:"C:/Program Files/Unity/Hub/Editor/6000.5.8f1/Editor/Data/Managed/UnityEngine/UnityEditor.ShaderCompilationModule.dll"
-r:"C:/Program Files/Unity/Hub/Editor/6000.5.8f1/Editor/Data/Managed/UnityEngine/UnityEditor.ShaderFoundryModule.dll"
-r:"C:/Program Files/Unity/Hub/Editor/6000.5.8f1/Editor/Data/Managed/UnityEngine/UnityEditor.SketchUpModule.dll"
-r:"C:/Program Files/Unity/Hub/Editor/6000.5.8f1/Editor/Data/Managed/UnityEngine/UnityEditor.SpriteMaskModule.dll"
-r:"C:/Program Files/Unity/Hub/Editor/6000.5.8f1/Editor/Data/Managed/UnityEngine/UnityEditor.SpriteShapeModule.dll"
-r:"C:/Program Files/Unity/Hub/Editor/6000.5.8f1/Editor/Data/Managed/UnityEngine/UnityEditor.SubstanceModule.dll"
-r:"C:/Program Files/Unity/Hub/Editor/6000.5.8f1/Editor/Data/Managed/UnityEngine/UnityEditor.TerrainModule.dll"
-r:"C:/Program Files/Unity/Hub/Editor/6000.5.8f1/Editor/Data/Managed/UnityEngine/UnityEditor.TextCoreFontEngineModule.dll"
-r:"C:/Program Files/Unity/Hub/Editor/6000.5.8f1/Editor/Data/Managed/UnityEngine/UnityEditor.TextCoreTextEngineModule.dll"
-r:"C:/Program Files/Unity/Hub/Editor/6000.5.8f1/Editor/Data/Managed/UnityEngine/UnityEditor.TextRenderingModule.dll"
-r:"C:/Program Files/Unity/Hub/Editor/6000.5.8f1/Editor/Data/Managed/UnityEngine/UnityEditor.TilemapModule.dll"
-r:"C:/Program Files/Unity/Hub/Editor/6000.5.8f1/Editor/Data/Managed/UnityEngine/UnityEditor.TreeModule.dll"
-r:"C:/Program Files/Unity/Hub/Editor/6000.5.8f1/Editor/Data/Managed/UnityEngine/UnityEditor.U2DModule.dll"
-r:"C:/Program Files/Unity/Hub/Editor/6000.5.8f1/Editor/Data/Managed/UnityEngine/UnityEditor.UIAutomationModule.dll"
-r:"C:/Program Files/Unity/Hub/Editor/6000.5.8f1/Editor/Data/Managed/UnityEngine/UnityEditor.UIBuilderModule.dll"
-r:"C:/Program Files/Unity/Hub/Editor/6000.5.8f1/Editor/Data/Managed/UnityEngine/UnityEditor.UIElementsModule.dll"
-r:"C:/Program Files/Unity/Hub/Editor/6000.5.8f1/Editor/Data/Managed/UnityEngine/UnityEditor.UIElementsSamplesModule.dll"
-r:"C:/Program Files/Unity/Hub/Editor/6000.5.8f1/Editor/Data/Managed/UnityEngine/UnityEditor.UIToolkitAuthoringModule.dll"
-r:"C:/Program Files/Unity/Hub/Editor/6000.5.8f1/Editor/Data/Managed/UnityEngine/UnityEditor.UmbraModule.dll"
-r:"C:/Program Files/Unity/Hub/Editor/6000.5.8f1/Editor/Data/Managed/UnityEngine/UnityEditor.UnityConnectModule.dll"
-r:"C:/Program Files/Unity/Hub/Editor/6000.5.8f1/Editor/Data/Managed/UnityEngine/UnityEditor.VFXModule.dll"
-r:"C:/Program Files/Unity/Hub/Editor/6000.5.8f1/Editor/Data/Managed/UnityEngine/UnityEditor.VectorGraphicsModule.dll"
-r:"C:/Program Files/Unity/Hub/Editor/6000.5.8f1/Editor/Data/Managed/UnityEngine/UnityEditor.VideoModule.dll"
-r:"C:/Program Files/Unity/Hub/Editor/6000.5.8f1/Editor/Data/Managed/UnityEngine/UnityEditor.XRModule.dll"
-r:"C:/Program Files/Unity/Hub/Editor/6000.5.8f1/Editor/Data/Managed/UnityEngine/UnityEditor.dll"
-r:"C:/Program Files/Unity/Hub/Editor/6000.5.8f1/Editor/Data/Managed/UnityEngine/UnityEngine.AIModule.dll"
-r:"C:/Program Files/Unity/Hub/Editor/6000.5.8f1/Editor/Data/Managed/UnityEngine/UnityEngine.AMDModule.dll"
-r:"C:/Program Files/Unity/Hub/Editor/6000.5.8f1/Editor/Data/Managed/UnityEngine/UnityEngine.ARModule.dll"
-r:"C:/Program Files/Unity/Hub/Editor/6000.5.8f1/Editor/Data/Managed/UnityEngine/UnityEngine.AccessibilityModule.dll"
-r:"C:/Program Files/Unity/Hub/Editor/6000.5.8f1/Editor/Data/Managed/UnityEngine/UnityEngine.AdaptivePerformanceModule.dll"
-r:"C:/Program Files/Unity/Hub/Editor/6000.5.8f1/Editor/Data/Managed/UnityEngine/UnityEngine.AndroidJNIModule.dll"
-r:"C:/Program Files/Unity/Hub/Editor/6000.5.8f1/Editor/Data/Managed/UnityEngine/UnityEngine.AnimationModule.dll"
-r:"C:/Program Files/Unity/Hub/Editor/6000.5.8f1/Editor/Data/Managed/UnityEngine/UnityEngine.AssetBundleModule.dll"
-r:"C:/Program Files/Unity/Hub/Editor/6000.5.8f1/Editor/Data/Managed/UnityEngine/UnityEngine.AudioModule.dll"
-r:"C:/Program Files/Unity/Hub/Editor/6000.5.8f1/Editor/Data/Managed/UnityEngine/UnityEngine.ClothModule.dll"
-r:"C:/Program Files/Unity/Hub/Editor/6000.5.8f1/Editor/Data/Managed/UnityEngine/UnityEngine.ClusterInputModule.dll"
-r:"C:/Program Files/Unity/Hub/Editor/6000.5.8f1/Editor/Data/Managed/UnityEngine/UnityEngine.ClusterRendererModule.dll"
-r:"C:/Program Files/Unity/Hub/Editor/6000.5.8f1/Editor/Data/Managed/UnityEngine/UnityEngine.ContentLoadModule.dll"
-r:"C:/Program Files/Unity/Hub/Editor/6000.5.8f1/Editor/Data/Managed/UnityEngine/UnityEngine.CoreModule.dll"
-r:"C:/Program Files/Unity/Hub/Editor/6000.5.8f1/Editor/Data/Managed/UnityEngine/UnityEngine.CrashReportingModule.dll"
-r:"C:/Program Files/Unity/Hub/Editor/6000.5.8f1/Editor/Data/Managed/UnityEngine/UnityEngine.DSPGraphModule.dll"
-r:"C:/Program Files/Unity/Hub/Editor/6000.5.8f1/Editor/Data/Managed/UnityEngine/UnityEngine.DirectorModule.dll"
-r:"C:/Program Files/Unity/Hub/Editor/6000.5.8f1/Editor/Data/Managed/UnityEngine/UnityEngine.GIModule.dll"
-r:"C:/Program Files/Unity/Hub/Editor/6000.5.8f1/Editor/Data/Managed/UnityEngine/UnityEngine.GameCenterModule.dll"
-r:"C:/Program Files/Unity/Hub/Editor/6000.5.8f1/Editor/Data/Managed/UnityEngine/UnityEngine.GraphicsStateCollectionSerializerModule.dll"
-r:"C:/Program Files/Unity/Hub/Editor/6000.5.8f1/Editor/Data/Managed/UnityEngine/UnityEngine.GridModule.dll"
-r:"C:/Program Files/Unity/Hub/Editor/6000.5.8f1/Editor/Data/Managed/UnityEngine/UnityEngine.HierarchyCoreModule.dll"
-r:"C:/Program Files/Unity/Hub/Editor/6000.5.8f1/Editor/Data/Managed/UnityEngine/UnityEngine.HierarchyModule.dll"
-r:"C:/Program Files/Unity/Hub/Editor/6000.5.8f1/Editor/Data/Managed/UnityEngine/UnityEngine.HotReloadModule.dll"
-r:"C:/Program Files/Unity/Hub/Editor/6000.5.8f1/Editor/Data/Managed/UnityEngine/UnityEngine.IMGUIModule.dll"
-r:"C:/Program Files/Unity/Hub/Editor/6000.5.8f1/Editor/Data/Managed/UnityEngine/UnityEngine.IdentifiersModule.dll"
-r:"C:/Program Files/Unity/Hub/Editor/6000.5.8f1/Editor/Data/Managed/UnityEngine/UnityEngine.ImageConversionModule.dll"
-r:"C:/Program Files/Unity/Hub/Editor/6000.5.8f1/Editor/Data/Managed/UnityEngine/UnityEngine.InputForUIModule.dll"
-r:"C:/Program Files/Unity/Hub/Editor/6000.5.8f1/Editor/Data/Managed/UnityEngine/UnityEngine.InputLegacyModule.dll"
-r:"C:/Program Files/Unity/Hub/Editor/6000.5.8f1/Editor/Data/Managed/UnityEngine/UnityEngine.InputModule.dll"
-r:"C:/Program Files/Unity/Hub/Editor/6000.5.8f1/Editor/Data/Managed/UnityEngine/UnityEngine.InsightsModule.dll"
-r:"C:/Program Files/Unity/Hub/Editor/6000.5.8f1/Editor/Data/Managed/UnityEngine/UnityEngine.JSONSerializeModule.dll"
-r:"C:/Program Files/Unity/Hub/Editor/6000.5.8f1/Editor/Data/Managed/UnityEngine/UnityEngine.LocalizationModule.dll"
-r:"C:/Program Files/Unity/Hub/Editor/6000.5.8f1/Editor/Data/Managed/UnityEngine/UnityEngine.MarshallingModule.dll"
-r:"C:/Program Files/Unity/Hub/Editor/6000.5.8f1/Editor/Data/Managed/UnityEngine/UnityEngine.MathematicsModule.dll"
-r:"C:/Program Files/Unity/Hub/Editor/6000.5.8f1/Editor/Data/Managed/UnityEngine/UnityEngine.MultiplayerModule.dll"
-r:"C:/Program Files/Unity/Hub/Editor/6000.5.8f1/Editor/Data/Managed/UnityEngine/UnityEngine.NVIDIAModule.dll"
-r:"C:/Program Files/Unity/Hub/Editor/6000.5.8f1/Editor/Data/Managed/UnityEngine/UnityEngine.ParticleSystemModule.dll"
-r:"C:/Program Files/Unity/Hub/Editor/6000.5.8f1/Editor/Data/Managed/UnityEngine/UnityEngine.PerformanceReportingModule.dll"
-r:"C:/Program Files/Unity/Hub/Editor/6000.5.8f1/Editor/Data/Managed/UnityEngine/UnityEngine.Physics2DModule.dll"
-r:"C:/Program Files/Unity/Hub/Editor/6000.5.8f1/Editor/Data/Managed/UnityEngine/UnityEngine.PhysicsBackendPhysXModule.dll"
-r:"C:/Program Files/Unity/Hub/Editor/6000.5.8f1/Editor/Data/Managed/UnityEngine/UnityEngine.PhysicsCore2DModule.dll"
-r:"C:/Program Files/Unity/Hub/Editor/6000.5.8f1/Editor/Data/Managed/UnityEngine/UnityEngine.PhysicsModule.dll"
-r:"C:/Program Files/Unity/Hub/Editor/6000.5.8f1/Editor/Data/Managed/UnityEngine/UnityEngine.PropertiesModule.dll"
-r:"C:/Program Files/Unity/Hub/Editor/6000.5.8f1/Editor/Data/Managed/UnityEngine/UnityEngine.RenderAs2DModule.dll"
-r:"C:/Program Files/Unity/Hub/Editor/6000.5.8f1/Editor/Data/Managed/UnityEngine/UnityEngine.RuntimeInitializeOnLoadManagerInitializerModule.dll"
-r:"C:/Program Files/Unity/Hub/Editor/6000.5.8f1/Editor/Data/Managed/UnityEngine/UnityEngine.ScreenCaptureModule.dll"
-r:"C:/Program Files/Unity/Hub/Editor/6000.5.8f1/Editor/Data/Managed/UnityEngine/UnityEngine.ScriptingModule.dll"
-r:"C:/Program Files/Unity/Hub/Editor/6000.5.8f1/Editor/Data/Managed/UnityEngine/UnityEngine.ShaderVariantAnalyticsModule.dll"
-r:"C:/Program Files/Unity/Hub/Editor/6000.5.8f1/Editor/Data/Managed/UnityEngine/UnityEngine.SharedInternalsModule.dll"
-r:"C:/Program Files/Unity/Hub/Editor/6000.5.8f1/Editor/Data/Managed/UnityEngine/UnityEngine.SpriteMaskModule.dll"
-r:"C:/Program Files/Unity/Hub/Editor/6000.5.8f1/Editor/Data/Managed/UnityEngine/UnityEngine.SpriteShapeModule.dll"
-r:"C:/Program Files/Unity/Hub/Editor/6000.5.8f1/Editor/Data/Managed/UnityEngine/UnityEngine.StreamingModule.dll"
-r:"C:/Program Files/Unity/Hub/Editor/6000.5.8f1/Editor/Data/Managed/UnityEngine/UnityEngine.SubstanceModule.dll"
-r:"C:/Program Files/Unity/Hub/Editor/6000.5.8f1/Editor/Data/Managed/UnityEngine/UnityEngine.SubsystemsModule.dll"
-r:"C:/Program Files/Unity/Hub/Editor/6000.5.8f1/Editor/Data/Managed/UnityEngine/UnityEngine.TLSModule.dll"
-r:"C:/Program Files/Unity/Hub/Editor/6000.5.8f1/Editor/Data/Managed/UnityEngine/UnityEngine.TerrainModule.dll"
-r:"C:/Program Files/Unity/Hub/Editor/6000.5.8f1/Editor/Data/Managed/UnityEngine/UnityEngine.TerrainPhysicsModule.dll"
-r:"C:/Program Files/Unity/Hub/Editor/6000.5.8f1/Editor/Data/Managed/UnityEngine/UnityEngine.TextCoreFontEngineModule.dll"
-r:"C:/Program Files/Unity/Hub/Editor/6000.5.8f1/Editor/Data/Managed/UnityEngine/UnityEngine.TextCoreTextEngineModule.dll"
-r:"C:/Program Files/Unity/Hub/Editor/6000.5.8f1/Editor/Data/Managed/UnityEngine/UnityEngine.TextRenderingModule.dll"
-r:"C:/Program Files/Unity/Hub/Editor/6000.5.8f1/Editor/Data/Managed/UnityEngine/UnityEngine.TilemapModule.dll"
-r:"C:/Program Files/Unity/Hub/Editor/6000.5.8f1/Editor/Data/Managed/UnityEngine/UnityEngine.U2DRuntimeModule.dll"
-r:"C:/Program Files/Unity/Hub/Editor/6000.5.8f1/Editor/Data/Managed/UnityEngine/UnityEngine.UIElementsModule.dll"
-r:"C:/Program Files/Unity/Hub/Editor/6000.5.8f1/Editor/Data/Managed/UnityEngine/UnityEngine.UIModule.dll"
-r:"C:/Program Files/Unity/Hub/Editor/6000.5.8f1/Editor/Data/Managed/UnityEngine/UnityEngine.UmbraModule.dll"
-r:"C:/Program Files/Unity/Hub/Editor/6000.5.8f1/Editor/Data/Managed/UnityEngine/UnityEngine.UnityAnalyticsCommonModule.dll"
-r:"C:/Program Files/Unity/Hub/Editor/6000.5.8f1/Editor/Data/Managed/UnityEngine/UnityEngine.UnityAnalyticsModule.dll"
-r:"C:/Program Files/Unity/Hub/Editor/6000.5.8f1/Editor/Data/Managed/UnityEngine/UnityEngine.UnityConnectModule.dll"
-r:"C:/Program Files/Unity/Hub/Editor/6000.5.8f1/Editor/Data/Managed/UnityEngine/UnityEngine.UnityConsentModule.dll"
-r:"C:/Program Files/Unity/Hub/Editor/6000.5.8f1/Editor/Data/Managed/UnityEngine/UnityEngine.UnityCurlModule.dll"
-r:"C:/Program Files/Unity/Hub/Editor/6000.5.8f1/Editor/Data/Managed/UnityEngine/UnityEngine.UnityWebRequestAssetBundleModule.dll"
-r:"C:/Program Files/Unity/Hub/Editor/6000.5.8f1/Editor/Data/Managed/UnityEngine/UnityEngine.UnityWebRequestAudioModule.dll"
-r:"C:/Program Files/Unity/Hub/Editor/6000.5.8f1/Editor/Data/Managed/UnityEngine/UnityEngine.UnityWebRequestModule.dll"
-r:"C:/Program Files/Unity/Hub/Editor/6000.5.8f1/Editor/Data/Managed/UnityEngine/UnityEngine.UnityWebRequestTextureModule.dll"
-r:"C:/Program Files/Unity/Hub/Editor/6000.5.8f1/Editor/Data/Managed/UnityEngine/UnityEngine.UnityWebRequestWWWModule.dll"
-r:"C:/Program Files/Unity/Hub/Editor/6000.5.8f1/Editor/Data/Managed/UnityEngine/UnityEngine.VFXModule.dll"
-r:"C:/Program Files/Unity/Hub/Editor/6000.5.8f1/Editor/Data/Managed/UnityEngine/UnityEngine.VectorGraphicsModule.dll"
-r:"C:/Program Files/Unity/Hub/Editor/6000.5.8f1/Editor/Data/Managed/UnityEngine/UnityEngine.VehiclesModule.dll"
-r:"C:/Program Files/Unity/Hub/Editor/6000.5.8f1/Editor/Data/Managed/UnityEngine/UnityEngine.VideoModule.dll"
-r:"C:/Program Files/Unity/Hub/Editor/6000.5.8f1/Editor/Data/Managed/UnityEngine/UnityEngine.VirtualTexturingModule.dll"
-r:"C:/Program Files/Unity/Hub/Editor/6000.5.8f1/Editor/Data/Managed/UnityEngine/UnityEngine.WindModule.dll"
-r:"C:/Program Files/Unity/Hub/Editor/6000.5.8f1/Editor/Data/Managed/UnityEngine/UnityEngine.XRModule.dll"
-r:"C:/Program Files/Unity/Hub/Editor/6000.5.8f1/Editor/Data/Managed/UnityEngine/UnityEngine.dll"
-r:"C:/Program Files/Unity/Hub/Editor/6000.5.8f1/Editor/Data/PlaybackEngines/WebGLSupport/UnityEditor.WebGL.Extensions.dll"
-r:"C:/Program Files/Unity/Hub/Editor/6000.5.8f1/Editor/Data/PlaybackEngines/WindowsStandaloneSupport/UnityEditor.WindowsStandalone.Extensions.dll"
-r:"C:/Program Files/Unity/Hub/Editor/6000.5.8f1/Editor/Data/UnityReferenceAssemblies/unity-4.8-api/Facades/Microsoft.Win32.Primitives.dll"
-r:"C:/Program Files/Unity/Hub/Editor/6000.5.8f1/Editor/Data/UnityReferenceAssemblies/unity-4.8-api/Facades/System.AppContext.dll"
-r:"C:/Program Files/Unity/Hub/Editor/6000.5.8f1/Editor/Data/UnityReferenceAssemblies/unity-4.8-api/Facades/System.Buffers.dll"
-r:"C:/Program Files/Unity/Hub/Editor/6000.5.8f1/Editor/Data/UnityReferenceAssemblies/unity-4.8-api/Facades/System.Collections.Concurrent.dll"
-r:"C:/Program Files/Unity/Hub/Editor/6000.5.8f1/Editor/Data/UnityReferenceAssemblies/unity-4.8-api/Facades/System.Collections.NonGeneric.dll"
-r:"C:/Program Files/Unity/Hub/Editor/6000.5.8f1/Editor/Data/UnityReferenceAssemblies/unity-4.8-api/Facades/System.Collections.Specialized.dll"
-r:"C:/Program Files/Unity/Hub/Editor/6000.5.8f1/Editor/Data/UnityReferenceAssemblies/unity-4.8-api/Facades/System.Collections.dll"
-r:"C:/Program Files/Unity/Hub/Editor/6000.5.8f1/Editor/Data/UnityReferenceAssemblies/unity-4.8-api/Facades/System.ComponentModel.Annotations.dll"
-r:"C:/Program Files/Unity/Hub/Editor/6000.5.8f1/Editor/Data/UnityReferenceAssemblies/unity-4.8-api/Facades/System.ComponentModel.EventBasedAsync.dll"
-r:"C:/Program Files/Unity/Hub/Editor/6000.5.8f1/Editor/Data/UnityReferenceAssemblies/unity-4.8-api/Facades/System.ComponentModel.Primitives.dll"
-r:"C:/Program Files/Unity/Hub/Editor/6000.5.8f1/Editor/Data/UnityReferenceAssemblies/unity-4.8-api/Facades/System.ComponentModel.TypeConverter.dll"
-r:"C:/Program Files/Unity/Hub/Editor/6000.5.8f1/Editor/Data/UnityReferenceAssemblies/unity-4.8-api/Facades/System.ComponentModel.dll"
-r:"C:/Program Files/Unity/Hub/Editor/6000.5.8f1/Editor/Data/UnityReferenceAssemblies/unity-4.8-api/Facades/System.Console.dll"
-r:"C:/Program Files/Unity/Hub/Editor/6000.5.8f1/Editor/Data/UnityReferenceAssemblies/unity-4.8-api/Facades/System.Data.Common.dll"
-r:"C:/Program Files/Unity/Hub/Editor/6000.5.8f1/Editor/Data/UnityReferenceAssemblies/unity-4.8-api/Facades/System.Diagnostics.Contracts.dll"
-r:"C:/Program Files/Unity/Hub/Editor/6000.5.8f1/Editor/Data/UnityReferenceAssemblies/unity-4.8-api/Facades/System.Diagnostics.Debug.dll"
-r:"C:/Program Files/Unity/Hub/Editor/6000.5.8f1/Editor/Data/UnityReferenceAssemblies/unity-4.8-api/Facades/System.Diagnostics.FileVersionInfo.dll"
-r:"C:/Program Files/Unity/Hub/Editor/6000.5.8f1/Editor/Data/UnityReferenceAssemblies/unity-4.8-api/Facades/System.Diagnostics.Process.dll"
-r:"C:/Program Files/Unity/Hub/Editor/6000.5.8f1/Editor/Data/UnityReferenceAssemblies/unity-4.8-api/Facades/System.Diagnostics.StackTrace.dll"
-r:"C:/Program Files/Unity/Hub/Editor/6000.5.8f1/Editor/Data/UnityReferenceAssemblies/unity-4.8-api/Facades/System.Diagnostics.TextWriterTraceListener.dll"
-r:"C:/Program Files/Unity/Hub/Editor/6000.5.8f1/Editor/Data/UnityReferenceAssemblies/unity-4.8-api/Facades/System.Diagnostics.Tools.dll"
-r:"C:/Program Files/Unity/Hub/Editor/6000.5.8f1/Editor/Data/UnityReferenceAssemblies/unity-4.8-api/Facades/System.Diagnostics.TraceSource.dll"
-r:"C:/Program Files/Unity/Hub/Editor/6000.5.8f1/Editor/Data/UnityReferenceAssemblies/unity-4.8-api/Facades/System.Drawing.Primitives.dll"
-r:"C:/Program Files/Unity/Hub/Editor/6000.5.8f1/Editor/Data/UnityReferenceAssemblies/unity-4.8-api/Facades/System.Dynamic.Runtime.dll"
-r:"C:/Program Files/Unity/Hub/Editor/6000.5.8f1/Editor/Data/UnityReferenceAssemblies/unity-4.8-api/Facades/System.Globalization.Calendars.dll"
-r:"C:/Program Files/Unity/Hub/Editor/6000.5.8f1/Editor/Data/UnityReferenceAssemblies/unity-4.8-api/Facades/System.Globalization.Extensions.dll"
-r:"C:/Program Files/Unity/Hub/Editor/6000.5.8f1/Editor/Data/UnityReferenceAssemblies/unity-4.8-api/Facades/System.Globalization.dll"
-r:"C:/Program Files/Unity/Hub/Editor/6000.5.8f1/Editor/Data/UnityReferenceAssemblies/unity-4.8-api/Facades/System.IO.Compression.ZipFile.dll"
-r:"C:/Program Files/Unity/Hub/Editor/6000.5.8f1/Editor/Data/UnityReferenceAssemblies/unity-4.8-api/Facades/System.IO.FileSystem.DriveInfo.dll"
-r:"C:/Program Files/Unity/Hub/Editor/6000.5.8f1/Editor/Data/UnityReferenceAssemblies/unity-4.8-api/Facades/System.IO.FileSystem.Primitives.dll"
-r:"C:/Program Files/Unity/Hub/Editor/6000.5.8f1/Editor/Data/UnityReferenceAssemblies/unity-4.8-api/Facades/System.IO.FileSystem.Watcher.dll"
-r:"C:/Program Files/Unity/Hub/Editor/6000.5.8f1/Editor/Data/UnityReferenceAssemblies/unity-4.8-api/Facades/System.IO.FileSystem.dll"
-r:"C:/Program Files/Unity/Hub/Editor/6000.5.8f1/Editor/Data/UnityReferenceAssemblies/unity-4.8-api/Facades/System.IO.IsolatedStorage.dll"
-r:"C:/Program Files/Unity/Hub/Editor/6000.5.8f1/Editor/Data/UnityReferenceAssemblies/unity-4.8-api/Facades/System.IO.MemoryMappedFiles.dll"
-r:"C:/Program Files/Unity/Hub/Editor/6000.5.8f1/Editor/Data/UnityReferenceAssemblies/unity-4.8-api/Facades/System.IO.Pipes.dll"
-r:"C:/Program Files/Unity/Hub/Editor/6000.5.8f1/Editor/Data/UnityReferenceAssemblies/unity-4.8-api/Facades/System.IO.UnmanagedMemoryStream.dll"
-r:"C:/Program Files/Unity/Hub/Editor/6000.5.8f1/Editor/Data/UnityReferenceAssemblies/unity-4.8-api/Facades/System.IO.dll"
-r:"C:/Program Files/Unity/Hub/Editor/6000.5.8f1/Editor/Data/UnityReferenceAssemblies/unity-4.8-api/Facades/System.Linq.Expressions.dll"
-r:"C:/Program Files/Unity/Hub/Editor/6000.5.8f1/Editor/Data/UnityReferenceAssemblies/unity-4.8-api/Facades/System.Linq.Parallel.dll"
-r:"C:/Program Files/Unity/Hub/Editor/6000.5.8f1/Editor/Data/UnityReferenceAssemblies/unity-4.8-api/Facades/System.Linq.Queryable.dll"
-r:"C:/Program Files/Unity/Hub/Editor/6000.5.8f1/Editor/Data/UnityReferenceAssemblies/unity-4.8-api/Facades/System.Linq.dll"
-r:"C:/Program Files/Unity/Hub/Editor/6000.5.8f1/Editor/Data/UnityReferenceAssemblies/unity-4.8-api/Facades/System.Memory.dll"
-r:"C:/Program Files/Unity/Hub/Editor/6000.5.8f1/Editor/Data/UnityReferenceAssemblies/unity-4.8-api/Facades/System.Net.Http.Rtc.dll"
-r:"C:/Program Files/Unity/Hub/Editor/6000.5.8f1/Editor/Data/UnityReferenceAssemblies/unity-4.8-api/Facades/System.Net.NameResolution.dll"
-r:"C:/Program Files/Unity/Hub/Editor/6000.5.8f1/Editor/Data/UnityReferenceAssemblies/unity-4.8-api/Facades/System.Net.NetworkInformation.dll"
-r:"C:/Program Files/Unity/Hub/Editor/6000.5.8f1/Editor/Data/UnityReferenceAssemblies/unity-4.8-api/Facades/System.Net.Ping.dll"
-r:"C:/Program Files/Unity/Hub/Editor/6000.5.8f1/Editor/Data/UnityReferenceAssemblies/unity-4.8-api/Facades/System.Net.Primitives.dll"
-r:"C:/Program Files/Unity/Hub/Editor/6000.5.8f1/Editor/Data/UnityReferenceAssemblies/unity-4.8-api/Facades/System.Net.Requests.dll"
-r:"C:/Program Files/Unity/Hub/Editor/6000.5.8f1/Editor/Data/UnityReferenceAssemblies/unity-4.8-api/Facades/System.Net.Security.dll"
-r:"C:/Program Files/Unity/Hub/Editor/6000.5.8f1/Editor/Data/UnityReferenceAssemblies/unity-4.8-api/Facades/System.Net.Sockets.dll"
-r:"C:/Program Files/Unity/Hub/Editor/6000.5.8f1/Editor/Data/UnityReferenceAssemblies/unity-4.8-api/Facades/System.Net.WebHeaderCollection.dll"
-r:"C:/Program Files/Unity/Hub/Editor/6000.5.8f1/Editor/Data/UnityReferenceAssemblies/unity-4.8-api/Facades/System.Net.WebSockets.Client.dll"
-r:"C:/Program Files/Unity/Hub/Editor/6000.5.8f1/Editor/Data/UnityReferenceAssemblies/unity-4.8-api/Facades/System.Net.WebSockets.dll"
-r:"C:/Program Files/Unity/Hub/Editor/6000.5.8f1/Editor/Data/UnityReferenceAssemblies/unity-4.8-api/Facades/System.ObjectModel.dll"
-r:"C:/Program Files/Unity/Hub/Editor/6000.5.8f1/Editor/Data/UnityReferenceAssemblies/unity-4.8-api/Facades/System.Reflection.DispatchProxy.dll"
-r:"C:/Program Files/Unity/Hub/Editor/6000.5.8f1/Editor/Data/UnityReferenceAssemblies/unity-4.8-api/Facades/System.Reflection.Emit.ILGeneration.dll"
-r:"C:/Program Files/Unity/Hub/Editor/6000.5.8f1/Editor/Data/UnityReferenceAssemblies/unity-4.8-api/Facades/System.Reflection.Emit.Lightweight.dll"
-r:"C:/Program Files/Unity/Hub/Editor/6000.5.8f1/Editor/Data/UnityReferenceAssemblies/unity-4.8-api/Facades/System.Reflection.Emit.dll"
-r:"C:/Program Files/Unity/Hub/Editor/6000.5.8f1/Editor/Data/UnityReferenceAssemblies/unity-4.8-api/Facades/System.Reflection.Extensions.dll"
-r:"C:/Program Files/Unity/Hub/Editor/6000.5.8f1/Editor/Data/UnityReferenceAssemblies/unity-4.8-api/Facades/System.Reflection.Primitives.dll"
-r:"C:/Program Files/Unity/Hub/Editor/6000.5.8f1/Editor/Data/UnityReferenceAssemblies/unity-4.8-api/Facades/System.Reflection.dll"
-r:"C:/Program Files/Unity/Hub/Editor/6000.5.8f1/Editor/Data/UnityReferenceAssemblies/unity-4.8-api/Facades/System.Resources.Reader.dll"
-r:"C:/Program Files/Unity/Hub/Editor/6000.5.8f1/Editor/Data/UnityReferenceAssemblies/unity-4.8-api/Facades/System.Resources.ResourceManager.dll"
-r:"C:/Program Files/Unity/Hub/Editor/6000.5.8f1/Editor/Data/UnityReferenceAssemblies/unity-4.8-api/Facades/System.Resources.Writer.dll"
-r:"C:/Program Files/Unity/Hub/Editor/6000.5.8f1/Editor/Data/UnityReferenceAssemblies/unity-4.8-api/Facades/System.Runtime.CompilerServices.VisualC.dll"
-r:"C:/Program Files/Unity/Hub/Editor/6000.5.8f1/Editor/Data/UnityReferenceAssemblies/unity-4.8-api/Facades/System.Runtime.Extensions.dll"
-r:"C:/Program Files/Unity/Hub/Editor/6000.5.8f1/Editor/Data/UnityReferenceAssemblies/unity-4.8-api/Facades/System.Runtime.Handles.dll"
-r:"C:/Program Files/Unity/Hub/Editor/6000.5.8f1/Editor/Data/UnityReferenceAssemblies/unity-4.8-api/Facades/System.Runtime.InteropServices.RuntimeInformation.dll"
-r:"C:/Program Files/Unity/Hub/Editor/6000.5.8f1/Editor/Data/UnityReferenceAssemblies/unity-4.8-api/Facades/System.Runtime.InteropServices.WindowsRuntime.dll"
-r:"C:/Program Files/Unity/Hub/Editor/6000.5.8f1/Editor/Data/UnityReferenceAssemblies/unity-4.8-api/Facades/System.Runtime.InteropServices.dll"
-r:"C:/Program Files/Unity/Hub/Editor/6000.5.8f1/Editor/Data/UnityReferenceAssemblies/unity-4.8-api/Facades/System.Runtime.Numerics.dll"
-r:"C:/Program Files/Unity/Hub/Editor/6000.5.8f1/Editor/Data/UnityReferenceAssemblies/unity-4.8-api/Facades/System.Runtime.Serialization.Formatters.dll"
-r:"C:/Program Files/Unity/Hub/Editor/6000.5.8f1/Editor/Data/UnityReferenceAssemblies/unity-4.8-api/Facades/System.Runtime.Serialization.Json.dll"
-r:"C:/Program Files/Unity/Hub/Editor/6000.5.8f1/Editor/Data/UnityReferenceAssemblies/unity-4.8-api/Facades/System.Runtime.Serialization.Primitives.dll"
-r:"C:/Program Files/Unity/Hub/Editor/6000.5.8f1/Editor/Data/UnityReferenceAssemblies/unity-4.8-api/Facades/System.Runtime.Serialization.Xml.dll"
-r:"C:/Program Files/Unity/Hub/Editor/6000.5.8f1/Editor/Data/UnityReferenceAssemblies/unity-4.8-api/Facades/System.Runtime.dll"
-r:"C:/Program Files/Unity/Hub/Editor/6000.5.8f1/Editor/Data/UnityReferenceAssemblies/unity-4.8-api/Facades/System.Security.Claims.dll"
-r:"C:/Program Files/Unity/Hub/Editor/6000.5.8f1/Editor/Data/UnityReferenceAssemblies/unity-4.8-api/Facades/System.Security.Cryptography.Algorithms.dll"
-r:"C:/Program Files/Unity/Hub/Editor/6000.5.8f1/Editor/Data/UnityReferenceAssemblies/unity-4.8-api/Facades/System.Security.Cryptography.Csp.dll"
-r:"C:/Program Files/Unity/Hub/Editor/6000.5.8f1/Editor/Data/UnityReferenceAssemblies/unity-4.8-api/Facades/System.Security.Cryptography.Encoding.dll"
-r:"C:/Program Files/Unity/Hub/Editor/6000.5.8f1/Editor/Data/UnityReferenceAssemblies/unity-4.8-api/Facades/System.Security.Cryptography.Primitives.dll"
-r:"C:/Program Files/Unity/Hub/Editor/6000.5.8f1/Editor/Data/UnityReferenceAssemblies/unity-4.8-api/Facades/System.Security.Cryptography.X509Certificates.dll"
-r:"C:/Program Files/Unity/Hub/Editor/6000.5.8f1/Editor/Data/UnityReferenceAssemblies/unity-4.8-api/Facades/System.Security.Principal.dll"
-r:"C:/Program Files/Unity/Hub/Editor/6000.5.8f1/Editor/Data/UnityReferenceAssemblies/unity-4.8-api/Facades/System.Security.SecureString.dll"
-r:"C:/Program Files/Unity/Hub/Editor/6000.5.8f1/Editor/Data/UnityReferenceAssemblies/unity-4.8-api/Facades/System.ServiceModel.Duplex.dll"
-r:"C:/Program Files/Unity/Hub/Editor/6000.5.8f1/Editor/Data/UnityReferenceAssemblies/unity-4.8-api/Facades/System.ServiceModel.Http.dll"
-r:"C:/Program Files/Unity/Hub/Editor/6000.5.8f1/Editor/Data/UnityReferenceAssemblies/unity-4.8-api/Facades/System.ServiceModel.NetTcp.dll"
-r:"C:/Program Files/Unity/Hub/Editor/6000.5.8f1/Editor/Data/UnityReferenceAssemblies/unity-4.8-api/Facades/System.ServiceModel.Primitives.dll"
-r:"C:/Program Files/Unity/Hub/Editor/6000.5.8f1/Editor/Data/UnityReferenceAssemblies/unity-4.8-api/Facades/System.ServiceModel.Security.dll"
-r:"C:/Program Files/Unity/Hub/Editor/6000.5.8f1/Editor/Data/UnityReferenceAssemblies/unity-4.8-api/Facades/System.Text.Encoding.Extensions.dll"
-r:"C:/Program Files/Unity/Hub/Editor/6000.5.8f1/Editor/Data/UnityReferenceAssemblies/unity-4.8-api/Facades/System.Text.Encoding.dll"
-r:"C:/Program Files/Unity/Hub/Editor/6000.5.8f1/Editor/Data/UnityReferenceAssemblies/unity-4.8-api/Facades/System.Text.RegularExpressions.dll"
-r:"C:/Program Files/Unity/Hub/Editor/6000.5.8f1/Editor/Data/UnityReferenceAssemblies/unity-4.8-api/Facades/System.Threading.Overlapped.dll"
-r:"C:/Program Files/Unity/Hub/Editor/6000.5.8f1/Editor/Data/UnityReferenceAssemblies/unity-4.8-api/Facades/System.Threading.Tasks.Extensions.dll"
-r:"C:/Program Files/Unity/Hub/Editor/6000.5.8f1/Editor/Data/UnityReferenceAssemblies/unity-4.8-api/Facades/System.Threading.Tasks.Parallel.dll"
-r:"C:/Program Files/Unity/Hub/Editor/6000.5.8f1/Editor/Data/UnityReferenceAssemblies/unity-4.8-api/Facades/System.Threading.Tasks.dll"
-r:"C:/Program Files/Unity/Hub/Editor/6000.5.8f1/Editor/Data/UnityReferenceAssemblies/unity-4.8-api/Facades/System.Threading.Thread.dll"
-r:"C:/Program Files/Unity/Hub/Editor/6000.5.8f1/Editor/Data/UnityReferenceAssemblies/unity-4.8-api/Facades/System.Threading.ThreadPool.dll"
-r:"C:/Program Files/Unity/Hub/Editor/6000.5.8f1/Editor/Data/UnityReferenceAssemblies/unity-4.8-api/Facades/System.Threading.Timer.dll"
-r:"C:/Program Files/Unity/Hub/Editor/6000.5.8f1/Editor/Data/UnityReferenceAssemblies/unity-4.8-api/Facades/System.Threading.dll"
-r:"C:/Program Files/Unity/Hub/Editor/6000.5.8f1/Editor/Data/UnityReferenceAssemblies/unity-4.8-api/Facades/System.ValueTuple.dll"
-r:"C:/Program Files/Unity/Hub/Editor/6000.5.8f1/Editor/Data/UnityReferenceAssemblies/unity-4.8-api/Facades/System.Xml.ReaderWriter.dll"
-r:"C:/Program Files/Unity/Hub/Editor/6000.5.8f1/Editor/Data/UnityReferenceAssemblies/unity-4.8-api/Facades/System.Xml.XDocument.dll"
-r:"C:/Program Files/Unity/Hub/Editor/6000.5.8f1/Editor/Data/UnityReferenceAssemblies/unity-4.8-api/Facades/System.Xml.XPath.XDocument.dll"
-r:"C:/Program Files/Unity/Hub/Editor/6000.5.8f1/Editor/Data/UnityReferenceAssemblies/unity-4.8-api/Facades/System.Xml.XPath.dll"
-r:"C:/Program Files/Unity/Hub/Editor/6000.5.8f1/Editor/Data/UnityReferenceAssemblies/unity-4.8-api/Facades/System.Xml.XmlDocument.dll"
-r:"C:/Program Files/Unity/Hub/Editor/6000.5.8f1/Editor/Data/UnityReferenceAssemblies/unity-4.8-api/Facades/System.Xml.XmlSerializer.dll"
-r:"C:/Program Files/Unity/Hub/Editor/6000.5.8f1/Editor/Data/UnityReferenceAssemblies/unity-4.8-api/Facades/netstandard.dll"
-r:"C:/Program Files/Unity/Hub/Editor/6000.5.8f1/Editor/Data/UnityReferenceAssemblies/unity-4.8-api/Microsoft.CSharp.dll"
-r:"C:/Program Files/Unity/Hub/Editor/6000.5.8f1/Editor/Data/UnityReferenceAssemblies/unity-4.8-api/System.ComponentModel.Composition.dll"
-r:"C:/Program Files/Unity/Hub/Editor/6000.5.8f1/Editor/Data/UnityReferenceAssemblies/unity-4.8-api/System.Core.dll"
-r:"C:/Program Files/Unity/Hub/Editor/6000.5.8f1/Editor/Data/UnityReferenceAssemblies/unity-4.8-api/System.Data.DataSetExtensions.dll"
-r:"C:/Program Files/Unity/Hub/Editor/6000.5.8f1/Editor/Data/UnityReferenceAssemblies/unity-4.8-api/System.Data.dll"
-r:"C:/Program Files/Unity/Hub/Editor/6000.5.8f1/Editor/Data/UnityReferenceAssemblies/unity-4.8-api/System.Drawing.dll"
-r:"C:/Program Files/Unity/Hub/Editor/6000.5.8f1/Editor/Data/UnityReferenceAssemblies/unity-4.8-api/System.IO.Compression.FileSystem.dll"
-r:"C:/Program Files/Unity/Hub/Editor/6000.5.8f1/Editor/Data/UnityReferenceAssemblies/unity-4.8-api/System.IO.Compression.dll"
-r:"C:/Program Files/Unity/Hub/Editor/6000.5.8f1/Editor/Data/UnityReferenceAssemblies/unity-4.8-api/System.Net.Http.dll"
-r:"C:/Program Files/Unity/Hub/Editor/6000.5.8f1/Editor/Data/UnityReferenceAssemblies/unity-4.8-api/System.Numerics.Vectors.dll"
-r:"C:/Program Files/Unity/Hub/Editor/6000.5.8f1/Editor/Data/UnityReferenceAssemblies/unity-4.8-api/System.Numerics.dll"
-r:"C:/Program Files/Unity/Hub/Editor/6000.5.8f1/Editor/Data/UnityReferenceAssemblies/unity-4.8-api/System.Runtime.Serialization.dll"
-r:"C:/Program Files/Unity/Hub/Editor/6000.5.8f1/Editor/Data/UnityReferenceAssemblies/unity-4.8-api/System.Transactions.dll"
-r:"C:/Program Files/Unity/Hub/Editor/6000.5.8f1/Editor/Data/UnityReferenceAssemblies/unity-4.8-api/System.Xml.Linq.dll"
-r:"C:/Program Files/Unity/Hub/Editor/6000.5.8f1/Editor/Data/UnityReferenceAssemblies/unity-4.8-api/System.Xml.dll"
-r:"C:/Program Files/Unity/Hub/Editor/6000.5.8f1/Editor/Data/UnityReferenceAssemblies/unity-4.8-api/System.dll"
-r:"C:/Program Files/Unity/Hub/Editor/6000.5.8f1/Editor/Data/UnityReferenceAssemblies/unity-4.8-api/mscorlib.dll"
-r:"Library/PackageCache/com.unity.ai.assistant@c0127625258e/Modules/Unity.AI.Toolkit.Sdk/Editor/AiEditorToolsSdk.dll"
-r:"Library/PackageCache/com.unity.collab-proxy@4628d2ba6ea4/Lib/Editor/TextMateSharp/Onigwrap/OnigwrapPlastic.dll"
-r:"Library/PackageCache/com.unity.collab-proxy@4628d2ba6ea4/Lib/Editor/TextMateSharp/TextMateSharpPlastic.Grammars.dll"
-r:"Library/PackageCache/com.unity.collab-proxy@4628d2ba6ea4/Lib/Editor/TextMateSharp/TextMateSharpPlastic.dll"
-r:"Library/PackageCache/com.unity.collab-proxy@4628d2ba6ea4/Lib/Editor/Unity.Plastic.Antlr3.Runtime.dll"
-r:"Library/PackageCache/com.unity.collab-proxy@4628d2ba6ea4/Lib/Editor/Unity.Plastic.Newtonsoft.Json.dll"
-r:"Library/PackageCache/com.unity.collab-proxy@4628d2ba6ea4/Lib/Editor/log4netPlastic.dll"
-r:"Library/PackageCache/com.unity.collab-proxy@4628d2ba6ea4/Lib/Editor/unityplastic.dll"
-r:"Library/PackageCache/com.unity.collections@ec2c217e4cb2/Unity.Collections.LowLevel.ILSupport/Unity.Collections.LowLevel.ILSupport.dll"
-r:"Library/PackageCache/com.unity.ext.nunit@44f7d31723bd/net472/unity-custom/nunit.framework.dll"
-r:"Library/PackageCache/com.unity.ext.nunit@44f7d31723bd/net472/unity-custom/nunit.framework.dll"
-r:"Library/PackageCache/com.unity.nuget.mono-cecil@ecb9724e46ff/Mono.Cecil.dll"
-r:"Library/PackageCache/com.unity.nuget.newtonsoft-json@4dfd81071c64/Runtime/Newtonsoft.Json.dll"
-r:"Library/PackageCache/com.unity.visualscripting@4edfcc09512f/Editor/VisualScripting.Core/Dependencies/DotNetZip/Unity.VisualScripting.IonicZip.dll"
-r:"Library/PackageCache/com.unity.visualscripting@4edfcc09512f/Editor/VisualScripting.Core/Dependencies/YamlDotNet/Unity.VisualScripting.YamlDotNet.dll"
-r:"Library/PackageCache/com.unity.visualscripting@4edfcc09512f/Editor/VisualScripting.Core/EditorAssetResources/Unity.VisualScripting.TextureAssets.dll"
-r:"Library/PackageCache/com.unity.visualscripting@4edfcc09512f/Runtime/VisualScripting.Flow/Dependencies/NCalc/Unity.VisualScripting.Antlr3.Runtime.dll"
-r:"Library/Bee/artifacts/1900b0aE.dag/Assembly-CSharp.ref.dll"
-r:"Library/Bee/artifacts/1900b0aE.dag/HFDownloader.ref.dll"
-r:"Library/Bee/artifacts/1900b0aE.dag/Unity.2D.Sprite.Editor.ref.dll"
-r:"Library/Bee/artifacts/1900b0aE.dag/Unity.AI.Assistant.Agent.Dynamic.Extension.Editor.ref.dll"
-r:"Library/Bee/artifacts/1900b0aE.dag/Unity.AI.Assistant.Annotations.Editor.ref.dll"
-r:"Library/Bee/artifacts/1900b0aE.dag/Unity.AI.Assistant.API.Editor.ref.dll"
-r:"Library/Bee/artifacts/1900b0aE.dag/Unity.AI.Assistant.Bridge.Editor.ref.dll"
-r:"Library/Bee/artifacts/1900b0aE.dag/Unity.AI.Assistant.Integrations.Profiler.Editor.ref.dll"
-r:"Library/Bee/artifacts/1900b0aE.dag/Unity.AI.Assistant.Runtime.ref.dll"
-r:"Library/Bee/artifacts/1900b0aE.dag/Unity.AI.Assistant.Tools.Editor.ref.dll"
-r:"Library/Bee/artifacts/1900b0aE.dag/Unity.AI.MCP.Editor.ref.dll"
-r:"Library/Bee/artifacts/1900b0aE.dag/Unity.AI.MCP.Runtime.ref.dll"
-r:"Library/Bee/artifacts/1900b0aE.dag/Unity.AI.Navigation.Editor.ConversionSystem.ref.dll"
-r:"Library/Bee/artifacts/1900b0aE.dag/Unity.AI.Navigation.Editor.ref.dll"
-r:"Library/Bee/artifacts/1900b0aE.dag/Unity.AI.Navigation.ref.dll"
-r:"Library/Bee/artifacts/1900b0aE.dag/Unity.AI.Navigation.Updater.ref.dll"
-r:"Library/Bee/artifacts/1900b0aE.dag/Unity.AI.Tracing.ref.dll"
-r:"Library/Bee/artifacts/1900b0aE.dag/Unity.AppUI.Editor.ref.dll"
-r:"Library/Bee/artifacts/1900b0aE.dag/Unity.AppUI.MVVM.ref.dll"
-r:"Library/Bee/artifacts/1900b0aE.dag/Unity.AppUI.Navigation.Editor.ref.dll"
-r:"Library/Bee/artifacts/1900b0aE.dag/Unity.AppUI.Navigation.ref.dll"
-r:"Library/Bee/artifacts/1900b0aE.dag/Unity.AppUI.Redux.Editor.ref.dll"
-r:"Library/Bee/artifacts/1900b0aE.dag/Unity.AppUI.Redux.ref.dll"
-r:"Library/Bee/artifacts/1900b0aE.dag/Unity.AppUI.ref.dll"
-r:"Library/Bee/artifacts/1900b0aE.dag/Unity.AppUI.Undo.ref.dll"
-r:"Library/Bee/artifacts/1900b0aE.dag/Unity.Burst.Editor.ref.dll"
-r:"Library/Bee/artifacts/1900b0aE.dag/Unity.Burst.ref.dll"
-r:"Library/Bee/artifacts/1900b0aE.dag/Unity.Collections.Editor.ref.dll"
-r:"Library/Bee/artifacts/1900b0aE.dag/Unity.Collections.ref.dll"
-r:"Library/Bee/artifacts/1900b0aE.dag/Unity.InferenceEngine.Editor.ref.dll"
-r:"Library/Bee/artifacts/1900b0aE.dag/Unity.InferenceEngine.iOSBLAS.ref.dll"
-r:"Library/Bee/artifacts/1900b0aE.dag/Unity.InferenceEngine.MacBLAS.ref.dll"
-r:"Library/Bee/artifacts/1900b0aE.dag/Unity.InferenceEngine.ONNX.Editor.ref.dll"
-r:"Library/Bee/artifacts/1900b0aE.dag/Unity.InferenceEngine.ref.dll"
-r:"Library/Bee/artifacts/1900b0aE.dag/Unity.InferenceEngine.Tokenization.ref.dll"
-r:"Library/Bee/artifacts/1900b0aE.dag/Unity.InputSystem.ForUI.Editor.ref.dll"
-r:"Library/Bee/artifacts/1900b0aE.dag/Unity.InputSystem.ForUI.ref.dll"
-r:"Library/Bee/artifacts/1900b0aE.dag/Unity.InputSystem.ref.dll"
-r:"Library/Bee/artifacts/1900b0aE.dag/Unity.InternalAPIEditorBridge.ShaderGraph.Editor.ref.dll"
-r:"Library/Bee/artifacts/1900b0aE.dag/Unity.InternalAPIEngineBridge.004.ref.dll"
-r:"Library/Bee/artifacts/1900b0aE.dag/Unity.InternalAPIEngineBridge.RenderPipelines.Core.Editor.ref.dll"
-r:"Library/Bee/artifacts/1900b0aE.dag/Unity.InternalAPIEngineBridge.RenderPipelines.Core.Runtime.Shared.ref.dll"
-r:"Library/Bee/artifacts/1900b0aE.dag/Unity.Mathematics.ref.dll"
-r:"Library/Bee/artifacts/1900b0aE.dag/Unity.Multiplayer.Center.Common.ref.dll"
-r:"Library/Bee/artifacts/1900b0aE.dag/Unity.Multiplayer.Center.Editor.ref.dll"
-r:"Library/Bee/artifacts/1900b0aE.dag/Unity.PathTracing.Editor.ref.dll"
-r:"Library/Bee/artifacts/1900b0aE.dag/Unity.PathTracing.Runtime.ref.dll"
-r:"Library/Bee/artifacts/1900b0aE.dag/Unity.PlasticSCM.Editor.Assistant.ref.dll"
-r:"Library/Bee/artifacts/1900b0aE.dag/Unity.PlasticSCM.Editor.ref.dll"
-r:"Library/Bee/artifacts/1900b0aE.dag/Unity.Rendering.LightTransport.Editor.ref.dll"
-r:"Library/Bee/artifacts/1900b0aE.dag/Unity.RenderPipeline.Universal.ShaderLibrary.ref.dll"
-r:"Library/Bee/artifacts/1900b0aE.dag/Unity.RenderPipelines.Core.Editor.ref.dll"
-r:"Library/Bee/artifacts/1900b0aE.dag/Unity.RenderPipelines.Core.Editor.Shared.ref.dll"
-r:"Library/Bee/artifacts/1900b0aE.dag/Unity.RenderPipelines.Core.Runtime.ref.dll"
-r:"Library/Bee/artifacts/1900b0aE.dag/Unity.RenderPipelines.Core.Runtime.Shared.ref.dll"
-r:"Library/Bee/artifacts/1900b0aE.dag/Unity.RenderPipelines.Core.ShaderLibrary.ref.dll"
-r:"Library/Bee/artifacts/1900b0aE.dag/Unity.RenderPipelines.GPUDriven.Runtime.ref.dll"
-r:"Library/Bee/artifacts/1900b0aE.dag/Unity.RenderPipelines.ShaderGraph.ShaderGraphLibrary.ref.dll"
-r:"Library/Bee/artifacts/1900b0aE.dag/Unity.RenderPipelines.Universal.2D.Editor.Overrides.ref.dll"
-r:"Library/Bee/artifacts/1900b0aE.dag/Unity.RenderPipelines.Universal.2D.Runtime.ref.dll"
-r:"Library/Bee/artifacts/1900b0aE.dag/Unity.RenderPipelines.Universal.Config.Runtime.ref.dll"
-r:"Library/Bee/artifacts/1900b0aE.dag/Unity.RenderPipelines.Universal.Editor.ref.dll"
-r:"Library/Bee/artifacts/1900b0aE.dag/Unity.RenderPipelines.Universal.Runtime.ref.dll"
-r:"Library/Bee/artifacts/1900b0aE.dag/Unity.RenderPipelines.Universal.Shaders.ref.dll"
-r:"Library/Bee/artifacts/1900b0aE.dag/Unity.Rider.Editor.ref.dll"
-r:"Library/Bee/artifacts/1900b0aE.dag/Unity.Searcher.Editor.ref.dll"
-r:"Library/Bee/artifacts/1900b0aE.dag/Unity.ShaderGraph.Editor.ref.dll"
-r:"Library/Bee/artifacts/1900b0aE.dag/Unity.SurfaceCache.Runtime.ref.dll"
-r:"Library/Bee/artifacts/1900b0aE.dag/Unity.TextMeshPro.Editor.ref.dll"
-r:"Library/Bee/artifacts/1900b0aE.dag/Unity.TextMeshPro.ref.dll"
-r:"Library/Bee/artifacts/1900b0aE.dag/Unity.Timeline.Editor.ref.dll"
-r:"Library/Bee/artifacts/1900b0aE.dag/Unity.Timeline.ref.dll"
-r:"Library/Bee/artifacts/1900b0aE.dag/Unity.UnifiedRayTracing.Runtime.ref.dll"
-r:"Library/Bee/artifacts/1900b0aE.dag/Unity.VisualScripting.Core.Editor.ref.dll"
-r:"Library/Bee/artifacts/1900b0aE.dag/Unity.VisualScripting.Core.ref.dll"
-r:"Library/Bee/artifacts/1900b0aE.dag/Unity.VisualScripting.Flow.Editor.ref.dll"
-r:"Library/Bee/artifacts/1900b0aE.dag/Unity.VisualScripting.Flow.ref.dll"
-r:"Library/Bee/artifacts/1900b0aE.dag/Unity.VisualScripting.SettingsProvider.Editor.ref.dll"
-r:"Library/Bee/artifacts/1900b0aE.dag/Unity.VisualScripting.Shared.Editor.ref.dll"
-r:"Library/Bee/artifacts/1900b0aE.dag/Unity.VisualScripting.State.Editor.ref.dll"
-r:"Library/Bee/artifacts/1900b0aE.dag/Unity.VisualScripting.State.ref.dll"
-r:"Library/Bee/artifacts/1900b0aE.dag/Unity.VisualStudio.Editor.ref.dll"
-r:"Library/Bee/artifacts/1900b0aE.dag/UnityEditor.TestRunner.ref.dll"
-r:"Library/Bee/artifacts/1900b0aE.dag/UnityEditor.UI.Analytics.ref.dll"
-r:"Library/Bee/artifacts/1900b0aE.dag/UnityEditor.UI.ref.dll"
-r:"Library/Bee/artifacts/1900b0aE.dag/UnityEngine.TestRunner.ref.dll"
-r:"Library/Bee/artifacts/1900b0aE.dag/UnityEngine.UI.ref.dll"
-analyzer:"C:/Program Files/Unity/Hub/Editor/6000.5.8f1/Editor/Data/BCLExtensions/TargetingPacks/netstandard2.1/analyzers/dotnet/roslyn4.0/cs/Microsoft.Extensions.Logging.Generators.dll"
-analyzer:"C:/Program Files/Unity/Hub/Editor/6000.5.8f1/Editor/Data/BCLExtensions/TargetingPacks/netstandard2.1/analyzers/dotnet/roslyn4.0/cs/System.Text.Json.SourceGeneration.dll"
-analyzer:"C:/Program Files/Unity/Hub/Editor/6000.5.8f1/Editor/Data/Tools/BuildPipeline/Unity.Analyzers.Common/Unity.Analyzers.Common.dll"
-analyzer:"C:/Program Files/Unity/Hub/Editor/6000.5.8f1/Editor/Data/Tools/BuildPipeline/Unity.Analyzers.LongLiving/Unity.Analyzers.LongLiving.dll"
-analyzer:"C:/Program Files/Unity/Hub/Editor/6000.5.8f1/Editor/Data/Tools/BuildPipeline/Unity.SourceGenerators/Unity.Properties.SourceGenerator.dll"
-analyzer:"C:/Program Files/Unity/Hub/Editor/6000.5.8f1/Editor/Data/Tools/BuildPipeline/Unity.SourceGenerators/Unity.SourceGenerators.dll"
-analyzer:"C:/Program Files/Unity/Hub/Editor/6000.5.8f1/Editor/Data/Tools/BuildPipeline/Unity.SourceGenerators/Unity.UIToolkit.SourceGenerator.dll"
-analyzer:"Library/PackageCache/com.unity.ai.inference@9a123aee5df7/Runtime/Core/SourceGenerator/SourceGenerators.dll"
-analyzer:"Library/PackageCache/com.unity.dt.app-ui@b097002a00c2/Runtime/MVVM/SourceGenerators/netstandard2.0/MVVMSourceGenerators.dll"
-analyzer:"Library/PackageCache/com.unity.dt.app-ui@b097002a00c2/Runtime/SourceGenerators/netstandard2.0/EnumToLowerCase.dll"
"Assets/Editor/ConveyorPrefabCreator.cs"
"Assets/Editor/GroundPrefabCreator.cs"
-langversion:9.0
/deterministic
/optimize+
/debug:portable
/nologo
/RuntimeMetadataVersion:v4.0.30319
/nowarn:0169
/nowarn:0649
/nowarn:0282
/nowarn:1701
/nowarn:1702
/utf8output
/preferreduilang:en-US
/additionalfile:"Library/Bee/artifacts/1900b0aE.dag/Assembly-CSharp-Editor.UnityAdditionalFile.txt"
##### Custom Environment Variables
DOTNET_HOST_PATH=C:\Program Files\Unity\Hub\Editor\6000.5.8f1\Editor\Data\DotNetSdk\dotnet.exe
DOTNET_MULTILEVEL_LOOKUP=0
##### ExitCode
1
##### Output
Assets\Editor\ConveyorPrefabCreator.cs(75,5): error CS0103: The name 'CreateCornerPrefab' does not exist in the current context
*** Tundra build failed (0.28 seconds), 2 items updated, 1563 evaluated
## Script Compilation Error for: Csc Library/Bee/artifacts/1900b0aE.dag/Assembly-CSharp-Editor.dll (+2 others)
## CmdLine: "C:\Program Files\Unity\Hub\Editor\6000.5.8f1\Editor\Data\DotNetSdk\dotnet.exe" exec "C:/Program Files/Unity/Hub/Editor/6000.5.8f1/Editor/Data/DotNetSdk/sdk/8.0.318/Roslyn/bincore/csc.dll" /nostdlib /noconfig /shared "@Library/Bee/artifacts/1900b0aE.dag/Assembly-CSharp-Editor.rsp" "@Library/Bee/artifacts/1900b0aE.dag/Assembly-CSharp-Editor.rsp2"
## Output:
Assets\Editor\ConveyorPrefabCreator.cs(75,5): error CS0103: The name 'CreateCornerPrefab' does not exist in the current context

Assets\Editor\ConveyorPrefabCreator.cs(75,5): error CS0103: The name 'CreateCornerPrefab' does not exist in the current context
Total cache size 268137716
Total cache size after purge 268137716, took 00:00:00.3554375
Asset Pipeline Refresh (id=c0b2679d821b67546b5d0aef83eeb31e): Total: 0.004 seconds - Initiated by RefreshV2(NoUpdateAssetOptions)
[ScriptCompilation] Requested script compilation because: AssetDatabase observed changes in script compilation related files
[Licensing::Client] Successfully resolved entitlement details
Refreshing native plugins compatible for Editor in 2.83 ms, found 5 plugins.
Asset Pipeline Refresh (id=0050bdc26ccd1f345a270ff5dd9f724a): Total: 0.125 seconds - Initiated by RefreshV2(NoUpdateAssetOptions)
info: Microsoft.AspNetCore.Hosting.Diagnostics[1]
      Request starting HTTP/2 POST http://ilpp/UnityILPP.PostProcessing/Ping - application/grpc -
info: Microsoft.AspNetCore.Routing.EndpointMiddleware[0]
      Executing endpoint 'gRPC - /UnityILPP.PostProcessing/Ping'
info: Microsoft.AspNetCore.Routing.EndpointMiddleware[1]
      Executed endpoint 'gRPC - /UnityILPP.PostProcessing/Ping'
info: Microsoft.AspNetCore.Hosting.Diagnostics[2]
      Request finished HTTP/2 POST http://ilpp/UnityILPP.PostProcessing/Ping - 200 - application/grpc 0.1381ms
Starting: C:\Program Files\Unity\Hub\Editor\6000.5.8f1\Editor\Data\Tools\BuildPipeline\bee_backend.exe --ipc --defer-dag-verification --dagfile="Library/Bee/1900b0aE.dag" --continue-on-failure --profile="Library/Bee/backend1.traceevents" ScriptAssemblies
WorkingDir: C:/Users/Len/Lenomation_V3
info: Microsoft.AspNetCore.Hosting.Diagnostics[1]
      Request starting HTTP/2 POST http://ilpp/UnityILPP.PostProcessing/ConfigurePostProcessors - application/grpc -
info: Microsoft.AspNetCore.Routing.EndpointMiddleware[0]
      Executing endpoint 'gRPC - /UnityILPP.PostProcessing/ConfigurePostProcessors'
info: Unity.ILPP.Runner.PostProcessingAssemblyLoadContext[0]
      Current configuration matches the requested one, skipping
info: Microsoft.AspNetCore.Routing.EndpointMiddleware[1]
      Executed endpoint 'gRPC - /UnityILPP.PostProcessing/ConfigurePostProcessors'
info: Microsoft.AspNetCore.Hosting.Diagnostics[2]
      Request finished HTTP/2 POST http://ilpp/UnityILPP.PostProcessing/ConfigurePostProcessors - 200 - application/grpc 0.7195ms
ExitCode: 3 Duration: 0s335ms
[1192/1563  0s] ILPP-Configuration Library/ilpp-configuration.nevergeneratedoutput
[1559/1563  0s] Csc Library/Bee/artifacts/1900b0aE.dag/Assembly-CSharp-Editor.dll (+2 others)
##### CommandLine
"C:\Program Files\Unity\Hub\Editor\6000.5.8f1\Editor\Data\DotNetSdk\dotnet.exe" exec "C:/Program Files/Unity/Hub/Editor/6000.5.8f1/Editor/Data/DotNetSdk/sdk/8.0.318/Roslyn/bincore/csc.dll" /nostdlib /noconfig /shared "@Library/Bee/artifacts/1900b0aE.dag/Assembly-CSharp-Editor.rsp" "@Library/Bee/artifacts/1900b0aE.dag/Assembly-CSharp-Editor.rsp2"
##### Contents of Library\Bee\artifacts\1900b0aE.dag\Assembly-CSharp-Editor.rsp
-target:library
-out:"Library/Bee/artifacts/1900b0aE.dag/Assembly-CSharp-Editor.dll"
-refout:"Library/Bee/artifacts/1900b0aE.dag/Assembly-CSharp-Editor.ref.dll"
-define:UNITY_6000_5_8
-define:UNITY_6000_5
-define:UNITY_6000
-define:UNITY_5_3_OR_NEWER
-define:UNITY_5_4_OR_NEWER
-define:UNITY_5_5_OR_NEWER
-define:UNITY_5_6_OR_NEWER
-define:UNITY_2017_1_OR_NEWER
-define:UNITY_2017_2_OR_NEWER
-define:UNITY_2017_3_OR_NEWER
-define:UNITY_2017_4_OR_NEWER
-define:UNITY_2018_1_OR_NEWER
-define:UNITY_2018_2_OR_NEWER
-define:UNITY_2018_3_OR_NEWER
-define:UNITY_2018_4_OR_NEWER
-define:UNITY_2019_1_OR_NEWER
-define:UNITY_2019_2_OR_NEWER
-define:UNITY_2019_3_OR_NEWER
-define:UNITY_2019_4_OR_NEWER
-define:UNITY_2020_1_OR_NEWER
-define:UNITY_2020_2_OR_NEWER
-define:UNITY_2020_3_OR_NEWER
-define:UNITY_2021_1_OR_NEWER
-define:UNITY_2021_2_OR_NEWER
-define:UNITY_2021_3_OR_NEWER
-define:UNITY_2022_1_OR_NEWER
-define:UNITY_2022_2_OR_NEWER
-define:UNITY_2022_3_OR_NEWER
-define:UNITY_2023_1_OR_NEWER
-define:UNITY_2023_2_OR_NEWER
-define:UNITY_2023_3_OR_NEWER
-define:UNITY_6000_0_OR_NEWER
-define:UNITY_6000_1_OR_NEWER
-define:UNITY_6000_2_OR_NEWER
-define:UNITY_6000_3_OR_NEWER
-define:UNITY_6000_4_OR_NEWER
-define:UNITY_6000_5_OR_NEWER
-define:PLATFORM_ARCH_64
-define:UNITY_64
-define:UNITY_INCLUDE_TESTS
-define:UNITY_ENABLE_CLOUD_SERVICES_ENGINE_DIAGNOSTICS_MANAGED
-define:ENABLE_AR
-define:ENABLE_AUDIO
-define:ENABLE_AUDIO_SCRIPTABLE_PIPELINE
-define:ENABLE_CACHING
-define:ENABLE_CLOTH
-define:ENABLE_EVENT_QUEUE
-define:ENABLE_MICROPHONE
-define:ENABLE_MULTIPLE_DISPLAYS
-define:ENABLE_PHYSICS
-define:ENABLE_TEXTURE_STREAMING
-define:ENABLE_VIRTUALTEXTURING
-define:ENABLE_LZMA
-define:ENABLE_UNITYEVENTS
-define:ENABLE_VR
-define:ENABLE_WEBCAM
-define:ENABLE_UNITYWEBREQUEST
-define:ENABLE_WWW
-define:ENABLE_CLOUD_SERVICES
-define:ENABLE_CLOUD_SERVICES_ADS
-define:ENABLE_CLOUD_SERVICES_USE_WEBREQUEST
-define:ENABLE_UNITY_CONSENT
-define:ENABLE_UNITY_CLOUD_IDENTIFIERS
-define:ENABLE_CLOUD_SERVICES_CRASH_REPORTING
-define:ENABLE_CLOUD_SERVICES_NATIVE_CRASH_REPORTING
-define:ENABLE_CLOUD_SERVICES_PURCHASING
-define:ENABLE_CLOUD_SERVICES_ANALYTICS
-define:ENABLE_CLOUD_SERVICES_BUILD
-define:ENABLE_EDITOR_GAME_SERVICES
-define:ENABLE_UNITY_GAME_SERVICES_ANALYTICS_SUPPORT
-define:ENABLE_CLOUD_LICENSE
-define:ENABLE_EDITOR_HUB_LICENSE
-define:ENABLE_WEBSOCKET_CLIENT
-define:ENABLE_GENERATE_NATIVE_PLUGINS_FOR_ASSEMBLIES_API
-define:ENABLE_DIRECTOR_AUDIO
-define:ENABLE_DIRECTOR_TEXTURE
-define:ENABLE_MANAGED_JOBS
-define:ENABLE_MANAGED_TRANSFORM_JOBS
-define:ENABLE_MANAGED_ANIMATION_JOBS
-define:ENABLE_MANAGED_AUDIO_JOBS
-define:ENABLE_MANAGED_UNITYTLS
-define:INCLUDE_DYNAMIC_GI
-define:ENABLE_SCRIPTING_GC_WBARRIERS
-define:PLATFORM_SUPPORTS_MONO
-define:RENDER_SOFTWARE_CURSOR
-define:ENABLE_MARSHALLING_TESTS
-define:ENABLE_VIDEO
-define:ENABLE_NAVIGATION_OFFMESHLINK_TO_NAVMESHLINK
-define:ENABLE_ACCELERATOR_CLIENT_DEBUGGING
-define:ENABLE_ACCESSIBILITY_SCREEN_READER
-define:TEXTCORE_1_0_OR_NEWER
-define:EDITOR_ONLY_NAVMESH_BUILDER_DEPRECATED
-define:PLATFORM_STANDALONE_WIN
-define:PLATFORM_STANDALONE
-define:UNITY_STANDALONE_WIN
-define:UNITY_STANDALONE
-define:ENABLE_RUNTIME_GI
-define:ENABLE_MOVIES
-define:ENABLE_NETWORK
-define:ENABLE_NVIDIA
-define:ENABLE_AMD
-define:ENABLE_CRUNCH_TEXTURE_COMPRESSION
-define:ENABLE_CLOUD_SERVICES_ENGINE_DIAGNOSTICS
-define:ENABLE_OUT_OF_PROCESS_CRASH_HANDLER
-define:ENABLE_CLUSTER_SYNC
-define:ENABLE_CLUSTERINPUT
-define:PLATFORM_UPDATES_TIME_OUTSIDE_OF_PLAYER_LOOP
-define:GFXDEVICE_WAITFOREVENT_MESSAGEPUMP
-define:PLATFORM_USES_EXPLICIT_MEMORY_MANAGER_INITIALIZER
-define:PLATFORM_SUPPORTS_WAIT_FOR_PRESENTATION
-define:PLATFORM_SUPPORTS_SPLIT_GRAPHICS_JOBS
-define:PLATFORM_USES_VULKAN_OLD_SWAPCHAIN
-define:USE_READ_ASYNC_MANAGED_API
-define:ENABLE_MONO
-define:NET_4_6
-define:NET_UNITY_4_8
-define:ENABLE_PROFILER
-define:DEBUG
-define:TRACE
-define:UNITY_ASSERTIONS
-define:UNITY_EDITOR
-define:UNITY_EDITOR_64
-define:UNITY_EDITOR_WIN
-define:ENABLE_UNITY_COLLECTIONS_CHECKS
-define:ENABLE_BURST_AOT
-define:UNITY_TEAM_LICENSE
-define:ENABLE_CUSTOM_RENDER_TEXTURE
-define:ENABLE_DIRECTOR
-define:ENABLE_LOCALIZATION
-define:ENABLE_SPRITES
-define:ENABLE_TERRAIN
-define:ENABLE_TILEMAP
-define:ENABLE_TIMELINE
-define:ENABLE_INPUT_SYSTEM
-define:TEXTCORE_FONT_ENGINE_1_5_OR_NEWER
-define:TEXTCORE_TEXT_ENGINE_1_5_OR_NEWER
-define:TEXTCORE_FONT_ENGINE_1_6_OR_NEWER
-define:SENTIS_ANALYTICS_ENABLED
-define:APP_UI_EDITOR_ONLY
-define:CSHARP_7_OR_LATER
-define:CSHARP_7_3_OR_NEWER
-define:UNITY_EDITOR_ONLY_COMPILATION
-r:"C:/Program Files/Unity/Hub/Editor/6000.5.8f1/Editor/Data/BCLExtensions/TargetingPacks/netstandard2.1/ref/Microsoft.Bcl.AsyncInterfaces.dll"
-r:"C:/Program Files/Unity/Hub/Editor/6000.5.8f1/Editor/Data/BCLExtensions/TargetingPacks/netstandard2.1/ref/Microsoft.Extensions.DependencyInjection.Abstractions.dll"
-r:"C:/Program Files/Unity/Hub/Editor/6000.5.8f1/Editor/Data/BCLExtensions/TargetingPacks/netstandard2.1/ref/Microsoft.Extensions.Logging.Abstractions.dll"
-r:"C:/Program Files/Unity/Hub/Editor/6000.5.8f1/Editor/Data/BCLExtensions/TargetingPacks/netstandard2.1/ref/System.Collections.Immutable.dll"
-r:"C:/Program Files/Unity/Hub/Editor/6000.5.8f1/Editor/Data/BCLExtensions/TargetingPacks/netstandard2.1/ref/System.Diagnostics.DiagnosticSource.dll"
-r:"C:/Program Files/Unity/Hub/Editor/6000.5.8f1/Editor/Data/BCLExtensions/TargetingPacks/netstandard2.1/ref/System.IO.Hashing.dll"
-r:"C:/Program Files/Unity/Hub/Editor/6000.5.8f1/Editor/Data/BCLExtensions/TargetingPacks/netstandard2.1/ref/System.Reflection.Metadata.dll"
-r:"C:/Program Files/Unity/Hub/Editor/6000.5.8f1/Editor/Data/BCLExtensions/TargetingPacks/netstandard2.1/ref/System.Runtime.CompilerServices.Unsafe.dll"
-r:"C:/Program Files/Unity/Hub/Editor/6000.5.8f1/Editor/Data/BCLExtensions/TargetingPacks/netstandard2.1/ref/System.Text.Encodings.Web.dll"
-r:"C:/Program Files/Unity/Hub/Editor/6000.5.8f1/Editor/Data/BCLExtensions/TargetingPacks/netstandard2.1/ref/System.Text.Json.dll"
-r:"C:/Program Files/Unity/Hub/Editor/6000.5.8f1/Editor/Data/Managed/UnityEditor.Graphs.dll"
-r:"C:/Program Files/Unity/Hub/Editor/6000.5.8f1/Editor/Data/Managed/UnityEngine/Unity.Scripting.dll"
-r:"C:/Program Files/Unity/Hub/Editor/6000.5.8f1/Editor/Data/Managed/UnityEngine/UnityEditor.AIModule.dll"
-r:"C:/Program Files/Unity/Hub/Editor/6000.5.8f1/Editor/Data/Managed/UnityEngine/UnityEditor.AccessibilityModule.dll"
-r:"C:/Program Files/Unity/Hub/Editor/6000.5.8f1/Editor/Data/Managed/UnityEngine/UnityEditor.AdaptivePerformanceModule.dll"
-r:"C:/Program Files/Unity/Hub/Editor/6000.5.8f1/Editor/Data/Managed/UnityEngine/UnityEditor.AssetComplianceModule.dll"
-r:"C:/Program Files/Unity/Hub/Editor/6000.5.8f1/Editor/Data/Managed/UnityEngine/UnityEditor.BuildProfileModule.dll"
-r:"C:/Program Files/Unity/Hub/Editor/6000.5.8f1/Editor/Data/Managed/UnityEngine/UnityEditor.ClothModule.dll"
-r:"C:/Program Files/Unity/Hub/Editor/6000.5.8f1/Editor/Data/Managed/UnityEngine/UnityEditor.ContentLoadModule.dll"
-r:"C:/Program Files/Unity/Hub/Editor/6000.5.8f1/Editor/Data/Managed/UnityEngine/UnityEditor.CoreBusinessMetricsModule.dll"
-r:"C:/Program Files/Unity/Hub/Editor/6000.5.8f1/Editor/Data/Managed/UnityEngine/UnityEditor.CoreModule.dll"
-r:"C:/Program Files/Unity/Hub/Editor/6000.5.8f1/Editor/Data/Managed/UnityEngine/UnityEditor.DeviceSimulatorModule.dll"
-r:"C:/Program Files/Unity/Hub/Editor/6000.5.8f1/Editor/Data/Managed/UnityEngine/UnityEditor.DiagnosticsModule.dll"
-r:"C:/Program Files/Unity/Hub/Editor/6000.5.8f1/Editor/Data/Managed/UnityEngine/UnityEditor.EditorToolbarModule.dll"
-r:"C:/Program Files/Unity/Hub/Editor/6000.5.8f1/Editor/Data/Managed/UnityEngine/UnityEditor.EmbreeModule.dll"
-r:"C:/Program Files/Unity/Hub/Editor/6000.5.8f1/Editor/Data/Managed/UnityEngine/UnityEditor.GIModule.dll"
-r:"C:/Program Files/Unity/Hub/Editor/6000.5.8f1/Editor/Data/Managed/UnityEngine/UnityEditor.GenericRemoteModule.dll"
-r:"C:/Program Files/Unity/Hub/Editor/6000.5.8f1/Editor/Data/Managed/UnityEngine/UnityEditor.GraphToolkitModule.dll"
-r:"C:/Program Files/Unity/Hub/Editor/6000.5.8f1/Editor/Data/Managed/UnityEngine/UnityEditor.GraphViewModule.dll"
-r:"C:/Program Files/Unity/Hub/Editor/6000.5.8f1/Editor/Data/Managed/UnityEngine/UnityEditor.GraphicsStateCollectionSerializerModule.dll"
-r:"C:/Program Files/Unity/Hub/Editor/6000.5.8f1/Editor/Data/Managed/UnityEngine/UnityEditor.GridAndSnapModule.dll"
-r:"C:/Program Files/Unity/Hub/Editor/6000.5.8f1/Editor/Data/Managed/UnityEngine/UnityEditor.GridModule.dll"
-r:"C:/Program Files/Unity/Hub/Editor/6000.5.8f1/Editor/Data/Managed/UnityEngine/UnityEditor.HierarchyModule.dll"
-r:"C:/Program Files/Unity/Hub/Editor/6000.5.8f1/Editor/Data/Managed/UnityEngine/UnityEditor.LightingModule.dll"
-r:"C:/Program Files/Unity/Hub/Editor/6000.5.8f1/Editor/Data/Managed/UnityEngine/UnityEditor.MathematicsModule.dll"
-r:"C:/Program Files/Unity/Hub/Editor/6000.5.8f1/Editor/Data/Managed/UnityEngine/UnityEditor.MediaModule.dll"
-r:"C:/Program Files/Unity/Hub/Editor/6000.5.8f1/Editor/Data/Managed/UnityEngine/UnityEditor.MultiplayerModule.dll"
-r:"C:/Program Files/Unity/Hub/Editor/6000.5.8f1/Editor/Data/Managed/UnityEngine/UnityEditor.Physics2DModule.dll"
-r:"C:/Program Files/Unity/Hub/Editor/6000.5.8f1/Editor/Data/Managed/UnityEngine/UnityEditor.PhysicsCore2DModule.dll"
-r:"C:/Program Files/Unity/Hub/Editor/6000.5.8f1/Editor/Data/Managed/UnityEngine/UnityEditor.PhysicsModule.dll"
-r:"C:/Program Files/Unity/Hub/Editor/6000.5.8f1/Editor/Data/Managed/UnityEngine/UnityEditor.PlayModeModule.dll"
-r:"C:/Program Files/Unity/Hub/Editor/6000.5.8f1/Editor/Data/Managed/UnityEngine/UnityEditor.PresetsUIModule.dll"
-r:"C:/Program Files/Unity/Hub/Editor/6000.5.8f1/Editor/Data/Managed/UnityEngine/UnityEditor.ProjectAuditorModule.dll"
-r:"C:/Program Files/Unity/Hub/Editor/6000.5.8f1/Editor/Data/Managed/UnityEngine/UnityEditor.PropertiesModule.dll"
-r:"C:/Program Files/Unity/Hub/Editor/6000.5.8f1/Editor/Data/Managed/UnityEngine/UnityEditor.QuickInstallModule.dll"
-r:"C:/Program Files/Unity/Hub/Editor/6000.5.8f1/Editor/Data/Managed/UnityEngine/UnityEditor.QuickSearchModule.dll"
-r:"C:/Program Files/Unity/Hub/Editor/6000.5.8f1/Editor/Data/Managed/UnityEngine/UnityEditor.SafeModeModule.dll"
-r:"C:/Program Files/Unity/Hub/Editor/6000.5.8f1/Editor/Data/Managed/UnityEngine/UnityEditor.SceneTemplateModule.dll"
-r:"C:/Program Files/Unity/Hub/Editor/6000.5.8f1/Editor/Data/Managed/UnityEngine/UnityEditor.SceneViewModule.dll"
-r:"C:/Program Files/Unity/Hub/Editor/6000.5.8f1/Editor/Data/Managed/UnityEngine/UnityEditor.ShaderBuildSettingsModule.dll"
-r:"C:/Program Files/Unity/Hub/Editor/6000.5.8f1/Editor/Data/Managed/UnityEngine/UnityEditor.ShaderCompilationModule.dll"
-r:"C:/Program Files/Unity/Hub/Editor/6000.5.8f1/Editor/Data/Managed/UnityEngine/UnityEditor.ShaderFoundryModule.dll"
-r:"C:/Program Files/Unity/Hub/Editor/6000.5.8f1/Editor/Data/Managed/UnityEngine/UnityEditor.SketchUpModule.dll"
-r:"C:/Program Files/Unity/Hub/Editor/6000.5.8f1/Editor/Data/Managed/UnityEngine/UnityEditor.SpriteMaskModule.dll"
-r:"C:/Program Files/Unity/Hub/Editor/6000.5.8f1/Editor/Data/Managed/UnityEngine/UnityEditor.SpriteShapeModule.dll"
-r:"C:/Program Files/Unity/Hub/Editor/6000.5.8f1/Editor/Data/Managed/UnityEngine/UnityEditor.SubstanceModule.dll"
-r:"C:/Program Files/Unity/Hub/Editor/6000.5.8f1/Editor/Data/Managed/UnityEngine/UnityEditor.TerrainModule.dll"
-r:"C:/Program Files/Unity/Hub/Editor/6000.5.8f1/Editor/Data/Managed/UnityEngine/UnityEditor.TextCoreFontEngineModule.dll"
-r:"C:/Program Files/Unity/Hub/Editor/6000.5.8f1/Editor/Data/Managed/UnityEngine/UnityEditor.TextCoreTextEngineModule.dll"
-r:"C:/Program Files/Unity/Hub/Editor/6000.5.8f1/Editor/Data/Managed/UnityEngine/UnityEditor.TextRenderingModule.dll"
-r:"C:/Program Files/Unity/Hub/Editor/6000.5.8f1/Editor/Data/Managed/UnityEngine/UnityEditor.TilemapModule.dll"
-r:"C:/Program Files/Unity/Hub/Editor/6000.5.8f1/Editor/Data/Managed/UnityEngine/UnityEditor.TreeModule.dll"
-r:"C:/Program Files/Unity/Hub/Editor/6000.5.8f1/Editor/Data/Managed/UnityEngine/UnityEditor.U2DModule.dll"
-r:"C:/Program Files/Unity/Hub/Editor/6000.5.8f1/Editor/Data/Managed/UnityEngine/UnityEditor.UIAutomationModule.dll"
-r:"C:/Program Files/Unity/Hub/Editor/6000.5.8f1/Editor/Data/Managed/UnityEngine/UnityEditor.UIBuilderModule.dll"
-r:"C:/Program Files/Unity/Hub/Editor/6000.5.8f1/Editor/Data/Managed/UnityEngine/UnityEditor.UIElementsModule.dll"
-r:"C:/Program Files/Unity/Hub/Editor/6000.5.8f1/Editor/Data/Managed/UnityEngine/UnityEditor.UIElementsSamplesModule.dll"
-r:"C:/Program Files/Unity/Hub/Editor/6000.5.8f1/Editor/Data/Managed/UnityEngine/UnityEditor.UIToolkitAuthoringModule.dll"
-r:"C:/Program Files/Unity/Hub/Editor/6000.5.8f1/Editor/Data/Managed/UnityEngine/UnityEditor.UmbraModule.dll"
-r:"C:/Program Files/Unity/Hub/Editor/6000.5.8f1/Editor/Data/Managed/UnityEngine/UnityEditor.UnityConnectModule.dll"
-r:"C:/Program Files/Unity/Hub/Editor/6000.5.8f1/Editor/Data/Managed/UnityEngine/UnityEditor.VFXModule.dll"
-r:"C:/Program Files/Unity/Hub/Editor/6000.5.8f1/Editor/Data/Managed/UnityEngine/UnityEditor.VectorGraphicsModule.dll"
-r:"C:/Program Files/Unity/Hub/Editor/6000.5.8f1/Editor/Data/Managed/UnityEngine/UnityEditor.VideoModule.dll"
-r:"C:/Program Files/Unity/Hub/Editor/6000.5.8f1/Editor/Data/Managed/UnityEngine/UnityEditor.XRModule.dll"
-r:"C:/Program Files/Unity/Hub/Editor/6000.5.8f1/Editor/Data/Managed/UnityEngine/UnityEditor.dll"
-r:"C:/Program Files/Unity/Hub/Editor/6000.5.8f1/Editor/Data/Managed/UnityEngine/UnityEngine.AIModule.dll"
-r:"C:/Program Files/Unity/Hub/Editor/6000.5.8f1/Editor/Data/Managed/UnityEngine/UnityEngine.AMDModule.dll"
-r:"C:/Program Files/Unity/Hub/Editor/6000.5.8f1/Editor/Data/Managed/UnityEngine/UnityEngine.ARModule.dll"
-r:"C:/Program Files/Unity/Hub/Editor/6000.5.8f1/Editor/Data/Managed/UnityEngine/UnityEngine.AccessibilityModule.dll"
-r:"C:/Program Files/Unity/Hub/Editor/6000.5.8f1/Editor/Data/Managed/UnityEngine/UnityEngine.AdaptivePerformanceModule.dll"
-r:"C:/Program Files/Unity/Hub/Editor/6000.5.8f1/Editor/Data/Managed/UnityEngine/UnityEngine.AndroidJNIModule.dll"
-r:"C:/Program Files/Unity/Hub/Editor/6000.5.8f1/Editor/Data/Managed/UnityEngine/UnityEngine.AnimationModule.dll"
-r:"C:/Program Files/Unity/Hub/Editor/6000.5.8f1/Editor/Data/Managed/UnityEngine/UnityEngine.AssetBundleModule.dll"
-r:"C:/Program Files/Unity/Hub/Editor/6000.5.8f1/Editor/Data/Managed/UnityEngine/UnityEngine.AudioModule.dll"
-r:"C:/Program Files/Unity/Hub/Editor/6000.5.8f1/Editor/Data/Managed/UnityEngine/UnityEngine.ClothModule.dll"
-r:"C:/Program Files/Unity/Hub/Editor/6000.5.8f1/Editor/Data/Managed/UnityEngine/UnityEngine.ClusterInputModule.dll"
-r:"C:/Program Files/Unity/Hub/Editor/6000.5.8f1/Editor/Data/Managed/UnityEngine/UnityEngine.ClusterRendererModule.dll"
-r:"C:/Program Files/Unity/Hub/Editor/6000.5.8f1/Editor/Data/Managed/UnityEngine/UnityEngine.ContentLoadModule.dll"
-r:"C:/Program Files/Unity/Hub/Editor/6000.5.8f1/Editor/Data/Managed/UnityEngine/UnityEngine.CoreModule.dll"
-r:"C:/Program Files/Unity/Hub/Editor/6000.5.8f1/Editor/Data/Managed/UnityEngine/UnityEngine.CrashReportingModule.dll"
-r:"C:/Program Files/Unity/Hub/Editor/6000.5.8f1/Editor/Data/Managed/UnityEngine/UnityEngine.DSPGraphModule.dll"
-r:"C:/Program Files/Unity/Hub/Editor/6000.5.8f1/Editor/Data/Managed/UnityEngine/UnityEngine.DirectorModule.dll"
-r:"C:/Program Files/Unity/Hub/Editor/6000.5.8f1/Editor/Data/Managed/UnityEngine/UnityEngine.GIModule.dll"
-r:"C:/Program Files/Unity/Hub/Editor/6000.5.8f1/Editor/Data/Managed/UnityEngine/UnityEngine.GameCenterModule.dll"
-r:"C:/Program Files/Unity/Hub/Editor/6000.5.8f1/Editor/Data/Managed/UnityEngine/UnityEngine.GraphicsStateCollectionSerializerModule.dll"
-r:"C:/Program Files/Unity/Hub/Editor/6000.5.8f1/Editor/Data/Managed/UnityEngine/UnityEngine.GridModule.dll"
-r:"C:/Program Files/Unity/Hub/Editor/6000.5.8f1/Editor/Data/Managed/UnityEngine/UnityEngine.HierarchyCoreModule.dll"
-r:"C:/Program Files/Unity/Hub/Editor/6000.5.8f1/Editor/Data/Managed/UnityEngine/UnityEngine.HierarchyModule.dll"
-r:"C:/Program Files/Unity/Hub/Editor/6000.5.8f1/Editor/Data/Managed/UnityEngine/UnityEngine.HotReloadModule.dll"
-r:"C:/Program Files/Unity/Hub/Editor/6000.5.8f1/Editor/Data/Managed/UnityEngine/UnityEngine.IMGUIModule.dll"
-r:"C:/Program Files/Unity/Hub/Editor/6000.5.8f1/Editor/Data/Managed/UnityEngine/UnityEngine.IdentifiersModule.dll"
-r:"C:/Program Files/Unity/Hub/Editor/6000.5.8f1/Editor/Data/Managed/UnityEngine/UnityEngine.ImageConversionModule.dll"
-r:"C:/Program Files/Unity/Hub/Editor/6000.5.8f1/Editor/Data/Managed/UnityEngine/UnityEngine.InputForUIModule.dll"
-r:"C:/Program Files/Unity/Hub/Editor/6000.5.8f1/Editor/Data/Managed/UnityEngine/UnityEngine.InputLegacyModule.dll"
-r:"C:/Program Files/Unity/Hub/Editor/6000.5.8f1/Editor/Data/Managed/UnityEngine/UnityEngine.InputModule.dll"
-r:"C:/Program Files/Unity/Hub/Editor/6000.5.8f1/Editor/Data/Managed/UnityEngine/UnityEngine.InsightsModule.dll"
-r:"C:/Program Files/Unity/Hub/Editor/6000.5.8f1/Editor/Data/Managed/UnityEngine/UnityEngine.JSONSerializeModule.dll"
-r:"C:/Program Files/Unity/Hub/Editor/6000.5.8f1/Editor/Data/Managed/UnityEngine/UnityEngine.LocalizationModule.dll"
-r:"C:/Program Files/Unity/Hub/Editor/6000.5.8f1/Editor/Data/Managed/UnityEngine/UnityEngine.MarshallingModule.dll"
-r:"C:/Program Files/Unity/Hub/Editor/6000.5.8f1/Editor/Data/Managed/UnityEngine/UnityEngine.MathematicsModule.dll"
-r:"C:/Program Files/Unity/Hub/Editor/6000.5.8f1/Editor/Data/Managed/UnityEngine/UnityEngine.MultiplayerModule.dll"
-r:"C:/Program Files/Unity/Hub/Editor/6000.5.8f1/Editor/Data/Managed/UnityEngine/UnityEngine.NVIDIAModule.dll"
-r:"C:/Program Files/Unity/Hub/Editor/6000.5.8f1/Editor/Data/Managed/UnityEngine/UnityEngine.ParticleSystemModule.dll"
-r:"C:/Program Files/Unity/Hub/Editor/6000.5.8f1/Editor/Data/Managed/UnityEngine/UnityEngine.PerformanceReportingModule.dll"
-r:"C:/Program Files/Unity/Hub/Editor/6000.5.8f1/Editor/Data/Managed/UnityEngine/UnityEngine.Physics2DModule.dll"
-r:"C:/Program Files/Unity/Hub/Editor/6000.5.8f1/Editor/Data/Managed/UnityEngine/UnityEngine.PhysicsBackendPhysXModule.dll"
-r:"C:/Program Files/Unity/Hub/Editor/6000.5.8f1/Editor/Data/Managed/UnityEngine/UnityEngine.PhysicsCore2DModule.dll"
-r:"C:/Program Files/Unity/Hub/Editor/6000.5.8f1/Editor/Data/Managed/UnityEngine/UnityEngine.PhysicsModule.dll"
-r:"C:/Program Files/Unity/Hub/Editor/6000.5.8f1/Editor/Data/Managed/UnityEngine/UnityEngine.PropertiesModule.dll"
-r:"C:/Program Files/Unity/Hub/Editor/6000.5.8f1/Editor/Data/Managed/UnityEngine/UnityEngine.RenderAs2DModule.dll"
-r:"C:/Program Files/Unity/Hub/Editor/6000.5.8f1/Editor/Data/Managed/UnityEngine/UnityEngine.RuntimeInitializeOnLoadManagerInitializerModule.dll"
-r:"C:/Program Files/Unity/Hub/Editor/6000.5.8f1/Editor/Data/Managed/UnityEngine/UnityEngine.ScreenCaptureModule.dll"
-r:"C:/Program Files/Unity/Hub/Editor/6000.5.8f1/Editor/Data/Managed/UnityEngine/UnityEngine.ScriptingModule.dll"
-r:"C:/Program Files/Unity/Hub/Editor/6000.5.8f1/Editor/Data/Managed/UnityEngine/UnityEngine.ShaderVariantAnalyticsModule.dll"
-r:"C:/Program Files/Unity/Hub/Editor/6000.5.8f1/Editor/Data/Managed/UnityEngine/UnityEngine.SharedInternalsModule.dll"
-r:"C:/Program Files/Unity/Hub/Editor/6000.5.8f1/Editor/Data/Managed/UnityEngine/UnityEngine.SpriteMaskModule.dll"
-r:"C:/Program Files/Unity/Hub/Editor/6000.5.8f1/Editor/Data/Managed/UnityEngine/UnityEngine.SpriteShapeModule.dll"
-r:"C:/Program Files/Unity/Hub/Editor/6000.5.8f1/Editor/Data/Managed/UnityEngine/UnityEngine.StreamingModule.dll"
-r:"C:/Program Files/Unity/Hub/Editor/6000.5.8f1/Editor/Data/Managed/UnityEngine/UnityEngine.SubstanceModule.dll"
-r:"C:/Program Files/Unity/Hub/Editor/6000.5.8f1/Editor/Data/Managed/UnityEngine/UnityEngine.SubsystemsModule.dll"
-r:"C:/Program Files/Unity/Hub/Editor/6000.5.8f1/Editor/Data/Managed/UnityEngine/UnityEngine.TLSModule.dll"
-r:"C:/Program Files/Unity/Hub/Editor/6000.5.8f1/Editor/Data/Managed/UnityEngine/UnityEngine.TerrainModule.dll"
-r:"C:/Program Files/Unity/Hub/Editor/6000.5.8f1/Editor/Data/Managed/UnityEngine/UnityEngine.TerrainPhysicsModule.dll"
-r:"C:/Program Files/Unity/Hub/Editor/6000.5.8f1/Editor/Data/Managed/UnityEngine/UnityEngine.TextCoreFontEngineModule.dll"
-r:"C:/Program Files/Unity/Hub/Editor/6000.5.8f1/Editor/Data/Managed/UnityEngine/UnityEngine.TextCoreTextEngineModule.dll"
-r:"C:/Program Files/Unity/Hub/Editor/6000.5.8f1/Editor/Data/Managed/UnityEngine/UnityEngine.TextRenderingModule.dll"
-r:"C:/Program Files/Unity/Hub/Editor/6000.5.8f1/Editor/Data/Managed/UnityEngine/UnityEngine.TilemapModule.dll"
-r:"C:/Program Files/Unity/Hub/Editor/6000.5.8f1/Editor/Data/Managed/UnityEngine/UnityEngine.U2DRuntimeModule.dll"
-r:"C:/Program Files/Unity/Hub/Editor/6000.5.8f1/Editor/Data/Managed/UnityEngine/UnityEngine.UIElementsModule.dll"
-r:"C:/Program Files/Unity/Hub/Editor/6000.5.8f1/Editor/Data/Managed/UnityEngine/UnityEngine.UIModule.dll"
-r:"C:/Program Files/Unity/Hub/Editor/6000.5.8f1/Editor/Data/Managed/UnityEngine/UnityEngine.UmbraModule.dll"
-r:"C:/Program Files/Unity/Hub/Editor/6000.5.8f1/Editor/Data/Managed/UnityEngine/UnityEngine.UnityAnalyticsCommonModule.dll"
-r:"C:/Program Files/Unity/Hub/Editor/6000.5.8f1/Editor/Data/Managed/UnityEngine/UnityEngine.UnityAnalyticsModule.dll"
-r:"C:/Program Files/Unity/Hub/Editor/6000.5.8f1/Editor/Data/Managed/UnityEngine/UnityEngine.UnityConnectModule.dll"
-r:"C:/Program Files/Unity/Hub/Editor/6000.5.8f1/Editor/Data/Managed/UnityEngine/UnityEngine.UnityConsentModule.dll"
-r:"C:/Program Files/Unity/Hub/Editor/6000.5.8f1/Editor/Data/Managed/UnityEngine/UnityEngine.UnityCurlModule.dll"
-r:"C:/Program Files/Unity/Hub/Editor/6000.5.8f1/Editor/Data/Managed/UnityEngine/UnityEngine.UnityWebRequestAssetBundleModule.dll"
-r:"C:/Program Files/Unity/Hub/Editor/6000.5.8f1/Editor/Data/Managed/UnityEngine/UnityEngine.UnityWebRequestAudioModule.dll"
-r:"C:/Program Files/Unity/Hub/Editor/6000.5.8f1/Editor/Data/Managed/UnityEngine/UnityEngine.UnityWebRequestModule.dll"
-r:"C:/Program Files/Unity/Hub/Editor/6000.5.8f1/Editor/Data/Managed/UnityEngine/UnityEngine.UnityWebRequestTextureModule.dll"
-r:"C:/Program Files/Unity/Hub/Editor/6000.5.8f1/Editor/Data/Managed/UnityEngine/UnityEngine.UnityWebRequestWWWModule.dll"
-r:"C:/Program Files/Unity/Hub/Editor/6000.5.8f1/Editor/Data/Managed/UnityEngine/UnityEngine.VFXModule.dll"
-r:"C:/Program Files/Unity/Hub/Editor/6000.5.8f1/Editor/Data/Managed/UnityEngine/UnityEngine.VectorGraphicsModule.dll"
-r:"C:/Program Files/Unity/Hub/Editor/6000.5.8f1/Editor/Data/Managed/UnityEngine/UnityEngine.VehiclesModule.dll"
-r:"C:/Program Files/Unity/Hub/Editor/6000.5.8f1/Editor/Data/Managed/UnityEngine/UnityEngine.VideoModule.dll"
-r:"C:/Program Files/Unity/Hub/Editor/6000.5.8f1/Editor/Data/Managed/UnityEngine/UnityEngine.VirtualTexturingModule.dll"
-r:"C:/Program Files/Unity/Hub/Editor/6000.5.8f1/Editor/Data/Managed/UnityEngine/UnityEngine.WindModule.dll"
-r:"C:/Program Files/Unity/Hub/Editor/6000.5.8f1/Editor/Data/Managed/UnityEngine/UnityEngine.XRModule.dll"
-r:"C:/Program Files/Unity/Hub/Editor/6000.5.8f1/Editor/Data/Managed/UnityEngine/UnityEngine.dll"
-r:"C:/Program Files/Unity/Hub/Editor/6000.5.8f1/Editor/Data/PlaybackEngines/WebGLSupport/UnityEditor.WebGL.Extensions.dll"
-r:"C:/Program Files/Unity/Hub/Editor/6000.5.8f1/Editor/Data/PlaybackEngines/WindowsStandaloneSupport/UnityEditor.WindowsStandalone.Extensions.dll"
-r:"C:/Program Files/Unity/Hub/Editor/6000.5.8f1/Editor/Data/UnityReferenceAssemblies/unity-4.8-api/Facades/Microsoft.Win32.Primitives.dll"
-r:"C:/Program Files/Unity/Hub/Editor/6000.5.8f1/Editor/Data/UnityReferenceAssemblies/unity-4.8-api/Facades/System.AppContext.dll"
-r:"C:/Program Files/Unity/Hub/Editor/6000.5.8f1/Editor/Data/UnityReferenceAssemblies/unity-4.8-api/Facades/System.Buffers.dll"
-r:"C:/Program Files/Unity/Hub/Editor/6000.5.8f1/Editor/Data/UnityReferenceAssemblies/unity-4.8-api/Facades/System.Collections.Concurrent.dll"
-r:"C:/Program Files/Unity/Hub/Editor/6000.5.8f1/Editor/Data/UnityReferenceAssemblies/unity-4.8-api/Facades/System.Collections.NonGeneric.dll"
-r:"C:/Program Files/Unity/Hub/Editor/6000.5.8f1/Editor/Data/UnityReferenceAssemblies/unity-4.8-api/Facades/System.Collections.Specialized.dll"
-r:"C:/Program Files/Unity/Hub/Editor/6000.5.8f1/Editor/Data/UnityReferenceAssemblies/unity-4.8-api/Facades/System.Collections.dll"
-r:"C:/Program Files/Unity/Hub/Editor/6000.5.8f1/Editor/Data/UnityReferenceAssemblies/unity-4.8-api/Facades/System.ComponentModel.Annotations.dll"
-r:"C:/Program Files/Unity/Hub/Editor/6000.5.8f1/Editor/Data/UnityReferenceAssemblies/unity-4.8-api/Facades/System.ComponentModel.EventBasedAsync.dll"
-r:"C:/Program Files/Unity/Hub/Editor/6000.5.8f1/Editor/Data/UnityReferenceAssemblies/unity-4.8-api/Facades/System.ComponentModel.Primitives.dll"
-r:"C:/Program Files/Unity/Hub/Editor/6000.5.8f1/Editor/Data/UnityReferenceAssemblies/unity-4.8-api/Facades/System.ComponentModel.TypeConverter.dll"
-r:"C:/Program Files/Unity/Hub/Editor/6000.5.8f1/Editor/Data/UnityReferenceAssemblies/unity-4.8-api/Facades/System.ComponentModel.dll"
-r:"C:/Program Files/Unity/Hub/Editor/6000.5.8f1/Editor/Data/UnityReferenceAssemblies/unity-4.8-api/Facades/System.Console.dll"
-r:"C:/Program Files/Unity/Hub/Editor/6000.5.8f1/Editor/Data/UnityReferenceAssemblies/unity-4.8-api/Facades/System.Data.Common.dll"
-r:"C:/Program Files/Unity/Hub/Editor/6000.5.8f1/Editor/Data/UnityReferenceAssemblies/unity-4.8-api/Facades/System.Diagnostics.Contracts.dll"
-r:"C:/Program Files/Unity/Hub/Editor/6000.5.8f1/Editor/Data/UnityReferenceAssemblies/unity-4.8-api/Facades/System.Diagnostics.Debug.dll"
-r:"C:/Program Files/Unity/Hub/Editor/6000.5.8f1/Editor/Data/UnityReferenceAssemblies/unity-4.8-api/Facades/System.Diagnostics.FileVersionInfo.dll"
-r:"C:/Program Files/Unity/Hub/Editor/6000.5.8f1/Editor/Data/UnityReferenceAssemblies/unity-4.8-api/Facades/System.Diagnostics.Process.dll"
-r:"C:/Program Files/Unity/Hub/Editor/6000.5.8f1/Editor/Data/UnityReferenceAssemblies/unity-4.8-api/Facades/System.Diagnostics.StackTrace.dll"
-r:"C:/Program Files/Unity/Hub/Editor/6000.5.8f1/Editor/Data/UnityReferenceAssemblies/unity-4.8-api/Facades/System.Diagnostics.TextWriterTraceListener.dll"
-r:"C:/Program Files/Unity/Hub/Editor/6000.5.8f1/Editor/Data/UnityReferenceAssemblies/unity-4.8-api/Facades/System.Diagnostics.Tools.dll"
-r:"C:/Program Files/Unity/Hub/Editor/6000.5.8f1/Editor/Data/UnityReferenceAssemblies/unity-4.8-api/Facades/System.Diagnostics.TraceSource.dll"
-r:"C:/Program Files/Unity/Hub/Editor/6000.5.8f1/Editor/Data/UnityReferenceAssemblies/unity-4.8-api/Facades/System.Drawing.Primitives.dll"
-r:"C:/Program Files/Unity/Hub/Editor/6000.5.8f1/Editor/Data/UnityReferenceAssemblies/unity-4.8-api/Facades/System.Dynamic.Runtime.dll"
-r:"C:/Program Files/Unity/Hub/Editor/6000.5.8f1/Editor/Data/UnityReferenceAssemblies/unity-4.8-api/Facades/System.Globalization.Calendars.dll"
-r:"C:/Program Files/Unity/Hub/Editor/6000.5.8f1/Editor/Data/UnityReferenceAssemblies/unity-4.8-api/Facades/System.Globalization.Extensions.dll"
-r:"C:/Program Files/Unity/Hub/Editor/6000.5.8f1/Editor/Data/UnityReferenceAssemblies/unity-4.8-api/Facades/System.Globalization.dll"
-r:"C:/Program Files/Unity/Hub/Editor/6000.5.8f1/Editor/Data/UnityReferenceAssemblies/unity-4.8-api/Facades/System.IO.Compression.ZipFile.dll"
-r:"C:/Program Files/Unity/Hub/Editor/6000.5.8f1/Editor/Data/UnityReferenceAssemblies/unity-4.8-api/Facades/System.IO.FileSystem.DriveInfo.dll"
-r:"C:/Program Files/Unity/Hub/Editor/6000.5.8f1/Editor/Data/UnityReferenceAssemblies/unity-4.8-api/Facades/System.IO.FileSystem.Primitives.dll"
-r:"C:/Program Files/Unity/Hub/Editor/6000.5.8f1/Editor/Data/UnityReferenceAssemblies/unity-4.8-api/Facades/System.IO.FileSystem.Watcher.dll"
-r:"C:/Program Files/Unity/Hub/Editor/6000.5.8f1/Editor/Data/UnityReferenceAssemblies/unity-4.8-api/Facades/System.IO.FileSystem.dll"
-r:"C:/Program Files/Unity/Hub/Editor/6000.5.8f1/Editor/Data/UnityReferenceAssemblies/unity-4.8-api/Facades/System.IO.IsolatedStorage.dll"
-r:"C:/Program Files/Unity/Hub/Editor/6000.5.8f1/Editor/Data/UnityReferenceAssemblies/unity-4.8-api/Facades/System.IO.MemoryMappedFiles.dll"
-r:"C:/Program Files/Unity/Hub/Editor/6000.5.8f1/Editor/Data/UnityReferenceAssemblies/unity-4.8-api/Facades/System.IO.Pipes.dll"
-r:"C:/Program Files/Unity/Hub/Editor/6000.5.8f1/Editor/Data/UnityReferenceAssemblies/unity-4.8-api/Facades/System.IO.UnmanagedMemoryStream.dll"
-r:"C:/Program Files/Unity/Hub/Editor/6000.5.8f1/Editor/Data/UnityReferenceAssemblies/unity-4.8-api/Facades/System.IO.dll"
-r:"C:/Program Files/Unity/Hub/Editor/6000.5.8f1/Editor/Data/UnityReferenceAssemblies/unity-4.8-api/Facades/System.Linq.Expressions.dll"
-r:"C:/Program Files/Unity/Hub/Editor/6000.5.8f1/Editor/Data/UnityReferenceAssemblies/unity-4.8-api/Facades/System.Linq.Parallel.dll"
-r:"C:/Program Files/Unity/Hub/Editor/6000.5.8f1/Editor/Data/UnityReferenceAssemblies/unity-4.8-api/Facades/System.Linq.Queryable.dll"
-r:"C:/Program Files/Unity/Hub/Editor/6000.5.8f1/Editor/Data/UnityReferenceAssemblies/unity-4.8-api/Facades/System.Linq.dll"
-r:"C:/Program Files/Unity/Hub/Editor/6000.5.8f1/Editor/Data/UnityReferenceAssemblies/unity-4.8-api/Facades/System.Memory.dll"
-r:"C:/Program Files/Unity/Hub/Editor/6000.5.8f1/Editor/Data/UnityReferenceAssemblies/unity-4.8-api/Facades/System.Net.Http.Rtc.dll"
-r:"C:/Program Files/Unity/Hub/Editor/6000.5.8f1/Editor/Data/UnityReferenceAssemblies/unity-4.8-api/Facades/System.Net.NameResolution.dll"
-r:"C:/Program Files/Unity/Hub/Editor/6000.5.8f1/Editor/Data/UnityReferenceAssemblies/unity-4.8-api/Facades/System.Net.NetworkInformation.dll"
-r:"C:/Program Files/Unity/Hub/Editor/6000.5.8f1/Editor/Data/UnityReferenceAssemblies/unity-4.8-api/Facades/System.Net.Ping.dll"
-r:"C:/Program Files/Unity/Hub/Editor/6000.5.8f1/Editor/Data/UnityReferenceAssemblies/unity-4.8-api/Facades/System.Net.Primitives.dll"
-r:"C:/Program Files/Unity/Hub/Editor/6000.5.8f1/Editor/Data/UnityReferenceAssemblies/unity-4.8-api/Facades/System.Net.Requests.dll"
-r:"C:/Program Files/Unity/Hub/Editor/6000.5.8f1/Editor/Data/UnityReferenceAssemblies/unity-4.8-api/Facades/System.Net.Security.dll"
-r:"C:/Program Files/Unity/Hub/Editor/6000.5.8f1/Editor/Data/UnityReferenceAssemblies/unity-4.8-api/Facades/System.Net.Sockets.dll"
-r:"C:/Program Files/Unity/Hub/Editor/6000.5.8f1/Editor/Data/UnityReferenceAssemblies/unity-4.8-api/Facades/System.Net.WebHeaderCollection.dll"
-r:"C:/Program Files/Unity/Hub/Editor/6000.5.8f1/Editor/Data/UnityReferenceAssemblies/unity-4.8-api/Facades/System.Net.WebSockets.Client.dll"
-r:"C:/Program Files/Unity/Hub/Editor/6000.5.8f1/Editor/Data/UnityReferenceAssemblies/unity-4.8-api/Facades/System.Net.WebSockets.dll"
-r:"C:/Program Files/Unity/Hub/Editor/6000.5.8f1/Editor/Data/UnityReferenceAssemblies/unity-4.8-api/Facades/System.ObjectModel.dll"
-r:"C:/Program Files/Unity/Hub/Editor/6000.5.8f1/Editor/Data/UnityReferenceAssemblies/unity-4.8-api/Facades/System.Reflection.DispatchProxy.dll"
-r:"C:/Program Files/Unity/Hub/Editor/6000.5.8f1/Editor/Data/UnityReferenceAssemblies/unity-4.8-api/Facades/System.Reflection.Emit.ILGeneration.dll"
-r:"C:/Program Files/Unity/Hub/Editor/6000.5.8f1/Editor/Data/UnityReferenceAssemblies/unity-4.8-api/Facades/System.Reflection.Emit.Lightweight.dll"
-r:"C:/Program Files/Unity/Hub/Editor/6000.5.8f1/Editor/Data/UnityReferenceAssemblies/unity-4.8-api/Facades/System.Reflection.Emit.dll"
-r:"C:/Program Files/Unity/Hub/Editor/6000.5.8f1/Editor/Data/UnityReferenceAssemblies/unity-4.8-api/Facades/System.Reflection.Extensions.dll"
-r:"C:/Program Files/Unity/Hub/Editor/6000.5.8f1/Editor/Data/UnityReferenceAssemblies/unity-4.8-api/Facades/System.Reflection.Primitives.dll"
-r:"C:/Program Files/Unity/Hub/Editor/6000.5.8f1/Editor/Data/UnityReferenceAssemblies/unity-4.8-api/Facades/System.Reflection.dll"
-r:"C:/Program Files/Unity/Hub/Editor/6000.5.8f1/Editor/Data/UnityReferenceAssemblies/unity-4.8-api/Facades/System.Resources.Reader.dll"
-r:"C:/Program Files/Unity/Hub/Editor/6000.5.8f1/Editor/Data/UnityReferenceAssemblies/unity-4.8-api/Facades/System.Resources.ResourceManager.dll"
-r:"C:/Program Files/Unity/Hub/Editor/6000.5.8f1/Editor/Data/UnityReferenceAssemblies/unity-4.8-api/Facades/System.Resources.Writer.dll"
-r:"C:/Program Files/Unity/Hub/Editor/6000.5.8f1/Editor/Data/UnityReferenceAssemblies/unity-4.8-api/Facades/System.Runtime.CompilerServices.VisualC.dll"
-r:"C:/Program Files/Unity/Hub/Editor/6000.5.8f1/Editor/Data/UnityReferenceAssemblies/unity-4.8-api/Facades/System.Runtime.Extensions.dll"
-r:"C:/Program Files/Unity/Hub/Editor/6000.5.8f1/Editor/Data/UnityReferenceAssemblies/unity-4.8-api/Facades/System.Runtime.Handles.dll"
-r:"C:/Program Files/Unity/Hub/Editor/6000.5.8f1/Editor/Data/UnityReferenceAssemblies/unity-4.8-api/Facades/System.Runtime.InteropServices.RuntimeInformation.dll"
-r:"C:/Program Files/Unity/Hub/Editor/6000.5.8f1/Editor/Data/UnityReferenceAssemblies/unity-4.8-api/Facades/System.Runtime.InteropServices.WindowsRuntime.dll"
-r:"C:/Program Files/Unity/Hub/Editor/6000.5.8f1/Editor/Data/UnityReferenceAssemblies/unity-4.8-api/Facades/System.Runtime.InteropServices.dll"
-r:"C:/Program Files/Unity/Hub/Editor/6000.5.8f1/Editor/Data/UnityReferenceAssemblies/unity-4.8-api/Facades/System.Runtime.Numerics.dll"
-r:"C:/Program Files/Unity/Hub/Editor/6000.5.8f1/Editor/Data/UnityReferenceAssemblies/unity-4.8-api/Facades/System.Runtime.Serialization.Formatters.dll"
-r:"C:/Program Files/Unity/Hub/Editor/6000.5.8f1/Editor/Data/UnityReferenceAssemblies/unity-4.8-api/Facades/System.Runtime.Serialization.Json.dll"
-r:"C:/Program Files/Unity/Hub/Editor/6000.5.8f1/Editor/Data/UnityReferenceAssemblies/unity-4.8-api/Facades/System.Runtime.Serialization.Primitives.dll"
-r:"C:/Program Files/Unity/Hub/Editor/6000.5.8f1/Editor/Data/UnityReferenceAssemblies/unity-4.8-api/Facades/System.Runtime.Serialization.Xml.dll"
-r:"C:/Program Files/Unity/Hub/Editor/6000.5.8f1/Editor/Data/UnityReferenceAssemblies/unity-4.8-api/Facades/System.Runtime.dll"
-r:"C:/Program Files/Unity/Hub/Editor/6000.5.8f1/Editor/Data/UnityReferenceAssemblies/unity-4.8-api/Facades/System.Security.Claims.dll"
-r:"C:/Program Files/Unity/Hub/Editor/6000.5.8f1/Editor/Data/UnityReferenceAssemblies/unity-4.8-api/Facades/System.Security.Cryptography.Algorithms.dll"
-r:"C:/Program Files/Unity/Hub/Editor/6000.5.8f1/Editor/Data/UnityReferenceAssemblies/unity-4.8-api/Facades/System.Security.Cryptography.Csp.dll"
-r:"C:/Program Files/Unity/Hub/Editor/6000.5.8f1/Editor/Data/UnityReferenceAssemblies/unity-4.8-api/Facades/System.Security.Cryptography.Encoding.dll"
-r:"C:/Program Files/Unity/Hub/Editor/6000.5.8f1/Editor/Data/UnityReferenceAssemblies/unity-4.8-api/Facades/System.Security.Cryptography.Primitives.dll"
-r:"C:/Program Files/Unity/Hub/Editor/6000.5.8f1/Editor/Data/UnityReferenceAssemblies/unity-4.8-api/Facades/System.Security.Cryptography.X509Certificates.dll"
-r:"C:/Program Files/Unity/Hub/Editor/6000.5.8f1/Editor/Data/UnityReferenceAssemblies/unity-4.8-api/Facades/System.Security.Principal.dll"
-r:"C:/Program Files/Unity/Hub/Editor/6000.5.8f1/Editor/Data/UnityReferenceAssemblies/unity-4.8-api/Facades/System.Security.SecureString.dll"
-r:"C:/Program Files/Unity/Hub/Editor/6000.5.8f1/Editor/Data/UnityReferenceAssemblies/unity-4.8-api/Facades/System.ServiceModel.Duplex.dll"
-r:"C:/Program Files/Unity/Hub/Editor/6000.5.8f1/Editor/Data/UnityReferenceAssemblies/unity-4.8-api/Facades/System.ServiceModel.Http.dll"
-r:"C:/Program Files/Unity/Hub/Editor/6000.5.8f1/Editor/Data/UnityReferenceAssemblies/unity-4.8-api/Facades/System.ServiceModel.NetTcp.dll"
-r:"C:/Program Files/Unity/Hub/Editor/6000.5.8f1/Editor/Data/UnityReferenceAssemblies/unity-4.8-api/Facades/System.ServiceModel.Primitives.dll"
-r:"C:/Program Files/Unity/Hub/Editor/6000.5.8f1/Editor/Data/UnityReferenceAssemblies/unity-4.8-api/Facades/System.ServiceModel.Security.dll"
-r:"C:/Program Files/Unity/Hub/Editor/6000.5.8f1/Editor/Data/UnityReferenceAssemblies/unity-4.8-api/Facades/System.Text.Encoding.Extensions.dll"
-r:"C:/Program Files/Unity/Hub/Editor/6000.5.8f1/Editor/Data/UnityReferenceAssemblies/unity-4.8-api/Facades/System.Text.Encoding.dll"
-r:"C:/Program Files/Unity/Hub/Editor/6000.5.8f1/Editor/Data/UnityReferenceAssemblies/unity-4.8-api/Facades/System.Text.RegularExpressions.dll"
-r:"C:/Program Files/Unity/Hub/Editor/6000.5.8f1/Editor/Data/UnityReferenceAssemblies/unity-4.8-api/Facades/System.Threading.Overlapped.dll"
-r:"C:/Program Files/Unity/Hub/Editor/6000.5.8f1/Editor/Data/UnityReferenceAssemblies/unity-4.8-api/Facades/System.Threading.Tasks.Extensions.dll"
-r:"C:/Program Files/Unity/Hub/Editor/6000.5.8f1/Editor/Data/UnityReferenceAssemblies/unity-4.8-api/Facades/System.Threading.Tasks.Parallel.dll"
-r:"C:/Program Files/Unity/Hub/Editor/6000.5.8f1/Editor/Data/UnityReferenceAssemblies/unity-4.8-api/Facades/System.Threading.Tasks.dll"
-r:"C:/Program Files/Unity/Hub/Editor/6000.5.8f1/Editor/Data/UnityReferenceAssemblies/unity-4.8-api/Facades/System.Threading.Thread.dll"
-r:"C:/Program Files/Unity/Hub/Editor/6000.5.8f1/Editor/Data/UnityReferenceAssemblies/unity-4.8-api/Facades/System.Threading.ThreadPool.dll"
-r:"C:/Program Files/Unity/Hub/Editor/6000.5.8f1/Editor/Data/UnityReferenceAssemblies/unity-4.8-api/Facades/System.Threading.Timer.dll"
-r:"C:/Program Files/Unity/Hub/Editor/6000.5.8f1/Editor/Data/UnityReferenceAssemblies/unity-4.8-api/Facades/System.Threading.dll"
-r:"C:/Program Files/Unity/Hub/Editor/6000.5.8f1/Editor/Data/UnityReferenceAssemblies/unity-4.8-api/Facades/System.ValueTuple.dll"
-r:"C:/Program Files/Unity/Hub/Editor/6000.5.8f1/Editor/Data/UnityReferenceAssemblies/unity-4.8-api/Facades/System.Xml.ReaderWriter.dll"
-r:"C:/Program Files/Unity/Hub/Editor/6000.5.8f1/Editor/Data/UnityReferenceAssemblies/unity-4.8-api/Facades/System.Xml.XDocument.dll"
-r:"C:/Program Files/Unity/Hub/Editor/6000.5.8f1/Editor/Data/UnityReferenceAssemblies/unity-4.8-api/Facades/System.Xml.XPath.XDocument.dll"
-r:"C:/Program Files/Unity/Hub/Editor/6000.5.8f1/Editor/Data/UnityReferenceAssemblies/unity-4.8-api/Facades/System.Xml.XPath.dll"
-r:"C:/Program Files/Unity/Hub/Editor/6000.5.8f1/Editor/Data/UnityReferenceAssemblies/unity-4.8-api/Facades/System.Xml.XmlDocument.dll"
-r:"C:/Program Files/Unity/Hub/Editor/6000.5.8f1/Editor/Data/UnityReferenceAssemblies/unity-4.8-api/Facades/System.Xml.XmlSerializer.dll"
-r:"C:/Program Files/Unity/Hub/Editor/6000.5.8f1/Editor/Data/UnityReferenceAssemblies/unity-4.8-api/Facades/netstandard.dll"
-r:"C:/Program Files/Unity/Hub/Editor/6000.5.8f1/Editor/Data/UnityReferenceAssemblies/unity-4.8-api/Microsoft.CSharp.dll"
-r:"C:/Program Files/Unity/Hub/Editor/6000.5.8f1/Editor/Data/UnityReferenceAssemblies/unity-4.8-api/System.ComponentModel.Composition.dll"
-r:"C:/Program Files/Unity/Hub/Editor/6000.5.8f1/Editor/Data/UnityReferenceAssemblies/unity-4.8-api/System.Core.dll"
-r:"C:/Program Files/Unity/Hub/Editor/6000.5.8f1/Editor/Data/UnityReferenceAssemblies/unity-4.8-api/System.Data.DataSetExtensions.dll"
-r:"C:/Program Files/Unity/Hub/Editor/6000.5.8f1/Editor/Data/UnityReferenceAssemblies/unity-4.8-api/System.Data.dll"
-r:"C:/Program Files/Unity/Hub/Editor/6000.5.8f1/Editor/Data/UnityReferenceAssemblies/unity-4.8-api/System.Drawing.dll"
-r:"C:/Program Files/Unity/Hub/Editor/6000.5.8f1/Editor/Data/UnityReferenceAssemblies/unity-4.8-api/System.IO.Compression.FileSystem.dll"
-r:"C:/Program Files/Unity/Hub/Editor/6000.5.8f1/Editor/Data/UnityReferenceAssemblies/unity-4.8-api/System.IO.Compression.dll"
-r:"C:/Program Files/Unity/Hub/Editor/6000.5.8f1/Editor/Data/UnityReferenceAssemblies/unity-4.8-api/System.Net.Http.dll"
-r:"C:/Program Files/Unity/Hub/Editor/6000.5.8f1/Editor/Data/UnityReferenceAssemblies/unity-4.8-api/System.Numerics.Vectors.dll"
-r:"C:/Program Files/Unity/Hub/Editor/6000.5.8f1/Editor/Data/UnityReferenceAssemblies/unity-4.8-api/System.Numerics.dll"
-r:"C:/Program Files/Unity/Hub/Editor/6000.5.8f1/Editor/Data/UnityReferenceAssemblies/unity-4.8-api/System.Runtime.Serialization.dll"
-r:"C:/Program Files/Unity/Hub/Editor/6000.5.8f1/Editor/Data/UnityReferenceAssemblies/unity-4.8-api/System.Transactions.dll"
-r:"C:/Program Files/Unity/Hub/Editor/6000.5.8f1/Editor/Data/UnityReferenceAssemblies/unity-4.8-api/System.Xml.Linq.dll"
-r:"C:/Program Files/Unity/Hub/Editor/6000.5.8f1/Editor/Data/UnityReferenceAssemblies/unity-4.8-api/System.Xml.dll"
-r:"C:/Program Files/Unity/Hub/Editor/6000.5.8f1/Editor/Data/UnityReferenceAssemblies/unity-4.8-api/System.dll"
-r:"C:/Program Files/Unity/Hub/Editor/6000.5.8f1/Editor/Data/UnityReferenceAssemblies/unity-4.8-api/mscorlib.dll"
-r:"Library/PackageCache/com.unity.ai.assistant@c0127625258e/Modules/Unity.AI.Toolkit.Sdk/Editor/AiEditorToolsSdk.dll"
-r:"Library/PackageCache/com.unity.collab-proxy@4628d2ba6ea4/Lib/Editor/TextMateSharp/Onigwrap/OnigwrapPlastic.dll"
-r:"Library/PackageCache/com.unity.collab-proxy@4628d2ba6ea4/Lib/Editor/TextMateSharp/TextMateSharpPlastic.Grammars.dll"
-r:"Library/PackageCache/com.unity.collab-proxy@4628d2ba6ea4/Lib/Editor/TextMateSharp/TextMateSharpPlastic.dll"
-r:"Library/PackageCache/com.unity.collab-proxy@4628d2ba6ea4/Lib/Editor/Unity.Plastic.Antlr3.Runtime.dll"
-r:"Library/PackageCache/com.unity.collab-proxy@4628d2ba6ea4/Lib/Editor/Unity.Plastic.Newtonsoft.Json.dll"
-r:"Library/PackageCache/com.unity.collab-proxy@4628d2ba6ea4/Lib/Editor/log4netPlastic.dll"
-r:"Library/PackageCache/com.unity.collab-proxy@4628d2ba6ea4/Lib/Editor/unityplastic.dll"
-r:"Library/PackageCache/com.unity.collections@ec2c217e4cb2/Unity.Collections.LowLevel.ILSupport/Unity.Collections.LowLevel.ILSupport.dll"
-r:"Library/PackageCache/com.unity.ext.nunit@44f7d31723bd/net472/unity-custom/nunit.framework.dll"
-r:"Library/PackageCache/com.unity.ext.nunit@44f7d31723bd/net472/unity-custom/nunit.framework.dll"
-r:"Library/PackageCache/com.unity.nuget.mono-cecil@ecb9724e46ff/Mono.Cecil.dll"
-r:"Library/PackageCache/com.unity.nuget.newtonsoft-json@4dfd81071c64/Runtime/Newtonsoft.Json.dll"
-r:"Library/PackageCache/com.unity.visualscripting@4edfcc09512f/Editor/VisualScripting.Core/Dependencies/DotNetZip/Unity.VisualScripting.IonicZip.dll"
-r:"Library/PackageCache/com.unity.visualscripting@4edfcc09512f/Editor/VisualScripting.Core/Dependencies/YamlDotNet/Unity.VisualScripting.YamlDotNet.dll"
-r:"Library/PackageCache/com.unity.visualscripting@4edfcc09512f/Editor/VisualScripting.Core/EditorAssetResources/Unity.VisualScripting.TextureAssets.dll"
-r:"Library/PackageCache/com.unity.visualscripting@4edfcc09512f/Runtime/VisualScripting.Flow/Dependencies/NCalc/Unity.VisualScripting.Antlr3.Runtime.dll"
-r:"Library/Bee/artifacts/1900b0aE.dag/Assembly-CSharp.ref.dll"
-r:"Library/Bee/artifacts/1900b0aE.dag/HFDownloader.ref.dll"
-r:"Library/Bee/artifacts/1900b0aE.dag/Unity.2D.Sprite.Editor.ref.dll"
-r:"Library/Bee/artifacts/1900b0aE.dag/Unity.AI.Assistant.Agent.Dynamic.Extension.Editor.ref.dll"
-r:"Library/Bee/artifacts/1900b0aE.dag/Unity.AI.Assistant.Annotations.Editor.ref.dll"
-r:"Library/Bee/artifacts/1900b0aE.dag/Unity.AI.Assistant.API.Editor.ref.dll"
-r:"Library/Bee/artifacts/1900b0aE.dag/Unity.AI.Assistant.Bridge.Editor.ref.dll"
-r:"Library/Bee/artifacts/1900b0aE.dag/Unity.AI.Assistant.Integrations.Profiler.Editor.ref.dll"
-r:"Library/Bee/artifacts/1900b0aE.dag/Unity.AI.Assistant.Runtime.ref.dll"
-r:"Library/Bee/artifacts/1900b0aE.dag/Unity.AI.Assistant.Tools.Editor.ref.dll"
-r:"Library/Bee/artifacts/1900b0aE.dag/Unity.AI.MCP.Editor.ref.dll"
-r:"Library/Bee/artifacts/1900b0aE.dag/Unity.AI.MCP.Runtime.ref.dll"
-r:"Library/Bee/artifacts/1900b0aE.dag/Unity.AI.Navigation.Editor.ConversionSystem.ref.dll"
-r:"Library/Bee/artifacts/1900b0aE.dag/Unity.AI.Navigation.Editor.ref.dll"
-r:"Library/Bee/artifacts/1900b0aE.dag/Unity.AI.Navigation.ref.dll"
-r:"Library/Bee/artifacts/1900b0aE.dag/Unity.AI.Navigation.Updater.ref.dll"
-r:"Library/Bee/artifacts/1900b0aE.dag/Unity.AI.Tracing.ref.dll"
-r:"Library/Bee/artifacts/1900b0aE.dag/Unity.AppUI.Editor.ref.dll"
-r:"Library/Bee/artifacts/1900b0aE.dag/Unity.AppUI.MVVM.ref.dll"
-r:"Library/Bee/artifacts/1900b0aE.dag/Unity.AppUI.Navigation.Editor.ref.dll"
-r:"Library/Bee/artifacts/1900b0aE.dag/Unity.AppUI.Navigation.ref.dll"
-r:"Library/Bee/artifacts/1900b0aE.dag/Unity.AppUI.Redux.Editor.ref.dll"
-r:"Library/Bee/artifacts/1900b0aE.dag/Unity.AppUI.Redux.ref.dll"
-r:"Library/Bee/artifacts/1900b0aE.dag/Unity.AppUI.ref.dll"
-r:"Library/Bee/artifacts/1900b0aE.dag/Unity.AppUI.Undo.ref.dll"
-r:"Library/Bee/artifacts/1900b0aE.dag/Unity.Burst.Editor.ref.dll"
-r:"Library/Bee/artifacts/1900b0aE.dag/Unity.Burst.ref.dll"
-r:"Library/Bee/artifacts/1900b0aE.dag/Unity.Collections.Editor.ref.dll"
-r:"Library/Bee/artifacts/1900b0aE.dag/Unity.Collections.ref.dll"
-r:"Library/Bee/artifacts/1900b0aE.dag/Unity.InferenceEngine.Editor.ref.dll"
-r:"Library/Bee/artifacts/1900b0aE.dag/Unity.InferenceEngine.iOSBLAS.ref.dll"
-r:"Library/Bee/artifacts/1900b0aE.dag/Unity.InferenceEngine.MacBLAS.ref.dll"
-r:"Library/Bee/artifacts/1900b0aE.dag/Unity.InferenceEngine.ONNX.Editor.ref.dll"
-r:"Library/Bee/artifacts/1900b0aE.dag/Unity.InferenceEngine.ref.dll"
-r:"Library/Bee/artifacts/1900b0aE.dag/Unity.InferenceEngine.Tokenization.ref.dll"
-r:"Library/Bee/artifacts/1900b0aE.dag/Unity.InputSystem.ForUI.Editor.ref.dll"
-r:"Library/Bee/artifacts/1900b0aE.dag/Unity.InputSystem.ForUI.ref.dll"
-r:"Library/Bee/artifacts/1900b0aE.dag/Unity.InputSystem.ref.dll"
-r:"Library/Bee/artifacts/1900b0aE.dag/Unity.InternalAPIEditorBridge.ShaderGraph.Editor.ref.dll"
-r:"Library/Bee/artifacts/1900b0aE.dag/Unity.InternalAPIEngineBridge.004.ref.dll"
-r:"Library/Bee/artifacts/1900b0aE.dag/Unity.InternalAPIEngineBridge.RenderPipelines.Core.Editor.ref.dll"
-r:"Library/Bee/artifacts/1900b0aE.dag/Unity.InternalAPIEngineBridge.RenderPipelines.Core.Runtime.Shared.ref.dll"
-r:"Library/Bee/artifacts/1900b0aE.dag/Unity.Mathematics.ref.dll"
-r:"Library/Bee/artifacts/1900b0aE.dag/Unity.Multiplayer.Center.Common.ref.dll"
-r:"Library/Bee/artifacts/1900b0aE.dag/Unity.Multiplayer.Center.Editor.ref.dll"
-r:"Library/Bee/artifacts/1900b0aE.dag/Unity.PathTracing.Editor.ref.dll"
-r:"Library/Bee/artifacts/1900b0aE.dag/Unity.PathTracing.Runtime.ref.dll"
-r:"Library/Bee/artifacts/1900b0aE.dag/Unity.PlasticSCM.Editor.Assistant.ref.dll"
-r:"Library/Bee/artifacts/1900b0aE.dag/Unity.PlasticSCM.Editor.ref.dll"
-r:"Library/Bee/artifacts/1900b0aE.dag/Unity.Rendering.LightTransport.Editor.ref.dll"
-r:"Library/Bee/artifacts/1900b0aE.dag/Unity.RenderPipeline.Universal.ShaderLibrary.ref.dll"
-r:"Library/Bee/artifacts/1900b0aE.dag/Unity.RenderPipelines.Core.Editor.ref.dll"
-r:"Library/Bee/artifacts/1900b0aE.dag/Unity.RenderPipelines.Core.Editor.Shared.ref.dll"
-r:"Library/Bee/artifacts/1900b0aE.dag/Unity.RenderPipelines.Core.Runtime.ref.dll"
-r:"Library/Bee/artifacts/1900b0aE.dag/Unity.RenderPipelines.Core.Runtime.Shared.ref.dll"
-r:"Library/Bee/artifacts/1900b0aE.dag/Unity.RenderPipelines.Core.ShaderLibrary.ref.dll"
-r:"Library/Bee/artifacts/1900b0aE.dag/Unity.RenderPipelines.GPUDriven.Runtime.ref.dll"
-r:"Library/Bee/artifacts/1900b0aE.dag/Unity.RenderPipelines.ShaderGraph.ShaderGraphLibrary.ref.dll"
-r:"Library/Bee/artifacts/1900b0aE.dag/Unity.RenderPipelines.Universal.2D.Editor.Overrides.ref.dll"
-r:"Library/Bee/artifacts/1900b0aE.dag/Unity.RenderPipelines.Universal.2D.Runtime.ref.dll"
-r:"Library/Bee/artifacts/1900b0aE.dag/Unity.RenderPipelines.Universal.Config.Runtime.ref.dll"
-r:"Library/Bee/artifacts/1900b0aE.dag/Unity.RenderPipelines.Universal.Editor.ref.dll"
-r:"Library/Bee/artifacts/1900b0aE.dag/Unity.RenderPipelines.Universal.Runtime.ref.dll"
-r:"Library/Bee/artifacts/1900b0aE.dag/Unity.RenderPipelines.Universal.Shaders.ref.dll"
-r:"Library/Bee/artifacts/1900b0aE.dag/Unity.Rider.Editor.ref.dll"
-r:"Library/Bee/artifacts/1900b0aE.dag/Unity.Searcher.Editor.ref.dll"
-r:"Library/Bee/artifacts/1900b0aE.dag/Unity.ShaderGraph.Editor.ref.dll"
-r:"Library/Bee/artifacts/1900b0aE.dag/Unity.SurfaceCache.Runtime.ref.dll"
-r:"Library/Bee/artifacts/1900b0aE.dag/Unity.TextMeshPro.Editor.ref.dll"
-r:"Library/Bee/artifacts/1900b0aE.dag/Unity.TextMeshPro.ref.dll"
-r:"Library/Bee/artifacts/1900b0aE.dag/Unity.Timeline.Editor.ref.dll"
-r:"Library/Bee/artifacts/1900b0aE.dag/Unity.Timeline.ref.dll"
-r:"Library/Bee/artifacts/1900b0aE.dag/Unity.UnifiedRayTracing.Runtime.ref.dll"
-r:"Library/Bee/artifacts/1900b0aE.dag/Unity.VisualScripting.Core.Editor.ref.dll"
-r:"Library/Bee/artifacts/1900b0aE.dag/Unity.VisualScripting.Core.ref.dll"
-r:"Library/Bee/artifacts/1900b0aE.dag/Unity.VisualScripting.Flow.Editor.ref.dll"
-r:"Library/Bee/artifacts/1900b0aE.dag/Unity.VisualScripting.Flow.ref.dll"
-r:"Library/Bee/artifacts/1900b0aE.dag/Unity.VisualScripting.SettingsProvider.Editor.ref.dll"
-r:"Library/Bee/artifacts/1900b0aE.dag/Unity.VisualScripting.Shared.Editor.ref.dll"
-r:"Library/Bee/artifacts/1900b0aE.dag/Unity.VisualScripting.State.Editor.ref.dll"
-r:"Library/Bee/artifacts/1900b0aE.dag/Unity.VisualScripting.State.ref.dll"
-r:"Library/Bee/artifacts/1900b0aE.dag/Unity.VisualStudio.Editor.ref.dll"
-r:"Library/Bee/artifacts/1900b0aE.dag/UnityEditor.TestRunner.ref.dll"
-r:"Library/Bee/artifacts/1900b0aE.dag/UnityEditor.UI.Analytics.ref.dll"
-r:"Library/Bee/artifacts/1900b0aE.dag/UnityEditor.UI.ref.dll"
-r:"Library/Bee/artifacts/1900b0aE.dag/UnityEngine.TestRunner.ref.dll"
-r:"Library/Bee/artifacts/1900b0aE.dag/UnityEngine.UI.ref.dll"
-analyzer:"C:/Program Files/Unity/Hub/Editor/6000.5.8f1/Editor/Data/BCLExtensions/TargetingPacks/netstandard2.1/analyzers/dotnet/roslyn4.0/cs/Microsoft.Extensions.Logging.Generators.dll"
-analyzer:"C:/Program Files/Unity/Hub/Editor/6000.5.8f1/Editor/Data/BCLExtensions/TargetingPacks/netstandard2.1/analyzers/dotnet/roslyn4.0/cs/System.Text.Json.SourceGeneration.dll"
-analyzer:"C:/Program Files/Unity/Hub/Editor/6000.5.8f1/Editor/Data/Tools/BuildPipeline/Unity.Analyzers.Common/Unity.Analyzers.Common.dll"
-analyzer:"C:/Program Files/Unity/Hub/Editor/6000.5.8f1/Editor/Data/Tools/BuildPipeline/Unity.Analyzers.LongLiving/Unity.Analyzers.LongLiving.dll"
-analyzer:"C:/Program Files/Unity/Hub/Editor/6000.5.8f1/Editor/Data/Tools/BuildPipeline/Unity.SourceGenerators/Unity.Properties.SourceGenerator.dll"
-analyzer:"C:/Program Files/Unity/Hub/Editor/6000.5.8f1/Editor/Data/Tools/BuildPipeline/Unity.SourceGenerators/Unity.SourceGenerators.dll"
-analyzer:"C:/Program Files/Unity/Hub/Editor/6000.5.8f1/Editor/Data/Tools/BuildPipeline/Unity.SourceGenerators/Unity.UIToolkit.SourceGenerator.dll"
-analyzer:"Library/PackageCache/com.unity.ai.inference@9a123aee5df7/Runtime/Core/SourceGenerator/SourceGenerators.dll"
-analyzer:"Library/PackageCache/com.unity.dt.app-ui@b097002a00c2/Runtime/MVVM/SourceGenerators/netstandard2.0/MVVMSourceGenerators.dll"
-analyzer:"Library/PackageCache/com.unity.dt.app-ui@b097002a00c2/Runtime/SourceGenerators/netstandard2.0/EnumToLowerCase.dll"
"Assets/Editor/ConveyorPrefabCreator.cs"
"Assets/Editor/GroundPrefabCreator.cs"
-langversion:9.0
/deterministic
/optimize+
/debug:portable
/nologo
/RuntimeMetadataVersion:v4.0.30319
/nowarn:0169
/nowarn:0649
/nowarn:0282
/nowarn:1701
/nowarn:1702
/utf8output
/preferreduilang:en-US
/additionalfile:"Library/Bee/artifacts/1900b0aE.dag/Assembly-CSharp-Editor.UnityAdditionalFile.txt"
##### Custom Environment Variables
DOTNET_HOST_PATH=C:\Program Files\Unity\Hub\Editor\6000.5.8f1\Editor\Data\DotNetSdk\dotnet.exe
DOTNET_MULTILEVEL_LOOKUP=0
##### ExitCode
1
##### Output
Assets\Editor\ConveyorPrefabCreator.cs(75,5): error CS0103: The name 'CreateCornerPrefab' does not exist in the current context
*** Tundra build failed (0.31 seconds), 2 items updated, 1563 evaluated
## Script Compilation Error for: Csc Library/Bee/artifacts/1900b0aE.dag/Assembly-CSharp-Editor.dll (+2 others)
## CmdLine: "C:\Program Files\Unity\Hub\Editor\6000.5.8f1\Editor\Data\DotNetSdk\dotnet.exe" exec "C:/Program Files/Unity/Hub/Editor/6000.5.8f1/Editor/Data/DotNetSdk/sdk/8.0.318/Roslyn/bincore/csc.dll" /nostdlib /noconfig /shared "@Library/Bee/artifacts/1900b0aE.dag/Assembly-CSharp-Editor.rsp" "@Library/Bee/artifacts/1900b0aE.dag/Assembly-CSharp-Editor.rsp2"
## Output:
Assets\Editor\ConveyorPrefabCreator.cs(75,5): error CS0103: The name 'CreateCornerPrefab' does not exist in the current context

Assets\Editor\ConveyorPrefabCreator.cs(75,5): error CS0103: The name 'CreateCornerPrefab' does not exist in the current context
Total cache size 268137716
Total cache size after purge 268137716, took 00:00:00.3315311
[ScriptCompilation] Requested script compilation because: AssetDatabase observed changes in script compilation related files
Refreshing native plugins compatible for Editor in 3.79 ms, found 5 plugins.
Asset Pipeline Refresh (id=fafe6a86a26316045b2913e4e00a86d2): Total: 0.131 seconds - Initiated by RefreshV2(NoUpdateAssetOptions)
info: Microsoft.AspNetCore.Hosting.Diagnostics[1]
      Request starting HTTP/2 POST http://ilpp/UnityILPP.PostProcessing/Ping - application/grpc -
info: Microsoft.AspNetCore.Routing.EndpointMiddleware[0]
      Executing endpoint 'gRPC - /UnityILPP.PostProcessing/Ping'
info: Microsoft.AspNetCore.Routing.EndpointMiddleware[1]
      Executed endpoint 'gRPC - /UnityILPP.PostProcessing/Ping'
info: Microsoft.AspNetCore.Hosting.Diagnostics[2]
      Request finished HTTP/2 POST http://ilpp/UnityILPP.PostProcessing/Ping - 200 - application/grpc 0.2488ms
Starting: C:\Program Files\Unity\Hub\Editor\6000.5.8f1\Editor\Data\Tools\BuildPipeline\bee_backend.exe --ipc --defer-dag-verification --dagfile="Library/Bee/1900b0aE.dag" --continue-on-failure --profile="Library/Bee/backend1.traceevents" ScriptAssemblies
WorkingDir: C:/Users/Len/Lenomation_V3
info: Microsoft.AspNetCore.Hosting.Diagnostics[1]
      Request starting HTTP/2 POST http://ilpp/UnityILPP.PostProcessing/ConfigurePostProcessors - application/grpc -
info: Microsoft.AspNetCore.Routing.EndpointMiddleware[0]
      Executing endpoint 'gRPC - /UnityILPP.PostProcessing/ConfigurePostProcessors'
info: Unity.ILPP.Runner.PostProcessingAssemblyLoadContext[0]
      Current configuration matches the requested one, skipping
info: Microsoft.AspNetCore.Routing.EndpointMiddleware[1]
      Executed endpoint 'gRPC - /UnityILPP.PostProcessing/ConfigurePostProcessors'
info: Microsoft.AspNetCore.Hosting.Diagnostics[2]
      Request finished HTTP/2 POST http://ilpp/UnityILPP.PostProcessing/ConfigurePostProcessors - 200 - application/grpc 0.8110ms
info: Microsoft.AspNetCore.Hosting.Diagnostics[1]
      Request starting HTTP/2 POST http://ilpp/UnityILPP.PostProcessing/PostProcessAssembly - application/grpc -
info: Microsoft.AspNetCore.Routing.EndpointMiddleware[0]
      Executing endpoint 'gRPC - /UnityILPP.PostProcessing/PostProcessAssembly'
info: Unity.ILPP.Runner.PostProcessingPipeline[0]
      Processing assembly Library/Bee/artifacts/1900b0aE.dag/Assembly-CSharp-Editor.dll, with 142 defines and 390 references
info: Unity.ILPP.Runner.PostProcessingPipeline[0]
      processors: Unity.Jobs.CodeGen.JobsILPostProcessor, zzzUnity.Burst.CodeGen.BurstILPostProcessor
info: Unity.ILPP.Runner.PostProcessingPipeline[0]
      running Unity.Jobs.CodeGen.JobsILPostProcessor
info: Unity.ILPP.Runner.PostProcessingPipeline[0]
      running zzzUnity.Burst.CodeGen.BurstILPostProcessor
info: Microsoft.AspNetCore.Routing.EndpointMiddleware[1]
      Executed endpoint 'gRPC - /UnityILPP.PostProcessing/PostProcessAssembly'
info: Microsoft.AspNetCore.Hosting.Diagnostics[2]
      Request finished HTTP/2 POST http://ilpp/UnityILPP.PostProcessing/PostProcessAssembly - 200 - application/grpc 10.2856ms
ExitCode: 0 Duration: 0s426ms
[1192/1563  0s] ILPP-Configuration Library/ilpp-configuration.nevergeneratedoutput
[1559/1563  0s] Csc Library/Bee/artifacts/1900b0aE.dag/Assembly-CSharp-Editor.dll (+2 others)
[1560/1563  0s] ILPostProcess Library/Bee/artifacts/1900b0aE.dag/post-processed/Assembly-CSharp-Editor.dll (+pdb)
Processing assembly Library/Bee/artifacts/1900b0aE.dag/Assembly-CSharp-Editor.dll, with 142 defines and 390 references

processors: Unity.Jobs.CodeGen.JobsILPostProcessor, zzzUnity.Burst.CodeGen.BurstILPostProcessor

running Unity.Jobs.CodeGen.JobsILPostProcessor

running zzzUnity.Burst.CodeGen.BurstILPostProcessor
[1561/1563  0s] CopyFiles Library/ScriptAssemblies/Assembly-CSharp-Editor.pdb
[1562/1563  0s] CopyFiles Library/ScriptAssemblies/Assembly-CSharp-Editor.dll
*** Tundra build success (0.41 seconds), 5 items updated, 1563 evaluated
Reloading assemblies after finishing script compilation.
Reloading assemblies after forced synchronous recompile.
Begin MonoManager ReloadAssembly
Total cache size 268137716
Total cache size after purge 268137716, took 00:00:00.6290237
Symbol file LoadedFromMemory is not a mono symbol file
Symbol file LoadedFromMemory is not a mono symbol file
Refreshing native plugins compatible for Editor in 3.18 ms, found 5 plugins.
Native extension for WindowsStandalone target not found
Native extension for WebGL target not found
[MODES] ModeService[none].Initialize
[MODES] ModeService[none].LoadModes
Refreshing native plugins compatible for Editor in 3.47 ms, found 5 plugins.
[Licensing::Client] Error: Code 404 while processing request (status: Found 0 entitlement groups and 0 free entitlements matching requested entitlement ids)
ScheduleIndexationOnStartup MainProcess:True IndexOnStartup:True
Mono: successfully reloaded assembly
- Finished resetting the current domain, in  3.526 seconds
Domain Reload Profiling: 5333ms
	BeginReloadAssembly (1165ms)
		DisableScriptedObjects (144ms)
		CreateAndSetChildDomain (615ms)
	RebuildCommonClasses (9ms)
	RebuildNativeTypeToScriptingClass (15ms)
	initialDomainReloadingComplete (83ms)
	LoadAllAssembliesAndSetupDomain (533ms)
		LoadAssemblies (154ms)
		AnalyzeDomain (347ms)
			TypeCache.Refresh (12ms)
			BuildScriptInfoCaches (324ms)
			ResolveRequiredComponents (10ms)
	FinalizeReload (3528ms)
		SetupLoadedEditorAssemblies (0ms)
			BeforeProcessingInitializeOnLoad (263ms)
			ProcessInitializeOnLoadAttributes (945ms)
			ProcessInitializeOnLoadMethodAttributes (514ms)
			AfterProcessingInitializeOnLoad (5ms)
		AwakeInstancesAfterBackupRestoration (1132ms)

Asset Pipeline Refresh (id=71b8077643ad22e41a3b46f4fb5ae025): Total: 5.746 seconds - Initiated by StopAssetImportingV2(ForceSynchronousImport | ForceDomainReload)
	(Values over 0.05ms)
	Summary:
		Imports: total=0 (actual=0, local cache=0, cache server=0)
		Asset DB Process Time: managed=0 ms, native=3784 ms
		Asset DB Callback time: managed=52 ms, native=0 ms
		Scripting: domain reloads=1, domain reload time=1907 ms, compile time=1 ms, other=0 ms
		Project Asset Count: scripts=2149, non-scripts=5356
		Asset File Changes: new=0, changed=0, moved=0, deleted=0
		Scan Filter Count: 0
	InvokePackagesCallback: 1.577ms
	ApplyChangesToAssetFolders: 0.343ms
	Collect global state as custom dependencies: 2.821ms
	ProcessAssetsWithTransientArtifactChanges: 10.619ms
	CategorizeAssets: 92.197ms
	CompileScripts: 1.248ms
	ImportOutOfDateAssets: 3632.432ms (3554.381ms without children)
		CollectScriptTypesHashes: 2.041ms
		ReloadNativeAssets: 1.193ms
		UnloadImportedAssets: 0.210ms
		EnsureUptoDateAssetsAreRegisteredWithGuidPM: 1.734ms
		ImportSchedulerStart: 74.862ms
	PostProcessAllAssets: 52.753ms
		MonoPostProcessAllAssets: 52.747ms
			UniversalRenderPipelineGlobalSettingsPostprocessor.OnPostprocessAllAssets 17.317ms
			GraphRefreshPostprocessor.OnPostprocessAllAssets 5.576ms
			SpeedTree9Postprocessor.OnPostprocessAllAssets 2.958ms
			SyncVS.PostprocessSyncProject 2.878ms
			WindowAssetPostprocessingWatcher.OnPostprocessAllAssets 2.681ms
			AssetChangeDetector.OnPostprocessAllAssets 1.665ms
			EditModeScopePostprocessor.OnPostprocessAllAssets 1.553ms
			RenderPipelineGlobalSettingsPostprocessor.OnPostprocessAllAssets 0.989ms
			ShaderReflectionAssetPostProcessor.OnPostprocessAllAssets 0.552ms
			InputActionAssetPostprocessor.OnPostprocessAllAssets 0.490ms
			UVCSAssetPostprocessor.OnPostprocessAllAssets 0.417ms
			ReferencedClipsPostProcessor.OnPostprocessAllAssets 0.403ms
			ProjectSettingsPostprocessor.OnPostprocessAllAssets 0.308ms
			AssetDatabaseCallbacks.OnPostprocessAllAssets 0.241ms
			TerrainToolbarOverlayPostProcessor.OnPostprocessAllAssets 0.229ms
			ModelAssetProcessor.OnPostprocessAllAssets 0.145ms
			SpriteEditorTexturePostprocessor.OnPostprocessAllAssets 0.113ms
			ShaderGraphAssetPostProcessor.OnPostprocessAllAssets 0.088ms
	GatherAllCurrentPrimaryImportResultRevisions: 0.287ms
	PersistCurrentRevisions: 0.307ms
	GenerateScriptTypeHashes: 3.009ms
	GenerateScriptTypeSerializationHashes: 4.793ms
	Untracked: 1945.637ms

[Licensing::Client] Error: Code 404 while processing request (status: Found 0 entitlement groups and 0 free entitlements matching requested entitlement ids)
[Licensing::Client] Successfully resolved entitlement details
[Licensing::Client] Successfully resolved entitlement details
[Licensing::Client] Successfully resolved entitlement details
[Licensing::Client] Successfully resolved entitlement details
[Licensing::Client] Successfully resolved entitlement details
[Licensing::Client] Error: Code 404 while processing request (status: Found 0 entitlement groups and 0 free entitlements matching requested entitlement ids)
[Licensing::Client] Error: Code 404 while processing request (status: Found 0 entitlement groups and 0 free entitlements matching requested entitlement ids)
[Licensing::Client] Error: Code 404 while processing request (status: Found 0 entitlement groups and 0 free entitlements matching requested entitlement ids)
[Licensing::Client] Error: Code 404 while processing request (status: Found 0 entitlement groups and 0 free entitlements matching requested entitlement ids)
UPID Received '0956883a-88ea-49b2-bde1-fe810ba60755'.
[Licensing::Client] Error: Code 404 while processing request (status: Found 0 entitlement groups and 0 free entitlements matching requested entitlement ids)
[Licensing::Client] Error: Code 404 while processing request (status: Found 0 entitlement groups and 0 free entitlements matching requested entitlement ids)
[Licensing::Client] Error: Code 404 while processing request (status: Found 0 entitlement groups and 0 free entitlements matching requested entitlement ids)
[Licensing::Client] Successfully resolved entitlement details
[Licensing::Client] Error: Code 404 while processing request (status: Found 0 entitlement groups and 0 free entitlements matching requested entitlement ids)
Asset Pipeline Refresh (id=49a15a680b0f5024cab10fcc13883cc9): Total: 0.011 seconds - Initiated by RefreshV2(NoUpdateAssetOptions)
[ScriptCompilation] Requested script compilation because: AssetDatabase observed changes in script compilation related files
Refreshing native plugins compatible for Editor in 2.90 ms, found 5 plugins.

Asset Pipeline Refresh (id=e97eb0fde67d48b4e8a5f0777ea9e368): Total: 0.402 seconds - Initiated by RefreshV2(NoUpdateAssetOptions)
	(Values over 0.05ms)
	Summary:
		Imports: total=0 (actual=0, local cache=0, cache server=0)
		Asset DB Process Time: managed=0 ms, native=121 ms
		Asset DB Callback time: managed=274 ms, native=4 ms
		Scripting: domain reloads=0, domain reload time=0 ms, compile time=1 ms, other=0 ms
		Project Asset Count: scripts=2149, non-scripts=5356
		Asset File Changes: new=0, changed=1, moved=0, deleted=0
		Scan Filter Count: 0
	ApplyChangesToAssetFolders: 0.108ms
	Scan: 8.171ms
	Collect global state as custom dependencies: 0.286ms
	OnSourceAssetsModified: 0.576ms
	ProcessAssetsWithTransientArtifactChanges: 0.123ms
	CategorizeAssets: 22.081ms
	CompileScripts: 0.507ms
	ImportOutOfDateAssets: 81.686ms (9.665ms without children)
		UnloadImportedAssets: 0.205ms
		EnsureUptoDateAssetsAreRegisteredWithGuidPM: 0.771ms
		ImportSchedulerStart: 71.000ms
	PostProcessAllAssets: 275.026ms
		XRBuildSystem.XRAssetImported 0.603ms
		MonoPostProcessAllAssets: 273.958ms
			AssetReferenceReimportMonitor.OnPostprocessAllAssets 36.685ms
			BuilderAssetPostprocessor.OnPostprocessAllAssets 5.973ms
			AssetChangedListener.OnPostprocessAllAssets 4.891ms
			UVCSAssetPostprocessor.OnPostprocessAllAssets 3.500ms
			AssetPostprocessor.OnPostprocessAllAssets 3.282ms
			SpriteSlicePostprocessor.OnPostprocessAllAssets 2.125ms
			ShaderGraphAssetPostProcessor.OnPostprocessAllAssets 1.850ms
			RetainedModeAssetPostprocessor.OnPostprocessAllAssets 0.924ms
			SpriteEditorTexturePostprocessor.OnPostprocessAllAssets 0.616ms
			ModelAssetProcessor.OnPostprocessAllAssets 0.574ms
			SkillsProjectAssetPostprocessor.OnPostprocessAllAssets 0.548ms
			PostProcessor.OnPostprocessAllAssets 0.540ms
			ArtifactBrowserPostProcessor.OnPostprocessAllAssets 0.538ms
			TMPro_TexturePostProcessor.OnPostprocessAllAssets 0.515ms
			MaterialPostprocessor.OnPostprocessAllAssets 0.455ms
			InputActionJsonNameModifierAssetProcessor.OnPostprocessAllAssets 0.356ms
			AudioMixerPostprocessor.OnPostprocessAllAssets 0.326ms
			TextAssetPostProcessor.OnPostprocessAllAssets 0.314ms
			ConfigAssetsTracker.OnPostprocessAllAssets 0.294ms
			SampleDependencyImporterPostProcessor.OnPostprocessAllAssets 0.290ms
			InputActionAssetPostprocessor.OnPostprocessAllAssets 0.235ms
			StyleCatalogPostProcessor.OnPostprocessAllAssets 0.226ms
			SyncVS.PostprocessSyncProject 0.198ms
			ScenarioDriftAssetsTracker.OnPostprocessAllAssets 0.198ms
			AssetEvents.OnPostprocessAllAssets 0.197ms
			SamplePostprocessor.OnPostprocessAllAssets 0.191ms
			AssetReloadNotifier.OnPostprocessAllAssets 0.182ms
			SpeedTreePostProcessor.OnPostprocessAllAssets 0.168ms
			GraphRefreshPostprocessor.OnPostprocessAllAssets 0.132ms
			RenderPipelineGlobalSettingsPostprocessor.OnPostprocessAllAssets 0.080ms
			TrackSelectedAssetsProcessor.OnPostprocessAllAssets 0.074ms
			AudioContainerPostProcessor.OnPostprocessAllAssets 0.070ms
	PostAssetChangesProfiler: 3.638ms
	GatherAllCurrentPrimaryImportResultRevisions: 0.248ms
	PersistCurrentRevisions: 0.407ms
	Untracked: 8.733ms

info: Microsoft.AspNetCore.Hosting.Diagnostics[1]
      Request starting HTTP/2 POST http://ilpp/UnityILPP.PostProcessing/Ping - application/grpc -
info: Microsoft.AspNetCore.Routing.EndpointMiddleware[0]
      Executing endpoint 'gRPC - /UnityILPP.PostProcessing/Ping'
info: Microsoft.AspNetCore.Routing.EndpointMiddleware[1]
      Executed endpoint 'gRPC - /UnityILPP.PostProcessing/Ping'
info: Microsoft.AspNetCore.Hosting.Diagnostics[2]
      Request finished HTTP/2 POST http://ilpp/UnityILPP.PostProcessing/Ping - 200 - application/grpc 0.1948ms
Starting: C:\Program Files\Unity\Hub\Editor\6000.5.8f1\Editor\Data\Tools\BuildPipeline\bee_backend.exe --ipc --defer-dag-verification --dagfile="Library/Bee/1900b0aE.dag" --continue-on-failure --profile="Library/Bee/backend1.traceevents" ScriptAssemblies
WorkingDir: C:/Users/Len/Lenomation_V3
info: Microsoft.AspNetCore.Hosting.Diagnostics[1]
      Request starting HTTP/2 POST http://ilpp/UnityILPP.PostProcessing/ConfigurePostProcessors - application/grpc -
info: Microsoft.AspNetCore.Routing.EndpointMiddleware[0]
      Executing endpoint 'gRPC - /UnityILPP.PostProcessing/ConfigurePostProcessors'
info: Unity.ILPP.Runner.PostProcessingAssemblyLoadContext[0]
      Current configuration matches the requested one, skipping
info: Microsoft.AspNetCore.Routing.EndpointMiddleware[1]
      Executed endpoint 'gRPC - /UnityILPP.PostProcessing/ConfigurePostProcessors'
info: Microsoft.AspNetCore.Hosting.Diagnostics[2]
      Request finished HTTP/2 POST http://ilpp/UnityILPP.PostProcessing/ConfigurePostProcessors - 200 - application/grpc 1.1763ms
ExitCode: 3 Duration: 0s367ms
[1191/1563  0s] ILPP-Configuration Library/ilpp-configuration.nevergeneratedoutput
[1555/1563  0s] Csc Library/Bee/artifacts/1900b0aE.dag/Assembly-CSharp.dll (+2 others)
##### CommandLine
"C:\Program Files\Unity\Hub\Editor\6000.5.8f1\Editor\Data\DotNetSdk\dotnet.exe" exec "C:/Program Files/Unity/Hub/Editor/6000.5.8f1/Editor/Data/DotNetSdk/sdk/8.0.318/Roslyn/bincore/csc.dll" /nostdlib /noconfig /shared "@Library/Bee/artifacts/1900b0aE.dag/Assembly-CSharp.rsp" "@Library/Bee/artifacts/1900b0aE.dag/Assembly-CSharp.rsp2"
##### Contents of Library\Bee\artifacts\1900b0aE.dag\Assembly-CSharp.rsp
-target:library
-out:"Library/Bee/artifacts/1900b0aE.dag/Assembly-CSharp.dll"
-refout:"Library/Bee/artifacts/1900b0aE.dag/Assembly-CSharp.ref.dll"
-define:UNITY_6000_5_8
-define:UNITY_6000_5
-define:UNITY_6000
-define:UNITY_5_3_OR_NEWER
-define:UNITY_5_4_OR_NEWER
-define:UNITY_5_5_OR_NEWER
-define:UNITY_5_6_OR_NEWER
-define:UNITY_2017_1_OR_NEWER
-define:UNITY_2017_2_OR_NEWER
-define:UNITY_2017_3_OR_NEWER
-define:UNITY_2017_4_OR_NEWER
-define:UNITY_2018_1_OR_NEWER
-define:UNITY_2018_2_OR_NEWER
-define:UNITY_2018_3_OR_NEWER
-define:UNITY_2018_4_OR_NEWER
-define:UNITY_2019_1_OR_NEWER
-define:UNITY_2019_2_OR_NEWER
-define:UNITY_2019_3_OR_NEWER
-define:UNITY_2019_4_OR_NEWER
-define:UNITY_2020_1_OR_NEWER
-define:UNITY_2020_2_OR_NEWER
-define:UNITY_2020_3_OR_NEWER
-define:UNITY_2021_1_OR_NEWER
-define:UNITY_2021_2_OR_NEWER
-define:UNITY_2021_3_OR_NEWER
-define:UNITY_2022_1_OR_NEWER
-define:UNITY_2022_2_OR_NEWER
-define:UNITY_2022_3_OR_NEWER
-define:UNITY_2023_1_OR_NEWER
-define:UNITY_2023_2_OR_NEWER
-define:UNITY_2023_3_OR_NEWER
-define:UNITY_6000_0_OR_NEWER
-define:UNITY_6000_1_OR_NEWER
-define:UNITY_6000_2_OR_NEWER
-define:UNITY_6000_3_OR_NEWER
-define:UNITY_6000_4_OR_NEWER
-define:UNITY_6000_5_OR_NEWER
-define:PLATFORM_ARCH_64
-define:UNITY_64
-define:UNITY_INCLUDE_TESTS
-define:UNITY_ENABLE_CLOUD_SERVICES_ENGINE_DIAGNOSTICS_MANAGED
-define:ENABLE_AR
-define:ENABLE_AUDIO
-define:ENABLE_AUDIO_SCRIPTABLE_PIPELINE
-define:ENABLE_CACHING
-define:ENABLE_CLOTH
-define:ENABLE_EVENT_QUEUE
-define:ENABLE_MICROPHONE
-define:ENABLE_MULTIPLE_DISPLAYS
-define:ENABLE_PHYSICS
-define:ENABLE_TEXTURE_STREAMING
-define:ENABLE_VIRTUALTEXTURING
-define:ENABLE_LZMA
-define:ENABLE_UNITYEVENTS
-define:ENABLE_VR
-define:ENABLE_WEBCAM
-define:ENABLE_UNITYWEBREQUEST
-define:ENABLE_WWW
-define:ENABLE_CLOUD_SERVICES
-define:ENABLE_CLOUD_SERVICES_ADS
-define:ENABLE_CLOUD_SERVICES_USE_WEBREQUEST
-define:ENABLE_UNITY_CONSENT
-define:ENABLE_UNITY_CLOUD_IDENTIFIERS
-define:ENABLE_CLOUD_SERVICES_CRASH_REPORTING
-define:ENABLE_CLOUD_SERVICES_NATIVE_CRASH_REPORTING
-define:ENABLE_CLOUD_SERVICES_PURCHASING
-define:ENABLE_CLOUD_SERVICES_ANALYTICS
-define:ENABLE_CLOUD_SERVICES_BUILD
-define:ENABLE_EDITOR_GAME_SERVICES
-define:ENABLE_UNITY_GAME_SERVICES_ANALYTICS_SUPPORT
-define:ENABLE_CLOUD_LICENSE
-define:ENABLE_EDITOR_HUB_LICENSE
-define:ENABLE_WEBSOCKET_CLIENT
-define:ENABLE_GENERATE_NATIVE_PLUGINS_FOR_ASSEMBLIES_API
-define:ENABLE_DIRECTOR_AUDIO
-define:ENABLE_DIRECTOR_TEXTURE
-define:ENABLE_MANAGED_JOBS
-define:ENABLE_MANAGED_TRANSFORM_JOBS
-define:ENABLE_MANAGED_ANIMATION_JOBS
-define:ENABLE_MANAGED_AUDIO_JOBS
-define:ENABLE_MANAGED_UNITYTLS
-define:INCLUDE_DYNAMIC_GI
-define:ENABLE_SCRIPTING_GC_WBARRIERS
-define:PLATFORM_SUPPORTS_MONO
-define:RENDER_SOFTWARE_CURSOR
-define:ENABLE_MARSHALLING_TESTS
-define:ENABLE_VIDEO
-define:ENABLE_NAVIGATION_OFFMESHLINK_TO_NAVMESHLINK
-define:ENABLE_ACCELERATOR_CLIENT_DEBUGGING
-define:ENABLE_ACCESSIBILITY_SCREEN_READER
-define:TEXTCORE_1_0_OR_NEWER
-define:EDITOR_ONLY_NAVMESH_BUILDER_DEPRECATED
-define:PLATFORM_STANDALONE_WIN
-define:PLATFORM_STANDALONE
-define:UNITY_STANDALONE_WIN
-define:UNITY_STANDALONE
-define:ENABLE_RUNTIME_GI
-define:ENABLE_MOVIES
-define:ENABLE_NETWORK
-define:ENABLE_NVIDIA
-define:ENABLE_AMD
-define:ENABLE_CRUNCH_TEXTURE_COMPRESSION
-define:ENABLE_CLOUD_SERVICES_ENGINE_DIAGNOSTICS
-define:ENABLE_OUT_OF_PROCESS_CRASH_HANDLER
-define:ENABLE_CLUSTER_SYNC
-define:ENABLE_CLUSTERINPUT
-define:PLATFORM_UPDATES_TIME_OUTSIDE_OF_PLAYER_LOOP
-define:GFXDEVICE_WAITFOREVENT_MESSAGEPUMP
-define:PLATFORM_USES_EXPLICIT_MEMORY_MANAGER_INITIALIZER
-define:PLATFORM_SUPPORTS_WAIT_FOR_PRESENTATION
-define:PLATFORM_SUPPORTS_SPLIT_GRAPHICS_JOBS
-define:PLATFORM_USES_VULKAN_OLD_SWAPCHAIN
-define:USE_READ_ASYNC_MANAGED_API
-define:ENABLE_MONO
-define:NET_STANDARD_2_0
-define:NET_STANDARD
-define:NET_STANDARD_2_1
-define:NETSTANDARD
-define:NETSTANDARD2_1
-define:ENABLE_PROFILER
-define:DEBUG
-define:TRACE
-define:UNITY_ASSERTIONS
-define:UNITY_EDITOR
-define:UNITY_EDITOR_64
-define:UNITY_EDITOR_WIN
-define:ENABLE_UNITY_COLLECTIONS_CHECKS
-define:ENABLE_BURST_AOT
-define:UNITY_TEAM_LICENSE
-define:ENABLE_CUSTOM_RENDER_TEXTURE
-define:ENABLE_DIRECTOR
-define:ENABLE_LOCALIZATION
-define:ENABLE_SPRITES
-define:ENABLE_TERRAIN
-define:ENABLE_TILEMAP
-define:ENABLE_TIMELINE
-define:ENABLE_INPUT_SYSTEM
-define:TEXTCORE_FONT_ENGINE_1_5_OR_NEWER
-define:TEXTCORE_TEXT_ENGINE_1_5_OR_NEWER
-define:TEXTCORE_FONT_ENGINE_1_6_OR_NEWER
-define:SENTIS_ANALYTICS_ENABLED
-define:APP_UI_EDITOR_ONLY
-define:CSHARP_7_OR_LATER
-define:CSHARP_7_3_OR_NEWER
-r:"C:/Program Files/Unity/Hub/Editor/6000.5.8f1/Editor/Data/BCLExtensions/TargetingPacks/netstandard2.1/ref/Microsoft.Bcl.AsyncInterfaces.dll"
-r:"C:/Program Files/Unity/Hub/Editor/6000.5.8f1/Editor/Data/BCLExtensions/TargetingPacks/netstandard2.1/ref/Microsoft.Extensions.DependencyInjection.Abstractions.dll"
-r:"C:/Program Files/Unity/Hub/Editor/6000.5.8f1/Editor/Data/BCLExtensions/TargetingPacks/netstandard2.1/ref/Microsoft.Extensions.Logging.Abstractions.dll"
-r:"C:/Program Files/Unity/Hub/Editor/6000.5.8f1/Editor/Data/BCLExtensions/TargetingPacks/netstandard2.1/ref/System.Collections.Immutable.dll"
-r:"C:/Program Files/Unity/Hub/Editor/6000.5.8f1/Editor/Data/BCLExtensions/TargetingPacks/netstandard2.1/ref/System.Diagnostics.DiagnosticSource.dll"
-r:"C:/Program Files/Unity/Hub/Editor/6000.5.8f1/Editor/Data/BCLExtensions/TargetingPacks/netstandard2.1/ref/System.IO.Hashing.dll"
-r:"C:/Program Files/Unity/Hub/Editor/6000.5.8f1/Editor/Data/BCLExtensions/TargetingPacks/netstandard2.1/ref/System.Reflection.Metadata.dll"
-r:"C:/Program Files/Unity/Hub/Editor/6000.5.8f1/Editor/Data/BCLExtensions/TargetingPacks/netstandard2.1/ref/System.Runtime.CompilerServices.Unsafe.dll"
-r:"C:/Program Files/Unity/Hub/Editor/6000.5.8f1/Editor/Data/BCLExtensions/TargetingPacks/netstandard2.1/ref/System.Text.Encodings.Web.dll"
-r:"C:/Program Files/Unity/Hub/Editor/6000.5.8f1/Editor/Data/BCLExtensions/TargetingPacks/netstandard2.1/ref/System.Text.Json.dll"
-r:"C:/Program Files/Unity/Hub/Editor/6000.5.8f1/Editor/Data/Managed/UnityEngine/Unity.Scripting.dll"
-r:"C:/Program Files/Unity/Hub/Editor/6000.5.8f1/Editor/Data/Managed/UnityEngine/UnityEditor.AIModule.dll"
-r:"C:/Program Files/Unity/Hub/Editor/6000.5.8f1/Editor/Data/Managed/UnityEngine/UnityEditor.AccessibilityModule.dll"
-r:"C:/Program Files/Unity/Hub/Editor/6000.5.8f1/Editor/Data/Managed/UnityEngine/UnityEditor.AdaptivePerformanceModule.dll"
-r:"C:/Program Files/Unity/Hub/Editor/6000.5.8f1/Editor/Data/Managed/UnityEngine/UnityEditor.AssetComplianceModule.dll"
-r:"C:/Program Files/Unity/Hub/Editor/6000.5.8f1/Editor/Data/Managed/UnityEngine/UnityEditor.BuildProfileModule.dll"
-r:"C:/Program Files/Unity/Hub/Editor/6000.5.8f1/Editor/Data/Managed/UnityEngine/UnityEditor.ClothModule.dll"
-r:"C:/Program Files/Unity/Hub/Editor/6000.5.8f1/Editor/Data/Managed/UnityEngine/UnityEditor.ContentLoadModule.dll"
-r:"C:/Program Files/Unity/Hub/Editor/6000.5.8f1/Editor/Data/Managed/UnityEngine/UnityEditor.CoreBusinessMetricsModule.dll"
-r:"C:/Program Files/Unity/Hub/Editor/6000.5.8f1/Editor/Data/Managed/UnityEngine/UnityEditor.CoreModule.dll"
-r:"C:/Program Files/Unity/Hub/Editor/6000.5.8f1/Editor/Data/Managed/UnityEngine/UnityEditor.DeviceSimulatorModule.dll"
-r:"C:/Program Files/Unity/Hub/Editor/6000.5.8f1/Editor/Data/Managed/UnityEngine/UnityEditor.DiagnosticsModule.dll"
-r:"C:/Program Files/Unity/Hub/Editor/6000.5.8f1/Editor/Data/Managed/UnityEngine/UnityEditor.EditorToolbarModule.dll"
-r:"C:/Program Files/Unity/Hub/Editor/6000.5.8f1/Editor/Data/Managed/UnityEngine/UnityEditor.EmbreeModule.dll"
-r:"C:/Program Files/Unity/Hub/Editor/6000.5.8f1/Editor/Data/Managed/UnityEngine/UnityEditor.GIModule.dll"
-r:"C:/Program Files/Unity/Hub/Editor/6000.5.8f1/Editor/Data/Managed/UnityEngine/UnityEditor.GenericRemoteModule.dll"
-r:"C:/Program Files/Unity/Hub/Editor/6000.5.8f1/Editor/Data/Managed/UnityEngine/UnityEditor.GraphToolkitModule.dll"
-r:"C:/Program Files/Unity/Hub/Editor/6000.5.8f1/Editor/Data/Managed/UnityEngine/UnityEditor.GraphViewModule.dll"
-r:"C:/Program Files/Unity/Hub/Editor/6000.5.8f1/Editor/Data/Managed/UnityEngine/UnityEditor.GraphicsStateCollectionSerializerModule.dll"
-r:"C:/Program Files/Unity/Hub/Editor/6000.5.8f1/Editor/Data/Managed/UnityEngine/UnityEditor.GridAndSnapModule.dll"
-r:"C:/Program Files/Unity/Hub/Editor/6000.5.8f1/Editor/Data/Managed/UnityEngine/UnityEditor.GridModule.dll"
-r:"C:/Program Files/Unity/Hub/Editor/6000.5.8f1/Editor/Data/Managed/UnityEngine/UnityEditor.HierarchyModule.dll"
-r:"C:/Program Files/Unity/Hub/Editor/6000.5.8f1/Editor/Data/Managed/UnityEngine/UnityEditor.LightingModule.dll"
-r:"C:/Program Files/Unity/Hub/Editor/6000.5.8f1/Editor/Data/Managed/UnityEngine/UnityEditor.MathematicsModule.dll"
-r:"C:/Program Files/Unity/Hub/Editor/6000.5.8f1/Editor/Data/Managed/UnityEngine/UnityEditor.MediaModule.dll"
-r:"C:/Program Files/Unity/Hub/Editor/6000.5.8f1/Editor/Data/Managed/UnityEngine/UnityEditor.MultiplayerModule.dll"
-r:"C:/Program Files/Unity/Hub/Editor/6000.5.8f1/Editor/Data/Managed/UnityEngine/UnityEditor.Physics2DModule.dll"
-r:"C:/Program Files/Unity/Hub/Editor/6000.5.8f1/Editor/Data/Managed/UnityEngine/UnityEditor.PhysicsCore2DModule.dll"
-r:"C:/Program Files/Unity/Hub/Editor/6000.5.8f1/Editor/Data/Managed/UnityEngine/UnityEditor.PhysicsModule.dll"
-r:"C:/Program Files/Unity/Hub/Editor/6000.5.8f1/Editor/Data/Managed/UnityEngine/UnityEditor.PlayModeModule.dll"
-r:"C:/Program Files/Unity/Hub/Editor/6000.5.8f1/Editor/Data/Managed/UnityEngine/UnityEditor.PresetsUIModule.dll"
-r:"C:/Program Files/Unity/Hub/Editor/6000.5.8f1/Editor/Data/Managed/UnityEngine/UnityEditor.ProjectAuditorModule.dll"
-r:"C:/Program Files/Unity/Hub/Editor/6000.5.8f1/Editor/Data/Managed/UnityEngine/UnityEditor.PropertiesModule.dll"
-r:"C:/Program Files/Unity/Hub/Editor/6000.5.8f1/Editor/Data/Managed/UnityEngine/UnityEditor.QuickInstallModule.dll"
-r:"C:/Program Files/Unity/Hub/Editor/6000.5.8f1/Editor/Data/Managed/UnityEngine/UnityEditor.QuickSearchModule.dll"
-r:"C:/Program Files/Unity/Hub/Editor/6000.5.8f1/Editor/Data/Managed/UnityEngine/UnityEditor.SafeModeModule.dll"
-r:"C:/Program Files/Unity/Hub/Editor/6000.5.8f1/Editor/Data/Managed/UnityEngine/UnityEditor.SceneTemplateModule.dll"
-r:"C:/Program Files/Unity/Hub/Editor/6000.5.8f1/Editor/Data/Managed/UnityEngine/UnityEditor.SceneViewModule.dll"
-r:"C:/Program Files/Unity/Hub/Editor/6000.5.8f1/Editor/Data/Managed/UnityEngine/UnityEditor.ShaderBuildSettingsModule.dll"
-r:"C:/Program Files/Unity/Hub/Editor/6000.5.8f1/Editor/Data/Managed/UnityEngine/UnityEditor.ShaderCompilationModule.dll"
-r:"C:/Program Files/Unity/Hub/Editor/6000.5.8f1/Editor/Data/Managed/UnityEngine/UnityEditor.ShaderFoundryModule.dll"
-r:"C:/Program Files/Unity/Hub/Editor/6000.5.8f1/Editor/Data/Managed/UnityEngine/UnityEditor.SketchUpModule.dll"
-r:"C:/Program Files/Unity/Hub/Editor/6000.5.8f1/Editor/Data/Managed/UnityEngine/UnityEditor.SpriteMaskModule.dll"
-r:"C:/Program Files/Unity/Hub/Editor/6000.5.8f1/Editor/Data/Managed/UnityEngine/UnityEditor.SpriteShapeModule.dll"
-r:"C:/Program Files/Unity/Hub/Editor/6000.5.8f1/Editor/Data/Managed/UnityEngine/UnityEditor.SubstanceModule.dll"
-r:"C:/Program Files/Unity/Hub/Editor/6000.5.8f1/Editor/Data/Managed/UnityEngine/UnityEditor.TerrainModule.dll"
-r:"C:/Program Files/Unity/Hub/Editor/6000.5.8f1/Editor/Data/Managed/UnityEngine/UnityEditor.TextCoreFontEngineModule.dll"
-r:"C:/Program Files/Unity/Hub/Editor/6000.5.8f1/Editor/Data/Managed/UnityEngine/UnityEditor.TextCoreTextEngineModule.dll"
-r:"C:/Program Files/Unity/Hub/Editor/6000.5.8f1/Editor/Data/Managed/UnityEngine/UnityEditor.TextRenderingModule.dll"
-r:"C:/Program Files/Unity/Hub/Editor/6000.5.8f1/Editor/Data/Managed/UnityEngine/UnityEditor.TilemapModule.dll"
-r:"C:/Program Files/Unity/Hub/Editor/6000.5.8f1/Editor/Data/Managed/UnityEngine/UnityEditor.TreeModule.dll"
-r:"C:/Program Files/Unity/Hub/Editor/6000.5.8f1/Editor/Data/Managed/UnityEngine/UnityEditor.U2DModule.dll"
-r:"C:/Program Files/Unity/Hub/Editor/6000.5.8f1/Editor/Data/Managed/UnityEngine/UnityEditor.UIAutomationModule.dll"
-r:"C:/Program Files/Unity/Hub/Editor/6000.5.8f1/Editor/Data/Managed/UnityEngine/UnityEditor.UIBuilderModule.dll"
-r:"C:/Program Files/Unity/Hub/Editor/6000.5.8f1/Editor/Data/Managed/UnityEngine/UnityEditor.UIElementsModule.dll"
-r:"C:/Program Files/Unity/Hub/Editor/6000.5.8f1/Editor/Data/Managed/UnityEngine/UnityEditor.UIElementsSamplesModule.dll"
-r:"C:/Program Files/Unity/Hub/Editor/6000.5.8f1/Editor/Data/Managed/UnityEngine/UnityEditor.UIToolkitAuthoringModule.dll"
-r:"C:/Program Files/Unity/Hub/Editor/6000.5.8f1/Editor/Data/Managed/UnityEngine/UnityEditor.UmbraModule.dll"
-r:"C:/Program Files/Unity/Hub/Editor/6000.5.8f1/Editor/Data/Managed/UnityEngine/UnityEditor.UnityConnectModule.dll"
-r:"C:/Program Files/Unity/Hub/Editor/6000.5.8f1/Editor/Data/Managed/UnityEngine/UnityEditor.VFXModule.dll"
-r:"C:/Program Files/Unity/Hub/Editor/6000.5.8f1/Editor/Data/Managed/UnityEngine/UnityEditor.VectorGraphicsModule.dll"
-r:"C:/Program Files/Unity/Hub/Editor/6000.5.8f1/Editor/Data/Managed/UnityEngine/UnityEditor.VideoModule.dll"
-r:"C:/Program Files/Unity/Hub/Editor/6000.5.8f1/Editor/Data/Managed/UnityEngine/UnityEditor.XRModule.dll"
-r:"C:/Program Files/Unity/Hub/Editor/6000.5.8f1/Editor/Data/Managed/UnityEngine/UnityEditor.dll"
-r:"C:/Program Files/Unity/Hub/Editor/6000.5.8f1/Editor/Data/Managed/UnityEngine/UnityEngine.AIModule.dll"
-r:"C:/Program Files/Unity/Hub/Editor/6000.5.8f1/Editor/Data/Managed/UnityEngine/UnityEngine.ARModule.dll"
-r:"C:/Program Files/Unity/Hub/Editor/6000.5.8f1/Editor/Data/Managed/UnityEngine/UnityEngine.AccessibilityModule.dll"
-r:"C:/Program Files/Unity/Hub/Editor/6000.5.8f1/Editor/Data/Managed/UnityEngine/UnityEngine.AdaptivePerformanceModule.dll"
-r:"C:/Program Files/Unity/Hub/Editor/6000.5.8f1/Editor/Data/Managed/UnityEngine/UnityEngine.AndroidJNIModule.dll"
-r:"C:/Program Files/Unity/Hub/Editor/6000.5.8f1/Editor/Data/Managed/UnityEngine/UnityEngine.AnimationModule.dll"
-r:"C:/Program Files/Unity/Hub/Editor/6000.5.8f1/Editor/Data/Managed/UnityEngine/UnityEngine.AssetBundleModule.dll"
-r:"C:/Program Files/Unity/Hub/Editor/6000.5.8f1/Editor/Data/Managed/UnityEngine/UnityEngine.AudioModule.dll"
-r:"C:/Program Files/Unity/Hub/Editor/6000.5.8f1/Editor/Data/Managed/UnityEngine/UnityEngine.ClothModule.dll"
-r:"C:/Program Files/Unity/Hub/Editor/6000.5.8f1/Editor/Data/Managed/UnityEngine/UnityEngine.ClusterInputModule.dll"
-r:"C:/Program Files/Unity/Hub/Editor/6000.5.8f1/Editor/Data/Managed/UnityEngine/UnityEngine.ClusterRendererModule.dll"
-r:"C:/Program Files/Unity/Hub/Editor/6000.5.8f1/Editor/Data/Managed/UnityEngine/UnityEngine.ContentLoadModule.dll"
-r:"C:/Program Files/Unity/Hub/Editor/6000.5.8f1/Editor/Data/Managed/UnityEngine/UnityEngine.CoreModule.dll"
-r:"C:/Program Files/Unity/Hub/Editor/6000.5.8f1/Editor/Data/Managed/UnityEngine/UnityEngine.CrashReportingModule.dll"
-r:"C:/Program Files/Unity/Hub/Editor/6000.5.8f1/Editor/Data/Managed/UnityEngine/UnityEngine.DSPGraphModule.dll"
-r:"C:/Program Files/Unity/Hub/Editor/6000.5.8f1/Editor/Data/Managed/UnityEngine/UnityEngine.DirectorModule.dll"
-r:"C:/Program Files/Unity/Hub/Editor/6000.5.8f1/Editor/Data/Managed/UnityEngine/UnityEngine.GIModule.dll"
-r:"C:/Program Files/Unity/Hub/Editor/6000.5.8f1/Editor/Data/Managed/UnityEngine/UnityEngine.GameCenterModule.dll"
-r:"C:/Program Files/Unity/Hub/Editor/6000.5.8f1/Editor/Data/Managed/UnityEngine/UnityEngine.GraphicsStateCollectionSerializerModule.dll"
-r:"C:/Program Files/Unity/Hub/Editor/6000.5.8f1/Editor/Data/Managed/UnityEngine/UnityEngine.GridModule.dll"
-r:"C:/Program Files/Unity/Hub/Editor/6000.5.8f1/Editor/Data/Managed/UnityEngine/UnityEngine.HierarchyCoreModule.dll"
-r:"C:/Program Files/Unity/Hub/Editor/6000.5.8f1/Editor/Data/Managed/UnityEngine/UnityEngine.HotReloadModule.dll"
-r:"C:/Program Files/Unity/Hub/Editor/6000.5.8f1/Editor/Data/Managed/UnityEngine/UnityEngine.IMGUIModule.dll"
-r:"C:/Program Files/Unity/Hub/Editor/6000.5.8f1/Editor/Data/Managed/UnityEngine/UnityEngine.IdentifiersModule.dll"
-r:"C:/Program Files/Unity/Hub/Editor/6000.5.8f1/Editor/Data/Managed/UnityEngine/UnityEngine.ImageConversionModule.dll"
-r:"C:/Program Files/Unity/Hub/Editor/6000.5.8f1/Editor/Data/Managed/UnityEngine/UnityEngine.InputForUIModule.dll"
-r:"C:/Program Files/Unity/Hub/Editor/6000.5.8f1/Editor/Data/Managed/UnityEngine/UnityEngine.InputLegacyModule.dll"
-r:"C:/Program Files/Unity/Hub/Editor/6000.5.8f1/Editor/Data/Managed/UnityEngine/UnityEngine.InputModule.dll"
-r:"C:/Program Files/Unity/Hub/Editor/6000.5.8f1/Editor/Data/Managed/UnityEngine/UnityEngine.InsightsModule.dll"
-r:"C:/Program Files/Unity/Hub/Editor/6000.5.8f1/Editor/Data/Managed/UnityEngine/UnityEngine.JSONSerializeModule.dll"
-r:"C:/Program Files/Unity/Hub/Editor/6000.5.8f1/Editor/Data/Managed/UnityEngine/UnityEngine.LocalizationModule.dll"
-r:"C:/Program Files/Unity/Hub/Editor/6000.5.8f1/Editor/Data/Managed/UnityEngine/UnityEngine.MarshallingModule.dll"
-r:"C:/Program Files/Unity/Hub/Editor/6000.5.8f1/Editor/Data/Managed/UnityEngine/UnityEngine.MathematicsModule.dll"
-r:"C:/Program Files/Unity/Hub/Editor/6000.5.8f1/Editor/Data/Managed/UnityEngine/UnityEngine.MultiplayerModule.dll"
-r:"C:/Program Files/Unity/Hub/Editor/6000.5.8f1/Editor/Data/Managed/UnityEngine/UnityEngine.ParticleSystemModule.dll"
-r:"C:/Program Files/Unity/Hub/Editor/6000.5.8f1/Editor/Data/Managed/UnityEngine/UnityEngine.PerformanceReportingModule.dll"
-r:"C:/Program Files/Unity/Hub/Editor/6000.5.8f1/Editor/Data/Managed/UnityEngine/UnityEngine.Physics2DModule.dll"
-r:"C:/Program Files/Unity/Hub/Editor/6000.5.8f1/Editor/Data/Managed/UnityEngine/UnityEngine.PhysicsBackendPhysXModule.dll"
-r:"C:/Program Files/Unity/Hub/Editor/6000.5.8f1/Editor/Data/Managed/UnityEngine/UnityEngine.PhysicsCore2DModule.dll"
-r:"C:/Program Files/Unity/Hub/Editor/6000.5.8f1/Editor/Data/Managed/UnityEngine/UnityEngine.PhysicsModule.dll"
-r:"C:/Program Files/Unity/Hub/Editor/6000.5.8f1/Editor/Data/Managed/UnityEngine/UnityEngine.PropertiesModule.dll"
-r:"C:/Program Files/Unity/Hub/Editor/6000.5.8f1/Editor/Data/Managed/UnityEngine/UnityEngine.RenderAs2DModule.dll"
-r:"C:/Program Files/Unity/Hub/Editor/6000.5.8f1/Editor/Data/Managed/UnityEngine/UnityEngine.RuntimeInitializeOnLoadManagerInitializerModule.dll"
-r:"C:/Program Files/Unity/Hub/Editor/6000.5.8f1/Editor/Data/Managed/UnityEngine/UnityEngine.ScreenCaptureModule.dll"
-r:"C:/Program Files/Unity/Hub/Editor/6000.5.8f1/Editor/Data/Managed/UnityEngine/UnityEngine.ScriptingModule.dll"
-r:"C:/Program Files/Unity/Hub/Editor/6000.5.8f1/Editor/Data/Managed/UnityEngine/UnityEngine.ShaderVariantAnalyticsModule.dll"
-r:"C:/Program Files/Unity/Hub/Editor/6000.5.8f1/Editor/Data/Managed/UnityEngine/UnityEngine.SharedInternalsModule.dll"
-r:"C:/Program Files/Unity/Hub/Editor/6000.5.8f1/Editor/Data/Managed/UnityEngine/UnityEngine.SpriteMaskModule.dll"
-r:"C:/Program Files/Unity/Hub/Editor/6000.5.8f1/Editor/Data/Managed/UnityEngine/UnityEngine.SpriteShapeModule.dll"
-r:"C:/Program Files/Unity/Hub/Editor/6000.5.8f1/Editor/Data/Managed/UnityEngine/UnityEngine.StreamingModule.dll"
-r:"C:/Program Files/Unity/Hub/Editor/6000.5.8f1/Editor/Data/Managed/UnityEngine/UnityEngine.SubstanceModule.dll"
-r:"C:/Program Files/Unity/Hub/Editor/6000.5.8f1/Editor/Data/Managed/UnityEngine/UnityEngine.SubsystemsModule.dll"
-r:"C:/Program Files/Unity/Hub/Editor/6000.5.8f1/Editor/Data/Managed/UnityEngine/UnityEngine.TLSModule.dll"
-r:"C:/Program Files/Unity/Hub/Editor/6000.5.8f1/Editor/Data/Managed/UnityEngine/UnityEngine.TerrainModule.dll"
-r:"C:/Program Files/Unity/Hub/Editor/6000.5.8f1/Editor/Data/Managed/UnityEngine/UnityEngine.TerrainPhysicsModule.dll"
-r:"C:/Program Files/Unity/Hub/Editor/6000.5.8f1/Editor/Data/Managed/UnityEngine/UnityEngine.TextCoreFontEngineModule.dll"
-r:"C:/Program Files/Unity/Hub/Editor/6000.5.8f1/Editor/Data/Managed/UnityEngine/UnityEngine.TextCoreTextEngineModule.dll"
-r:"C:/Program Files/Unity/Hub/Editor/6000.5.8f1/Editor/Data/Managed/UnityEngine/UnityEngine.TextRenderingModule.dll"
-r:"C:/Program Files/Unity/Hub/Editor/6000.5.8f1/Editor/Data/Managed/UnityEngine/UnityEngine.TilemapModule.dll"
-r:"C:/Program Files/Unity/Hub/Editor/6000.5.8f1/Editor/Data/Managed/UnityEngine/UnityEngine.U2DRuntimeModule.dll"
-r:"C:/Program Files/Unity/Hub/Editor/6000.5.8f1/Editor/Data/Managed/UnityEngine/UnityEngine.UIElementsModule.dll"
-r:"C:/Program Files/Unity/Hub/Editor/6000.5.8f1/Editor/Data/Managed/UnityEngine/UnityEngine.UIModule.dll"
-r:"C:/Program Files/Unity/Hub/Editor/6000.5.8f1/Editor/Data/Managed/UnityEngine/UnityEngine.UmbraModule.dll"
-r:"C:/Program Files/Unity/Hub/Editor/6000.5.8f1/Editor/Data/Managed/UnityEngine/UnityEngine.UnityAnalyticsCommonModule.dll"
-r:"C:/Program Files/Unity/Hub/Editor/6000.5.8f1/Editor/Data/Managed/UnityEngine/UnityEngine.UnityAnalyticsModule.dll"
-r:"C:/Program Files/Unity/Hub/Editor/6000.5.8f1/Editor/Data/Managed/UnityEngine/UnityEngine.UnityConnectModule.dll"
-r:"C:/Program Files/Unity/Hub/Editor/6000.5.8f1/Editor/Data/Managed/UnityEngine/UnityEngine.UnityConsentModule.dll"
-r:"C:/Program Files/Unity/Hub/Editor/6000.5.8f1/Editor/Data/Managed/UnityEngine/UnityEngine.UnityCurlModule.dll"
-r:"C:/Program Files/Unity/Hub/Editor/6000.5.8f1/Editor/Data/Managed/UnityEngine/UnityEngine.UnityWebRequestAssetBundleModule.dll"
-r:"C:/Program Files/Unity/Hub/Editor/6000.5.8f1/Editor/Data/Managed/UnityEngine/UnityEngine.UnityWebRequestAudioModule.dll"
-r:"C:/Program Files/Unity/Hub/Editor/6000.5.8f1/Editor/Data/Managed/UnityEngine/UnityEngine.UnityWebRequestModule.dll"
-r:"C:/Program Files/Unity/Hub/Editor/6000.5.8f1/Editor/Data/Managed/UnityEngine/UnityEngine.UnityWebRequestTextureModule.dll"
-r:"C:/Program Files/Unity/Hub/Editor/6000.5.8f1/Editor/Data/Managed/UnityEngine/UnityEngine.UnityWebRequestWWWModule.dll"
-r:"C:/Program Files/Unity/Hub/Editor/6000.5.8f1/Editor/Data/Managed/UnityEngine/UnityEngine.VFXModule.dll"
-r:"C:/Program Files/Unity/Hub/Editor/6000.5.8f1/Editor/Data/Managed/UnityEngine/UnityEngine.VectorGraphicsModule.dll"
-r:"C:/Program Files/Unity/Hub/Editor/6000.5.8f1/Editor/Data/Managed/UnityEngine/UnityEngine.VehiclesModule.dll"
-r:"C:/Program Files/Unity/Hub/Editor/6000.5.8f1/Editor/Data/Managed/UnityEngine/UnityEngine.VideoModule.dll"
-r:"C:/Program Files/Unity/Hub/Editor/6000.5.8f1/Editor/Data/Managed/UnityEngine/UnityEngine.VirtualTexturingModule.dll"
-r:"C:/Program Files/Unity/Hub/Editor/6000.5.8f1/Editor/Data/Managed/UnityEngine/UnityEngine.WindModule.dll"
-r:"C:/Program Files/Unity/Hub/Editor/6000.5.8f1/Editor/Data/Managed/UnityEngine/UnityEngine.XRModule.dll"
-r:"C:/Program Files/Unity/Hub/Editor/6000.5.8f1/Editor/Data/Managed/UnityEngine/UnityEngine.dll"
-r:"C:/Program Files/Unity/Hub/Editor/6000.5.8f1/Editor/Data/NetStandard/Extensions/2.0.0/System.Runtime.InteropServices.WindowsRuntime.dll"
-r:"C:/Program Files/Unity/Hub/Editor/6000.5.8f1/Editor/Data/NetStandard/compat/2.1.0/shims/netfx/System.ComponentModel.Composition.dll"
-r:"C:/Program Files/Unity/Hub/Editor/6000.5.8f1/Editor/Data/NetStandard/compat/2.1.0/shims/netfx/System.Core.dll"
-r:"C:/Program Files/Unity/Hub/Editor/6000.5.8f1/Editor/Data/NetStandard/compat/2.1.0/shims/netfx/System.Data.dll"
-r:"C:/Program Files/Unity/Hub/Editor/6000.5.8f1/Editor/Data/NetStandard/compat/2.1.0/shims/netfx/System.Drawing.dll"
-r:"C:/Program Files/Unity/Hub/Editor/6000.5.8f1/Editor/Data/NetStandard/compat/2.1.0/shims/netfx/System.IO.Compression.FileSystem.dll"
-r:"C:/Program Files/Unity/Hub/Editor/6000.5.8f1/Editor/Data/NetStandard/compat/2.1.0/shims/netfx/System.Net.dll"
-r:"C:/Program Files/Unity/Hub/Editor/6000.5.8f1/Editor/Data/NetStandard/compat/2.1.0/shims/netfx/System.Numerics.dll"
-r:"C:/Program Files/Unity/Hub/Editor/6000.5.8f1/Editor/Data/NetStandard/compat/2.1.0/shims/netfx/System.Runtime.Serialization.dll"
-r:"C:/Program Files/Unity/Hub/Editor/6000.5.8f1/Editor/Data/NetStandard/compat/2.1.0/shims/netfx/System.ServiceModel.Web.dll"
-r:"C:/Program Files/Unity/Hub/Editor/6000.5.8f1/Editor/Data/NetStandard/compat/2.1.0/shims/netfx/System.Transactions.dll"
-r:"C:/Program Files/Unity/Hub/Editor/6000.5.8f1/Editor/Data/NetStandard/compat/2.1.0/shims/netfx/System.Web.dll"
-r:"C:/Program Files/Unity/Hub/Editor/6000.5.8f1/Editor/Data/NetStandard/compat/2.1.0/shims/netfx/System.Windows.dll"
-r:"C:/Program Files/Unity/Hub/Editor/6000.5.8f1/Editor/Data/NetStandard/compat/2.1.0/shims/netfx/System.Xml.Linq.dll"
-r:"C:/Program Files/Unity/Hub/Editor/6000.5.8f1/Editor/Data/NetStandard/compat/2.1.0/shims/netfx/System.Xml.Serialization.dll"
-r:"C:/Program Files/Unity/Hub/Editor/6000.5.8f1/Editor/Data/NetStandard/compat/2.1.0/shims/netfx/System.Xml.dll"
-r:"C:/Program Files/Unity/Hub/Editor/6000.5.8f1/Editor/Data/NetStandard/compat/2.1.0/shims/netfx/System.dll"
-r:"C:/Program Files/Unity/Hub/Editor/6000.5.8f1/Editor/Data/NetStandard/compat/2.1.0/shims/netfx/mscorlib.dll"
-r:"C:/Program Files/Unity/Hub/Editor/6000.5.8f1/Editor/Data/NetStandard/compat/2.1.0/shims/netstandard/Microsoft.Win32.Primitives.dll"
-r:"C:/Program Files/Unity/Hub/Editor/6000.5.8f1/Editor/Data/NetStandard/compat/2.1.0/shims/netstandard/System.AppContext.dll"
-r:"C:/Program Files/Unity/Hub/Editor/6000.5.8f1/Editor/Data/NetStandard/compat/2.1.0/shims/netstandard/System.Buffers.dll"
-r:"C:/Program Files/Unity/Hub/Editor/6000.5.8f1/Editor/Data/NetStandard/compat/2.1.0/shims/netstandard/System.Collections.Concurrent.dll"
-r:"C:/Program Files/Unity/Hub/Editor/6000.5.8f1/Editor/Data/NetStandard/compat/2.1.0/shims/netstandard/System.Collections.NonGeneric.dll"
-r:"C:/Program Files/Unity/Hub/Editor/6000.5.8f1/Editor/Data/NetStandard/compat/2.1.0/shims/netstandard/System.Collections.Specialized.dll"
-r:"C:/Program Files/Unity/Hub/Editor/6000.5.8f1/Editor/Data/NetStandard/compat/2.1.0/shims/netstandard/System.Collections.dll"
-r:"C:/Program Files/Unity/Hub/Editor/6000.5.8f1/Editor/Data/NetStandard/compat/2.1.0/shims/netstandard/System.ComponentModel.EventBasedAsync.dll"
-r:"C:/Program Files/Unity/Hub/Editor/6000.5.8f1/Editor/Data/NetStandard/compat/2.1.0/shims/netstandard/System.ComponentModel.Primitives.dll"
-r:"C:/Program Files/Unity/Hub/Editor/6000.5.8f1/Editor/Data/NetStandard/compat/2.1.0/shims/netstandard/System.ComponentModel.TypeConverter.dll"
-r:"C:/Program Files/Unity/Hub/Editor/6000.5.8f1/Editor/Data/NetStandard/compat/2.1.0/shims/netstandard/System.ComponentModel.dll"
-r:"C:/Program Files/Unity/Hub/Editor/6000.5.8f1/Editor/Data/NetStandard/compat/2.1.0/shims/netstandard/System.Console.dll"
-r:"C:/Program Files/Unity/Hub/Editor/6000.5.8f1/Editor/Data/NetStandard/compat/2.1.0/shims/netstandard/System.Data.Common.dll"
-r:"C:/Program Files/Unity/Hub/Editor/6000.5.8f1/Editor/Data/NetStandard/compat/2.1.0/shims/netstandard/System.Diagnostics.Contracts.dll"
-r:"C:/Program Files/Unity/Hub/Editor/6000.5.8f1/Editor/Data/NetStandard/compat/2.1.0/shims/netstandard/System.Diagnostics.Debug.dll"
-r:"C:/Program Files/Unity/Hub/Editor/6000.5.8f1/Editor/Data/NetStandard/compat/2.1.0/shims/netstandard/System.Diagnostics.FileVersionInfo.dll"
-r:"C:/Program Files/Unity/Hub/Editor/6000.5.8f1/Editor/Data/NetStandard/compat/2.1.0/shims/netstandard/System.Diagnostics.Process.dll"
-r:"C:/Program Files/Unity/Hub/Editor/6000.5.8f1/Editor/Data/NetStandard/compat/2.1.0/shims/netstandard/System.Diagnostics.StackTrace.dll"
-r:"C:/Program Files/Unity/Hub/Editor/6000.5.8f1/Editor/Data/NetStandard/compat/2.1.0/shims/netstandard/System.Diagnostics.TextWriterTraceListener.dll"
-r:"C:/Program Files/Unity/Hub/Editor/6000.5.8f1/Editor/Data/NetStandard/compat/2.1.0/shims/netstandard/System.Diagnostics.Tools.dll"
-r:"C:/Program Files/Unity/Hub/Editor/6000.5.8f1/Editor/Data/NetStandard/compat/2.1.0/shims/netstandard/System.Diagnostics.TraceSource.dll"
-r:"C:/Program Files/Unity/Hub/Editor/6000.5.8f1/Editor/Data/NetStandard/compat/2.1.0/shims/netstandard/System.Diagnostics.Tracing.dll"
-r:"C:/Program Files/Unity/Hub/Editor/6000.5.8f1/Editor/Data/NetStandard/compat/2.1.0/shims/netstandard/System.Drawing.Primitives.dll"
-r:"C:/Program Files/Unity/Hub/Editor/6000.5.8f1/Editor/Data/NetStandard/compat/2.1.0/shims/netstandard/System.Dynamic.Runtime.dll"
-r:"C:/Program Files/Unity/Hub/Editor/6000.5.8f1/Editor/Data/NetStandard/compat/2.1.0/shims/netstandard/System.Globalization.Calendars.dll"
-r:"C:/Program Files/Unity/Hub/Editor/6000.5.8f1/Editor/Data/NetStandard/compat/2.1.0/shims/netstandard/System.Globalization.Extensions.dll"
-r:"C:/Program Files/Unity/Hub/Editor/6000.5.8f1/Editor/Data/NetStandard/compat/2.1.0/shims/netstandard/System.Globalization.dll"
-r:"C:/Program Files/Unity/Hub/Editor/6000.5.8f1/Editor/Data/NetStandard/compat/2.1.0/shims/netstandard/System.IO.Compression.ZipFile.dll"
-r:"C:/Program Files/Unity/Hub/Editor/6000.5.8f1/Editor/Data/NetStandard/compat/2.1.0/shims/netstandard/System.IO.Compression.dll"
-r:"C:/Program Files/Unity/Hub/Editor/6000.5.8f1/Editor/Data/NetStandard/compat/2.1.0/shims/netstandard/System.IO.FileSystem.DriveInfo.dll"
-r:"C:/Program Files/Unity/Hub/Editor/6000.5.8f1/Editor/Data/NetStandard/compat/2.1.0/shims/netstandard/System.IO.FileSystem.Primitives.dll"
-r:"C:/Program Files/Unity/Hub/Editor/6000.5.8f1/Editor/Data/NetStandard/compat/2.1.0/shims/netstandard/System.IO.FileSystem.Watcher.dll"
-r:"C:/Program Files/Unity/Hub/Editor/6000.5.8f1/Editor/Data/NetStandard/compat/2.1.0/shims/netstandard/System.IO.FileSystem.dll"
-r:"C:/Program Files/Unity/Hub/Editor/6000.5.8f1/Editor/Data/NetStandard/compat/2.1.0/shims/netstandard/System.IO.IsolatedStorage.dll"
-r:"C:/Program Files/Unity/Hub/Editor/6000.5.8f1/Editor/Data/NetStandard/compat/2.1.0/shims/netstandard/System.IO.MemoryMappedFiles.dll"
-r:"C:/Program Files/Unity/Hub/Editor/6000.5.8f1/Editor/Data/NetStandard/compat/2.1.0/shims/netstandard/System.IO.Pipes.dll"
-r:"C:/Program Files/Unity/Hub/Editor/6000.5.8f1/Editor/Data/NetStandard/compat/2.1.0/shims/netstandard/System.IO.UnmanagedMemoryStream.dll"
-r:"C:/Program Files/Unity/Hub/Editor/6000.5.8f1/Editor/Data/NetStandard/compat/2.1.0/shims/netstandard/System.IO.dll"
-r:"C:/Program Files/Unity/Hub/Editor/6000.5.8f1/Editor/Data/NetStandard/compat/2.1.0/shims/netstandard/System.Linq.Expressions.dll"
-r:"C:/Program Files/Unity/Hub/Editor/6000.5.8f1/Editor/Data/NetStandard/compat/2.1.0/shims/netstandard/System.Linq.Parallel.dll"
-r:"C:/Program Files/Unity/Hub/Editor/6000.5.8f1/Editor/Data/NetStandard/compat/2.1.0/shims/netstandard/System.Linq.Queryable.dll"
-r:"C:/Program Files/Unity/Hub/Editor/6000.5.8f1/Editor/Data/NetStandard/compat/2.1.0/shims/netstandard/System.Linq.dll"
-r:"C:/Program Files/Unity/Hub/Editor/6000.5.8f1/Editor/Data/NetStandard/compat/2.1.0/shims/netstandard/System.Memory.dll"
-r:"C:/Program Files/Unity/Hub/Editor/6000.5.8f1/Editor/Data/NetStandard/compat/2.1.0/shims/netstandard/System.Net.Http.dll"
-r:"C:/Program Files/Unity/Hub/Editor/6000.5.8f1/Editor/Data/NetStandard/compat/2.1.0/shims/netstandard/System.Net.NameResolution.dll"
-r:"C:/Program Files/Unity/Hub/Editor/6000.5.8f1/Editor/Data/NetStandard/compat/2.1.0/shims/netstandard/System.Net.NetworkInformation.dll"
-r:"C:/Program Files/Unity/Hub/Editor/6000.5.8f1/Editor/Data/NetStandard/compat/2.1.0/shims/netstandard/System.Net.Ping.dll"
-r:"C:/Program Files/Unity/Hub/Editor/6000.5.8f1/Editor/Data/NetStandard/compat/2.1.0/shims/netstandard/System.Net.Primitives.dll"
-r:"C:/Program Files/Unity/Hub/Editor/6000.5.8f1/Editor/Data/NetStandard/compat/2.1.0/shims/netstandard/System.Net.Requests.dll"
-r:"C:/Program Files/Unity/Hub/Editor/6000.5.8f1/Editor/Data/NetStandard/compat/2.1.0/shims/netstandard/System.Net.Security.dll"
-r:"C:/Program Files/Unity/Hub/Editor/6000.5.8f1/Editor/Data/NetStandard/compat/2.1.0/shims/netstandard/System.Net.Sockets.dll"
-r:"C:/Program Files/Unity/Hub/Editor/6000.5.8f1/Editor/Data/NetStandard/compat/2.1.0/shims/netstandard/System.Net.WebHeaderCollection.dll"
-r:"C:/Program Files/Unity/Hub/Editor/6000.5.8f1/Editor/Data/NetStandard/compat/2.1.0/shims/netstandard/System.Net.WebSockets.Client.dll"
-r:"C:/Program Files/Unity/Hub/Editor/6000.5.8f1/Editor/Data/NetStandard/compat/2.1.0/shims/netstandard/System.Net.WebSockets.dll"
-r:"C:/Program Files/Unity/Hub/Editor/6000.5.8f1/Editor/Data/NetStandard/compat/2.1.0/shims/netstandard/System.Numerics.Vectors.dll"
-r:"C:/Program Files/Unity/Hub/Editor/6000.5.8f1/Editor/Data/NetStandard/compat/2.1.0/shims/netstandard/System.ObjectModel.dll"
-r:"C:/Program Files/Unity/Hub/Editor/6000.5.8f1/Editor/Data/NetStandard/compat/2.1.0/shims/netstandard/System.Reflection.DispatchProxy.dll"
-r:"C:/Program Files/Unity/Hub/Editor/6000.5.8f1/Editor/Data/NetStandard/compat/2.1.0/shims/netstandard/System.Reflection.Emit.ILGeneration.dll"
-r:"C:/Program Files/Unity/Hub/Editor/6000.5.8f1/Editor/Data/NetStandard/compat/2.1.0/shims/netstandard/System.Reflection.Emit.Lightweight.dll"
-r:"C:/Program Files/Unity/Hub/Editor/6000.5.8f1/Editor/Data/NetStandard/compat/2.1.0/shims/netstandard/System.Reflection.Emit.dll"
-r:"C:/Program Files/Unity/Hub/Editor/6000.5.8f1/Editor/Data/NetStandard/compat/2.1.0/shims/netstandard/System.Reflection.Extensions.dll"
-r:"C:/Program Files/Unity/Hub/Editor/6000.5.8f1/Editor/Data/NetStandard/compat/2.1.0/shims/netstandard/System.Reflection.Primitives.dll"
-r:"C:/Program Files/Unity/Hub/Editor/6000.5.8f1/Editor/Data/NetStandard/compat/2.1.0/shims/netstandard/System.Reflection.dll"
-r:"C:/Program Files/Unity/Hub/Editor/6000.5.8f1/Editor/Data/NetStandard/compat/2.1.0/shims/netstandard/System.Resources.Reader.dll"
-r:"C:/Program Files/Unity/Hub/Editor/6000.5.8f1/Editor/Data/NetStandard/compat/2.1.0/shims/netstandard/System.Resources.ResourceManager.dll"
-r:"C:/Program Files/Unity/Hub/Editor/6000.5.8f1/Editor/Data/NetStandard/compat/2.1.0/shims/netstandard/System.Resources.Writer.dll"
-r:"C:/Program Files/Unity/Hub/Editor/6000.5.8f1/Editor/Data/NetStandard/compat/2.1.0/shims/netstandard/System.Runtime.CompilerServices.VisualC.dll"
-r:"C:/Program Files/Unity/Hub/Editor/6000.5.8f1/Editor/Data/NetStandard/compat/2.1.0/shims/netstandard/System.Runtime.Extensions.dll"
-r:"C:/Program Files/Unity/Hub/Editor/6000.5.8f1/Editor/Data/NetStandard/compat/2.1.0/shims/netstandard/System.Runtime.Handles.dll"
-r:"C:/Program Files/Unity/Hub/Editor/6000.5.8f1/Editor/Data/NetStandard/compat/2.1.0/shims/netstandard/System.Runtime.InteropServices.RuntimeInformation.dll"
-r:"C:/Program Files/Unity/Hub/Editor/6000.5.8f1/Editor/Data/NetStandard/compat/2.1.0/shims/netstandard/System.Runtime.InteropServices.dll"
-r:"C:/Program Files/Unity/Hub/Editor/6000.5.8f1/Editor/Data/NetStandard/compat/2.1.0/shims/netstandard/System.Runtime.Numerics.dll"
-r:"C:/Program Files/Unity/Hub/Editor/6000.5.8f1/Editor/Data/NetStandard/compat/2.1.0/shims/netstandard/System.Runtime.Serialization.Formatters.dll"
-r:"C:/Program Files/Unity/Hub/Editor/6000.5.8f1/Editor/Data/NetStandard/compat/2.1.0/shims/netstandard/System.Runtime.Serialization.Json.dll"
-r:"C:/Program Files/Unity/Hub/Editor/6000.5.8f1/Editor/Data/NetStandard/compat/2.1.0/shims/netstandard/System.Runtime.Serialization.Primitives.dll"
-r:"C:/Program Files/Unity/Hub/Editor/6000.5.8f1/Editor/Data/NetStandard/compat/2.1.0/shims/netstandard/System.Runtime.Serialization.Xml.dll"
-r:"C:/Program Files/Unity/Hub/Editor/6000.5.8f1/Editor/Data/NetStandard/compat/2.1.0/shims/netstandard/System.Runtime.dll"
-r:"C:/Program Files/Unity/Hub/Editor/6000.5.8f1/Editor/Data/NetStandard/compat/2.1.0/shims/netstandard/System.Security.Claims.dll"
-r:"C:/Program Files/Unity/Hub/Editor/6000.5.8f1/Editor/Data/NetStandard/compat/2.1.0/shims/netstandard/System.Security.Cryptography.Algorithms.dll"
-r:"C:/Program Files/Unity/Hub/Editor/6000.5.8f1/Editor/Data/NetStandard/compat/2.1.0/shims/netstandard/System.Security.Cryptography.Csp.dll"
-r:"C:/Program Files/Unity/Hub/Editor/6000.5.8f1/Editor/Data/NetStandard/compat/2.1.0/shims/netstandard/System.Security.Cryptography.Encoding.dll"
-r:"C:/Program Files/Unity/Hub/Editor/6000.5.8f1/Editor/Data/NetStandard/compat/2.1.0/shims/netstandard/System.Security.Cryptography.Primitives.dll"
-r:"C:/Program Files/Unity/Hub/Editor/6000.5.8f1/Editor/Data/NetStandard/compat/2.1.0/shims/netstandard/System.Security.Cryptography.X509Certificates.dll"
-r:"C:/Program Files/Unity/Hub/Editor/6000.5.8f1/Editor/Data/NetStandard/compat/2.1.0/shims/netstandard/System.Security.Principal.dll"
-r:"C:/Program Files/Unity/Hub/Editor/6000.5.8f1/Editor/Data/NetStandard/compat/2.1.0/shims/netstandard/System.Security.SecureString.dll"
-r:"C:/Program Files/Unity/Hub/Editor/6000.5.8f1/Editor/Data/NetStandard/compat/2.1.0/shims/netstandard/System.Text.Encoding.Extensions.dll"
-r:"C:/Program Files/Unity/Hub/Editor/6000.5.8f1/Editor/Data/NetStandard/compat/2.1.0/shims/netstandard/System.Text.Encoding.dll"
-r:"C:/Program Files/Unity/Hub/Editor/6000.5.8f1/Editor/Data/NetStandard/compat/2.1.0/shims/netstandard/System.Text.RegularExpressions.dll"
-r:"C:/Program Files/Unity/Hub/Editor/6000.5.8f1/Editor/Data/NetStandard/compat/2.1.0/shims/netstandard/System.Threading.Overlapped.dll"
-r:"C:/Program Files/Unity/Hub/Editor/6000.5.8f1/Editor/Data/NetStandard/compat/2.1.0/shims/netstandard/System.Threading.Tasks.Extensions.dll"
-r:"C:/Program Files/Unity/Hub/Editor/6000.5.8f1/Editor/Data/NetStandard/compat/2.1.0/shims/netstandard/System.Threading.Tasks.Parallel.dll"
-r:"C:/Program Files/Unity/Hub/Editor/6000.5.8f1/Editor/Data/NetStandard/compat/2.1.0/shims/netstandard/System.Threading.Tasks.dll"
-r:"C:/Program Files/Unity/Hub/Editor/6000.5.8f1/Editor/Data/NetStandard/compat/2.1.0/shims/netstandard/System.Threading.Thread.dll"
-r:"C:/Program Files/Unity/Hub/Editor/6000.5.8f1/Editor/Data/NetStandard/compat/2.1.0/shims/netstandard/System.Threading.ThreadPool.dll"
-r:"C:/Program Files/Unity/Hub/Editor/6000.5.8f1/Editor/Data/NetStandard/compat/2.1.0/shims/netstandard/System.Threading.Timer.dll"
-r:"C:/Program Files/Unity/Hub/Editor/6000.5.8f1/Editor/Data/NetStandard/compat/2.1.0/shims/netstandard/System.Threading.dll"
-r:"C:/Program Files/Unity/Hub/Editor/6000.5.8f1/Editor/Data/NetStandard/compat/2.1.0/shims/netstandard/System.ValueTuple.dll"
-r:"C:/Program Files/Unity/Hub/Editor/6000.5.8f1/Editor/Data/NetStandard/compat/2.1.0/shims/netstandard/System.Xml.ReaderWriter.dll"
-r:"C:/Program Files/Unity/Hub/Editor/6000.5.8f1/Editor/Data/NetStandard/compat/2.1.0/shims/netstandard/System.Xml.XDocument.dll"
-r:"C:/Program Files/Unity/Hub/Editor/6000.5.8f1/Editor/Data/NetStandard/compat/2.1.0/shims/netstandard/System.Xml.XPath.XDocument.dll"
-r:"C:/Program Files/Unity/Hub/Editor/6000.5.8f1/Editor/Data/NetStandard/compat/2.1.0/shims/netstandard/System.Xml.XPath.dll"
-r:"C:/Program Files/Unity/Hub/Editor/6000.5.8f1/Editor/Data/NetStandard/compat/2.1.0/shims/netstandard/System.Xml.XmlDocument.dll"
-r:"C:/Program Files/Unity/Hub/Editor/6000.5.8f1/Editor/Data/NetStandard/compat/2.1.0/shims/netstandard/System.Xml.XmlSerializer.dll"
-r:"C:/Program Files/Unity/Hub/Editor/6000.5.8f1/Editor/Data/NetStandard/ref/2.1.0/netstandard.dll"
-r:"Library/PackageCache/com.unity.collections@ec2c217e4cb2/Unity.Collections.LowLevel.ILSupport/Unity.Collections.LowLevel.ILSupport.dll"
-r:"Library/PackageCache/com.unity.ext.nunit@44f7d31723bd/net472/unity-custom/nunit.framework.dll"
-r:"Library/PackageCache/com.unity.nuget.mono-cecil@ecb9724e46ff/Mono.Cecil.dll"
-r:"Library/PackageCache/com.unity.nuget.newtonsoft-json@4dfd81071c64/Runtime/Newtonsoft.Json.dll"
-r:"Library/PackageCache/com.unity.visualscripting@4edfcc09512f/Runtime/VisualScripting.Flow/Dependencies/NCalc/Unity.VisualScripting.Antlr3.Runtime.dll"
-r:"Library/Bee/artifacts/1900b0aE.dag/HFDownloader.ref.dll"
-r:"Library/Bee/artifacts/1900b0aE.dag/Unity.2D.Sprite.Editor.ref.dll"
-r:"Library/Bee/artifacts/1900b0aE.dag/Unity.AI.Assistant.Agent.Dynamic.Extension.Editor.ref.dll"
-r:"Library/Bee/artifacts/1900b0aE.dag/Unity.AI.Assistant.Annotations.Editor.ref.dll"
-r:"Library/Bee/artifacts/1900b0aE.dag/Unity.AI.Assistant.API.Editor.ref.dll"
-r:"Library/Bee/artifacts/1900b0aE.dag/Unity.AI.Assistant.Bridge.Editor.ref.dll"
-r:"Library/Bee/artifacts/1900b0aE.dag/Unity.AI.Assistant.Integrations.Profiler.Editor.ref.dll"
-r:"Library/Bee/artifacts/1900b0aE.dag/Unity.AI.Assistant.Runtime.ref.dll"
-r:"Library/Bee/artifacts/1900b0aE.dag/Unity.AI.Assistant.Tools.Editor.ref.dll"
-r:"Library/Bee/artifacts/1900b0aE.dag/Unity.AI.MCP.Editor.ref.dll"
-r:"Library/Bee/artifacts/1900b0aE.dag/Unity.AI.MCP.Runtime.ref.dll"
-r:"Library/Bee/artifacts/1900b0aE.dag/Unity.AI.Navigation.Editor.ConversionSystem.ref.dll"
-r:"Library/Bee/artifacts/1900b0aE.dag/Unity.AI.Navigation.Editor.ref.dll"
-r:"Library/Bee/artifacts/1900b0aE.dag/Unity.AI.Navigation.ref.dll"
-r:"Library/Bee/artifacts/1900b0aE.dag/Unity.AI.Navigation.Updater.ref.dll"
-r:"Library/Bee/artifacts/1900b0aE.dag/Unity.AI.Tracing.ref.dll"
-r:"Library/Bee/artifacts/1900b0aE.dag/Unity.AppUI.Editor.ref.dll"
-r:"Library/Bee/artifacts/1900b0aE.dag/Unity.AppUI.MVVM.ref.dll"
-r:"Library/Bee/artifacts/1900b0aE.dag/Unity.AppUI.Navigation.Editor.ref.dll"
-r:"Library/Bee/artifacts/1900b0aE.dag/Unity.AppUI.Navigation.ref.dll"
-r:"Library/Bee/artifacts/1900b0aE.dag/Unity.AppUI.Redux.Editor.ref.dll"
-r:"Library/Bee/artifacts/1900b0aE.dag/Unity.AppUI.Redux.ref.dll"
-r:"Library/Bee/artifacts/1900b0aE.dag/Unity.AppUI.ref.dll"
-r:"Library/Bee/artifacts/1900b0aE.dag/Unity.AppUI.Undo.ref.dll"
-r:"Library/Bee/artifacts/1900b0aE.dag/Unity.Burst.Editor.ref.dll"
-r:"Library/Bee/artifacts/1900b0aE.dag/Unity.Burst.ref.dll"
-r:"Library/Bee/artifacts/1900b0aE.dag/Unity.Collections.Editor.ref.dll"
-r:"Library/Bee/artifacts/1900b0aE.dag/Unity.Collections.ref.dll"
-r:"Library/Bee/artifacts/1900b0aE.dag/Unity.InferenceEngine.Editor.ref.dll"
-r:"Library/Bee/artifacts/1900b0aE.dag/Unity.InferenceEngine.iOSBLAS.ref.dll"
-r:"Library/Bee/artifacts/1900b0aE.dag/Unity.InferenceEngine.MacBLAS.ref.dll"
-r:"Library/Bee/artifacts/1900b0aE.dag/Unity.InferenceEngine.ONNX.Editor.ref.dll"
-r:"Library/Bee/artifacts/1900b0aE.dag/Unity.InferenceEngine.ref.dll"
-r:"Library/Bee/artifacts/1900b0aE.dag/Unity.InferenceEngine.Tokenization.ref.dll"
-r:"Library/Bee/artifacts/1900b0aE.dag/Unity.InputSystem.ForUI.Editor.ref.dll"
-r:"Library/Bee/artifacts/1900b0aE.dag/Unity.InputSystem.ForUI.ref.dll"
-r:"Library/Bee/artifacts/1900b0aE.dag/Unity.InputSystem.ref.dll"
-r:"Library/Bee/artifacts/1900b0aE.dag/Unity.InternalAPIEditorBridge.ShaderGraph.Editor.ref.dll"
-r:"Library/Bee/artifacts/1900b0aE.dag/Unity.InternalAPIEngineBridge.004.ref.dll"
-r:"Library/Bee/artifacts/1900b0aE.dag/Unity.InternalAPIEngineBridge.RenderPipelines.Core.Editor.ref.dll"
-r:"Library/Bee/artifacts/1900b0aE.dag/Unity.InternalAPIEngineBridge.RenderPipelines.Core.Runtime.Shared.ref.dll"
-r:"Library/Bee/artifacts/1900b0aE.dag/Unity.Mathematics.ref.dll"
-r:"Library/Bee/artifacts/1900b0aE.dag/Unity.Multiplayer.Center.Common.ref.dll"
-r:"Library/Bee/artifacts/1900b0aE.dag/Unity.Multiplayer.Center.Editor.ref.dll"
-r:"Library/Bee/artifacts/1900b0aE.dag/Unity.PathTracing.Editor.ref.dll"
-r:"Library/Bee/artifacts/1900b0aE.dag/Unity.PathTracing.Runtime.ref.dll"
-r:"Library/Bee/artifacts/1900b0aE.dag/Unity.PlasticSCM.Editor.Assistant.ref.dll"
-r:"Library/Bee/artifacts/1900b0aE.dag/Unity.PlasticSCM.Editor.ref.dll"
-r:"Library/Bee/artifacts/1900b0aE.dag/Unity.Rendering.LightTransport.Editor.ref.dll"
-r:"Library/Bee/artifacts/1900b0aE.dag/Unity.RenderPipeline.Universal.ShaderLibrary.ref.dll"
-r:"Library/Bee/artifacts/1900b0aE.dag/Unity.RenderPipelines.Core.Editor.ref.dll"
-r:"Library/Bee/artifacts/1900b0aE.dag/Unity.RenderPipelines.Core.Editor.Shared.ref.dll"
-r:"Library/Bee/artifacts/1900b0aE.dag/Unity.RenderPipelines.Core.Runtime.ref.dll"
-r:"Library/Bee/artifacts/1900b0aE.dag/Unity.RenderPipelines.Core.Runtime.Shared.ref.dll"
-r:"Library/Bee/artifacts/1900b0aE.dag/Unity.RenderPipelines.Core.ShaderLibrary.ref.dll"
-r:"Library/Bee/artifacts/1900b0aE.dag/Unity.RenderPipelines.GPUDriven.Runtime.ref.dll"
-r:"Library/Bee/artifacts/1900b0aE.dag/Unity.RenderPipelines.ShaderGraph.ShaderGraphLibrary.ref.dll"
-r:"Library/Bee/artifacts/1900b0aE.dag/Unity.RenderPipelines.Universal.2D.Editor.Overrides.ref.dll"
-r:"Library/Bee/artifacts/1900b0aE.dag/Unity.RenderPipelines.Universal.2D.Runtime.ref.dll"
-r:"Library/Bee/artifacts/1900b0aE.dag/Unity.RenderPipelines.Universal.Config.Runtime.ref.dll"
-r:"Library/Bee/artifacts/1900b0aE.dag/Unity.RenderPipelines.Universal.Editor.ref.dll"
-r:"Library/Bee/artifacts/1900b0aE.dag/Unity.RenderPipelines.Universal.Runtime.ref.dll"
-r:"Library/Bee/artifacts/1900b0aE.dag/Unity.RenderPipelines.Universal.Shaders.ref.dll"
-r:"Library/Bee/artifacts/1900b0aE.dag/Unity.Rider.Editor.ref.dll"
-r:"Library/Bee/artifacts/1900b0aE.dag/Unity.Searcher.Editor.ref.dll"
-r:"Library/Bee/artifacts/1900b0aE.dag/Unity.ShaderGraph.Editor.ref.dll"
-r:"Library/Bee/artifacts/1900b0aE.dag/Unity.SurfaceCache.Runtime.ref.dll"
-r:"Library/Bee/artifacts/1900b0aE.dag/Unity.TextMeshPro.Editor.ref.dll"
-r:"Library/Bee/artifacts/1900b0aE.dag/Unity.TextMeshPro.ref.dll"
-r:"Library/Bee/artifacts/1900b0aE.dag/Unity.Timeline.Editor.ref.dll"
-r:"Library/Bee/artifacts/1900b0aE.dag/Unity.Timeline.ref.dll"
-r:"Library/Bee/artifacts/1900b0aE.dag/Unity.UnifiedRayTracing.Runtime.ref.dll"
-r:"Library/Bee/artifacts/1900b0aE.dag/Unity.VisualScripting.Core.Editor.ref.dll"
-r:"Library/Bee/artifacts/1900b0aE.dag/Unity.VisualScripting.Core.ref.dll"
-r:"Library/Bee/artifacts/1900b0aE.dag/Unity.VisualScripting.Flow.Editor.ref.dll"
-r:"Library/Bee/artifacts/1900b0aE.dag/Unity.VisualScripting.Flow.ref.dll"
-r:"Library/Bee/artifacts/1900b0aE.dag/Unity.VisualScripting.SettingsProvider.Editor.ref.dll"
-r:"Library/Bee/artifacts/1900b0aE.dag/Unity.VisualScripting.Shared.Editor.ref.dll"
-r:"Library/Bee/artifacts/1900b0aE.dag/Unity.VisualScripting.State.Editor.ref.dll"
-r:"Library/Bee/artifacts/1900b0aE.dag/Unity.VisualScripting.State.ref.dll"
-r:"Library/Bee/artifacts/1900b0aE.dag/Unity.VisualStudio.Editor.ref.dll"
-r:"Library/Bee/artifacts/1900b0aE.dag/UnityEditor.UI.Analytics.ref.dll"
-r:"Library/Bee/artifacts/1900b0aE.dag/UnityEditor.UI.ref.dll"
-r:"Library/Bee/artifacts/1900b0aE.dag/UnityEngine.UI.ref.dll"
-analyzer:"C:/Program Files/Unity/Hub/Editor/6000.5.8f1/Editor/Data/BCLExtensions/TargetingPacks/netstandard2.1/analyzers/dotnet/roslyn4.0/cs/Microsoft.Extensions.Logging.Generators.dll"
-analyzer:"C:/Program Files/Unity/Hub/Editor/6000.5.8f1/Editor/Data/BCLExtensions/TargetingPacks/netstandard2.1/analyzers/dotnet/roslyn4.0/cs/System.Text.Json.SourceGeneration.dll"
-analyzer:"C:/Program Files/Unity/Hub/Editor/6000.5.8f1/Editor/Data/Tools/BuildPipeline/Unity.Analyzers.Common/Unity.Analyzers.Common.dll"
-analyzer:"C:/Program Files/Unity/Hub/Editor/6000.5.8f1/Editor/Data/Tools/BuildPipeline/Unity.Analyzers.LongLiving/Unity.Analyzers.LongLiving.dll"
-analyzer:"C:/Program Files/Unity/Hub/Editor/6000.5.8f1/Editor/Data/Tools/BuildPipeline/Unity.SourceGenerators/Unity.Properties.SourceGenerator.dll"
-analyzer:"C:/Program Files/Unity/Hub/Editor/6000.5.8f1/Editor/Data/Tools/BuildPipeline/Unity.SourceGenerators/Unity.SourceGenerators.dll"
-analyzer:"C:/Program Files/Unity/Hub/Editor/6000.5.8f1/Editor/Data/Tools/BuildPipeline/Unity.SourceGenerators/Unity.UIToolkit.SourceGenerator.dll"
-analyzer:"Library/PackageCache/com.unity.ai.inference@9a123aee5df7/Runtime/Core/SourceGenerator/SourceGenerators.dll"
-analyzer:"Library/PackageCache/com.unity.dt.app-ui@b097002a00c2/Runtime/MVVM/SourceGenerators/netstandard2.0/MVVMSourceGenerators.dll"
-analyzer:"Library/PackageCache/com.unity.dt.app-ui@b097002a00c2/Runtime/SourceGenerators/netstandard2.0/EnumToLowerCase.dll"
"Assets/Scripts/Configs/ArrowConfig.cs"
"Assets/Scripts/Configs/ConveyorConfig.cs"
"Assets/Scripts/Configs/CoreConfig.cs"
"Assets/Scripts/Configs/GridConfig.cs"
"Assets/Scripts/Configs/GroundConfig.cs"
"Assets/Scripts/Configs/PathingConfig.cs"
"Assets/Scripts/Core/CameraController.cs"
"Assets/Scripts/Core/ConveyorManager.cs"
"Assets/Scripts/Core/GameManager.cs"
"Assets/Scripts/Core/GridOverlay.cs"
"Assets/Scripts/Core/Placeable.cs"
"Assets/Scripts/Core/PrefabManager.cs"
"Assets/Scripts/Logistics/ArrowPlacement.cs"
"Assets/Scripts/Logistics/Conveyor.cs"
"Assets/Scripts/Logistics/ConveyorPieceType.cs"
"Assets/Scripts/Utlity/PathingUtility.cs"
"Assets/Scripts/Utlity/VertexDebug.cs"
"Assets/Scripts/Utlity/VisualsUtility.cs"
-langversion:9.0
/deterministic
/optimize+
/debug:portable
/nologo
/RuntimeMetadataVersion:v4.0.30319
/nowarn:0169
/nowarn:0649
/nowarn:0282
/nowarn:1701
/nowarn:1702
/utf8output
/preferreduilang:en-US
/additionalfile:"Library/Bee/artifacts/1900b0aE.dag/Assembly-CSharp.UnityAdditionalFile.txt"
##### Custom Environment Variables
DOTNET_HOST_PATH=C:\Program Files\Unity\Hub\Editor\6000.5.8f1\Editor\Data\DotNetSdk\dotnet.exe
DOTNET_MULTILEVEL_LOOKUP=0
##### ExitCode
1
##### Output
Assets\Scripts\Core\PrefabManager.cs(192,38): error CS0103: The name 'cornerPrefab' does not exist in the current context
*** Tundra build failed (0.34 seconds), 2 items updated, 1563 evaluated
## Script Compilation Error for: Csc Library/Bee/artifacts/1900b0aE.dag/Assembly-CSharp.dll (+2 others)
## CmdLine: "C:\Program Files\Unity\Hub\Editor\6000.5.8f1\Editor\Data\DotNetSdk\dotnet.exe" exec "C:/Program Files/Unity/Hub/Editor/6000.5.8f1/Editor/Data/DotNetSdk/sdk/8.0.318/Roslyn/bincore/csc.dll" /nostdlib /noconfig /shared "@Library/Bee/artifacts/1900b0aE.dag/Assembly-CSharp.rsp" "@Library/Bee/artifacts/1900b0aE.dag/Assembly-CSharp.rsp2"
## Output:
Assets\Scripts\Core\PrefabManager.cs(192,38): error CS0103: The name 'cornerPrefab' does not exist in the current context

Assets\Scripts\Core\PrefabManager.cs(192,38): error CS0103: The name 'cornerPrefab' does not exist in the current context
Total cache size 268137716
Total cache size after purge 268137716, took 00:00:00.2860403
[ScriptCompilation] Requested script compilation because: AssetDatabase observed changes in script compilation related files
Refreshing native plugins compatible for Editor in 3.88 ms, found 5 plugins.
Asset Pipeline Refresh (id=c174607146444fd48b8c5dcf4cb54374): Total: 0.125 seconds - Initiated by RefreshV2(NoUpdateAssetOptions)
info: Microsoft.AspNetCore.Hosting.Diagnostics[1]
      Request starting HTTP/2 POST http://ilpp/UnityILPP.PostProcessing/Ping - application/grpc -
info: Microsoft.AspNetCore.Routing.EndpointMiddleware[0]
      Executing endpoint 'gRPC - /UnityILPP.PostProcessing/Ping'
info: Microsoft.AspNetCore.Routing.EndpointMiddleware[1]
      Executed endpoint 'gRPC - /UnityILPP.PostProcessing/Ping'
info: Microsoft.AspNetCore.Hosting.Diagnostics[2]
      Request finished HTTP/2 POST http://ilpp/UnityILPP.PostProcessing/Ping - 200 - application/grpc 0.1744ms
Starting: C:\Program Files\Unity\Hub\Editor\6000.5.8f1\Editor\Data\Tools\BuildPipeline\bee_backend.exe --ipc --defer-dag-verification --dagfile="Library/Bee/1900b0aE.dag" --continue-on-failure --profile="Library/Bee/backend1.traceevents" ScriptAssemblies
WorkingDir: C:/Users/Len/Lenomation_V3
info: Microsoft.AspNetCore.Hosting.Diagnostics[1]
      Request starting HTTP/2 POST http://ilpp/UnityILPP.PostProcessing/ConfigurePostProcessors - application/grpc -
info: Microsoft.AspNetCore.Routing.EndpointMiddleware[0]
      Executing endpoint 'gRPC - /UnityILPP.PostProcessing/ConfigurePostProcessors'
info: Unity.ILPP.Runner.PostProcessingAssemblyLoadContext[0]
      Current configuration matches the requested one, skipping
info: Microsoft.AspNetCore.Routing.EndpointMiddleware[1]
      Executed endpoint 'gRPC - /UnityILPP.PostProcessing/ConfigurePostProcessors'
info: Microsoft.AspNetCore.Hosting.Diagnostics[2]
      Request finished HTTP/2 POST http://ilpp/UnityILPP.PostProcessing/ConfigurePostProcessors - 200 - application/grpc 0.6685ms
info: Microsoft.AspNetCore.Hosting.Diagnostics[1]
      Request starting HTTP/2 POST http://ilpp/UnityILPP.PostProcessing/PostProcessAssembly - application/grpc -
info: Microsoft.AspNetCore.Routing.EndpointMiddleware[0]
      Executing endpoint 'gRPC - /UnityILPP.PostProcessing/PostProcessAssembly'
info: Unity.ILPP.Runner.PostProcessingPipeline[0]
      Processing assembly Library/Bee/artifacts/1900b0aE.dag/Assembly-CSharp.dll, with 144 defines and 366 references
info: Unity.ILPP.Runner.PostProcessingPipeline[0]
      processors: Unity.Jobs.CodeGen.JobsILPostProcessor, zzzUnity.Burst.CodeGen.BurstILPostProcessor
info: Unity.ILPP.Runner.PostProcessingPipeline[0]
      running Unity.Jobs.CodeGen.JobsILPostProcessor
info: Unity.ILPP.Runner.PostProcessingPipeline[0]
      running zzzUnity.Burst.CodeGen.BurstILPostProcessor
info: Microsoft.AspNetCore.Routing.EndpointMiddleware[1]
      Executed endpoint 'gRPC - /UnityILPP.PostProcessing/PostProcessAssembly'
info: Microsoft.AspNetCore.Hosting.Diagnostics[2]
      Request finished HTTP/2 POST http://ilpp/UnityILPP.PostProcessing/PostProcessAssembly - 200 - application/grpc 15.6361ms
info: Microsoft.AspNetCore.Hosting.Diagnostics[1]
      Request starting HTTP/2 POST http://ilpp/UnityILPP.PostProcessing/PostProcessAssembly - application/grpc -
info: Microsoft.AspNetCore.Routing.EndpointMiddleware[0]
      Executing endpoint 'gRPC - /UnityILPP.PostProcessing/PostProcessAssembly'
info: Unity.ILPP.Runner.PostProcessingPipeline[0]
      Processing assembly Library/Bee/artifacts/1900b0aE.dag/Assembly-CSharp-Editor.dll, with 142 defines and 390 references
info: Unity.ILPP.Runner.PostProcessingPipeline[0]
      processors: Unity.Jobs.CodeGen.JobsILPostProcessor, zzzUnity.Burst.CodeGen.BurstILPostProcessor
info: Unity.ILPP.Runner.PostProcessingPipeline[0]
      running Unity.Jobs.CodeGen.JobsILPostProcessor
info: Unity.ILPP.Runner.PostProcessingPipeline[0]
      running zzzUnity.Burst.CodeGen.BurstILPostProcessor
info: Microsoft.AspNetCore.Routing.EndpointMiddleware[1]
      Executed endpoint 'gRPC - /UnityILPP.PostProcessing/PostProcessAssembly'
info: Microsoft.AspNetCore.Hosting.Diagnostics[2]
      Request finished HTTP/2 POST http://ilpp/UnityILPP.PostProcessing/PostProcessAssembly - 200 - application/grpc 20.4789ms
ExitCode: 0 Duration: 0s639ms
[1191/1563  0s] ILPP-Configuration Library/ilpp-configuration.nevergeneratedoutput
[1555/1563  0s] Csc Library/Bee/artifacts/1900b0aE.dag/Assembly-CSharp.dll (+2 others)
[1556/1563  0s] ILPostProcess Library/Bee/artifacts/1900b0aE.dag/post-processed/Assembly-CSharp.dll (+pdb)
Processing assembly Library/Bee/artifacts/1900b0aE.dag/Assembly-CSharp.dll, with 144 defines and 366 references

processors: Unity.Jobs.CodeGen.JobsILPostProcessor, zzzUnity.Burst.CodeGen.BurstILPostProcessor

running Unity.Jobs.CodeGen.JobsILPostProcessor

running zzzUnity.Burst.CodeGen.BurstILPostProcessor
[1557/1563  0s] CopyFiles Library/ScriptAssemblies/Assembly-CSharp.dll
[1558/1563  0s] CopyFiles Library/ScriptAssemblies/Assembly-CSharp.pdb
[1559/1563  0s] Csc Library/Bee/artifacts/1900b0aE.dag/Assembly-CSharp-Editor.dll (+2 others)
[1560/1563  0s] ILPostProcess Library/Bee/artifacts/1900b0aE.dag/post-processed/Assembly-CSharp-Editor.dll (+pdb)
Processing assembly Library/Bee/artifacts/1900b0aE.dag/Assembly-CSharp-Editor.dll, with 142 defines and 390 references

processors: Unity.Jobs.CodeGen.JobsILPostProcessor, zzzUnity.Burst.CodeGen.BurstILPostProcessor

running Unity.Jobs.CodeGen.JobsILPostProcessor

running zzzUnity.Burst.CodeGen.BurstILPostProcessor
[1561/1563  0s] CopyFiles Library/ScriptAssemblies/Assembly-CSharp-Editor.pdb
[1562/1563  0s] CopyFiles Library/ScriptAssemblies/Assembly-CSharp-Editor.dll
*** Tundra build success (0.62 seconds), 9 items updated, 1563 evaluated
Reloading assemblies after finishing script compilation.
Reloading assemblies after forced synchronous recompile.
Begin MonoManager ReloadAssembly
Total cache size 268137716
Total cache size after purge 268137716, took 00:00:00.2623615
Symbol file LoadedFromMemory is not a mono symbol file
Symbol file LoadedFromMemory is not a mono symbol file
Refreshing native plugins compatible for Editor in 2.89 ms, found 5 plugins.
Native extension for WindowsStandalone target not found
Native extension for WebGL target not found
[MODES] ModeService[none].Initialize
[MODES] ModeService[none].LoadModes
Refreshing native plugins compatible for Editor in 4.44 ms, found 5 plugins.
[Licensing::Client] Error: Code 404 while processing request (status: Found 0 entitlement groups and 0 free entitlements matching requested entitlement ids)
ScheduleIndexationOnStartup MainProcess:True IndexOnStartup:True
Mono: successfully reloaded assembly
- Finished resetting the current domain, in  3.519 seconds
Domain Reload Profiling: 5339ms
	BeginReloadAssembly (1166ms)
		DisableScriptedObjects (191ms)
		CreateAndSetChildDomain (631ms)
	RebuildCommonClasses (11ms)
	RebuildNativeTypeToScriptingClass (15ms)
	initialDomainReloadingComplete (89ms)
	LoadAllAssembliesAndSetupDomain (537ms)
		LoadAssemblies (140ms)
		AnalyzeDomain (366ms)
			TypeCache.Refresh (14ms)
			BuildScriptInfoCaches (341ms)
			ResolveRequiredComponents (9ms)
	FinalizeReload (3521ms)
		SetupLoadedEditorAssemblies (0ms)
			BeforeProcessingInitializeOnLoad (244ms)
			ProcessInitializeOnLoadAttributes (981ms)
			ProcessInitializeOnLoadMethodAttributes (535ms)
			AfterProcessingInitializeOnLoad (5ms)
		AwakeInstancesAfterBackupRestoration (1146ms)

Asset Pipeline Refresh (id=7fac57fe53e04c94280f210cbb07f09c): Total: 5.715 seconds - Initiated by StopAssetImportingV2(ForceSynchronousImport | ForceDomainReload)
	(Values over 0.05ms)
	Summary:
		Imports: total=0 (actual=0, local cache=0, cache server=0)
		Asset DB Process Time: managed=0 ms, native=3776 ms
		Asset DB Callback time: managed=31 ms, native=0 ms
		Scripting: domain reloads=1, domain reload time=1903 ms, compile time=3 ms, other=0 ms
		Project Asset Count: scripts=2149, non-scripts=5356
		Asset File Changes: new=0, changed=0, moved=0, deleted=0
		Scan Filter Count: 0
	InvokePackagesCallback: 1.633ms
	ApplyChangesToAssetFolders: 0.409ms
	Collect global state as custom dependencies: 3.187ms
	ProcessAssetsWithTransientArtifactChanges: 7.661ms
	CategorizeAssets: 105.979ms
	CompileScripts: 2.559ms
	ImportOutOfDateAssets: 3612.841ms (3543.596ms without children)
		CollectScriptTypesHashes: 0.971ms
		ReloadNativeAssets: 0.966ms
		UnloadImportedAssets: 0.316ms
		EnsureUptoDateAssetsAreRegisteredWithGuidPM: 1.113ms
		ImportSchedulerStart: 66.796ms
	PostProcessAllAssets: 31.706ms
		MonoPostProcessAllAssets: 31.702ms
			UniversalRenderPipelineGlobalSettingsPostprocessor.OnPostprocessAllAssets 9.961ms
			SyncVS.PostprocessSyncProject 2.312ms
			AssetChangeDetector.OnPostprocessAllAssets 1.948ms
			WindowAssetPostprocessingWatcher.OnPostprocessAllAssets 1.743ms
			GraphRefreshPostprocessor.OnPostprocessAllAssets 1.578ms
			SpeedTree9Postprocessor.OnPostprocessAllAssets 1.553ms
			EditModeScopePostprocessor.OnPostprocessAllAssets 0.810ms
			RenderPipelineGlobalSettingsPostprocessor.OnPostprocessAllAssets 0.690ms
			ShaderReflectionAssetPostProcessor.OnPostprocessAllAssets 0.365ms
			UVCSAssetPostprocessor.OnPostprocessAllAssets 0.359ms
			AssetChangedListener.OnPostprocessAllAssets 0.243ms
			InputActionAssetPostprocessor.OnPostprocessAllAssets 0.243ms
			ReferencedClipsPostProcessor.OnPostprocessAllAssets 0.232ms
			ProjectSettingsPostprocessor.OnPostprocessAllAssets 0.176ms
			SpriteEditorTexturePostprocessor.OnPostprocessAllAssets 0.171ms
			TerrainToolbarOverlayPostProcessor.OnPostprocessAllAssets 0.132ms
			ModelAssetProcessor.OnPostprocessAllAssets 0.128ms
			AssetDatabaseCallbacks.OnPostprocessAllAssets 0.127ms
			ShaderGraphAssetPostProcessor.OnPostprocessAllAssets 0.096ms
			AssetPostprocessor.OnPostprocessAllAssets 0.067ms
	GatherAllCurrentPrimaryImportResultRevisions: 0.296ms
	PersistCurrentRevisions: 0.276ms
	GenerateScriptTypeHashes: 7.275ms
	GenerateScriptTypeSerializationHashes: 12.356ms
	Untracked: 1943.644ms

[Licensing::Client] Error: Code 404 while processing request (status: Found 0 entitlement groups and 0 free entitlements matching requested entitlement ids)
[Licensing::Client] Successfully resolved entitlement details
[Licensing::Client] Successfully resolved entitlement details
[Licensing::Client] Successfully resolved entitlement details
[Licensing::Client] Successfully resolved entitlement details
[Licensing::Client] Successfully resolved entitlement details
[ScriptCompilation] Requested script compilation because: AssetDatabase observed changes in script compilation related files
Refreshing native plugins compatible for Editor in 4.37 ms, found 5 plugins.

Asset Pipeline Refresh (id=969e978cee8cc0f489d8d589c76e0ae0): Total: 0.409 seconds - Initiated by RefreshV2(NoUpdateAssetOptions)
	(Values over 0.05ms)
	Summary:
		Imports: total=0 (actual=0, local cache=0, cache server=0)
		Asset DB Process Time: managed=0 ms, native=131 ms
		Asset DB Callback time: managed=269 ms, native=6 ms
		Scripting: domain reloads=0, domain reload time=0 ms, compile time=1 ms, other=0 ms
		Project Asset Count: scripts=2149, non-scripts=5356
		Asset File Changes: new=0, changed=1, moved=0, deleted=0
		Scan Filter Count: 0
	ApplyChangesToAssetFolders: 0.162ms
	Scan: 10.638ms
	Collect global state as custom dependencies: 0.354ms
	OnSourceAssetsModified: 0.892ms
	ProcessAssetsWithTransientArtifactChanges: 0.177ms
	CategorizeAssets: 26.629ms
	CompileScripts: 0.805ms
	ImportOutOfDateAssets: 83.561ms (15.597ms without children)
		ReloadNativeAssets: 0.058ms
		UnloadImportedAssets: 0.205ms
		EnsureUptoDateAssetsAreRegisteredWithGuidPM: 0.885ms
		ImportSchedulerStart: 66.812ms
	PostProcessAllAssets: 269.846ms
		XRBuildSystem.XRAssetImported 0.955ms
		MonoPostProcessAllAssets: 268.287ms
			AssetReferenceReimportMonitor.OnPostprocessAllAssets 35.406ms
			BuilderAssetPostprocessor.OnPostprocessAllAssets 7.350ms
			AssetChangedListener.OnPostprocessAllAssets 4.554ms
			UVCSAssetPostprocessor.OnPostprocessAllAssets 3.364ms
			AssetPostprocessor.OnPostprocessAllAssets 3.273ms
			SpriteSlicePostprocessor.OnPostprocessAllAssets 2.454ms
			ShaderGraphAssetPostProcessor.OnPostprocessAllAssets 1.789ms
			RetainedModeAssetPostprocessor.OnPostprocessAllAssets 0.973ms
			SpriteEditorTexturePostprocessor.OnPostprocessAllAssets 0.757ms
			TMPro_TexturePostProcessor.OnPostprocessAllAssets 0.682ms
			MaterialPostprocessor.OnPostprocessAllAssets 0.627ms
			SkillsProjectAssetPostprocessor.OnPostprocessAllAssets 0.597ms
			ModelAssetProcessor.OnPostprocessAllAssets 0.569ms
			ArtifactBrowserPostProcessor.OnPostprocessAllAssets 0.508ms
			PostProcessor.OnPostprocessAllAssets 0.434ms
			TextAssetPostProcessor.OnPostprocessAllAssets 0.413ms
			SampleDependencyImporterPostProcessor.OnPostprocessAllAssets 0.400ms
			AudioMixerPostprocessor.OnPostprocessAllAssets 0.309ms
			SyncVS.PostprocessSyncProject 0.284ms
			InputActionJsonNameModifierAssetProcessor.OnPostprocessAllAssets 0.280ms
			StyleCatalogPostProcessor.OnPostprocessAllAssets 0.219ms
			ConfigAssetsTracker.OnPostprocessAllAssets 0.212ms
			SpeedTreePostProcessor.OnPostprocessAllAssets 0.212ms
			AssetEvents.OnPostprocessAllAssets 0.200ms
			SamplePostprocessor.OnPostprocessAllAssets 0.193ms
			ScenarioDriftAssetsTracker.OnPostprocessAllAssets 0.183ms
			GraphRefreshPostprocessor.OnPostprocessAllAssets 0.136ms
			AssetReloadNotifier.OnPostprocessAllAssets 0.130ms
			RenderPipelineGlobalSettingsPostprocessor.OnPostprocessAllAssets 0.126ms
			InputActionAssetPostprocessor.OnPostprocessAllAssets 0.101ms
			TrackSelectedAssetsProcessor.OnPostprocessAllAssets 0.076ms
			AudioContainerPostProcessor.OnPostprocessAllAssets 0.070ms
	PostAssetChangesProfiler: 5.233ms
	GatherAllCurrentPrimaryImportResultRevisions: 0.599ms
	PersistCurrentRevisions: 0.329ms
	Untracked: 9.233ms

[Licensing::Client] Successfully resolved entitlement details
info: Microsoft.AspNetCore.Hosting.Diagnostics[1]
      Request starting HTTP/2 POST http://ilpp/UnityILPP.PostProcessing/Ping - application/grpc -
info: Microsoft.AspNetCore.Routing.EndpointMiddleware[0]
      Executing endpoint 'gRPC - /UnityILPP.PostProcessing/Ping'
info: Microsoft.AspNetCore.Routing.EndpointMiddleware[1]
      Executed endpoint 'gRPC - /UnityILPP.PostProcessing/Ping'
info: Microsoft.AspNetCore.Hosting.Diagnostics[2]
      Request finished HTTP/2 POST http://ilpp/UnityILPP.PostProcessing/Ping - 200 - application/grpc 0.1143ms
Starting: C:\Program Files\Unity\Hub\Editor\6000.5.8f1\Editor\Data\Tools\BuildPipeline\bee_backend.exe --ipc --defer-dag-verification --dagfile="Library/Bee/1900b0aE.dag" --continue-on-failure --profile="Library/Bee/backend1.traceevents" ScriptAssemblies
WorkingDir: C:/Users/Len/Lenomation_V3
info: Microsoft.AspNetCore.Hosting.Diagnostics[1]
      Request starting HTTP/2 POST http://ilpp/UnityILPP.PostProcessing/ConfigurePostProcessors - application/grpc -
info: Microsoft.AspNetCore.Routing.EndpointMiddleware[0]
      Executing endpoint 'gRPC - /UnityILPP.PostProcessing/ConfigurePostProcessors'
info: Unity.ILPP.Runner.PostProcessingAssemblyLoadContext[0]
      Current configuration matches the requested one, skipping
info: Microsoft.AspNetCore.Routing.EndpointMiddleware[1]
      Executed endpoint 'gRPC - /UnityILPP.PostProcessing/ConfigurePostProcessors'
info: Microsoft.AspNetCore.Hosting.Diagnostics[2]
      Request finished HTTP/2 POST http://ilpp/UnityILPP.PostProcessing/ConfigurePostProcessors - 200 - application/grpc 0.7680ms
UPID Received '0956883a-88ea-49b2-bde1-fe810ba60755'.
info: Microsoft.AspNetCore.Hosting.Diagnostics[1]
      Request starting HTTP/2 POST http://ilpp/UnityILPP.PostProcessing/PostProcessAssembly - application/grpc -
info: Microsoft.AspNetCore.Hosting.Diagnostics[1]
      Request starting HTTP/2 POST http://ilpp/UnityILPP.PostProcessing/PostProcessAssembly - application/grpc -
info: Microsoft.AspNetCore.Routing.EndpointMiddleware[0]
      Executing endpoint 'gRPC - /UnityILPP.PostProcessing/PostProcessAssembly'
info: Microsoft.AspNetCore.Routing.EndpointMiddleware[0]
      Executing endpoint 'gRPC - /UnityILPP.PostProcessing/PostProcessAssembly'
info: Unity.ILPP.Runner.PostProcessingPipeline[0]
      Processing assembly Library/Bee/artifacts/1900b0aE.dag/Assembly-CSharp.dll, with 144 defines and 366 references
info: Unity.ILPP.Runner.PostProcessingPipeline[0]
      processors: Unity.Jobs.CodeGen.JobsILPostProcessor, zzzUnity.Burst.CodeGen.BurstILPostProcessor
info: Unity.ILPP.Runner.PostProcessingPipeline[0]
      Processing assembly Library/Bee/artifacts/1900b0aE.dag/Assembly-CSharp-Editor.dll, with 142 defines and 390 references
info: Unity.ILPP.Runner.PostProcessingPipeline[0]
      processors: Unity.Jobs.CodeGen.JobsILPostProcessor, zzzUnity.Burst.CodeGen.BurstILPostProcessor
info: Unity.ILPP.Runner.PostProcessingPipeline[0]
      running Unity.Jobs.CodeGen.JobsILPostProcessor
info: Unity.ILPP.Runner.PostProcessingPipeline[0]
      running Unity.Jobs.CodeGen.JobsILPostProcessor
info: Unity.ILPP.Runner.PostProcessingPipeline[0]
      running zzzUnity.Burst.CodeGen.BurstILPostProcessor
info: Unity.ILPP.Runner.PostProcessingPipeline[0]
      running zzzUnity.Burst.CodeGen.BurstILPostProcessor
info: Microsoft.AspNetCore.Routing.EndpointMiddleware[1]
      Executed endpoint 'gRPC - /UnityILPP.PostProcessing/PostProcessAssembly'
info: Microsoft.AspNetCore.Hosting.Diagnostics[2]
      Request finished HTTP/2 POST http://ilpp/UnityILPP.PostProcessing/PostProcessAssembly - 200 - application/grpc 15.8033ms
[Licensing::Client] Error: Code 404 while processing request (status: Found 0 entitlement groups and 0 free entitlements matching requested entitlement ids)
[Licensing::Client] Error: Code 404 while processing request (status: Found 0 entitlement groups and 0 free entitlements matching requested entitlement ids)
[Licensing::Client] Error: Code 404 while processing request (status: Found 0 entitlement groups and 0 free entitlements matching requested entitlement ids)
[Licensing::Client] Error: Code 404 while processing request (status: Found 0 entitlement groups and 0 free entitlements matching requested entitlement ids)
info: Microsoft.AspNetCore.Routing.EndpointMiddleware[1]
      Executed endpoint 'gRPC - /UnityILPP.PostProcessing/PostProcessAssembly'
info: Microsoft.AspNetCore.Hosting.Diagnostics[2]
      Request finished HTTP/2 POST http://ilpp/UnityILPP.PostProcessing/PostProcessAssembly - 200 - application/grpc 24.5750ms
ExitCode: 0 Duration: 0s470ms
[1191/1563  0s] ILPP-Configuration Library/ilpp-configuration.nevergeneratedoutput
[1555/1563  0s] Csc Library/Bee/artifacts/1900b0aE.dag/Assembly-CSharp.dll (+2 others)
[1557/1563  0s] ILPostProcess Library/Bee/artifacts/1900b0aE.dag/post-processed/Assembly-CSharp.dll (+pdb)
Processing assembly Library/Bee/artifacts/1900b0aE.dag/Assembly-CSharp.dll, with 144 defines and 366 references

processors: Unity.Jobs.CodeGen.JobsILPostProcessor, zzzUnity.Burst.CodeGen.BurstILPostProcessor

running Unity.Jobs.CodeGen.JobsILPostProcessor

running zzzUnity.Burst.CodeGen.BurstILPostProcessor
[1558/1563  0s] ILPostProcess Library/Bee/artifacts/1900b0aE.dag/post-processed/Assembly-CSharp-Editor.dll (+pdb)
Processing assembly Library/Bee/artifacts/1900b0aE.dag/Assembly-CSharp-Editor.dll, with 142 defines and 390 references

processors: Unity.Jobs.CodeGen.JobsILPostProcessor, zzzUnity.Burst.CodeGen.BurstILPostProcessor

running Unity.Jobs.CodeGen.JobsILPostProcessor

running zzzUnity.Burst.CodeGen.BurstILPostProcessor
[1559/1563  0s] CopyFiles Library/ScriptAssemblies/Assembly-CSharp.pdb
[1560/1563  0s] CopyFiles Library/ScriptAssemblies/Assembly-CSharp.dll
*** Tundra build success (0.44 seconds), 6 items updated, 1563 evaluated
Reloading assemblies after finishing script compilation.
Reloading assemblies after forced synchronous recompile.
Begin MonoManager ReloadAssembly
Total cache size 268137716
Total cache size after purge 268137716, took 00:00:00.3834443
Symbol file LoadedFromMemory is not a mono symbol file
Symbol file LoadedFromMemory is not a mono symbol file
Refreshing native plugins compatible for Editor in 2.60 ms, found 5 plugins.
Native extension for WindowsStandalone target not found
Native extension for WebGL target not found
[MODES] ModeService[none].Initialize
[MODES] ModeService[none].LoadModes
Refreshing native plugins compatible for Editor in 4.01 ms, found 5 plugins.
[Licensing::Client] Error: Code 404 while processing request (status: Found 0 entitlement groups and 0 free entitlements matching requested entitlement ids)
ScheduleIndexationOnStartup MainProcess:True IndexOnStartup:True
Mono: successfully reloaded assembly
- Finished resetting the current domain, in  3.553 seconds
Domain Reload Profiling: 5483ms
	BeginReloadAssembly (1301ms)
		DisableScriptedObjects (218ms)
		CreateAndSetChildDomain (674ms)
	RebuildCommonClasses (9ms)
	RebuildNativeTypeToScriptingClass (18ms)
	initialDomainReloadingComplete (88ms)
	LoadAllAssembliesAndSetupDomain (511ms)
		LoadAssemblies (148ms)
		AnalyzeDomain (341ms)
			TypeCache.Refresh (13ms)
			BuildScriptInfoCaches (316ms)
			ResolveRequiredComponents (10ms)
	FinalizeReload (3555ms)
		SetupLoadedEditorAssemblies (0ms)
			BeforeProcessingInitializeOnLoad (247ms)
			ProcessInitializeOnLoadAttributes (989ms)
			ProcessInitializeOnLoadMethodAttributes (543ms)
			AfterProcessingInitializeOnLoad (6ms)
		AwakeInstancesAfterBackupRestoration (1161ms)

Asset Pipeline Refresh (id=b6ac640c7c07806459f05fb7333c98e7): Total: 5.832 seconds - Initiated by StopAssetImportingV2(ForceSynchronousImport | ForceDomainReload)
	(Values over 0.05ms)
	Summary:
		Imports: total=0 (actual=0, local cache=0, cache server=0)
		Asset DB Process Time: managed=0 ms, native=3785 ms
		Asset DB Callback time: managed=37 ms, native=0 ms
		Scripting: domain reloads=1, domain reload time=2005 ms, compile time=3 ms, other=0 ms
		Project Asset Count: scripts=2149, non-scripts=5356
		Asset File Changes: new=0, changed=0, moved=0, deleted=0
		Scan Filter Count: 0
	InvokePackagesCallback: 1.963ms
	ApplyChangesToAssetFolders: 0.372ms
	Collect global state as custom dependencies: 3.267ms
	ProcessAssetsWithTransientArtifactChanges: 6.626ms
	CategorizeAssets: 89.329ms
	CompileScripts: 2.984ms
	ImportOutOfDateAssets: 3641.515ms (3577.949ms without children)
		CollectScriptTypesHashes: 1.196ms
		ReloadNativeAssets: 0.912ms
		UnloadImportedAssets: 0.180ms
		EnsureUptoDateAssetsAreRegisteredWithGuidPM: 0.994ms
		ImportSchedulerStart: 61.433ms
	PostProcessAllAssets: 37.479ms
		MonoPostProcessAllAssets: 37.476ms
			AssetReferenceReimportMonitor.OnPostprocessAllAssets 35.406ms
			UniversalRenderPipelineGlobalSettingsPostprocessor.OnPostprocessAllAssets 9.841ms
			BuilderAssetPostprocessor.OnPostprocessAllAssets 7.350ms
			AssetChangedListener.OnPostprocessAllAssets 4.554ms
			UVCSAssetPostprocessor.OnPostprocessAllAssets 3.364ms
			AssetPostprocessor.OnPostprocessAllAssets 3.273ms
			SpriteSlicePostprocessor.OnPostprocessAllAssets 2.454ms
			GraphRefreshPostprocessor.OnPostprocessAllAssets 2.356ms
			SyncVS.PostprocessSyncProject 2.060ms
			SpeedTree9Postprocessor.OnPostprocessAllAssets 1.890ms
			ShaderGraphAssetPostProcessor.OnPostprocessAllAssets 1.789ms
			AssetChangeDetector.OnPostprocessAllAssets 1.740ms
			WindowAssetPostprocessingWatcher.OnPostprocessAllAssets 1.441ms
			EditModeScopePostprocessor.OnPostprocessAllAssets 1.298ms
			RetainedModeAssetPostprocessor.OnPostprocessAllAssets 0.973ms
			SpriteEditorTexturePostprocessor.OnPostprocessAllAssets 0.757ms
			TMPro_TexturePostProcessor.OnPostprocessAllAssets 0.682ms
			MaterialPostprocessor.OnPostprocessAllAssets 0.627ms
			RenderPipelineGlobalSettingsPostprocessor.OnPostprocessAllAssets 0.616ms
			SkillsProjectAssetPostprocessor.OnPostprocessAllAssets 0.597ms
			ModelAssetProcessor.OnPostprocessAllAssets 0.569ms
			ArtifactBrowserPostProcessor.OnPostprocessAllAssets 0.508ms
			PostProcessor.OnPostprocessAllAssets 0.434ms
			TextAssetPostProcessor.OnPostprocessAllAssets 0.413ms
			SampleDependencyImporterPostProcessor.OnPostprocessAllAssets 0.400ms
			InputActionAssetPostprocessor.OnPostprocessAllAssets 0.336ms
			ShaderReflectionAssetPostProcessor.OnPostprocessAllAssets 0.322ms
			AudioMixerPostprocessor.OnPostprocessAllAssets 0.309ms
			InputActionJsonNameModifierAssetProcessor.OnPostprocessAllAssets 0.280ms
			ReferencedClipsPostProcessor.OnPostprocessAllAssets 0.226ms
			StyleCatalogPostProcessor.OnPostprocessAllAssets 0.219ms
			ConfigAssetsTracker.OnPostprocessAllAssets 0.212ms
			SpeedTreePostProcessor.OnPostprocessAllAssets 0.212ms
			AssetEvents.OnPostprocessAllAssets 0.200ms
			SamplePostprocessor.OnPostprocessAllAssets 0.193ms
			ScenarioDriftAssetsTracker.OnPostprocessAllAssets 0.183ms
			ProjectSettingsPostprocessor.OnPostprocessAllAssets 0.180ms
			TerrainToolbarOverlayPostProcessor.OnPostprocessAllAssets 0.168ms
			AssetReloadNotifier.OnPostprocessAllAssets 0.130ms
			AssetDatabaseCallbacks.OnPostprocessAllAssets 0.123ms
			TrackSelectedAssetsProcessor.OnPostprocessAllAssets 0.076ms
			AudioContainerPostProcessor.OnPostprocessAllAssets 0.070ms
	GatherAllCurrentPrimaryImportResultRevisions: 0.311ms
	PersistCurrentRevisions: 0.216ms
	GenerateScriptTypeHashes: 6.432ms
	GenerateScriptTypeSerializationHashes: 11.105ms
	Untracked: 2042.905ms

[Licensing::Client] Error: Code 404 while processing request (status: Found 0 entitlement groups and 0 free entitlements matching requested entitlement ids)
[Licensing::Client] Error: Code 404 while processing request (status: Found 0 entitlement groups and 0 free entitlements matching requested entitlement ids)
[Licensing::Client] Error: Code 404 while processing request (status: Found 0 entitlement groups and 0 free entitlements matching requested entitlement ids)
[Licensing::Client] Successfully resolved entitlement details
[Licensing::Client] Successfully resolved entitlement details
[Licensing::Client] Successfully resolved entitlement details
[Licensing::Client] Successfully resolved entitlement details
[Licensing::Client] Successfully resolved entitlement details
[Licensing::Client] Error: Code 404 while processing request (status: Found 0 entitlement groups and 0 free entitlements matching requested entitlement ids)
[Licensing::Client] Error: Code 404 while processing request (status: Found 0 entitlement groups and 0 free entitlements matching requested entitlement ids)
[Licensing::Client] Error: Code 404 while processing request (status: Found 0 entitlement groups and 0 free entitlements matching requested entitlement ids)
[Licensing::Client] Error: Code 404 while processing request (status: Found 0 entitlement groups and 0 free entitlements matching requested entitlement ids)
[Licensing::Client] Successfully resolved entitlement details
[INFO ] [relay] log Auto-shutdown timer fired after 180s inactivity, shutting down: Dedicated client disconnected
[INFO ] [relay] log Shutdown: Initiating graceful shutdown: Dedicated client disconnected
Asset Pipeline Refresh (id=4cfc6e5070c51ea4b8dbbc1c91c88ca4): Total: 0.011 seconds - Initiated by RefreshV2(NoUpdateAssetOptions)
[Licensing::Client] Successfully resolved entitlement details
[ScriptCompilation] Requested script compilation because: AssetDatabase observed changes in script compilation related files
Refreshing native plugins compatible for Editor in 4.13 ms, found 5 plugins.

Asset Pipeline Refresh (id=ce509593c7b1abf4b99ffc76b54c9be1): Total: 0.427 seconds - Initiated by RefreshV2(NoUpdateAssetOptions)
	(Values over 0.05ms)
	Summary:
		Imports: total=0 (actual=0, local cache=0, cache server=0)
		Asset DB Process Time: managed=0 ms, native=123 ms
		Asset DB Callback time: managed=296 ms, native=5 ms
		Scripting: domain reloads=0, domain reload time=0 ms, compile time=1 ms, other=0 ms
		Project Asset Count: scripts=2149, non-scripts=5356
		Asset File Changes: new=0, changed=1, moved=0, deleted=0
		Scan Filter Count: 0
	ApplyChangesToAssetFolders: 0.118ms
	Scan: 8.281ms
	Collect global state as custom dependencies: 0.334ms
	OnSourceAssetsModified: 0.621ms
	ProcessAssetsWithTransientArtifactChanges: 0.152ms
	CategorizeAssets: 28.942ms
	CompileScripts: 0.565ms
	ImportOutOfDateAssets: 75.516ms (9.724ms without children)
		ReloadNativeAssets: 0.057ms
		UnloadImportedAssets: 0.302ms
		EnsureUptoDateAssetsAreRegisteredWithGuidPM: 0.941ms
		ImportSchedulerStart: 64.490ms
	PostProcessAllAssets: 296.989ms
		XRBuildSystem.XRAssetImported 0.574ms
		MonoPostProcessAllAssets: 295.998ms
			AssetReferenceReimportMonitor.OnPostprocessAllAssets 36.161ms
			BuilderAssetPostprocessor.OnPostprocessAllAssets 8.216ms
			AssetChangedListener.OnPostprocessAllAssets 6.713ms
			AssetPostprocessor.OnPostprocessAllAssets 3.983ms
			SpriteSlicePostprocessor.OnPostprocessAllAssets 3.430ms
			UVCSAssetPostprocessor.OnPostprocessAllAssets 3.260ms
			ShaderGraphAssetPostProcessor.OnPostprocessAllAssets 2.462ms
			SpriteEditorTexturePostprocessor.OnPostprocessAllAssets 1.588ms
			RetainedModeAssetPostprocessor.OnPostprocessAllAssets 1.400ms
			TextAssetPostProcessor.OnPostprocessAllAssets 0.777ms
			ArtifactBrowserPostProcessor.OnPostprocessAllAssets 0.704ms
			MaterialPostprocessor.OnPostprocessAllAssets 0.658ms
			PostProcessor.OnPostprocessAllAssets 0.649ms
			ModelAssetProcessor.OnPostprocessAllAssets 0.606ms
			TMPro_TexturePostProcessor.OnPostprocessAllAssets 0.591ms
			SkillsProjectAssetPostprocessor.OnPostprocessAllAssets 0.551ms
			SamplePostprocessor.OnPostprocessAllAssets 0.381ms
			AudioMixerPostprocessor.OnPostprocessAllAssets 0.314ms
			SampleDependencyImporterPostProcessor.OnPostprocessAllAssets 0.295ms
			InputActionJsonNameModifierAssetProcessor.OnPostprocessAllAssets 0.294ms
			SpeedTreePostProcessor.OnPostprocessAllAssets 0.284ms
			AssetEvents.OnPostprocessAllAssets 0.244ms
			SyncVS.PostprocessSyncProject 0.228ms
			StyleCatalogPostProcessor.OnPostprocessAllAssets 0.222ms
			ScenarioDriftAssetsTracker.OnPostprocessAllAssets 0.192ms
			ConfigAssetsTracker.OnPostprocessAllAssets 0.167ms
			RenderPipelineGlobalSettingsPostprocessor.OnPostprocessAllAssets 0.157ms
			GraphRefreshPostprocessor.OnPostprocessAllAssets 0.126ms
			InputActionAssetPostprocessor.OnPostprocessAllAssets 0.111ms
			AssetReloadNotifier.OnPostprocessAllAssets 0.101ms
			TrackSelectedAssetsProcessor.OnPostprocessAllAssets 0.081ms
			AudioContainerPostProcessor.OnPostprocessAllAssets 0.071ms
	PostAssetChangesProfiler: 4.964ms
	GatherAllCurrentPrimaryImportResultRevisions: 0.272ms
	PersistCurrentRevisions: 0.275ms
	Untracked: 9.543ms

info: Microsoft.AspNetCore.Hosting.Diagnostics[1]
      Request starting HTTP/2 POST http://ilpp/UnityILPP.PostProcessing/Ping - application/grpc -
info: Microsoft.AspNetCore.Routing.EndpointMiddleware[0]
      Executing endpoint 'gRPC - /UnityILPP.PostProcessing/Ping'
info: Microsoft.AspNetCore.Routing.EndpointMiddleware[1]
      Executed endpoint 'gRPC - /UnityILPP.PostProcessing/Ping'
info: Microsoft.AspNetCore.Hosting.Diagnostics[2]
      Request finished HTTP/2 POST http://ilpp/UnityILPP.PostProcessing/Ping - 200 - application/grpc 0.1196ms
Starting: C:\Program Files\Unity\Hub\Editor\6000.5.8f1\Editor\Data\Tools\BuildPipeline\bee_backend.exe --ipc --defer-dag-verification --dagfile="Library/Bee/1900b0aE.dag" --continue-on-failure --profile="Library/Bee/backend1.traceevents" ScriptAssemblies
WorkingDir: C:/Users/Len/Lenomation_V3
info: Microsoft.AspNetCore.Hosting.Diagnostics[1]
      Request starting HTTP/2 POST http://ilpp/UnityILPP.PostProcessing/ConfigurePostProcessors - application/grpc -
info: Microsoft.AspNetCore.Routing.EndpointMiddleware[0]
      Executing endpoint 'gRPC - /UnityILPP.PostProcessing/ConfigurePostProcessors'
info: Unity.ILPP.Runner.PostProcessingAssemblyLoadContext[0]
      Current configuration matches the requested one, skipping
info: Microsoft.AspNetCore.Routing.EndpointMiddleware[1]
      Executed endpoint 'gRPC - /UnityILPP.PostProcessing/ConfigurePostProcessors'
info: Microsoft.AspNetCore.Hosting.Diagnostics[2]
      Request finished HTTP/2 POST http://ilpp/UnityILPP.PostProcessing/ConfigurePostProcessors - 200 - application/grpc 0.6322ms
info: Microsoft.AspNetCore.Hosting.Diagnostics[1]
      Request starting HTTP/2 POST http://ilpp/UnityILPP.PostProcessing/PostProcessAssembly - application/grpc -
info: Microsoft.AspNetCore.Hosting.Diagnostics[1]
      Request starting HTTP/2 POST http://ilpp/UnityILPP.PostProcessing/PostProcessAssembly - application/grpc -
info: Microsoft.AspNetCore.Routing.EndpointMiddleware[0]
      Executing endpoint 'gRPC - /UnityILPP.PostProcessing/PostProcessAssembly'
info: Microsoft.AspNetCore.Routing.EndpointMiddleware[0]
      Executing endpoint 'gRPC - /UnityILPP.PostProcessing/PostProcessAssembly'
info: Unity.ILPP.Runner.PostProcessingPipeline[0]
      Processing assembly Library/Bee/artifacts/1900b0aE.dag/Assembly-CSharp.dll, with 144 defines and 366 references
info: Unity.ILPP.Runner.PostProcessingPipeline[0]
      processors: Unity.Jobs.CodeGen.JobsILPostProcessor, zzzUnity.Burst.CodeGen.BurstILPostProcessor
info: Unity.ILPP.Runner.PostProcessingPipeline[0]
      Processing assembly Library/Bee/artifacts/1900b0aE.dag/Assembly-CSharp-Editor.dll, with 142 defines and 390 references
info: Unity.ILPP.Runner.PostProcessingPipeline[0]
      processors: Unity.Jobs.CodeGen.JobsILPostProcessor, zzzUnity.Burst.CodeGen.BurstILPostProcessor
info: Unity.ILPP.Runner.PostProcessingPipeline[0]
      running Unity.Jobs.CodeGen.JobsILPostProcessor
info: Unity.ILPP.Runner.PostProcessingPipeline[0]
      running Unity.Jobs.CodeGen.JobsILPostProcessor
info: Unity.ILPP.Runner.PostProcessingPipeline[0]
      running zzzUnity.Burst.CodeGen.BurstILPostProcessor
info: Microsoft.AspNetCore.Routing.EndpointMiddleware[1]
      Executed endpoint 'gRPC - /UnityILPP.PostProcessing/PostProcessAssembly'
info: Microsoft.AspNetCore.Hosting.Diagnostics[2]
      Request finished HTTP/2 POST http://ilpp/UnityILPP.PostProcessing/PostProcessAssembly - 200 - application/grpc 11.5342ms
info: Unity.ILPP.Runner.PostProcessingPipeline[0]
      running zzzUnity.Burst.CodeGen.BurstILPostProcessor
info: Microsoft.AspNetCore.Routing.EndpointMiddleware[1]
      Executed endpoint 'gRPC - /UnityILPP.PostProcessing/PostProcessAssembly'
info: Microsoft.AspNetCore.Hosting.Diagnostics[2]
      Request finished HTTP/2 POST http://ilpp/UnityILPP.PostProcessing/PostProcessAssembly - 200 - application/grpc 25.5942ms
ExitCode: 0 Duration: 0s447ms
[1191/1563  0s] ILPP-Configuration Library/ilpp-configuration.nevergeneratedoutput
[1555/1563  0s] Csc Library/Bee/artifacts/1900b0aE.dag/Assembly-CSharp.dll (+2 others)
[1557/1563  0s] ILPostProcess Library/Bee/artifacts/1900b0aE.dag/post-processed/Assembly-CSharp-Editor.dll (+pdb)
Processing assembly Library/Bee/artifacts/1900b0aE.dag/Assembly-CSharp-Editor.dll, with 142 defines and 390 references

processors: Unity.Jobs.CodeGen.JobsILPostProcessor, zzzUnity.Burst.CodeGen.BurstILPostProcessor

running Unity.Jobs.CodeGen.JobsILPostProcessor

running zzzUnity.Burst.CodeGen.BurstILPostProcessor
[1558/1563  0s] ILPostProcess Library/Bee/artifacts/1900b0aE.dag/post-processed/Assembly-CSharp.dll (+pdb)
Processing assembly Library/Bee/artifacts/1900b0aE.dag/Assembly-CSharp.dll, with 144 defines and 366 references

processors: Unity.Jobs.CodeGen.JobsILPostProcessor, zzzUnity.Burst.CodeGen.BurstILPostProcessor

running Unity.Jobs.CodeGen.JobsILPostProcessor

running zzzUnity.Burst.CodeGen.BurstILPostProcessor
[1561/1563  0s] CopyFiles Library/ScriptAssemblies/Assembly-CSharp.pdb
[1562/1563  0s] CopyFiles Library/ScriptAssemblies/Assembly-CSharp.dll
*** Tundra build success (0.42 seconds), 6 items updated, 1563 evaluated
Reloading assemblies after finishing script compilation.
Reloading assemblies after forced synchronous recompile.
Begin MonoManager ReloadAssembly
Total cache size 268137716
Total cache size after purge 268137716, took 00:00:00.3846800
Symbol file LoadedFromMemory is not a mono symbol file
Symbol file LoadedFromMemory is not a mono symbol file
Refreshing native plugins compatible for Editor in 3.35 ms, found 5 plugins.
Native extension for WindowsStandalone target not found
Native extension for WebGL target not found
[MODES] ModeService[none].Initialize
[MODES] ModeService[none].LoadModes
Refreshing native plugins compatible for Editor in 4.65 ms, found 5 plugins.
[Licensing::Client] Error: Code 404 while processing request (status: Found 0 entitlement groups and 0 free entitlements matching requested entitlement ids)
ScheduleIndexationOnStartup MainProcess:True IndexOnStartup:True
Mono: successfully reloaded assembly
- Finished resetting the current domain, in  3.588 seconds
Domain Reload Profiling: 5538ms
	BeginReloadAssembly (1122ms)
		DisableScriptedObjects (148ms)
		CreateAndSetChildDomain (634ms)
	RebuildCommonClasses (16ms)
	RebuildNativeTypeToScriptingClass (25ms)
	initialDomainReloadingComplete (98ms)
	LoadAllAssembliesAndSetupDomain (686ms)
		LoadAssemblies (159ms)
		AnalyzeDomain (487ms)
			TypeCache.Refresh (13ms)
			BuildScriptInfoCaches (455ms)
			ResolveRequiredComponents (16ms)
	FinalizeReload (3590ms)
		SetupLoadedEditorAssemblies (0ms)
			BeforeProcessingInitializeOnLoad (311ms)
			ProcessInitializeOnLoadAttributes (1058ms)
			ProcessInitializeOnLoadMethodAttributes (478ms)
			AfterProcessingInitializeOnLoad (7ms)
		AwakeInstancesAfterBackupRestoration (966ms)

Asset Pipeline Refresh (id=b914a73f683d38944ba2a77d19817028): Total: 5.906 seconds - Initiated by StopAssetImportingV2(ForceSynchronousImport | ForceDomainReload)
	(Values over 0.05ms)
	Summary:
		Imports: total=0 (actual=0, local cache=0, cache server=0)
		Asset DB Process Time: managed=0 ms, native=3832 ms
		Asset DB Callback time: managed=37 ms, native=0 ms
		Scripting: domain reloads=1, domain reload time=2033 ms, compile time=2 ms, other=0 ms
		Project Asset Count: scripts=2149, non-scripts=5356
		Asset File Changes: new=0, changed=0, moved=0, deleted=0
		Scan Filter Count: 0
	InvokePackagesCallback: 1.653ms
	ApplyChangesToAssetFolders: 0.426ms
	Collect global state as custom dependencies: 2.928ms
	ProcessAssetsWithTransientArtifactChanges: 7.628ms
	CategorizeAssets: 102.074ms
	CompileScripts: 2.289ms
	ImportOutOfDateAssets: 3674.761ms (3610.368ms without children)
		CollectScriptTypesHashes: 1.204ms
		ReloadNativeAssets: 2.062ms
		UnloadImportedAssets: 0.199ms
		EnsureUptoDateAssetsAreRegisteredWithGuidPM: 1.030ms
		ImportSchedulerStart: 61.060ms
	PostProcessAllAssets: 37.413ms
		MonoPostProcessAllAssets: 37.409ms
			AssetReferenceReimportMonitor.OnPostprocessAllAssets 36.161ms
			UniversalRenderPipelineGlobalSettingsPostprocessor.OnPostprocessAllAssets 9.062ms
			BuilderAssetPostprocessor.OnPostprocessAllAssets 8.216ms
			AssetChangedListener.OnPostprocessAllAssets 6.713ms
			AssetPostprocessor.OnPostprocessAllAssets 3.983ms
			GraphRefreshPostprocessor.OnPostprocessAllAssets 3.831ms
			SpriteSlicePostprocessor.OnPostprocessAllAssets 3.430ms
			UVCSAssetPostprocessor.OnPostprocessAllAssets 3.260ms
			ShaderGraphAssetPostProcessor.OnPostprocessAllAssets 2.462ms
			WindowAssetPostprocessingWatcher.OnPostprocessAllAssets 2.110ms
			SyncVS.PostprocessSyncProject 1.672ms
			SpriteEditorTexturePostprocessor.OnPostprocessAllAssets 1.588ms
			SpeedTree9Postprocessor.OnPostprocessAllAssets 1.530ms
			RetainedModeAssetPostprocessor.OnPostprocessAllAssets 1.400ms
			EditModeScopePostprocessor.OnPostprocessAllAssets 1.240ms
			AssetChangeDetector.OnPostprocessAllAssets 1.144ms
			RenderPipelineGlobalSettingsPostprocessor.OnPostprocessAllAssets 0.948ms
			TextAssetPostProcessor.OnPostprocessAllAssets 0.777ms
			ArtifactBrowserPostProcessor.OnPostprocessAllAssets 0.704ms
			MaterialPostprocessor.OnPostprocessAllAssets 0.658ms
			PostProcessor.OnPostprocessAllAssets 0.649ms
			ModelAssetProcessor.OnPostprocessAllAssets 0.606ms
			TMPro_TexturePostProcessor.OnPostprocessAllAssets 0.591ms
			SkillsProjectAssetPostprocessor.OnPostprocessAllAssets 0.551ms
			SamplePostprocessor.OnPostprocessAllAssets 0.381ms
			ReferencedClipsPostProcessor.OnPostprocessAllAssets 0.356ms
			AudioMixerPostprocessor.OnPostprocessAllAssets 0.314ms
			ShaderReflectionAssetPostProcessor.OnPostprocessAllAssets 0.301ms
			SampleDependencyImporterPostProcessor.OnPostprocessAllAssets 0.295ms
			InputActionJsonNameModifierAssetProcessor.OnPostprocessAllAssets 0.294ms
			SpeedTreePostProcessor.OnPostprocessAllAssets 0.284ms
			AssetEvents.OnPostprocessAllAssets 0.244ms
			InputActionAssetPostprocessor.OnPostprocessAllAssets 0.239ms
			StyleCatalogPostProcessor.OnPostprocessAllAssets 0.222ms
			AssetDatabaseCallbacks.OnPostprocessAllAssets 0.196ms
			ScenarioDriftAssetsTracker.OnPostprocessAllAssets 0.192ms
			TerrainToolbarOverlayPostProcessor.OnPostprocessAllAssets 0.184ms
			ConfigAssetsTracker.OnPostprocessAllAssets 0.167ms
			ProjectSettingsPostprocessor.OnPostprocessAllAssets 0.161ms
			AssetReloadNotifier.OnPostprocessAllAssets 0.101ms
			TrackSelectedAssetsProcessor.OnPostprocessAllAssets 0.081ms
			AudioContainerPostProcessor.OnPostprocessAllAssets 0.071ms
	GatherAllCurrentPrimaryImportResultRevisions: 0.313ms
	PersistCurrentRevisions: 0.258ms
	GenerateScriptTypeHashes: 10.005ms
	GenerateScriptTypeSerializationHashes: 18.163ms
	Untracked: 2071.663ms

[Licensing::Client] Error: Code 404 while processing request (status: Found 0 entitlement groups and 0 free entitlements matching requested entitlement ids)
[Licensing::Client] Successfully resolved entitlement details
[Licensing::Client] Successfully resolved entitlement details
[Licensing::Client] Successfully resolved entitlement details
[Licensing::Client] Successfully resolved entitlement details
[ScriptCompilation] Requested script compilation because: AssetDatabase observed changes in script compilation related files
Refreshing native plugins compatible for Editor in 2.56 ms, found 5 plugins.

Asset Pipeline Refresh (id=efc1ce9f3df008441ae44a86a73af11a): Total: 0.360 seconds - Initiated by RefreshV2(NoUpdateAssetOptions)
	(Values over 0.05ms)
	Summary:
		Imports: total=0 (actual=0, local cache=0, cache server=0)
		Asset DB Process Time: managed=0 ms, native=112 ms
		Asset DB Callback time: managed=241 ms, native=4 ms
		Scripting: domain reloads=0, domain reload time=0 ms, compile time=1 ms, other=0 ms
		Project Asset Count: scripts=2149, non-scripts=5356
		Asset File Changes: new=0, changed=1, moved=0, deleted=0
		Scan Filter Count: 0
	ApplyChangesToAssetFolders: 0.108ms
	Scan: 8.626ms
	Collect global state as custom dependencies: 0.282ms
	OnSourceAssetsModified: 0.767ms
	ProcessAssetsWithTransientArtifactChanges: 0.191ms
	CategorizeAssets: 21.804ms
	CompileScripts: 0.903ms
	ImportOutOfDateAssets: 71.529ms (10.234ms without children)
		UnloadImportedAssets: 0.171ms
		EnsureUptoDateAssetsAreRegisteredWithGuidPM: 1.025ms
		ImportSchedulerStart: 60.046ms
	PostProcessAllAssets: 242.107ms
		XRBuildSystem.XRAssetImported 0.967ms
		MonoPostProcessAllAssets: 240.671ms
			AssetReferenceReimportMonitor.OnPostprocessAllAssets 31.874ms
			BuilderAssetPostprocessor.OnPostprocessAllAssets 5.897ms
			AssetPostprocessor.OnPostprocessAllAssets 5.225ms
			AssetChangedListener.OnPostprocessAllAssets 5.216ms
			UVCSAssetPostprocessor.OnPostprocessAllAssets 3.162ms
			SpriteSlicePostprocessor.OnPostprocessAllAssets 2.124ms
			ShaderGraphAssetPostProcessor.OnPostprocessAllAssets 1.360ms
			RetainedModeAssetPostprocessor.OnPostprocessAllAssets 1.067ms
			TMPro_TexturePostProcessor.OnPostprocessAllAssets 0.605ms
			SpriteEditorTexturePostprocessor.OnPostprocessAllAssets 0.595ms
			ModelAssetProcessor.OnPostprocessAllAssets 0.533ms
			MaterialPostprocessor.OnPostprocessAllAssets 0.479ms
			ArtifactBrowserPostProcessor.OnPostprocessAllAssets 0.470ms
			SkillsProjectAssetPostprocessor.OnPostprocessAllAssets 0.385ms
			AudioMixerPostprocessor.OnPostprocessAllAssets 0.346ms
			SampleDependencyImporterPostProcessor.OnPostprocessAllAssets 0.338ms
			PostProcessor.OnPostprocessAllAssets 0.322ms
			TextAssetPostProcessor.OnPostprocessAllAssets 0.321ms
			InputActionJsonNameModifierAssetProcessor.OnPostprocessAllAssets 0.262ms
			StyleCatalogPostProcessor.OnPostprocessAllAssets 0.247ms
			AssetEvents.OnPostprocessAllAssets 0.231ms
			SyncVS.PostprocessSyncProject 0.211ms
			ConfigAssetsTracker.OnPostprocessAllAssets 0.198ms
			SamplePostprocessor.OnPostprocessAllAssets 0.171ms
			ScenarioDriftAssetsTracker.OnPostprocessAllAssets 0.163ms
			SpeedTreePostProcessor.OnPostprocessAllAssets 0.142ms
			AssetReloadNotifier.OnPostprocessAllAssets 0.122ms
			RenderPipelineGlobalSettingsPostprocessor.OnPostprocessAllAssets 0.112ms
			InputActionAssetPostprocessor.OnPostprocessAllAssets 0.099ms
			GraphRefreshPostprocessor.OnPostprocessAllAssets 0.071ms
			AudioContainerPostProcessor.OnPostprocessAllAssets 0.065ms
			TrackSelectedAssetsProcessor.OnPostprocessAllAssets 0.053ms
	PostAssetChangesProfiler: 3.212ms
	GatherAllCurrentPrimaryImportResultRevisions: 0.244ms
	PersistCurrentRevisions: 0.246ms
	Untracked: 9.746ms

[Licensing::Client] Successfully resolved entitlement details
info: Microsoft.AspNetCore.Hosting.Diagnostics[1]
      Request starting HTTP/2 POST http://ilpp/UnityILPP.PostProcessing/Ping - application/grpc -
info: Microsoft.AspNetCore.Routing.EndpointMiddleware[0]
      Executing endpoint 'gRPC - /UnityILPP.PostProcessing/Ping'
info: Microsoft.AspNetCore.Routing.EndpointMiddleware[1]
      Executed endpoint 'gRPC - /UnityILPP.PostProcessing/Ping'
info: Microsoft.AspNetCore.Hosting.Diagnostics[2]
      Request finished HTTP/2 POST http://ilpp/UnityILPP.PostProcessing/Ping - 200 - application/grpc 0.0990ms
Starting: C:\Program Files\Unity\Hub\Editor\6000.5.8f1\Editor\Data\Tools\BuildPipeline\bee_backend.exe --ipc --defer-dag-verification --dagfile="Library/Bee/1900b0aE.dag" --continue-on-failure --profile="Library/Bee/backend1.traceevents" ScriptAssemblies
WorkingDir: C:/Users/Len/Lenomation_V3
info: Microsoft.AspNetCore.Hosting.Diagnostics[1]
      Request starting HTTP/2 POST http://ilpp/UnityILPP.PostProcessing/ConfigurePostProcessors - application/grpc -
info: Microsoft.AspNetCore.Routing.EndpointMiddleware[0]
      Executing endpoint 'gRPC - /UnityILPP.PostProcessing/ConfigurePostProcessors'
info: Unity.ILPP.Runner.PostProcessingAssemblyLoadContext[0]
      Current configuration matches the requested one, skipping
info: Microsoft.AspNetCore.Routing.EndpointMiddleware[1]
      Executed endpoint 'gRPC - /UnityILPP.PostProcessing/ConfigurePostProcessors'
info: Microsoft.AspNetCore.Hosting.Diagnostics[2]
      Request finished HTTP/2 POST http://ilpp/UnityILPP.PostProcessing/ConfigurePostProcessors - 200 - application/grpc 0.6207ms
info: Microsoft.AspNetCore.Hosting.Diagnostics[1]
      Request starting HTTP/2 POST http://ilpp/UnityILPP.PostProcessing/PostProcessAssembly - application/grpc -
info: Microsoft.AspNetCore.Routing.EndpointMiddleware[0]
      Executing endpoint 'gRPC - /UnityILPP.PostProcessing/PostProcessAssembly'
info: Unity.ILPP.Runner.PostProcessingPipeline[0]
      Processing assembly Library/Bee/artifacts/1900b0aE.dag/Assembly-CSharp.dll, with 144 defines and 366 references
info: Unity.ILPP.Runner.PostProcessingPipeline[0]
      processors: Unity.Jobs.CodeGen.JobsILPostProcessor, zzzUnity.Burst.CodeGen.BurstILPostProcessor
info: Unity.ILPP.Runner.PostProcessingPipeline[0]
      running Unity.Jobs.CodeGen.JobsILPostProcessor
info: Unity.ILPP.Runner.PostProcessingPipeline[0]
      running zzzUnity.Burst.CodeGen.BurstILPostProcessor
info: Microsoft.AspNetCore.Routing.EndpointMiddleware[1]
      Executed endpoint 'gRPC - /UnityILPP.PostProcessing/PostProcessAssembly'
info: Microsoft.AspNetCore.Hosting.Diagnostics[2]
      Request finished HTTP/2 POST http://ilpp/UnityILPP.PostProcessing/PostProcessAssembly - 200 - application/grpc 15.7720ms
info: Microsoft.AspNetCore.Hosting.Diagnostics[1]
      Request starting HTTP/2 POST http://ilpp/UnityILPP.PostProcessing/PostProcessAssembly - application/grpc -
info: Microsoft.AspNetCore.Routing.EndpointMiddleware[0]
      Executing endpoint 'gRPC - /UnityILPP.PostProcessing/PostProcessAssembly'
info: Unity.ILPP.Runner.PostProcessingPipeline[0]
      Processing assembly Library/Bee/artifacts/1900b0aE.dag/Assembly-CSharp-Editor.dll, with 142 defines and 390 references
info: Unity.ILPP.Runner.PostProcessingPipeline[0]
      processors: Unity.Jobs.CodeGen.JobsILPostProcessor, zzzUnity.Burst.CodeGen.BurstILPostProcessor
info: Unity.ILPP.Runner.PostProcessingPipeline[0]
      running Unity.Jobs.CodeGen.JobsILPostProcessor
info: Unity.ILPP.Runner.PostProcessingPipeline[0]
      running zzzUnity.Burst.CodeGen.BurstILPostProcessor
info: Microsoft.AspNetCore.Routing.EndpointMiddleware[1]
      Executed endpoint 'gRPC - /UnityILPP.PostProcessing/PostProcessAssembly'
info: Microsoft.AspNetCore.Hosting.Diagnostics[2]
      Request finished HTTP/2 POST http://ilpp/UnityILPP.PostProcessing/PostProcessAssembly - 200 - application/grpc 22.5017ms
ExitCode: 0 Duration: 0s617ms
[1191/1563  0s] ILPP-Configuration Library/ilpp-configuration.nevergeneratedoutput
[1555/1563  0s] Csc Library/Bee/artifacts/1900b0aE.dag/Assembly-CSharp.dll (+2 others)
[1556/1563  0s] ILPostProcess Library/Bee/artifacts/1900b0aE.dag/post-processed/Assembly-CSharp.dll (+pdb)
Processing assembly Library/Bee/artifacts/1900b0aE.dag/Assembly-CSharp.dll, with 144 defines and 366 references

processors: Unity.Jobs.CodeGen.JobsILPostProcessor, zzzUnity.Burst.CodeGen.BurstILPostProcessor

running Unity.Jobs.CodeGen.JobsILPostProcessor

running zzzUnity.Burst.CodeGen.BurstILPostProcessor
[1557/1563  0s] CopyFiles Library/ScriptAssemblies/Assembly-CSharp.dll
[1558/1563  0s] CopyFiles Library/ScriptAssemblies/Assembly-CSharp.pdb
[1559/1563  0s] Csc Library/Bee/artifacts/1900b0aE.dag/Assembly-CSharp-Editor.dll (+2 others)
[1560/1563  0s] ILPostProcess Library/Bee/artifacts/1900b0aE.dag/post-processed/Assembly-CSharp-Editor.dll (+pdb)
Processing assembly Library/Bee/artifacts/1900b0aE.dag/Assembly-CSharp-Editor.dll, with 142 defines and 390 references

processors: Unity.Jobs.CodeGen.JobsILPostProcessor, zzzUnity.Burst.CodeGen.BurstILPostProcessor

running Unity.Jobs.CodeGen.JobsILPostProcessor

running zzzUnity.Burst.CodeGen.BurstILPostProcessor
[1561/1563  0s] CopyFiles Library/ScriptAssemblies/Assembly-CSharp-Editor.dll
[1562/1563  0s] CopyFiles Library/ScriptAssemblies/Assembly-CSharp-Editor.pdb
*** Tundra build success (0.59 seconds), 9 items updated, 1563 evaluated
Reloading assemblies after finishing script compilation.
Reloading assemblies after forced synchronous recompile.
Begin MonoManager ReloadAssembly
Total cache size 268137716
Total cache size after purge 268137716, took 00:00:00.3750740
Symbol file LoadedFromMemory is not a mono symbol file
Symbol file LoadedFromMemory is not a mono symbol file
Refreshing native plugins compatible for Editor in 2.86 ms, found 5 plugins.
Native extension for WindowsStandalone target not found
Native extension for WebGL target not found
[MODES] ModeService[none].Initialize
[MODES] ModeService[none].LoadModes
Refreshing native plugins compatible for Editor in 4.32 ms, found 5 plugins.
[Licensing::Client] Error: Code 404 while processing request (status: Found 0 entitlement groups and 0 free entitlements matching requested entitlement ids)
ScheduleIndexationOnStartup MainProcess:True IndexOnStartup:True
Mono: successfully reloaded assembly
- Finished resetting the current domain, in  3.496 seconds
Domain Reload Profiling: 5420ms
	BeginReloadAssembly (1278ms)
		DisableScriptedObjects (168ms)
		CreateAndSetChildDomain (758ms)
	RebuildCommonClasses (13ms)
	RebuildNativeTypeToScriptingClass (19ms)
	initialDomainReloadingComplete (116ms)
	LoadAllAssembliesAndSetupDomain (497ms)
		LoadAssemblies (173ms)
		AnalyzeDomain (327ms)
			TypeCache.Refresh (13ms)
			BuildScriptInfoCaches (303ms)
			ResolveRequiredComponents (9ms)
	FinalizeReload (3498ms)
		SetupLoadedEditorAssemblies (0ms)
			BeforeProcessingInitializeOnLoad (265ms)
			ProcessInitializeOnLoadAttributes (1008ms)
			ProcessInitializeOnLoadMethodAttributes (500ms)
			AfterProcessingInitializeOnLoad (6ms)
		AwakeInstancesAfterBackupRestoration (1114ms)

Asset Pipeline Refresh (id=9b86cc4ade1cce04abde8509de5bf484): Total: 5.779 seconds - Initiated by StopAssetImportingV2(ForceSynchronousImport | ForceDomainReload)
	(Values over 0.05ms)
	Summary:
		Imports: total=0 (actual=0, local cache=0, cache server=0)
		Asset DB Process Time: managed=0 ms, native=3731 ms
		Asset DB Callback time: managed=43 ms, native=0 ms
		Scripting: domain reloads=1, domain reload time=2000 ms, compile time=3 ms, other=0 ms
		Project Asset Count: scripts=2149, non-scripts=5356
		Asset File Changes: new=0, changed=0, moved=0, deleted=0
		Scan Filter Count: 0
	InvokePackagesCallback: 1.652ms
	ApplyChangesToAssetFolders: 0.324ms
	Collect global state as custom dependencies: 2.860ms
	ProcessAssetsWithTransientArtifactChanges: 6.757ms
	CategorizeAssets: 92.377ms
	CompileScripts: 2.943ms
	ImportOutOfDateAssets: 3584.596ms (3517.714ms without children)
		CollectScriptTypesHashes: 1.259ms
		ReloadNativeAssets: 1.323ms
		UnloadImportedAssets: 0.183ms
		EnsureUptoDateAssetsAreRegisteredWithGuidPM: 1.089ms
		ImportSchedulerStart: 64.239ms
	PostProcessAllAssets: 43.898ms
		MonoPostProcessAllAssets: 43.893ms
			AssetReferenceReimportMonitor.OnPostprocessAllAssets 31.874ms
			UniversalRenderPipelineGlobalSettingsPostprocessor.OnPostprocessAllAssets 15.224ms
			BuilderAssetPostprocessor.OnPostprocessAllAssets 5.897ms
			AssetPostprocessor.OnPostprocessAllAssets 5.225ms
			AssetChangedListener.OnPostprocessAllAssets 5.216ms
			GraphRefreshPostprocessor.OnPostprocessAllAssets 4.032ms
			UVCSAssetPostprocessor.OnPostprocessAllAssets 3.162ms
			SpeedTree9Postprocessor.OnPostprocessAllAssets 2.675ms
			SyncVS.PostprocessSyncProject 2.391ms
			WindowAssetPostprocessingWatcher.OnPostprocessAllAssets 2.141ms
			SpriteSlicePostprocessor.OnPostprocessAllAssets 2.124ms
			ShaderGraphAssetPostProcessor.OnPostprocessAllAssets 1.360ms
			AssetChangeDetector.OnPostprocessAllAssets 1.338ms
			EditModeScopePostprocessor.OnPostprocessAllAssets 1.225ms
			RenderPipelineGlobalSettingsPostprocessor.OnPostprocessAllAssets 1.209ms
			RetainedModeAssetPostprocessor.OnPostprocessAllAssets 1.067ms
			TMPro_TexturePostProcessor.OnPostprocessAllAssets 0.605ms
			SpriteEditorTexturePostprocessor.OnPostprocessAllAssets 0.595ms
			ModelAssetProcessor.OnPostprocessAllAssets 0.533ms
			MaterialPostprocessor.OnPostprocessAllAssets 0.479ms
			ArtifactBrowserPostProcessor.OnPostprocessAllAssets 0.470ms
			ShaderReflectionAssetPostProcessor.OnPostprocessAllAssets 0.422ms
			SkillsProjectAssetPostprocessor.OnPostprocessAllAssets 0.385ms
			ReferencedClipsPostProcessor.OnPostprocessAllAssets 0.378ms
			AudioMixerPostprocessor.OnPostprocessAllAssets 0.346ms
			SampleDependencyImporterPostProcessor.OnPostprocessAllAssets 0.338ms
			InputActionAssetPostprocessor.OnPostprocessAllAssets 0.325ms
			PostProcessor.OnPostprocessAllAssets 0.322ms
			TextAssetPostProcessor.OnPostprocessAllAssets 0.321ms
			ProjectSettingsPostprocessor.OnPostprocessAllAssets 0.279ms
			InputActionJsonNameModifierAssetProcessor.OnPostprocessAllAssets 0.262ms
			StyleCatalogPostProcessor.OnPostprocessAllAssets 0.247ms
			AssetEvents.OnPostprocessAllAssets 0.231ms
			TerrainToolbarOverlayPostProcessor.OnPostprocessAllAssets 0.224ms
			ConfigAssetsTracker.OnPostprocessAllAssets 0.198ms
			AssetDatabaseCallbacks.OnPostprocessAllAssets 0.188ms
			SamplePostprocessor.OnPostprocessAllAssets 0.171ms
			ScenarioDriftAssetsTracker.OnPostprocessAllAssets 0.163ms
			SpeedTreePostProcessor.OnPostprocessAllAssets 0.142ms
			AssetReloadNotifier.OnPostprocessAllAssets 0.122ms
			AudioContainerPostProcessor.OnPostprocessAllAssets 0.065ms
			TrackSelectedAssetsProcessor.OnPostprocessAllAssets 0.053ms
	GatherAllCurrentPrimaryImportResultRevisions: 0.374ms
	PersistCurrentRevisions: 0.237ms
	GenerateScriptTypeHashes: 7.201ms
	GenerateScriptTypeSerializationHashes: 12.513ms
	Untracked: 2038.162ms

[Licensing::Client] Error: Code 404 while processing request (status: Found 0 entitlement groups and 0 free entitlements matching requested entitlement ids)
[Licensing::Client] Successfully resolved entitlement details
[Licensing::Client] Successfully resolved entitlement details
[Licensing::Client] Successfully resolved entitlement details
[Licensing::Client] Successfully resolved entitlement details
[Licensing::Client] Successfully resolved entitlement details
[Licensing::Client] Successfully resolved entitlement details
[Licensing::Client] Successfully resolved entitlement details
[Licensing::Client] Error: Code 404 while processing request (status: Found 0 entitlement groups and 0 free entitlements matching requested entitlement ids)
[Licensing::Client] Error: Code 404 while processing request (status: Found 0 entitlement groups and 0 free entitlements matching requested entitlement ids)
[Licensing::Client] Error: Code 404 while processing request (status: Found 0 entitlement groups and 0 free entitlements matching requested entitlement ids)
[Licensing::Client] Error: Code 404 while processing request (status: Found 0 entitlement groups and 0 free entitlements matching requested entitlement ids)
[Licensing::Client] Successfully resolved entitlement details
[Licensing::Client] Successfully resolved entitlement details
[Licensing::Client] Error: Code 404 while processing request (status: Found 0 entitlement groups and 0 free entitlements matching requested entitlement ids)
[Licensing::Client] Error: Code 404 while processing request (status: Found 0 entitlement groups and 0 free entitlements matching requested entitlement ids)
[ScriptCompilation] Requested script compilation because: AssetDatabase observed changes in script compilation related files
Refreshing native plugins compatible for Editor in 3.46 ms, found 5 plugins.

Asset Pipeline Refresh (id=38acaab8f9081aa43b8c1a80c9b11d8b): Total: 0.400 seconds - Initiated by RefreshV2(NoUpdateAssetOptions)
	(Values over 0.05ms)
	Summary:
		Imports: total=0 (actual=0, local cache=0, cache server=0)
		Asset DB Process Time: managed=0 ms, native=115 ms
		Asset DB Callback time: managed=278 ms, native=5 ms
		Scripting: domain reloads=0, domain reload time=0 ms, compile time=1 ms, other=0 ms
		Project Asset Count: scripts=2149, non-scripts=5356
		Asset File Changes: new=0, changed=1, moved=0, deleted=0
		Scan Filter Count: 0
	ApplyChangesToAssetFolders: 0.133ms
	Scan: 8.582ms
	Collect global state as custom dependencies: 0.265ms
	OnSourceAssetsModified: 0.621ms
	ProcessAssetsWithTransientArtifactChanges: 0.137ms
	CategorizeAssets: 23.783ms
	CompileScripts: 0.613ms
	ImportOutOfDateAssets: 73.073ms (10.538ms without children)
		ReloadNativeAssets: 0.053ms
		UnloadImportedAssets: 0.188ms
		EnsureUptoDateAssetsAreRegisteredWithGuidPM: 0.785ms
		ImportSchedulerStart: 61.506ms
	PostProcessAllAssets: 279.638ms
		XRBuildSystem.XRAssetImported 0.822ms
		MonoPostProcessAllAssets: 278.260ms
			AssetReferenceReimportMonitor.OnPostprocessAllAssets 36.519ms
			BuilderAssetPostprocessor.OnPostprocessAllAssets 7.942ms
			AssetChangedListener.OnPostprocessAllAssets 5.867ms
			AssetPostprocessor.OnPostprocessAllAssets 4.092ms
			UVCSAssetPostprocessor.OnPostprocessAllAssets 3.708ms
			SpriteSlicePostprocessor.OnPostprocessAllAssets 2.251ms
			RetainedModeAssetPostprocessor.OnPostprocessAllAssets 1.975ms
			ShaderGraphAssetPostProcessor.OnPostprocessAllAssets 1.885ms
			ArtifactBrowserPostProcessor.OnPostprocessAllAssets 0.844ms
			TMPro_TexturePostProcessor.OnPostprocessAllAssets 0.808ms
			AudioMixerPostprocessor.OnPostprocessAllAssets 0.750ms
			SpriteEditorTexturePostprocessor.OnPostprocessAllAssets 0.745ms
			ModelAssetProcessor.OnPostprocessAllAssets 0.605ms
			SkillsProjectAssetPostprocessor.OnPostprocessAllAssets 0.604ms
			PostProcessor.OnPostprocessAllAssets 0.558ms
			SampleDependencyImporterPostProcessor.OnPostprocessAllAssets 0.508ms
			MaterialPostprocessor.OnPostprocessAllAssets 0.461ms
			TextAssetPostProcessor.OnPostprocessAllAssets 0.355ms
			AssetEvents.OnPostprocessAllAssets 0.293ms
			StyleCatalogPostProcessor.OnPostprocessAllAssets 0.289ms
			InputActionJsonNameModifierAssetProcessor.OnPostprocessAllAssets 0.257ms
			ScenarioDriftAssetsTracker.OnPostprocessAllAssets 0.246ms
			SpeedTreePostProcessor.OnPostprocessAllAssets 0.220ms
			ConfigAssetsTracker.OnPostprocessAllAssets 0.216ms
			SyncVS.PostprocessSyncProject 0.215ms
			InputActionAssetPostprocessor.OnPostprocessAllAssets 0.187ms
			AudioContainerPostProcessor.OnPostprocessAllAssets 0.154ms
			GraphRefreshPostprocessor.OnPostprocessAllAssets 0.151ms
			SamplePostprocessor.OnPostprocessAllAssets 0.151ms
			RenderPipelineGlobalSettingsPostprocessor.OnPostprocessAllAssets 0.149ms
			AssetReloadNotifier.OnPostprocessAllAssets 0.147ms
			TrackSelectedAssetsProcessor.OnPostprocessAllAssets 0.096ms
	PostAssetChangesProfiler: 4.162ms
	GatherAllCurrentPrimaryImportResultRevisions: 0.258ms
	PersistCurrentRevisions: 0.269ms
	Untracked: 8.832ms

info: Microsoft.AspNetCore.Hosting.Diagnostics[1]
      Request starting HTTP/2 POST http://ilpp/UnityILPP.PostProcessing/Ping - application/grpc -
info: Microsoft.AspNetCore.Routing.EndpointMiddleware[0]
      Executing endpoint 'gRPC - /UnityILPP.PostProcessing/Ping'
info: Microsoft.AspNetCore.Routing.EndpointMiddleware[1]
      Executed endpoint 'gRPC - /UnityILPP.PostProcessing/Ping'
info: Microsoft.AspNetCore.Hosting.Diagnostics[2]
      Request finished HTTP/2 POST http://ilpp/UnityILPP.PostProcessing/Ping - 200 - application/grpc 0.2013ms
Starting: C:\Program Files\Unity\Hub\Editor\6000.5.8f1\Editor\Data\Tools\BuildPipeline\bee_backend.exe --ipc --defer-dag-verification --dagfile="Library/Bee/1900b0aE.dag" --continue-on-failure --profile="Library/Bee/backend1.traceevents" ScriptAssemblies
WorkingDir: C:/Users/Len/Lenomation_V3
info: Microsoft.AspNetCore.Hosting.Diagnostics[1]
      Request starting HTTP/2 POST http://ilpp/UnityILPP.PostProcessing/ConfigurePostProcessors - application/grpc -
info: Microsoft.AspNetCore.Routing.EndpointMiddleware[0]
      Executing endpoint 'gRPC - /UnityILPP.PostProcessing/ConfigurePostProcessors'
info: Unity.ILPP.Runner.PostProcessingAssemblyLoadContext[0]
      Current configuration matches the requested one, skipping
info: Microsoft.AspNetCore.Routing.EndpointMiddleware[1]
      Executed endpoint 'gRPC - /UnityILPP.PostProcessing/ConfigurePostProcessors'
info: Microsoft.AspNetCore.Hosting.Diagnostics[2]
      Request finished HTTP/2 POST http://ilpp/UnityILPP.PostProcessing/ConfigurePostProcessors - 200 - application/grpc 0.8465ms
info: Microsoft.AspNetCore.Hosting.Diagnostics[1]
      Request starting HTTP/2 POST http://ilpp/UnityILPP.PostProcessing/PostProcessAssembly - application/grpc -
info: Microsoft.AspNetCore.Routing.EndpointMiddleware[0]
      Executing endpoint 'gRPC - /UnityILPP.PostProcessing/PostProcessAssembly'
info: Unity.ILPP.Runner.PostProcessingPipeline[0]
      Processing assembly Library/Bee/artifacts/1900b0aE.dag/Assembly-CSharp.dll, with 144 defines and 366 references
info: Unity.ILPP.Runner.PostProcessingPipeline[0]
      processors: Unity.Jobs.CodeGen.JobsILPostProcessor, zzzUnity.Burst.CodeGen.BurstILPostProcessor
info: Unity.ILPP.Runner.PostProcessingPipeline[0]
      running Unity.Jobs.CodeGen.JobsILPostProcessor
info: Unity.ILPP.Runner.PostProcessingPipeline[0]
      running zzzUnity.Burst.CodeGen.BurstILPostProcessor
info: Microsoft.AspNetCore.Routing.EndpointMiddleware[1]
      Executed endpoint 'gRPC - /UnityILPP.PostProcessing/PostProcessAssembly'
info: Microsoft.AspNetCore.Hosting.Diagnostics[2]
      Request finished HTTP/2 POST http://ilpp/UnityILPP.PostProcessing/PostProcessAssembly - 200 - application/grpc 17.2288ms
info: Microsoft.AspNetCore.Hosting.Diagnostics[1]
      Request starting HTTP/2 POST http://ilpp/UnityILPP.PostProcessing/PostProcessAssembly - application/grpc -
info: Microsoft.AspNetCore.Routing.EndpointMiddleware[0]
      Executing endpoint 'gRPC - /UnityILPP.PostProcessing/PostProcessAssembly'
info: Unity.ILPP.Runner.PostProcessingPipeline[0]
      Processing assembly Library/Bee/artifacts/1900b0aE.dag/Assembly-CSharp-Editor.dll, with 142 defines and 390 references
info: Unity.ILPP.Runner.PostProcessingPipeline[0]
      processors: Unity.Jobs.CodeGen.JobsILPostProcessor, zzzUnity.Burst.CodeGen.BurstILPostProcessor
info: Unity.ILPP.Runner.PostProcessingPipeline[0]
      running Unity.Jobs.CodeGen.JobsILPostProcessor
info: Unity.ILPP.Runner.PostProcessingPipeline[0]
      running zzzUnity.Burst.CodeGen.BurstILPostProcessor
info: Microsoft.AspNetCore.Routing.EndpointMiddleware[1]
      Executed endpoint 'gRPC - /UnityILPP.PostProcessing/PostProcessAssembly'
info: Microsoft.AspNetCore.Hosting.Diagnostics[2]
      Request finished HTTP/2 POST http://ilpp/UnityILPP.PostProcessing/PostProcessAssembly - 200 - application/grpc 10.1034ms
ExitCode: 0 Duration: 0s659ms
[1191/1563  0s] ILPP-Configuration Library/ilpp-configuration.nevergeneratedoutput
[1555/1563  0s] Csc Library/Bee/artifacts/1900b0aE.dag/Assembly-CSharp.dll (+2 others)
[1556/1563  0s] ILPostProcess Library/Bee/artifacts/1900b0aE.dag/post-processed/Assembly-CSharp.dll (+pdb)
Processing assembly Library/Bee/artifacts/1900b0aE.dag/Assembly-CSharp.dll, with 144 defines and 366 references

processors: Unity.Jobs.CodeGen.JobsILPostProcessor, zzzUnity.Burst.CodeGen.BurstILPostProcessor

running Unity.Jobs.CodeGen.JobsILPostProcessor

running zzzUnity.Burst.CodeGen.BurstILPostProcessor
[1557/1563  0s] CopyFiles Library/ScriptAssemblies/Assembly-CSharp.pdb
[1558/1563  0s] CopyFiles Library/ScriptAssemblies/Assembly-CSharp.dll
[1559/1563  0s] Csc Library/Bee/artifacts/1900b0aE.dag/Assembly-CSharp-Editor.dll (+2 others)
[1560/1563  0s] ILPostProcess Library/Bee/artifacts/1900b0aE.dag/post-processed/Assembly-CSharp-Editor.dll (+pdb)
Processing assembly Library/Bee/artifacts/1900b0aE.dag/Assembly-CSharp-Editor.dll, with 142 defines and 390 references

processors: Unity.Jobs.CodeGen.JobsILPostProcessor, zzzUnity.Burst.CodeGen.BurstILPostProcessor

running Unity.Jobs.CodeGen.JobsILPostProcessor

running zzzUnity.Burst.CodeGen.BurstILPostProcessor
[1561/1563  0s] CopyFiles Library/ScriptAssemblies/Assembly-CSharp-Editor.dll
[1562/1563  0s] CopyFiles Library/ScriptAssemblies/Assembly-CSharp-Editor.pdb
*** Tundra build success (0.63 seconds), 9 items updated, 1563 evaluated
Reloading assemblies after finishing script compilation.
Reloading assemblies after forced synchronous recompile.
Begin MonoManager ReloadAssembly
Total cache size 268137716
Total cache size after purge 268137716, took 00:00:00.3301286
Symbol file LoadedFromMemory is not a mono symbol file
Symbol file LoadedFromMemory is not a mono symbol file
Refreshing native plugins compatible for Editor in 3.07 ms, found 5 plugins.
Native extension for WindowsStandalone target not found
Native extension for WebGL target not found
[MODES] ModeService[none].Initialize
[MODES] ModeService[none].LoadModes
Refreshing native plugins compatible for Editor in 4.18 ms, found 5 plugins.
[Licensing::Client] Error: Code 404 while processing request (status: Found 0 entitlement groups and 0 free entitlements matching requested entitlement ids)
ScheduleIndexationOnStartup MainProcess:True IndexOnStartup:True
Mono: successfully reloaded assembly
- Finished resetting the current domain, in  3.357 seconds
Domain Reload Profiling: 5049ms
	BeginReloadAssembly (1085ms)
		DisableScriptedObjects (150ms)
		CreateAndSetChildDomain (634ms)
	RebuildCommonClasses (19ms)
	RebuildNativeTypeToScriptingClass (25ms)
	initialDomainReloadingComplete (84ms)
	LoadAllAssembliesAndSetupDomain (478ms)
		LoadAssemblies (144ms)
		AnalyzeDomain (310ms)
			TypeCache.Refresh (13ms)
			BuildScriptInfoCaches (286ms)
			ResolveRequiredComponents (9ms)
	FinalizeReload (3358ms)
		SetupLoadedEditorAssemblies (0ms)
			BeforeProcessingInitializeOnLoad (235ms)
			ProcessInitializeOnLoadAttributes (938ms)
			ProcessInitializeOnLoadMethodAttributes (501ms)
			AfterProcessingInitializeOnLoad (9ms)
		AwakeInstancesAfterBackupRestoration (1097ms)

Asset Pipeline Refresh (id=fb99d22d163b8594f972808aaf8113a1): Total: 5.421 seconds - Initiated by StopAssetImportingV2(ForceSynchronousImport | ForceDomainReload)
	(Values over 0.05ms)
	Summary:
		Imports: total=0 (actual=0, local cache=0, cache server=0)
		Asset DB Process Time: managed=0 ms, native=3612 ms
		Asset DB Callback time: managed=36 ms, native=0 ms
		Scripting: domain reloads=1, domain reload time=1768 ms, compile time=3 ms, other=0 ms
		Project Asset Count: scripts=2149, non-scripts=5356
		Asset File Changes: new=0, changed=0, moved=0, deleted=0
		Scan Filter Count: 0
	InvokePackagesCallback: 1.812ms
	ApplyChangesToAssetFolders: 0.413ms
	Collect global state as custom dependencies: 3.373ms
	ProcessAssetsWithTransientArtifactChanges: 9.896ms
	CategorizeAssets: 108.783ms
	CompileScripts: 2.919ms
	ImportOutOfDateAssets: 3445.374ms (3381.205ms without children)
		CollectScriptTypesHashes: 0.869ms
		ReloadNativeAssets: 1.026ms
		UnloadImportedAssets: 0.229ms
		EnsureUptoDateAssetsAreRegisteredWithGuidPM: 1.028ms
		ImportSchedulerStart: 61.819ms
	PostProcessAllAssets: 36.391ms
		MonoPostProcessAllAssets: 36.386ms
			AssetReferenceReimportMonitor.OnPostprocessAllAssets 36.519ms
			UniversalRenderPipelineGlobalSettingsPostprocessor.OnPostprocessAllAssets 12.627ms
			BuilderAssetPostprocessor.OnPostprocessAllAssets 7.942ms
			AssetChangedListener.OnPostprocessAllAssets 5.867ms
			AssetPostprocessor.OnPostprocessAllAssets 4.092ms
			UVCSAssetPostprocessor.OnPostprocessAllAssets 3.708ms
			GraphRefreshPostprocessor.OnPostprocessAllAssets 2.498ms
			SyncVS.PostprocessSyncProject 2.458ms
			SpriteSlicePostprocessor.OnPostprocessAllAssets 2.251ms
			RetainedModeAssetPostprocessor.OnPostprocessAllAssets 1.975ms
			ShaderGraphAssetPostProcessor.OnPostprocessAllAssets 1.885ms
			SpeedTree9Postprocessor.OnPostprocessAllAssets 1.530ms
			WindowAssetPostprocessingWatcher.OnPostprocessAllAssets 1.401ms
			EditModeScopePostprocessor.OnPostprocessAllAssets 1.157ms
			ArtifactBrowserPostProcessor.OnPostprocessAllAssets 0.844ms
			TMPro_TexturePostProcessor.OnPostprocessAllAssets 0.808ms
			RenderPipelineGlobalSettingsPostprocessor.OnPostprocessAllAssets 0.757ms
			AssetChangeDetector.OnPostprocessAllAssets 0.750ms
			AudioMixerPostprocessor.OnPostprocessAllAssets 0.750ms
			SpriteEditorTexturePostprocessor.OnPostprocessAllAssets 0.745ms
			ModelAssetProcessor.OnPostprocessAllAssets 0.605ms
			SkillsProjectAssetPostprocessor.OnPostprocessAllAssets 0.604ms
			PostProcessor.OnPostprocessAllAssets 0.558ms
			SampleDependencyImporterPostProcessor.OnPostprocessAllAssets 0.508ms
			MaterialPostprocessor.OnPostprocessAllAssets 0.461ms
			ShaderReflectionAssetPostProcessor.OnPostprocessAllAssets 0.382ms
			TextAssetPostProcessor.OnPostprocessAllAssets 0.355ms
			InputActionAssetPostprocessor.OnPostprocessAllAssets 0.332ms
			AssetEvents.OnPostprocessAllAssets 0.293ms
			StyleCatalogPostProcessor.OnPostprocessAllAssets 0.289ms
			ReferencedClipsPostProcessor.OnPostprocessAllAssets 0.284ms
			InputActionJsonNameModifierAssetProcessor.OnPostprocessAllAssets 0.257ms
			ScenarioDriftAssetsTracker.OnPostprocessAllAssets 0.246ms
			SpeedTreePostProcessor.OnPostprocessAllAssets 0.220ms
			ConfigAssetsTracker.OnPostprocessAllAssets 0.216ms
			ProjectSettingsPostprocessor.OnPostprocessAllAssets 0.176ms
			AssetDatabaseCallbacks.OnPostprocessAllAssets 0.169ms
			AudioContainerPostProcessor.OnPostprocessAllAssets 0.154ms
			SamplePostprocessor.OnPostprocessAllAssets 0.151ms
			AssetReloadNotifier.OnPostprocessAllAssets 0.147ms
			TerrainToolbarOverlayPostProcessor.OnPostprocessAllAssets 0.133ms
			TrackSelectedAssetsProcessor.OnPostprocessAllAssets 0.096ms
	GatherAllCurrentPrimaryImportResultRevisions: 0.303ms
	PersistCurrentRevisions: 0.223ms
	GenerateScriptTypeHashes: 7.287ms
	GenerateScriptTypeSerializationHashes: 13.121ms
	Untracked: 1806.666ms

[Licensing::Client] Error: Code 404 while processing request (status: Found 0 entitlement groups and 0 free entitlements matching requested entitlement ids)
[Licensing::Client] Successfully resolved entitlement details
[Licensing::Client] Successfully resolved entitlement details
[Licensing::Client] Successfully resolved entitlement details
[Licensing::Client] Successfully resolved entitlement details
[Licensing::Client] Successfully resolved entitlement details
[Licensing::Client] Error: Code 404 while processing request (status: Found 0 entitlement groups and 0 free entitlements matching requested entitlement ids)
[Licensing::Client] Error: Code 404 while processing request (status: Found 0 entitlement groups and 0 free entitlements matching requested entitlement ids)
[Licensing::Client] Error: Code 404 while processing request (status: Found 0 entitlement groups and 0 free entitlements matching requested entitlement ids)
[Licensing::Client] Error: Code 404 while processing request (status: Found 0 entitlement groups and 0 free entitlements matching requested entitlement ids)
[Licensing::Client] Successfully resolved entitlement details
[ScriptCompilation] Requested script compilation because: AssetDatabase observed changes in script compilation related files
[Licensing::Client] Successfully resolved entitlement details
Refreshing native plugins compatible for Editor in 3.64 ms, found 5 plugins.

Asset Pipeline Refresh (id=2b68bad8c381e8247ab620ee7ea7686d): Total: 0.388 seconds - Initiated by RefreshV2(NoUpdateAssetOptions)
	(Values over 0.05ms)
	Summary:
		Imports: total=0 (actual=0, local cache=0, cache server=0)
		Asset DB Process Time: managed=0 ms, native=122 ms
		Asset DB Callback time: managed=258 ms, native=5 ms
		Scripting: domain reloads=0, domain reload time=0 ms, compile time=1 ms, other=0 ms
		Project Asset Count: scripts=2149, non-scripts=5356
		Asset File Changes: new=0, changed=1, moved=0, deleted=0
		Scan Filter Count: 0
	ApplyChangesToAssetFolders: 0.167ms
	Scan: 7.838ms
	Collect global state as custom dependencies: 0.300ms
	OnSourceAssetsModified: 0.659ms
	ProcessAssetsWithTransientArtifactChanges: 0.208ms
	CategorizeAssets: 24.046ms
	CompileScripts: 0.650ms
	ImportOutOfDateAssets: 78.941ms (14.640ms without children)
		UnloadImportedAssets: 0.180ms
		EnsureUptoDateAssetsAreRegisteredWithGuidPM: 0.829ms
		ImportSchedulerStart: 63.246ms
	PostProcessAllAssets: 259.332ms
		XRBuildSystem.XRAssetImported 0.909ms
		MonoPostProcessAllAssets: 257.964ms
			AssetReferenceReimportMonitor.OnPostprocessAllAssets 33.307ms
			BuilderAssetPostprocessor.OnPostprocessAllAssets 7.460ms
			AssetChangedListener.OnPostprocessAllAssets 5.916ms
			UVCSAssetPostprocessor.OnPostprocessAllAssets 3.905ms
			AssetPostprocessor.OnPostprocessAllAssets 3.655ms
			SpriteSlicePostprocessor.OnPostprocessAllAssets 2.467ms
			SyncVS.PostprocessSyncProject 2.254ms
			ShaderGraphAssetPostProcessor.OnPostprocessAllAssets 1.775ms
			RetainedModeAssetPostprocessor.OnPostprocessAllAssets 1.284ms
			SpriteEditorTexturePostprocessor.OnPostprocessAllAssets 0.673ms
			TMPro_TexturePostProcessor.OnPostprocessAllAssets 0.652ms
			ModelAssetProcessor.OnPostprocessAllAssets 0.626ms
			ArtifactBrowserPostProcessor.OnPostprocessAllAssets 0.549ms
			MaterialPostprocessor.OnPostprocessAllAssets 0.463ms
			SampleDependencyImporterPostProcessor.OnPostprocessAllAssets 0.423ms
			SkillsProjectAssetPostprocessor.OnPostprocessAllAssets 0.383ms
			TextAssetPostProcessor.OnPostprocessAllAssets 0.334ms
			PostProcessor.OnPostprocessAllAssets 0.327ms
			AudioMixerPostprocessor.OnPostprocessAllAssets 0.323ms
			StyleCatalogPostProcessor.OnPostprocessAllAssets 0.313ms
			AssetEvents.OnPostprocessAllAssets 0.294ms
			InputActionJsonNameModifierAssetProcessor.OnPostprocessAllAssets 0.266ms
			ConfigAssetsTracker.OnPostprocessAllAssets 0.264ms
			SpeedTreePostProcessor.OnPostprocessAllAssets 0.212ms
			ScenarioDriftAssetsTracker.OnPostprocessAllAssets 0.195ms
			AssetReloadNotifier.OnPostprocessAllAssets 0.174ms
			SamplePostprocessor.OnPostprocessAllAssets 0.145ms
			InputActionAssetPostprocessor.OnPostprocessAllAssets 0.099ms
			GraphRefreshPostprocessor.OnPostprocessAllAssets 0.097ms
			RenderPipelineGlobalSettingsPostprocessor.OnPostprocessAllAssets 0.088ms
			AudioContainerPostProcessor.OnPostprocessAllAssets 0.072ms
			TrackSelectedAssetsProcessor.OnPostprocessAllAssets 0.055ms
	PostAssetChangesProfiler: 4.527ms
	GatherAllCurrentPrimaryImportResultRevisions: 0.284ms
	PersistCurrentRevisions: 0.282ms
	Untracked: 10.700ms

info: Microsoft.AspNetCore.Hosting.Diagnostics[1]
      Request starting HTTP/2 POST http://ilpp/UnityILPP.PostProcessing/Ping - application/grpc -
info: Microsoft.AspNetCore.Routing.EndpointMiddleware[0]
      Executing endpoint 'gRPC - /UnityILPP.PostProcessing/Ping'
info: Microsoft.AspNetCore.Routing.EndpointMiddleware[1]
      Executed endpoint 'gRPC - /UnityILPP.PostProcessing/Ping'
info: Microsoft.AspNetCore.Hosting.Diagnostics[2]
      Request finished HTTP/2 POST http://ilpp/UnityILPP.PostProcessing/Ping - 200 - application/grpc 0.1346ms
Starting: C:\Program Files\Unity\Hub\Editor\6000.5.8f1\Editor\Data\Tools\BuildPipeline\bee_backend.exe --ipc --defer-dag-verification --dagfile="Library/Bee/1900b0aE.dag" --continue-on-failure --profile="Library/Bee/backend1.traceevents" ScriptAssemblies
WorkingDir: C:/Users/Len/Lenomation_V3
info: Microsoft.AspNetCore.Hosting.Diagnostics[1]
      Request starting HTTP/2 POST http://ilpp/UnityILPP.PostProcessing/ConfigurePostProcessors - application/grpc -
info: Microsoft.AspNetCore.Routing.EndpointMiddleware[0]
      Executing endpoint 'gRPC - /UnityILPP.PostProcessing/ConfigurePostProcessors'
info: Unity.ILPP.Runner.PostProcessingAssemblyLoadContext[0]
      Current configuration matches the requested one, skipping
info: Microsoft.AspNetCore.Routing.EndpointMiddleware[1]
      Executed endpoint 'gRPC - /UnityILPP.PostProcessing/ConfigurePostProcessors'
info: Microsoft.AspNetCore.Hosting.Diagnostics[2]
      Request finished HTTP/2 POST http://ilpp/UnityILPP.PostProcessing/ConfigurePostProcessors - 200 - application/grpc 0.9013ms
info: Microsoft.AspNetCore.Hosting.Diagnostics[1]
      Request starting HTTP/2 POST http://ilpp/UnityILPP.PostProcessing/PostProcessAssembly - application/grpc -
info: Microsoft.AspNetCore.Routing.EndpointMiddleware[0]
      Executing endpoint 'gRPC - /UnityILPP.PostProcessing/PostProcessAssembly'
info: Unity.ILPP.Runner.PostProcessingPipeline[0]
      Processing assembly Library/Bee/artifacts/1900b0aE.dag/Assembly-CSharp.dll, with 144 defines and 366 references
info: Unity.ILPP.Runner.PostProcessingPipeline[0]
      processors: Unity.Jobs.CodeGen.JobsILPostProcessor, zzzUnity.Burst.CodeGen.BurstILPostProcessor
info: Unity.ILPP.Runner.PostProcessingPipeline[0]
      running Unity.Jobs.CodeGen.JobsILPostProcessor
info: Unity.ILPP.Runner.PostProcessingPipeline[0]
      running zzzUnity.Burst.CodeGen.BurstILPostProcessor
info: Microsoft.AspNetCore.Routing.EndpointMiddleware[1]
      Executed endpoint 'gRPC - /UnityILPP.PostProcessing/PostProcessAssembly'
info: Microsoft.AspNetCore.Hosting.Diagnostics[2]
      Request finished HTTP/2 POST http://ilpp/UnityILPP.PostProcessing/PostProcessAssembly - 200 - application/grpc 32.8247ms
info: Microsoft.AspNetCore.Hosting.Diagnostics[1]
      Request starting HTTP/2 POST http://ilpp/UnityILPP.PostProcessing/PostProcessAssembly - application/grpc -
info: Microsoft.AspNetCore.Routing.EndpointMiddleware[0]
      Executing endpoint 'gRPC - /UnityILPP.PostProcessing/PostProcessAssembly'
info: Unity.ILPP.Runner.PostProcessingPipeline[0]
      Processing assembly Library/Bee/artifacts/1900b0aE.dag/Assembly-CSharp-Editor.dll, with 142 defines and 390 references
info: Unity.ILPP.Runner.PostProcessingPipeline[0]
      processors: Unity.Jobs.CodeGen.JobsILPostProcessor, zzzUnity.Burst.CodeGen.BurstILPostProcessor
info: Unity.ILPP.Runner.PostProcessingPipeline[0]
      running Unity.Jobs.CodeGen.JobsILPostProcessor
info: Unity.ILPP.Runner.PostProcessingPipeline[0]
      running zzzUnity.Burst.CodeGen.BurstILPostProcessor
info: Microsoft.AspNetCore.Routing.EndpointMiddleware[1]
      Executed endpoint 'gRPC - /UnityILPP.PostProcessing/PostProcessAssembly'
info: Microsoft.AspNetCore.Hosting.Diagnostics[2]
      Request finished HTTP/2 POST http://ilpp/UnityILPP.PostProcessing/PostProcessAssembly - 200 - application/grpc 11.5893ms
ExitCode: 0 Duration: 0s644ms
[1191/1563  0s] ILPP-Configuration Library/ilpp-configuration.nevergeneratedoutput
[1555/1563  0s] Csc Library/Bee/artifacts/1900b0aE.dag/Assembly-CSharp.dll (+2 others)
[1556/1563  0s] ILPostProcess Library/Bee/artifacts/1900b0aE.dag/post-processed/Assembly-CSharp.dll (+pdb)
Processing assembly Library/Bee/artifacts/1900b0aE.dag/Assembly-CSharp.dll, with 144 defines and 366 references

processors: Unity.Jobs.CodeGen.JobsILPostProcessor, zzzUnity.Burst.CodeGen.BurstILPostProcessor

running Unity.Jobs.CodeGen.JobsILPostProcessor

running zzzUnity.Burst.CodeGen.BurstILPostProcessor
[1557/1563  0s] CopyFiles Library/ScriptAssemblies/Assembly-CSharp.dll
[1558/1563  0s] CopyFiles Library/ScriptAssemblies/Assembly-CSharp.pdb
[1559/1563  0s] Csc Library/Bee/artifacts/1900b0aE.dag/Assembly-CSharp-Editor.dll (+2 others)
[1560/1563  0s] ILPostProcess Library/Bee/artifacts/1900b0aE.dag/post-processed/Assembly-CSharp-Editor.dll (+pdb)
Processing assembly Library/Bee/artifacts/1900b0aE.dag/Assembly-CSharp-Editor.dll, with 142 defines and 390 references

processors: Unity.Jobs.CodeGen.JobsILPostProcessor, zzzUnity.Burst.CodeGen.BurstILPostProcessor

running Unity.Jobs.CodeGen.JobsILPostProcessor

running zzzUnity.Burst.CodeGen.BurstILPostProcessor
[1561/1563  0s] CopyFiles Library/ScriptAssemblies/Assembly-CSharp-Editor.dll
[1562/1563  0s] CopyFiles Library/ScriptAssemblies/Assembly-CSharp-Editor.pdb
*** Tundra build success (0.62 seconds), 9 items updated, 1563 evaluated
Reloading assemblies after finishing script compilation.
Reloading assemblies after forced synchronous recompile.
Begin MonoManager ReloadAssembly
Total cache size 268137716
Total cache size after purge 268137716, took 00:00:00.2911429
Symbol file LoadedFromMemory is not a mono symbol file
Symbol file LoadedFromMemory is not a mono symbol file
Refreshing native plugins compatible for Editor in 2.71 ms, found 5 plugins.
Native extension for WindowsStandalone target not found
Native extension for WebGL target not found
[MODES] ModeService[none].Initialize
[MODES] ModeService[none].LoadModes
Refreshing native plugins compatible for Editor in 3.80 ms, found 5 plugins.
[Licensing::Client] Error: Code 404 while processing request (status: Found 0 entitlement groups and 0 free entitlements matching requested entitlement ids)
ScheduleIndexationOnStartup MainProcess:True IndexOnStartup:True
Mono: successfully reloaded assembly
- Finished resetting the current domain, in  3.391 seconds
Domain Reload Profiling: 5310ms
	BeginReloadAssembly (1347ms)
		DisableScriptedObjects (151ms)
		CreateAndSetChildDomain (840ms)
	RebuildCommonClasses (9ms)
	RebuildNativeTypeToScriptingClass (14ms)
	initialDomainReloadingComplete (84ms)
	LoadAllAssembliesAndSetupDomain (462ms)
		LoadAssemblies (132ms)
		AnalyzeDomain (300ms)
			TypeCache.Refresh (13ms)
			BuildScriptInfoCaches (277ms)
			ResolveRequiredComponents (9ms)
	FinalizeReload (3393ms)
		SetupLoadedEditorAssemblies (0ms)
			BeforeProcessingInitializeOnLoad (230ms)
			ProcessInitializeOnLoadAttributes (952ms)
			ProcessInitializeOnLoadMethodAttributes (533ms)
			AfterProcessingInitializeOnLoad (6ms)
		AwakeInstancesAfterBackupRestoration (1053ms)

Asset Pipeline Refresh (id=fbf9e59cb7c46c641b4f4d7d7533448f): Total: 5.738 seconds - Initiated by StopAssetImportingV2(ForceSynchronousImport | ForceDomainReload)
	(Values over 0.05ms)
	Summary:
		Imports: total=0 (actual=0, local cache=0, cache server=0)
		Asset DB Process Time: managed=0 ms, native=3691 ms
		Asset DB Callback time: managed=44 ms, native=0 ms
		Scripting: domain reloads=1, domain reload time=1997 ms, compile time=4 ms, other=0 ms
		Project Asset Count: scripts=2149, non-scripts=5356
		Asset File Changes: new=0, changed=0, moved=0, deleted=0
		Scan Filter Count: 0
	InvokePackagesCallback: 1.771ms
	ApplyChangesToAssetFolders: 0.369ms
	Collect global state as custom dependencies: 4.150ms
	ProcessAssetsWithTransientArtifactChanges: 7.188ms
	CategorizeAssets: 133.309ms
	CompileScripts: 3.993ms
	ImportOutOfDateAssets: 3499.855ms (3431.637ms without children)
		CollectScriptTypesHashes: 1.021ms
		ReloadNativeAssets: 1.530ms
		UnloadImportedAssets: 0.177ms
		EnsureUptoDateAssetsAreRegisteredWithGuidPM: 1.132ms
		ImportSchedulerStart: 65.297ms
	PostProcessAllAssets: 44.409ms
		MonoPostProcessAllAssets: 44.405ms
			AssetReferenceReimportMonitor.OnPostprocessAllAssets 33.307ms
			UniversalRenderPipelineGlobalSettingsPostprocessor.OnPostprocessAllAssets 11.675ms
			BuilderAssetPostprocessor.OnPostprocessAllAssets 7.460ms
			AssetChangedListener.OnPostprocessAllAssets 5.916ms
			GraphRefreshPostprocessor.OnPostprocessAllAssets 4.672ms
			UVCSAssetPostprocessor.OnPostprocessAllAssets 3.905ms
			AssetPostprocessor.OnPostprocessAllAssets 3.655ms
			WindowAssetPostprocessingWatcher.OnPostprocessAllAssets 2.515ms
			SpriteSlicePostprocessor.OnPostprocessAllAssets 2.467ms
			SyncVS.PostprocessSyncProject 1.941ms
			ShaderGraphAssetPostProcessor.OnPostprocessAllAssets 1.775ms
			SpeedTree9Postprocessor.OnPostprocessAllAssets 1.738ms
			EditModeScopePostprocessor.OnPostprocessAllAssets 1.445ms
			AssetChangeDetector.OnPostprocessAllAssets 1.383ms
			RetainedModeAssetPostprocessor.OnPostprocessAllAssets 1.284ms
			RenderPipelineGlobalSettingsPostprocessor.OnPostprocessAllAssets 1.114ms
			SpriteEditorTexturePostprocessor.OnPostprocessAllAssets 0.673ms
			TMPro_TexturePostProcessor.OnPostprocessAllAssets 0.652ms
			ModelAssetProcessor.OnPostprocessAllAssets 0.626ms
			ArtifactBrowserPostProcessor.OnPostprocessAllAssets 0.549ms
			MaterialPostprocessor.OnPostprocessAllAssets 0.463ms
			ReferencedClipsPostProcessor.OnPostprocessAllAssets 0.443ms
			SampleDependencyImporterPostProcessor.OnPostprocessAllAssets 0.423ms
			SkillsProjectAssetPostprocessor.OnPostprocessAllAssets 0.383ms
			ShaderReflectionAssetPostProcessor.OnPostprocessAllAssets 0.349ms
			TextAssetPostProcessor.OnPostprocessAllAssets 0.334ms
			PostProcessor.OnPostprocessAllAssets 0.327ms
			AudioMixerPostprocessor.OnPostprocessAllAssets 0.323ms
			StyleCatalogPostProcessor.OnPostprocessAllAssets 0.313ms
			AssetDatabaseCallbacks.OnPostprocessAllAssets 0.313ms
			AssetEvents.OnPostprocessAllAssets 0.294ms
			InputActionAssetPostprocessor.OnPostprocessAllAssets 0.276ms
			InputActionJsonNameModifierAssetProcessor.OnPostprocessAllAssets 0.266ms
			ConfigAssetsTracker.OnPostprocessAllAssets 0.264ms
			SpeedTreePostProcessor.OnPostprocessAllAssets 0.212ms
			ScenarioDriftAssetsTracker.OnPostprocessAllAssets 0.195ms
			ProjectSettingsPostprocessor.OnPostprocessAllAssets 0.181ms
			AssetReloadNotifier.OnPostprocessAllAssets 0.174ms
			SamplePostprocessor.OnPostprocessAllAssets 0.145ms
			TerrainToolbarOverlayPostProcessor.OnPostprocessAllAssets 0.138ms
			AudioContainerPostProcessor.OnPostprocessAllAssets 0.072ms
			TrackSelectedAssetsProcessor.OnPostprocessAllAssets 0.055ms
	GatherAllCurrentPrimaryImportResultRevisions: 0.293ms
	PersistCurrentRevisions: 0.278ms
	GenerateScriptTypeHashes: 15.345ms
	GenerateScriptTypeSerializationHashes: 26.087ms
	Untracked: 2037.483ms

[Licensing::Client] Error: Code 404 while processing request (status: Found 0 entitlement groups and 0 free entitlements matching requested entitlement ids)
[Licensing::Client] Successfully resolved entitlement details
[Licensing::Client] Successfully resolved entitlement details
[Licensing::Client] Successfully resolved entitlement details
[Licensing::Client] Successfully resolved entitlement details
[Licensing::Client] Successfully resolved entitlement details
[Licensing::Client] Error: Code 404 while processing request (status: Found 0 entitlement groups and 0 free entitlements matching requested entitlement ids)
[Licensing::Client] Error: Code 404 while processing request (status: Found 0 entitlement groups and 0 free entitlements matching requested entitlement ids)
[Licensing::Client] Successfully resolved entitlement details
[Licensing::Client] Error: Code 404 while processing request (status: Found 0 entitlement groups and 0 free entitlements matching requested entitlement ids)
[Licensing::Client] Error: Code 404 while processing request (status: Found 0 entitlement groups and 0 free entitlements matching requested entitlement ids)
[ScriptCompilation] Requested script compilation because: AssetDatabase observed changes in script compilation related files
Refreshing native plugins compatible for Editor in 3.66 ms, found 5 plugins.

Asset Pipeline Refresh (id=2c7b07138cf8b90438f64a5392ac7ef6): Total: 0.438 seconds - Initiated by RefreshV2(NoUpdateAssetOptions)
	(Values over 0.05ms)
	Summary:
		Imports: total=0 (actual=0, local cache=0, cache server=0)
		Asset DB Process Time: managed=0 ms, native=121 ms
		Asset DB Callback time: managed=309 ms, native=5 ms
		Scripting: domain reloads=0, domain reload time=0 ms, compile time=1 ms, other=0 ms
		Project Asset Count: scripts=2149, non-scripts=5356
		Asset File Changes: new=0, changed=1, moved=0, deleted=0
		Scan Filter Count: 0
	ApplyChangesToAssetFolders: 0.132ms
	Scan: 9.040ms
	Collect global state as custom dependencies: 0.267ms
	OnSourceAssetsModified: 0.866ms
	ProcessAssetsWithTransientArtifactChanges: 0.192ms
	CategorizeAssets: 29.216ms
	CompileScripts: 0.773ms
	ImportOutOfDateAssets: 72.692ms (12.452ms without children)
		UnloadImportedAssets: 0.209ms
		EnsureUptoDateAssetsAreRegisteredWithGuidPM: 0.943ms
		ImportSchedulerStart: 59.037ms
	PostProcessAllAssets: 309.897ms
		XRBuildSystem.XRAssetImported 0.752ms
		MonoPostProcessAllAssets: 308.650ms
			AssetReferenceReimportMonitor.OnPostprocessAllAssets 32.451ms
			BuilderAssetPostprocessor.OnPostprocessAllAssets 7.790ms
			AssetChangedListener.OnPostprocessAllAssets 6.664ms
			SpriteSlicePostprocessor.OnPostprocessAllAssets 5.290ms
			AssetPostprocessor.OnPostprocessAllAssets 4.479ms
			UVCSAssetPostprocessor.OnPostprocessAllAssets 3.182ms
			ShaderGraphAssetPostProcessor.OnPostprocessAllAssets 1.937ms
			RetainedModeAssetPostprocessor.OnPostprocessAllAssets 1.404ms
			SpriteEditorTexturePostprocessor.OnPostprocessAllAssets 0.890ms
			MaterialPostprocessor.OnPostprocessAllAssets 0.828ms
			ArtifactBrowserPostProcessor.OnPostprocessAllAssets 0.724ms
			SkillsProjectAssetPostprocessor.OnPostprocessAllAssets 0.633ms
			TMPro_TexturePostProcessor.OnPostprocessAllAssets 0.606ms
			AudioMixerPostprocessor.OnPostprocessAllAssets 0.490ms
			InputActionJsonNameModifierAssetProcessor.OnPostprocessAllAssets 0.480ms
			ModelAssetProcessor.OnPostprocessAllAssets 0.474ms
			TextAssetPostProcessor.OnPostprocessAllAssets 0.417ms
			StyleCatalogPostProcessor.OnPostprocessAllAssets 0.376ms
			InputActionAssetPostprocessor.OnPostprocessAllAssets 0.375ms
			PostProcessor.OnPostprocessAllAssets 0.360ms
			SampleDependencyImporterPostProcessor.OnPostprocessAllAssets 0.329ms
			SyncVS.PostprocessSyncProject 0.294ms
			AssetEvents.OnPostprocessAllAssets 0.285ms
			SamplePostprocessor.OnPostprocessAllAssets 0.233ms
			SpeedTreePostProcessor.OnPostprocessAllAssets 0.216ms
			ConfigAssetsTracker.OnPostprocessAllAssets 0.205ms
			ScenarioDriftAssetsTracker.OnPostprocessAllAssets 0.172ms
			GraphRefreshPostprocessor.OnPostprocessAllAssets 0.163ms
			AssetReloadNotifier.OnPostprocessAllAssets 0.154ms
			RenderPipelineGlobalSettingsPostprocessor.OnPostprocessAllAssets 0.131ms
			AudioContainerPostProcessor.OnPostprocessAllAssets 0.083ms
			TrackSelectedAssetsProcessor.OnPostprocessAllAssets 0.081ms
	PostAssetChangesProfiler: 4.431ms
	GatherAllCurrentPrimaryImportResultRevisions: 0.318ms
	PersistCurrentRevisions: 0.291ms
	Untracked: 9.390ms

info: Microsoft.AspNetCore.Hosting.Diagnostics[1]
      Request starting HTTP/2 POST http://ilpp/UnityILPP.PostProcessing/Ping - application/grpc -
info: Microsoft.AspNetCore.Routing.EndpointMiddleware[0]
      Executing endpoint 'gRPC - /UnityILPP.PostProcessing/Ping'
info: Microsoft.AspNetCore.Routing.EndpointMiddleware[1]
      Executed endpoint 'gRPC - /UnityILPP.PostProcessing/Ping'
info: Microsoft.AspNetCore.Hosting.Diagnostics[2]
      Request finished HTTP/2 POST http://ilpp/UnityILPP.PostProcessing/Ping - 200 - application/grpc 0.1194ms
Starting: C:\Program Files\Unity\Hub\Editor\6000.5.8f1\Editor\Data\Tools\BuildPipeline\bee_backend.exe --ipc --defer-dag-verification --dagfile="Library/Bee/1900b0aE.dag" --continue-on-failure --profile="Library/Bee/backend1.traceevents" ScriptAssemblies
WorkingDir: C:/Users/Len/Lenomation_V3
info: Microsoft.AspNetCore.Hosting.Diagnostics[1]
      Request starting HTTP/2 POST http://ilpp/UnityILPP.PostProcessing/ConfigurePostProcessors - application/grpc -
info: Microsoft.AspNetCore.Routing.EndpointMiddleware[0]
      Executing endpoint 'gRPC - /UnityILPP.PostProcessing/ConfigurePostProcessors'
info: Unity.ILPP.Runner.PostProcessingAssemblyLoadContext[0]
      Current configuration matches the requested one, skipping
info: Microsoft.AspNetCore.Routing.EndpointMiddleware[1]
      Executed endpoint 'gRPC - /UnityILPP.PostProcessing/ConfigurePostProcessors'
info: Microsoft.AspNetCore.Hosting.Diagnostics[2]
      Request finished HTTP/2 POST http://ilpp/UnityILPP.PostProcessing/ConfigurePostProcessors - 200 - application/grpc 0.6677ms
info: Microsoft.AspNetCore.Hosting.Diagnostics[1]
      Request starting HTTP/2 POST http://ilpp/UnityILPP.PostProcessing/PostProcessAssembly - application/grpc -
info: Microsoft.AspNetCore.Hosting.Diagnostics[1]
      Request starting HTTP/2 POST http://ilpp/UnityILPP.PostProcessing/PostProcessAssembly - application/grpc -
info: Microsoft.AspNetCore.Routing.EndpointMiddleware[0]
      Executing endpoint 'gRPC - /UnityILPP.PostProcessing/PostProcessAssembly'
info: Microsoft.AspNetCore.Routing.EndpointMiddleware[0]
      Executing endpoint 'gRPC - /UnityILPP.PostProcessing/PostProcessAssembly'
info: Unity.ILPP.Runner.PostProcessingPipeline[0]
      Processing assembly Library/Bee/artifacts/1900b0aE.dag/Assembly-CSharp.dll, with 144 defines and 366 references
info: Unity.ILPP.Runner.PostProcessingPipeline[0]
      processors: Unity.Jobs.CodeGen.JobsILPostProcessor, zzzUnity.Burst.CodeGen.BurstILPostProcessor
info: Unity.ILPP.Runner.PostProcessingPipeline[0]
      Processing assembly Library/Bee/artifacts/1900b0aE.dag/Assembly-CSharp-Editor.dll, with 142 defines and 390 references
info: Unity.ILPP.Runner.PostProcessingPipeline[0]
      processors: Unity.Jobs.CodeGen.JobsILPostProcessor, zzzUnity.Burst.CodeGen.BurstILPostProcessor
info: Unity.ILPP.Runner.PostProcessingPipeline[0]
      running Unity.Jobs.CodeGen.JobsILPostProcessor
info: Unity.ILPP.Runner.PostProcessingPipeline[0]
      running Unity.Jobs.CodeGen.JobsILPostProcessor
info: Unity.ILPP.Runner.PostProcessingPipeline[0]
      running zzzUnity.Burst.CodeGen.BurstILPostProcessor
info: Unity.ILPP.Runner.PostProcessingPipeline[0]
      running zzzUnity.Burst.CodeGen.BurstILPostProcessor
info: Microsoft.AspNetCore.Routing.EndpointMiddleware[1]
      Executed endpoint 'gRPC - /UnityILPP.PostProcessing/PostProcessAssembly'
info: Microsoft.AspNetCore.Hosting.Diagnostics[2]
      Request finished HTTP/2 POST http://ilpp/UnityILPP.PostProcessing/PostProcessAssembly - 200 - application/grpc 20.1666ms
info: Microsoft.AspNetCore.Routing.EndpointMiddleware[1]
      Executed endpoint 'gRPC - /UnityILPP.PostProcessing/PostProcessAssembly'
info: Microsoft.AspNetCore.Hosting.Diagnostics[2]
      Request finished HTTP/2 POST http://ilpp/UnityILPP.PostProcessing/PostProcessAssembly - 200 - application/grpc 23.6058ms
ExitCode: 0 Duration: 0s459ms
[1191/1563  0s] ILPP-Configuration Library/ilpp-configuration.nevergeneratedoutput
[1555/1563  0s] Csc Library/Bee/artifacts/1900b0aE.dag/Assembly-CSharp.dll (+2 others)
[1557/1563  0s] ILPostProcess Library/Bee/artifacts/1900b0aE.dag/post-processed/Assembly-CSharp.dll (+pdb)
Processing assembly Library/Bee/artifacts/1900b0aE.dag/Assembly-CSharp.dll, with 144 defines and 366 references

processors: Unity.Jobs.CodeGen.JobsILPostProcessor, zzzUnity.Burst.CodeGen.BurstILPostProcessor

running Unity.Jobs.CodeGen.JobsILPostProcessor

running zzzUnity.Burst.CodeGen.BurstILPostProcessor
[1558/1563  0s] ILPostProcess Library/Bee/artifacts/1900b0aE.dag/post-processed/Assembly-CSharp-Editor.dll (+pdb)
Processing assembly Library/Bee/artifacts/1900b0aE.dag/Assembly-CSharp-Editor.dll, with 142 defines and 390 references

processors: Unity.Jobs.CodeGen.JobsILPostProcessor, zzzUnity.Burst.CodeGen.BurstILPostProcessor

running Unity.Jobs.CodeGen.JobsILPostProcessor

running zzzUnity.Burst.CodeGen.BurstILPostProcessor
[1559/1563  0s] CopyFiles Library/ScriptAssemblies/Assembly-CSharp.pdb
[1560/1563  0s] CopyFiles Library/ScriptAssemblies/Assembly-CSharp.dll
*** Tundra build success (0.43 seconds), 6 items updated, 1563 evaluated
Reloading assemblies after finishing script compilation.
Reloading assemblies after forced synchronous recompile.
Begin MonoManager ReloadAssembly
Total cache size 268137716
Total cache size after purge 268137716, took 00:00:00.3247988
Symbol file LoadedFromMemory is not a mono symbol file
Symbol file LoadedFromMemory is not a mono symbol file
Refreshing native plugins compatible for Editor in 2.90 ms, found 5 plugins.
Native extension for WindowsStandalone target not found
Native extension for WebGL target not found
[MODES] ModeService[none].Initialize
[MODES] ModeService[none].LoadModes
Refreshing native plugins compatible for Editor in 4.69 ms, found 5 plugins.
[Licensing::Client] Error: Code 404 while processing request (status: Found 0 entitlement groups and 0 free entitlements matching requested entitlement ids)
ScheduleIndexationOnStartup MainProcess:True IndexOnStartup:True
Mono: successfully reloaded assembly
- Finished resetting the current domain, in  3.635 seconds
Domain Reload Profiling: 5517ms
	BeginReloadAssembly (1158ms)
		DisableScriptedObjects (199ms)
		CreateAndSetChildDomain (571ms)
	RebuildCommonClasses (12ms)
	RebuildNativeTypeToScriptingClass (19ms)
	initialDomainReloadingComplete (90ms)
	LoadAllAssembliesAndSetupDomain (600ms)
		LoadAssemblies (145ms)
		AnalyzeDomain (399ms)
			TypeCache.Refresh (13ms)
			BuildScriptInfoCaches (372ms)
			ResolveRequiredComponents (11ms)
	FinalizeReload (3637ms)
		SetupLoadedEditorAssemblies (0ms)
			InitializePlatformSupportModulesInManaged (3ms)
			BeforeProcessingInitializeOnLoad (245ms)
			ProcessInitializeOnLoadAttributes (942ms)
			ProcessInitializeOnLoadMethodAttributes (527ms)
			AfterProcessingInitializeOnLoad (6ms)
		AwakeInstancesAfterBackupRestoration (1231ms)

Asset Pipeline Refresh (id=ddea514caf3ea1047b7f5f5563251220): Total: 5.888 seconds - Initiated by StopAssetImportingV2(ForceSynchronousImport | ForceDomainReload)
	(Values over 0.05ms)
	Summary:
		Imports: total=0 (actual=0, local cache=0, cache server=0)
		Asset DB Process Time: managed=0 ms, native=3862 ms
		Asset DB Callback time: managed=43 ms, native=0 ms
		Scripting: domain reloads=1, domain reload time=1981 ms, compile time=1 ms, other=0 ms
		Project Asset Count: scripts=2149, non-scripts=5356
		Asset File Changes: new=0, changed=0, moved=0, deleted=0
		Scan Filter Count: 0
	InvokePackagesCallback: 1.857ms
	ApplyChangesToAssetFolders: 0.396ms
	Collect global state as custom dependencies: 3.235ms
	ProcessAssetsWithTransientArtifactChanges: 8.290ms
	CategorizeAssets: 85.912ms
	CompileScripts: 1.160ms
	ImportOutOfDateAssets: 3719.005ms (3657.064ms without children)
		CollectScriptTypesHashes: 1.312ms
		ReloadNativeAssets: 1.140ms
		UnloadImportedAssets: 0.223ms
		EnsureUptoDateAssetsAreRegisteredWithGuidPM: 1.053ms
		ImportSchedulerStart: 59.472ms
	PostProcessAllAssets: 43.668ms
		MonoPostProcessAllAssets: 43.664ms
			AssetReferenceReimportMonitor.OnPostprocessAllAssets 32.451ms
			UniversalRenderPipelineGlobalSettingsPostprocessor.OnPostprocessAllAssets 13.846ms
			BuilderAssetPostprocessor.OnPostprocessAllAssets 7.790ms
			AssetChangedListener.OnPostprocessAllAssets 6.664ms
			SpriteSlicePostprocessor.OnPostprocessAllAssets 5.290ms
			AssetPostprocessor.OnPostprocessAllAssets 4.479ms
			UVCSAssetPostprocessor.OnPostprocessAllAssets 3.182ms
			GraphRefreshPostprocessor.OnPostprocessAllAssets 2.614ms
			SyncVS.PostprocessSyncProject 2.517ms
			SpeedTree9Postprocessor.OnPostprocessAllAssets 2.211ms
			ShaderGraphAssetPostProcessor.OnPostprocessAllAssets 1.937ms
			WindowAssetPostprocessingWatcher.OnPostprocessAllAssets 1.711ms
			RetainedModeAssetPostprocessor.OnPostprocessAllAssets 1.404ms
			EditModeScopePostprocessor.OnPostprocessAllAssets 1.252ms
			AssetChangeDetector.OnPostprocessAllAssets 1.041ms
			RenderPipelineGlobalSettingsPostprocessor.OnPostprocessAllAssets 0.913ms
			SpriteEditorTexturePostprocessor.OnPostprocessAllAssets 0.890ms
			MaterialPostprocessor.OnPostprocessAllAssets 0.828ms
			ArtifactBrowserPostProcessor.OnPostprocessAllAssets 0.724ms
			SkillsProjectAssetPostprocessor.OnPostprocessAllAssets 0.633ms
			TMPro_TexturePostProcessor.OnPostprocessAllAssets 0.606ms
			AudioMixerPostprocessor.OnPostprocessAllAssets 0.490ms
			InputActionJsonNameModifierAssetProcessor.OnPostprocessAllAssets 0.480ms
			ModelAssetProcessor.OnPostprocessAllAssets 0.474ms
			ShaderReflectionAssetPostProcessor.OnPostprocessAllAssets 0.473ms
			TextAssetPostProcessor.OnPostprocessAllAssets 0.417ms
			ReferencedClipsPostProcessor.OnPostprocessAllAssets 0.392ms
			StyleCatalogPostProcessor.OnPostprocessAllAssets 0.376ms
			PostProcessor.OnPostprocessAllAssets 0.360ms
			InputActionAssetPostprocessor.OnPostprocessAllAssets 0.352ms
			SampleDependencyImporterPostProcessor.OnPostprocessAllAssets 0.329ms
			AssetEvents.OnPostprocessAllAssets 0.285ms
			SamplePostprocessor.OnPostprocessAllAssets 0.233ms
			ProjectSettingsPostprocessor.OnPostprocessAllAssets 0.227ms
			SpeedTreePostProcessor.OnPostprocessAllAssets 0.216ms
			AssetDatabaseCallbacks.OnPostprocessAllAssets 0.213ms
			ConfigAssetsTracker.OnPostprocessAllAssets 0.205ms
			TerrainToolbarOverlayPostProcessor.OnPostprocessAllAssets 0.194ms
			ScenarioDriftAssetsTracker.OnPostprocessAllAssets 0.172ms
			AssetReloadNotifier.OnPostprocessAllAssets 0.154ms
			AudioContainerPostProcessor.OnPostprocessAllAssets 0.083ms
			TrackSelectedAssetsProcessor.OnPostprocessAllAssets 0.081ms
	GatherAllCurrentPrimaryImportResultRevisions: 0.347ms
	PersistCurrentRevisions: 0.225ms
	GenerateScriptTypeHashes: 2.996ms
	GenerateScriptTypeSerializationHashes: 4.864ms
	Untracked: 2019.439ms

[Licensing::Client] Error: Code 404 while processing request (status: Found 0 entitlement groups and 0 free entitlements matching requested entitlement ids)
[Licensing::Client] Successfully resolved entitlement details
[Licensing::Client] Successfully resolved entitlement details
[Licensing::Client] Successfully resolved entitlement details
[Licensing::Client] Successfully resolved entitlement details
[Licensing::Client] Successfully resolved entitlement details
[Licensing::Client] Error: Code 404 while processing request (status: Found 0 entitlement groups and 0 free entitlements matching requested entitlement ids)
[Licensing::Client] Error: Code 404 while processing request (status: Found 0 entitlement groups and 0 free entitlements matching requested entitlement ids)
[Licensing::Client] Error: Code 404 while processing request (status: Found 0 entitlement groups and 0 free entitlements matching requested entitlement ids)
[Licensing::Client] Error: Code 404 while processing request (status: Found 0 entitlement groups and 0 free entitlements matching requested entitlement ids)
[Licensing::Client] Successfully resolved entitlement details
[ScriptCompilation] Requested script compilation because: AssetDatabase observed changes in script compilation related files
[Licensing::Client] Successfully resolved entitlement details
Refreshing native plugins compatible for Editor in 2.61 ms, found 5 plugins.

Asset Pipeline Refresh (id=4c7ae88e9b0816e4394fdc770efe0e9d): Total: 0.376 seconds - Initiated by RefreshV2(NoUpdateAssetOptions)
	(Values over 0.05ms)
	Summary:
		Imports: total=0 (actual=0, local cache=0, cache server=0)
		Asset DB Process Time: managed=0 ms, native=111 ms
		Asset DB Callback time: managed=259 ms, native=4 ms
		Scripting: domain reloads=0, domain reload time=0 ms, compile time=1 ms, other=0 ms
		Project Asset Count: scripts=2149, non-scripts=5356
		Asset File Changes: new=0, changed=1, moved=0, deleted=0
		Scan Filter Count: 0
	ApplyChangesToAssetFolders: 0.134ms
	Scan: 7.651ms
	Collect global state as custom dependencies: 0.330ms
	OnSourceAssetsModified: 0.632ms
	ProcessAssetsWithTransientArtifactChanges: 0.136ms
	CategorizeAssets: 22.443ms
	CompileScripts: 0.545ms
	ImportOutOfDateAssets: 71.862ms (9.892ms without children)
		UnloadImportedAssets: 0.226ms
		EnsureUptoDateAssetsAreRegisteredWithGuidPM: 0.816ms
		ImportSchedulerStart: 60.880ms
	PostProcessAllAssets: 259.639ms
		XRBuildSystem.XRAssetImported 0.681ms
		MonoPostProcessAllAssets: 258.522ms
			AssetReferenceReimportMonitor.OnPostprocessAllAssets 28.126ms
			AssetChangedListener.OnPostprocessAllAssets 6.893ms
			BuilderAssetPostprocessor.OnPostprocessAllAssets 6.759ms
			AssetPostprocessor.OnPostprocessAllAssets 5.044ms
			ShaderGraphAssetPostProcessor.OnPostprocessAllAssets 2.719ms
			SpriteSlicePostprocessor.OnPostprocessAllAssets 2.713ms
			UVCSAssetPostprocessor.OnPostprocessAllAssets 2.597ms
			SyncVS.PostprocessSyncProject 1.995ms
			RetainedModeAssetPostprocessor.OnPostprocessAllAssets 1.410ms
			SpriteEditorTexturePostprocessor.OnPostprocessAllAssets 0.905ms
			TextAssetPostProcessor.OnPostprocessAllAssets 0.860ms
			ArtifactBrowserPostProcessor.OnPostprocessAllAssets 0.786ms
			MaterialPostprocessor.OnPostprocessAllAssets 0.729ms
			AudioMixerPostprocessor.OnPostprocessAllAssets 0.577ms
			ModelAssetProcessor.OnPostprocessAllAssets 0.548ms
			TMPro_TexturePostProcessor.OnPostprocessAllAssets 0.528ms
			SampleDependencyImporterPostProcessor.OnPostprocessAllAssets 0.413ms
			PostProcessor.OnPostprocessAllAssets 0.400ms
			SkillsProjectAssetPostprocessor.OnPostprocessAllAssets 0.396ms
			InputActionJsonNameModifierAssetProcessor.OnPostprocessAllAssets 0.370ms
			StyleCatalogPostProcessor.OnPostprocessAllAssets 0.342ms
			AssetEvents.OnPostprocessAllAssets 0.307ms
			SpeedTreePostProcessor.OnPostprocessAllAssets 0.270ms
			ConfigAssetsTracker.OnPostprocessAllAssets 0.240ms
			SamplePostprocessor.OnPostprocessAllAssets 0.165ms
			AssetReloadNotifier.OnPostprocessAllAssets 0.145ms
			ScenarioDriftAssetsTracker.OnPostprocessAllAssets 0.140ms
			RenderPipelineGlobalSettingsPostprocessor.OnPostprocessAllAssets 0.121ms
			InputActionAssetPostprocessor.OnPostprocessAllAssets 0.121ms
			AudioContainerPostProcessor.OnPostprocessAllAssets 0.113ms
			GraphRefreshPostprocessor.OnPostprocessAllAssets 0.084ms
	PostAssetChangesProfiler: 3.498ms
	GatherAllCurrentPrimaryImportResultRevisions: 0.338ms
	PersistCurrentRevisions: 0.242ms
	Untracked: 8.186ms

info: Microsoft.AspNetCore.Hosting.Diagnostics[1]
      Request starting HTTP/2 POST http://ilpp/UnityILPP.PostProcessing/Ping - application/grpc -
info: Microsoft.AspNetCore.Routing.EndpointMiddleware[0]
      Executing endpoint 'gRPC - /UnityILPP.PostProcessing/Ping'
info: Microsoft.AspNetCore.Routing.EndpointMiddleware[1]
      Executed endpoint 'gRPC - /UnityILPP.PostProcessing/Ping'
info: Microsoft.AspNetCore.Hosting.Diagnostics[2]
      Request finished HTTP/2 POST http://ilpp/UnityILPP.PostProcessing/Ping - 200 - application/grpc 0.1462ms
Starting: C:\Program Files\Unity\Hub\Editor\6000.5.8f1\Editor\Data\Tools\BuildPipeline\bee_backend.exe --ipc --defer-dag-verification --dagfile="Library/Bee/1900b0aE.dag" --continue-on-failure --profile="Library/Bee/backend1.traceevents" ScriptAssemblies
WorkingDir: C:/Users/Len/Lenomation_V3
info: Microsoft.AspNetCore.Hosting.Diagnostics[1]
      Request starting HTTP/2 POST http://ilpp/UnityILPP.PostProcessing/ConfigurePostProcessors - application/grpc -
info: Microsoft.AspNetCore.Routing.EndpointMiddleware[0]
      Executing endpoint 'gRPC - /UnityILPP.PostProcessing/ConfigurePostProcessors'
info: Unity.ILPP.Runner.PostProcessingAssemblyLoadContext[0]
      Current configuration matches the requested one, skipping
info: Microsoft.AspNetCore.Routing.EndpointMiddleware[1]
      Executed endpoint 'gRPC - /UnityILPP.PostProcessing/ConfigurePostProcessors'
info: Microsoft.AspNetCore.Hosting.Diagnostics[2]
      Request finished HTTP/2 POST http://ilpp/UnityILPP.PostProcessing/ConfigurePostProcessors - 200 - application/grpc 0.7374ms
info: Microsoft.AspNetCore.Hosting.Diagnostics[1]
      Request starting HTTP/2 POST http://ilpp/UnityILPP.PostProcessing/PostProcessAssembly - application/grpc -
info: Microsoft.AspNetCore.Hosting.Diagnostics[1]
      Request starting HTTP/2 POST http://ilpp/UnityILPP.PostProcessing/PostProcessAssembly - application/grpc -
info: Microsoft.AspNetCore.Routing.EndpointMiddleware[0]
      Executing endpoint 'gRPC - /UnityILPP.PostProcessing/PostProcessAssembly'
info: Microsoft.AspNetCore.Routing.EndpointMiddleware[0]
      Executing endpoint 'gRPC - /UnityILPP.PostProcessing/PostProcessAssembly'
info: Unity.ILPP.Runner.PostProcessingPipeline[0]
      Processing assembly Library/Bee/artifacts/1900b0aE.dag/Assembly-CSharp-Editor.dll, with 142 defines and 390 references
info: Unity.ILPP.Runner.PostProcessingPipeline[0]
      Processing assembly Library/Bee/artifacts/1900b0aE.dag/Assembly-CSharp.dll, with 144 defines and 366 references
info: Unity.ILPP.Runner.PostProcessingPipeline[0]
      processors: Unity.Jobs.CodeGen.JobsILPostProcessor, zzzUnity.Burst.CodeGen.BurstILPostProcessor
info: Unity.ILPP.Runner.PostProcessingPipeline[0]
      processors: Unity.Jobs.CodeGen.JobsILPostProcessor, zzzUnity.Burst.CodeGen.BurstILPostProcessor
info: Unity.ILPP.Runner.PostProcessingPipeline[0]
      running Unity.Jobs.CodeGen.JobsILPostProcessor
info: Unity.ILPP.Runner.PostProcessingPipeline[0]
      running Unity.Jobs.CodeGen.JobsILPostProcessor
info: Unity.ILPP.Runner.PostProcessingPipeline[0]
      running zzzUnity.Burst.CodeGen.BurstILPostProcessor
info: Unity.ILPP.Runner.PostProcessingPipeline[0]
      running zzzUnity.Burst.CodeGen.BurstILPostProcessor
info: Microsoft.AspNetCore.Routing.EndpointMiddleware[1]
      Executed endpoint 'gRPC - /UnityILPP.PostProcessing/PostProcessAssembly'
info: Microsoft.AspNetCore.Hosting.Diagnostics[2]
      Request finished HTTP/2 POST http://ilpp/UnityILPP.PostProcessing/PostProcessAssembly - 200 - application/grpc 21.8294ms
info: Microsoft.AspNetCore.Routing.EndpointMiddleware[1]
      Executed endpoint 'gRPC - /UnityILPP.PostProcessing/PostProcessAssembly'
info: Microsoft.AspNetCore.Hosting.Diagnostics[2]
      Request finished HTTP/2 POST http://ilpp/UnityILPP.PostProcessing/PostProcessAssembly - 200 - application/grpc 32.5371ms
ExitCode: 0 Duration: 0s465ms
[1191/1563  0s] ILPP-Configuration Library/ilpp-configuration.nevergeneratedoutput
[1555/1563  0s] Csc Library/Bee/artifacts/1900b0aE.dag/Assembly-CSharp.dll (+2 others)
[1557/1563  0s] ILPostProcess Library/Bee/artifacts/1900b0aE.dag/post-processed/Assembly-CSharp-Editor.dll (+pdb)
Processing assembly Library/Bee/artifacts/1900b0aE.dag/Assembly-CSharp-Editor.dll, with 142 defines and 390 references

processors: Unity.Jobs.CodeGen.JobsILPostProcessor, zzzUnity.Burst.CodeGen.BurstILPostProcessor

running Unity.Jobs.CodeGen.JobsILPostProcessor

running zzzUnity.Burst.CodeGen.BurstILPostProcessor
[1558/1563  0s] ILPostProcess Library/Bee/artifacts/1900b0aE.dag/post-processed/Assembly-CSharp.dll (+pdb)
Processing assembly Library/Bee/artifacts/1900b0aE.dag/Assembly-CSharp.dll, with 144 defines and 366 references

processors: Unity.Jobs.CodeGen.JobsILPostProcessor, zzzUnity.Burst.CodeGen.BurstILPostProcessor

running Unity.Jobs.CodeGen.JobsILPostProcessor

running zzzUnity.Burst.CodeGen.BurstILPostProcessor
[1561/1563  0s] CopyFiles Library/ScriptAssemblies/Assembly-CSharp.dll
[1562/1563  0s] CopyFiles Library/ScriptAssemblies/Assembly-CSharp.pdb
*** Tundra build success (0.44 seconds), 6 items updated, 1563 evaluated
Reloading assemblies after finishing script compilation.
Reloading assemblies after forced synchronous recompile.
Begin MonoManager ReloadAssembly
Total cache size 268137716
Total cache size after purge 268137716, took 00:00:00.3364760
Symbol file LoadedFromMemory is not a mono symbol file
Symbol file LoadedFromMemory is not a mono symbol file
Refreshing native plugins compatible for Editor in 2.79 ms, found 5 plugins.
Native extension for WindowsStandalone target not found
Native extension for WebGL target not found
[MODES] ModeService[none].Initialize
[MODES] ModeService[none].LoadModes
Refreshing native plugins compatible for Editor in 4.77 ms, found 5 plugins.
[Licensing::Client] Error: Code 404 while processing request (status: Found 0 entitlement groups and 0 free entitlements matching requested entitlement ids)
ScheduleIndexationOnStartup MainProcess:True IndexOnStartup:True
Mono: successfully reloaded assembly
- Finished resetting the current domain, in  3.124 seconds
Domain Reload Profiling: 4791ms
	BeginReloadAssembly (1064ms)
		DisableScriptedObjects (176ms)
		CreateAndSetChildDomain (581ms)
	RebuildCommonClasses (10ms)
	RebuildNativeTypeToScriptingClass (14ms)
	initialDomainReloadingComplete (84ms)
	LoadAllAssembliesAndSetupDomain (494ms)
		LoadAssemblies (128ms)
		AnalyzeDomain (318ms)
			TypeCache.Refresh (12ms)
			BuildScriptInfoCaches (295ms)
			ResolveRequiredComponents (9ms)
	FinalizeReload (3125ms)
		SetupLoadedEditorAssemblies (0ms)
			BeforeProcessingInitializeOnLoad (234ms)
			ProcessInitializeOnLoadAttributes (928ms)
			ProcessInitializeOnLoadMethodAttributes (474ms)
			AfterProcessingInitializeOnLoad (5ms)
		AwakeInstancesAfterBackupRestoration (939ms)

Asset Pipeline Refresh (id=ef800684345a89b41950de62d4a29265): Total: 5.159 seconds - Initiated by StopAssetImportingV2(ForceSynchronousImport | ForceDomainReload)
	(Values over 0.05ms)
	Summary:
		Imports: total=0 (actual=0, local cache=0, cache server=0)
		Asset DB Process Time: managed=0 ms, native=3370 ms
		Asset DB Callback time: managed=40 ms, native=0 ms
		Scripting: domain reloads=1, domain reload time=1745 ms, compile time=2 ms, other=0 ms
		Project Asset Count: scripts=2149, non-scripts=5356
		Asset File Changes: new=0, changed=0, moved=0, deleted=0
		Scan Filter Count: 0
	InvokePackagesCallback: 1.929ms
	ApplyChangesToAssetFolders: 0.396ms
	Collect global state as custom dependencies: 3.259ms
	ProcessAssetsWithTransientArtifactChanges: 7.346ms
	CategorizeAssets: 101.763ms
	CompileScripts: 1.743ms
	ImportOutOfDateAssets: 3215.946ms (3147.893ms without children)
		CollectScriptTypesHashes: 0.746ms
		ReloadNativeAssets: 1.834ms
		UnloadImportedAssets: 0.180ms
		EnsureUptoDateAssetsAreRegisteredWithGuidPM: 1.314ms
		ImportSchedulerStart: 64.618ms
	PostProcessAllAssets: 40.818ms
		MonoPostProcessAllAssets: 40.813ms
			AssetReferenceReimportMonitor.OnPostprocessAllAssets 28.126ms
			UniversalRenderPipelineGlobalSettingsPostprocessor.OnPostprocessAllAssets 14.459ms
			AssetChangedListener.OnPostprocessAllAssets 6.893ms
			BuilderAssetPostprocessor.OnPostprocessAllAssets 6.759ms
			AssetPostprocessor.OnPostprocessAllAssets 5.044ms
			ShaderGraphAssetPostProcessor.OnPostprocessAllAssets 2.719ms
			SpriteSlicePostprocessor.OnPostprocessAllAssets 2.713ms
			UVCSAssetPostprocessor.OnPostprocessAllAssets 2.597ms
			SpeedTree9Postprocessor.OnPostprocessAllAssets 2.201ms
			SyncVS.PostprocessSyncProject 1.782ms
			GraphRefreshPostprocessor.OnPostprocessAllAssets 1.686ms
			AssetChangeDetector.OnPostprocessAllAssets 1.642ms
			RetainedModeAssetPostprocessor.OnPostprocessAllAssets 1.410ms
			WindowAssetPostprocessingWatcher.OnPostprocessAllAssets 1.377ms
			EditModeScopePostprocessor.OnPostprocessAllAssets 1.021ms
			SpriteEditorTexturePostprocessor.OnPostprocessAllAssets 0.905ms
			TextAssetPostProcessor.OnPostprocessAllAssets 0.860ms
			ArtifactBrowserPostProcessor.OnPostprocessAllAssets 0.786ms
			MaterialPostprocessor.OnPostprocessAllAssets 0.729ms
			RenderPipelineGlobalSettingsPostprocessor.OnPostprocessAllAssets 0.639ms
			AudioMixerPostprocessor.OnPostprocessAllAssets 0.577ms
			ModelAssetProcessor.OnPostprocessAllAssets 0.548ms
			TMPro_TexturePostProcessor.OnPostprocessAllAssets 0.528ms
			SampleDependencyImporterPostProcessor.OnPostprocessAllAssets 0.413ms
			ShaderReflectionAssetPostProcessor.OnPostprocessAllAssets 0.403ms
			PostProcessor.OnPostprocessAllAssets 0.400ms
			SkillsProjectAssetPostprocessor.OnPostprocessAllAssets 0.396ms
			InputActionJsonNameModifierAssetProcessor.OnPostprocessAllAssets 0.370ms
			StyleCatalogPostProcessor.OnPostprocessAllAssets 0.342ms
			AssetEvents.OnPostprocessAllAssets 0.307ms
			SpeedTreePostProcessor.OnPostprocessAllAssets 0.270ms
			ConfigAssetsTracker.OnPostprocessAllAssets 0.240ms
			InputActionAssetPostprocessor.OnPostprocessAllAssets 0.235ms
			ReferencedClipsPostProcessor.OnPostprocessAllAssets 0.219ms
			SamplePostprocessor.OnPostprocessAllAssets 0.165ms
			ProjectSettingsPostprocessor.OnPostprocessAllAssets 0.162ms
			AssetDatabaseCallbacks.OnPostprocessAllAssets 0.150ms
			AssetReloadNotifier.OnPostprocessAllAssets 0.145ms
			TerrainToolbarOverlayPostProcessor.OnPostprocessAllAssets 0.143ms
			ScenarioDriftAssetsTracker.OnPostprocessAllAssets 0.140ms
			AudioContainerPostProcessor.OnPostprocessAllAssets 0.113ms
	GatherAllCurrentPrimaryImportResultRevisions: 0.336ms
	PersistCurrentRevisions: 0.269ms
	GenerateScriptTypeHashes: 7.056ms
	GenerateScriptTypeSerializationHashes: 11.690ms
	Untracked: 1779.791ms

[Licensing::Client] Successfully resolved entitlement details
[Licensing::Client] Successfully resolved entitlement details
[Licensing::Client] Successfully resolved entitlement details
[Licensing::Client] Error: Code 404 while processing request (status: Found 0 entitlement groups and 0 free entitlements matching requested entitlement ids)
[Licensing::Client] Successfully resolved entitlement details
[Licensing::Client] Successfully resolved entitlement details
[Licensing::Client] Successfully resolved entitlement details
[Licensing::Client] Error: Code 404 while processing request (status: Found 0 entitlement groups and 0 free entitlements matching requested entitlement ids)
[Licensing::Client] Error: Code 404 while processing request (status: Found 0 entitlement groups and 0 free entitlements matching requested entitlement ids)
[Licensing::Client] Error: Code 404 while processing request (status: Found 0 entitlement groups and 0 free entitlements matching requested entitlement ids)
[Licensing::Client] Error: Code 404 while processing request (status: Found 0 entitlement groups and 0 free entitlements matching requested entitlement ids)
[Licensing::Client] Successfully resolved entitlement details
Asset Pipeline Refresh (id=8eb07553fb3e83d478c4d727578a10c0): Total: 0.016 seconds - Initiated by RefreshV2(AllowForceSynchronousImport)
[Licensing::Client] Error: Code 404 while processing request (status: Found 0 entitlement groups and 0 free entitlements matching requested entitlement ids)
Asset Pipeline Refresh (id=2f985093dd3e4b04b978b86c32c6ef7a): Total: 0.004 seconds - Initiated by RefreshV2(NoUpdateAssetOptions)
Importing 'GUID: 7e7f4c662e3d60c4d95e9adc8054fdf7 - Path: Assets/Prefabs/Logistics/Conveyors/Links/LinkConveyor.prefab' with importer (PrefabImporter)
Problem detected while importing the Prefab file: 'Assets/Prefabs/Logistics/Conveyors/Links/LinkConveyor.prefab'.
The file might be corrupt or have a missing Variant parent or nested Prefabs. See details below.
Errors:
	Nested Prefab problem. Missing Nested Prefab Asset: 'GuardRail (Missing Prefab with guid: 89c651fbff3012f4388a415d407e26a3)'
UnityEngine.Debug:ExtractStackTraceNoAlloc (byte*,int,string)
UnityEngine.StackTraceUtility:ExtractStackTrace ()
UnityEditor.AssetDatabase:DeleteAsset (string)
PathingUtility:DeleteFolderAndRecreate (string) (at Assets/Scripts/Utlity/PathingUtility.cs:51)
ConveyorPrefabCreator:CreateConveyorPrefabs () (at Assets/Editor/ConveyorPrefabCreator.cs:18)

[Assets/Scripts/Utlity/PathingUtility.cs line 51]

Imported 'GUID: 7e7f4c662e3d60c4d95e9adc8054fdf7' -> (Import Result ID: '76241840fbe76ade0fb2ab4ab0548d72') in 0.008 seconds [static and dynamic dependencies]. Details - ImportResultOutputID=f849fdaa66913877e13f05089d8a23bf DependenciesID=13922d94f86ef094775f9753df4e1c92 StaticDependenciesID=294f7a0ec49702a27d0e31976e247b2e 
Refreshing native plugins compatible for Editor in 2.77 ms, found 5 plugins.

Asset Pipeline Refresh (id=fd4c41b3c25dbcd46aab31357fb69247): Total: 0.353 seconds - Initiated by StopAssetImportingV2(NoUpdateAssetOptions)
	(Values over 0.05ms)
	Summary:
		Imports: total=1 (actual=1, local cache=0, cache server=0)
		Asset DB Process Time: managed=1 ms, native=107 ms
		Asset DB Callback time: managed=240 ms, native=4 ms
		Scripting: domain reloads=0, domain reload time=0 ms, compile time=0 ms, other=0 ms
		Project Asset Count: scripts=2148, non-scripts=5348
		Asset File Changes: new=0, changed=0, moved=0, deleted=9
		Scan Filter Count: 5
	ApplyChangesToAssetFolders: 0.113ms
	Scan: 7.412ms
	Collect global state as custom dependencies: 0.207ms
	OnSourceAssetsModified: 0.713ms
	CategorizeAssets: 21.621ms
	ImportOutOfDateAssets: 72.877ms (9.244ms without children)
		ImportManagerImport: 10.377ms (1.361ms without children)
		ReloadNativeAssets: 0.080ms
		UnloadImportedAssets: 0.260ms
		ReloadImportedAssets: 0.675ms
		EnsureUptoDateAssetsAreRegisteredWithGuidPM: 0.796ms
		ImportSchedulerStart: 52.105ms
	PostProcessAllAssets: 236.316ms
		XRBuildSystem.XRAssetImported 0.708ms
		MonoPostProcessAllAssets: 234.969ms
			AssetReferenceReimportMonitor.OnPostprocessAllAssets 29.692ms
			BuilderAssetPostprocessor.OnPostprocessAllAssets 5.130ms
			AssetPostprocessor.OnPostprocessAllAssets 5.059ms
			AssetChangedListener.OnPostprocessAllAssets 4.990ms
			UVCSAssetPostprocessor.OnPostprocessAllAssets 4.761ms
			SpriteSlicePostprocessor.OnPostprocessAllAssets 2.155ms
			ShaderGraphAssetPostProcessor.OnPostprocessAllAssets 1.749ms
			SyncVS.PostprocessSyncProject 1.356ms
			RetainedModeAssetPostprocessor.OnPostprocessAllAssets 1.100ms
			SpriteEditorTexturePostprocessor.OnPostprocessAllAssets 0.610ms
			ArtifactBrowserPostProcessor.OnPostprocessAllAssets 0.529ms
			MaterialPostprocessor.OnPostprocessAllAssets 0.452ms
			StyleCatalogPostProcessor.OnPostprocessAllAssets 0.443ms
			AudioMixerPostprocessor.OnPostprocessAllAssets 0.440ms
			AssetEvents.OnPostprocessAllAssets 0.423ms
			ModelAssetProcessor.OnPostprocessAllAssets 0.419ms
			SkillsProjectAssetPostprocessor.OnPostprocessAllAssets 0.366ms
			InputActionJsonNameModifierAssetProcessor.OnPostprocessAllAssets 0.321ms
			SampleDependencyImporterPostProcessor.OnPostprocessAllAssets 0.318ms
			TMPro_TexturePostProcessor.OnPostprocessAllAssets 0.291ms
			TextAssetPostProcessor.OnPostprocessAllAssets 0.273ms
			ScenarioDriftAssetsTracker.OnPostprocessAllAssets 0.251ms
			PostProcessor.OnPostprocessAllAssets 0.212ms
			ConfigAssetsTracker.OnPostprocessAllAssets 0.161ms
			SpeedTreePostProcessor.OnPostprocessAllAssets 0.140ms
			SamplePostprocessor.OnPostprocessAllAssets 0.127ms
			AssetReloadNotifier.OnPostprocessAllAssets 0.108ms
			GraphRefreshPostprocessor.OnPostprocessAllAssets 0.105ms
			RenderPipelineGlobalSettingsPostprocessor.OnPostprocessAllAssets 0.090ms
			AudioContainerPostProcessor.OnPostprocessAllAssets 0.077ms
			TrackSelectedAssetsProcessor.OnPostprocessAllAssets 0.074ms
	PostAssetChangesProfiler: 7.789ms
	GatherAllCurrentPrimaryImportResultRevisions: 0.377ms
	PersistCurrentRevisions: 0.484ms
	Untracked: 5.166ms

Importing 'GUID: 0000000000000000b000000000000000 - Path: ProjectSettings/EditorBuildSettings.asset' with importer (LibraryAssetImporter)
Imported 'GUID: 0000000000000000b000000000000000' -> (Import Result ID: '7d3157b8516595d3fe3e1c15529eb700') in 0.001 seconds [static dependencies only]. Details - ImportResultOutputID=4647dd083cfc32cebcd7526e8846440c DependenciesID=92d1ef275d12fc8d4a22532f7e1c8a37 StaticDependenciesID=b947d7fca5e487827e3fc098c8741c44 
Refreshing native plugins compatible for Editor in 2.79 ms, found 5 plugins.
Asset Pipeline Refresh (id=eb06fc5ff1dc2aa469f18c646e9471e5): Total: 0.080 seconds - Initiated by StopAssetImportingV2(NoUpdateAssetOptions)
Asset Pipeline Refresh (id=46af849bea72b2f41897c8662c96e908): Total: 0.012 seconds - Initiated by RefreshV2(NoUpdateAssetOptions)
Importing 'GUID: 97bae6a24f9131b44a026390c1d44eeb - Path: Assets/Prefabs/Logistics/Conveyors/Straight' with importer (DefaultImporter)
Imported 'GUID: 97bae6a24f9131b44a026390c1d44eeb' -> (Import Result ID: '66d25e3560b83e5bf1ed3144cdc4b663') in 0.003 seconds [static dependencies only]. Details - ImportResultOutputID=9b5a83e6a46e7792de8cb55a110aefd6 DependenciesID=6507e6dbad7ac3714a6cbbb6193f3217 StaticDependenciesID=c481036b3c37d22e567984357233a7e2 
Refreshing native plugins compatible for Editor in 3.03 ms, found 5 plugins.
Asset Pipeline Refresh (id=8838f7b5ce5f6ac45b4d68a92811fe5f): Total: 0.105 seconds - Initiated by StopAssetImportingV2(NoUpdateAssetOptions)
Refreshing native plugins compatible for Editor in 2.74 ms, found 5 plugins.
Asset Pipeline Refresh (id=1e3a652912fc1804fa0c00847c306991): Total: 0.102 seconds - Initiated by StopAssetImportingV2(NoUpdateAssetOptions)
Asset Pipeline Refresh (id=aa96dcfdc4112b34c833190094c09dd2): Total: 0.012 seconds - Initiated by RefreshV2(NoUpdateAssetOptions)
Importing 'GUID: 0e74d10213652b641bfa21e5ab76f75b - Path: Assets/Prefabs/Logistics/Conveyors/Corners' with importer (DefaultImporter)
Imported 'GUID: 0e74d10213652b641bfa21e5ab76f75b' -> (Import Result ID: '5565e653a0b977c135d0c9c6cb35a2ba') in 0.003 seconds [static dependencies only]. Details - ImportResultOutputID=924f5183459a9e5d89ba876c41a122a3 DependenciesID=36a58d9ce1c4549eb78920520289a6d1 StaticDependenciesID=ea128bb6cfe37155d667b477256d7b37 
Refreshing native plugins compatible for Editor in 3.14 ms, found 5 plugins.
Asset Pipeline Refresh (id=017e2b5d44e7d1b43b7d9e369cc9c1ad): Total: 0.100 seconds - Initiated by StopAssetImportingV2(NoUpdateAssetOptions)
Refreshing native plugins compatible for Editor in 2.57 ms, found 5 plugins.
Asset Pipeline Refresh (id=9a798bd23ce505445a181a18e70cd2f3): Total: 0.096 seconds - Initiated by StopAssetImportingV2(NoUpdateAssetOptions)
Asset Pipeline Refresh (id=384d31638c63f6e4780f0a8c7c07facc): Total: 0.012 seconds - Initiated by RefreshV2(NoUpdateAssetOptions)
Importing 'GUID: c21e8565fffb708489172826efac19aa - Path: Assets/Prefabs/Logistics/Conveyors/EndCaps' with importer (DefaultImporter)
Imported 'GUID: c21e8565fffb708489172826efac19aa' -> (Import Result ID: '036fa1e5f713bfd3871e1ec903d5c014') in 0.002 seconds [static dependencies only]. Details - ImportResultOutputID=af5cebfb1824231064a20b7827f526e3 DependenciesID=11d9031d4bceda477a11c3f23c0bc4c6 StaticDependenciesID=6ab3c324d409b766f71aa46542e247a6 
Refreshing native plugins compatible for Editor in 2.66 ms, found 5 plugins.
Asset Pipeline Refresh (id=9761199dcbde0e241920762b8f3a6293): Total: 0.107 seconds - Initiated by StopAssetImportingV2(NoUpdateAssetOptions)
Refreshing native plugins compatible for Editor in 2.59 ms, found 5 plugins.
Asset Pipeline Refresh (id=19b2e58c122d10d43bfd05d66a05fd0f): Total: 0.099 seconds - Initiated by StopAssetImportingV2(NoUpdateAssetOptions)
Asset Pipeline Refresh (id=85925fef773c1774cbfbe7795b9ef0a6): Total: 0.012 seconds - Initiated by RefreshV2(NoUpdateAssetOptions)
Importing 'GUID: 36c24ed04e4d0d54abe965c266b4a1f0 - Path: Assets/Prefabs/Logistics/Conveyors/Links' with importer (DefaultImporter)
Imported 'GUID: 36c24ed04e4d0d54abe965c266b4a1f0' -> (Import Result ID: 'bd86a489898752e685bff538bca5a37e') in 0.003 seconds [static dependencies only]. Details - ImportResultOutputID=85b555d7afe7f7adbc3d5aa1316a97da DependenciesID=8f1253103908a5c54af76acc93472d0e StaticDependenciesID=d2dad0a444e9aa802f9f1209a3fb98d2 
Refreshing native plugins compatible for Editor in 2.68 ms, found 5 plugins.
Asset Pipeline Refresh (id=872b92e4190e74648a2e33804e25e16d): Total: 0.099 seconds - Initiated by StopAssetImportingV2(NoUpdateAssetOptions)
Asset Pipeline Refresh (id=472f7553e9052854eb326ad6332075b2): Total: 0.012 seconds - Initiated by RefreshV2(NoUpdateAssetOptions)
Refreshing native plugins compatible for Editor in 2.40 ms, found 5 plugins.
Asset Pipeline Refresh (id=e68bb034b823a2444a13f77be057c3bb): Total: 0.099 seconds - Initiated by StopAssetImportingV2(NoUpdateAssetOptions)
Importing 'GUID: 89c651fbff3012f4388a415d407e26a3 - Path: Assets/Prefabs/Logistics/Conveyors/Straight/GuardRail.prefab' with importer (PrefabImporter)
Imported 'GUID: 89c651fbff3012f4388a415d407e26a3' -> (Import Result ID: 'e5fcf8901c6cf16eea9cd31586671a03') in 0.004 seconds [static dependencies only]. Details - ImportResultOutputID=f9f7ab7c7175d3238fdb91a28c9f6dcb DependenciesID=599efa6c5b156463b3d25a451a3e72f9 StaticDependenciesID=6a7f9a7d0f9643e7c8b3b07313210799 
Refreshing native plugins compatible for Editor in 3.08 ms, found 5 plugins.
Asset Pipeline Refresh (id=c46be740b451b58499059f2f7a5f6d61): Total: 0.110 seconds - Initiated by StopAssetImportingV2(NoUpdateAssetOptions)
Refreshing native plugins compatible for Editor in 2.72 ms, found 5 plugins.
Asset Pipeline Refresh (id=84e655fdca4e87a408b411d7218e6ce3): Total: 0.097 seconds - Initiated by StopAssetImportingV2(NoUpdateAssetOptions)
Importing 'GUID: e47f79482ab4e684388844ff3f1924e1 - Path: Assets/Prefabs/Logistics/Conveyors/EndCaps/EndCapGuardRail.prefab' with importer (PrefabImporter)
Imported 'GUID: e47f79482ab4e684388844ff3f1924e1' -> (Import Result ID: '4b5959a0d4bfb5fa92a002ca195351e8') in 0.004 seconds [static dependencies only]. Details - ImportResultOutputID=a2166f4efc7a6cb6d487b39347b1ddd4 DependenciesID=e88f234df74e225ab9a0746c4aeab3b8 StaticDependenciesID=088f28f25353bd0d6e16a972491c9f1d 
Refreshing native plugins compatible for Editor in 2.86 ms, found 5 plugins.
Asset Pipeline Refresh (id=9ed3be4d394f09c41bbe8dd512012217): Total: 0.105 seconds - Initiated by StopAssetImportingV2(NoUpdateAssetOptions)
Refreshing native plugins compatible for Editor in 2.62 ms, found 5 plugins.
Asset Pipeline Refresh (id=7a907d8cc89af214ca32f744c11b68e9): Total: 0.096 seconds - Initiated by StopAssetImportingV2(NoUpdateAssetOptions)
Importing 'GUID: 776fc9c5d0c44d44f8afeb40efe651f9 - Path: Assets/Prefabs/Logistics/Conveyors/Corners/CornerMesh.asset' with importer (NativeFormatImporter)
Imported 'GUID: 776fc9c5d0c44d44f8afeb40efe651f9' -> (Import Result ID: '2f13cb4aa45505c45c41e2eae255bd11') in 0.001 seconds [static dependencies only]. Details - ImportResultOutputID=4abe92c576e4086a92ff16790b6bb18a DependenciesID=cb5ee67df58504824b6fd49a0691d59f StaticDependenciesID=f8d26aab94f426b484f980f66c03e38a 
Refreshing native plugins compatible for Editor in 2.51 ms, found 5 plugins.
Asset Pipeline Refresh (id=9547d95596302464d916b53e7375067d): Total: 0.096 seconds - Initiated by StopAssetImportingV2(NoUpdateAssetOptions)
Refreshing native plugins compatible for Editor in 2.89 ms, found 5 plugins.
Asset Pipeline Refresh (id=0f9ed7dd25ae4e8419602f2013aaa55d): Total: 0.101 seconds - Initiated by StopAssetImportingV2(NoUpdateAssetOptions)
Refreshing native plugins compatible for Editor in 2.53 ms, found 5 plugins.
Asset Pipeline Refresh (id=3d9245257f8c1274cb3afc552bdc9436): Total: 0.094 seconds - Initiated by StopAssetImportingV2(NoUpdateAssetOptions)
Importing 'GUID: 4194239cb6c74934fa3996fd5e72e5a3 - Path: Assets/Materials/ConveyorTop.mat' with importer (NativeFormatImporter)
Imported 'GUID: 4194239cb6c74934fa3996fd5e72e5a3' -> (Import Result ID: 'ec536078d38d5bc1cbbe49106345acce') in 0.001 seconds [static dependencies only]. Details - ImportResultOutputID=3caa46c4e159def43acf0e585b0984a4 DependenciesID=f908ebc1314ee0d8bc8810367e70d024 StaticDependenciesID=e0a0d84477f93e77f3e9aa7a783996da 
Importing 'GUID: 91b1496d333e8574595ef9f50642f45a - Path: Assets/Materials/ConveyorGuardRail.mat' with importer (NativeFormatImporter)
Imported 'GUID: 91b1496d333e8574595ef9f50642f45a' -> (Import Result ID: 'e8f148633ef6ddd9d008f87c657c5110') in 0.001 seconds [static dependencies only]. Details - ImportResultOutputID=3972271e97b6ae8253e9eebde1af98ce DependenciesID=f4eceb7ace0768139b73068b51647409 StaticDependenciesID=3e4a7f0a6af400a9798e53fd5892e66a 
Importing 'GUID: 23db05cf8cc35354390211056b589b8c - Path: Assets/Materials/ConveyorEndCap.mat' with importer (NativeFormatImporter)
Imported 'GUID: 23db05cf8cc35354390211056b589b8c' -> (Import Result ID: 'c64341c3b724154f252e2676d3ab287b') in 0.001 seconds [static dependencies only]. Details - ImportResultOutputID=352c107f186ec979bc2e3d6d08f507c7 DependenciesID=bf552b1d639cd234ceebe3c9fe05f9b9 StaticDependenciesID=d3ab6691c6d194dffed713bc0be26c79 
Importing 'GUID: 7ca147e253c03b04c9b351aeca7064d1 - Path: Assets/Materials/ConveyorSide.mat' with importer (NativeFormatImporter)
Imported 'GUID: 7ca147e253c03b04c9b351aeca7064d1' -> (Import Result ID: 'c82f3faa25986a14321d9e76fd35bf1c') in 0.001 seconds [static dependencies only]. Details - ImportResultOutputID=5ec664f5e97a41aae605eefab098f1c7 DependenciesID=e49dc24384ddf8fccb947754b00e9fd6 StaticDependenciesID=b414efc9f9bb8c41d2c19daef5cc870b 
Importing 'GUID: edb06e9e5d5b93444b4687125d0ed5cd - Path: Assets/Materials/ConveyorBottom.mat' with importer (NativeFormatImporter)
Imported 'GUID: edb06e9e5d5b93444b4687125d0ed5cd' -> (Import Result ID: 'bd750a17100c7752e27a14555dff70e0') in 0.001 seconds [static dependencies only]. Details - ImportResultOutputID=d6dec9bcdd6c59398a936b60f2d24523 DependenciesID=a2787c7fd6da90f413aad22de35c2f26 StaticDependenciesID=d4aa3613c3f6c9a8e80ac26294c23ee1 
Importing 'GUID: 6ec9a06dda83478488989c47c4cafe3b - Path: Assets/Materials/ConveyorArrow.mat' with importer (NativeFormatImporter)
Imported 'GUID: 6ec9a06dda83478488989c47c4cafe3b' -> (Import Result ID: '3803b58f2438e8c664d0608422e733b3') in 0.001 seconds [static dependencies only]. Details - ImportResultOutputID=9bee318c8633e34910f2d00fd31d166f DependenciesID=603500e325ddf008e8caede7e7d2ac1e StaticDependenciesID=176203c8a4df5f0b82c106ee53ddb7a3 
Refreshing native plugins compatible for Editor in 2.46 ms, found 5 plugins.
Asset Pipeline Refresh (id=f108e1090cc5c5c428b9b8a8ccd96764): Total: 0.080 seconds - Initiated by StopAssetImportingV2(NoUpdateAssetOptions)
Asset Pipeline Refresh (id=6998378e5bd39374294df728d8d285bb): Total: 0.011 seconds - Initiated by RefreshV2(NoUpdateAssetOptions)
Importing 'GUID: 01aaf63520e4bbd499bd001fe7fcbfe7 - Path: Assets/Prefabs/Logistics/Conveyors/Straight/StraightConveyor_L1.prefab' with importer (PrefabImporter)
Imported 'GUID: 01aaf63520e4bbd499bd001fe7fcbfe7' -> (Import Result ID: '9cca2c16b0559f672abcb1dc5d5a1fc5') in 0.005 seconds [static and dynamic dependencies]. Details - ImportResultOutputID=fc205f941d7dc5841845b2ad447a2e61 DependenciesID=e99f8fed12388fed1c077c2d1a274229 StaticDependenciesID=04ed4241ae49248f483263374a0d9e89 
Refreshing native plugins compatible for Editor in 2.68 ms, found 5 plugins.
Asset Pipeline Refresh (id=65592626459f23244b3c50016ab23a52): Total: 0.104 seconds - Initiated by StopAssetImportingV2(NoUpdateAssetOptions)
Importing 'GUID: 639da058b8f588d43a74341dfb128649 - Path: Assets/Prefabs/Logistics/Conveyors/Straight/StraightConveyor_L2.prefab' with importer (PrefabImporter)
Imported 'GUID: 639da058b8f588d43a74341dfb128649' -> (Import Result ID: 'c4ac49f97f06819390610c12a289d0ed') in 0.005 seconds [static and dynamic dependencies]. Details - ImportResultOutputID=726c4c5659d3be1815787619744c8811 DependenciesID=0c97a956dc08fbcb2e364f71a86f3205 StaticDependenciesID=d01729081935984d68e4cc9bc6105843 
Refreshing native plugins compatible for Editor in 2.48 ms, found 5 plugins.
Asset Pipeline Refresh (id=eecbd5579c20a674aaa350db47ac9c49): Total: 0.106 seconds - Initiated by StopAssetImportingV2(NoUpdateAssetOptions)
Importing 'GUID: bf7b433b43e01174e91e876ac60410a7 - Path: Assets/Prefabs/Logistics/Conveyors/Straight/StraightConveyor_L3.prefab' with importer (PrefabImporter)
Imported 'GUID: bf7b433b43e01174e91e876ac60410a7' -> (Import Result ID: 'd097a8e1a9c5b4c3cc6f5a3afa57d4e3') in 0.005 seconds [static and dynamic dependencies]. Details - ImportResultOutputID=05e9e13ec4813df158cd603b01c635a3 DependenciesID=a8c35e010d7304b44c2da204388a0dc5 StaticDependenciesID=d7c9ab17cf5a1518dcb56a8d5fde69f5 
Refreshing native plugins compatible for Editor in 2.60 ms, found 5 plugins.
Asset Pipeline Refresh (id=c621cb2a5e6402745aa6bcbe1101e456): Total: 0.115 seconds - Initiated by StopAssetImportingV2(NoUpdateAssetOptions)
Importing 'GUID: 3827da66744c65443a89682cb23fd187 - Path: Assets/Prefabs/Logistics/Conveyors/Straight/StraightConveyor_L4.prefab' with importer (PrefabImporter)
Imported 'GUID: 3827da66744c65443a89682cb23fd187' -> (Import Result ID: 'b3755bc0725d8d2e90dbabc603d18a79') in 0.005 seconds [static and dynamic dependencies]. Details - ImportResultOutputID=652a8169f82e5f74224d5dd428973b96 DependenciesID=0b66fae1b0126f262bc593dd61c04ede StaticDependenciesID=03471dc3efacfe7079d75c4c69300308 
Refreshing native plugins compatible for Editor in 2.59 ms, found 5 plugins.
Asset Pipeline Refresh (id=755d4c166c9f97c4eb242dc9d8e83dea): Total: 0.105 seconds - Initiated by StopAssetImportingV2(NoUpdateAssetOptions)
Importing 'GUID: 883b00e33de4a8c4690c5187ab596400 - Path: Assets/Prefabs/Logistics/Conveyors/Straight/StraightConveyor_L5.prefab' with importer (PrefabImporter)
Imported 'GUID: 883b00e33de4a8c4690c5187ab596400' -> (Import Result ID: '2007068957e7b7e2029e9f0770a9616b') in 0.005 seconds [static and dynamic dependencies]. Details - ImportResultOutputID=3dcfd08f944e64386bebcec5da105969 DependenciesID=46c9b1d3f4bbedf2984418416afb4c00 StaticDependenciesID=18f4c74fc64fa8428db3ccca2848900d 
Refreshing native plugins compatible for Editor in 2.83 ms, found 5 plugins.
Asset Pipeline Refresh (id=738869896de7df742932b1cbab1d0378): Total: 0.104 seconds - Initiated by StopAssetImportingV2(NoUpdateAssetOptions)
Importing 'GUID: 873fe501024b3de4eae30d8443d20837 - Path: Assets/Prefabs/Logistics/Conveyors/Corners/CornerConveyor.prefab' with importer (PrefabImporter)
Imported 'GUID: 873fe501024b3de4eae30d8443d20837' -> (Import Result ID: '56d309e24ad2a015b4b760a02fc91f93') in 0.004 seconds [static and dynamic dependencies]. Details - ImportResultOutputID=364edac1de036747047722bcd1676f31 DependenciesID=cd6b1559e059a7240340f3575e85b1fd StaticDependenciesID=6cbc950e92a07f96ffda3329ea9dc9bf 
Refreshing native plugins compatible for Editor in 3.67 ms, found 5 plugins.
Asset Pipeline Refresh (id=99305bc18716dd2498d9148cabc8812a): Total: 0.106 seconds - Initiated by StopAssetImportingV2(NoUpdateAssetOptions)
Importing 'GUID: 7cc55c01dd2b6764ea1a70963567ba8a - Path: Assets/Prefabs/Logistics/Conveyors/EndCaps/EndCapConveyor.prefab' with importer (PrefabImporter)
Imported 'GUID: 7cc55c01dd2b6764ea1a70963567ba8a' -> (Import Result ID: '9d0b06ff6e3c944a5d9ecc9030d58dfa') in 0.004 seconds [static and dynamic dependencies]. Details - ImportResultOutputID=0a94a74199be899842e4a01341346c28 DependenciesID=0a3805b2986f9ec942afe71cfa989467 StaticDependenciesID=10b3c422f2528c8b9841602056d6deef 
Refreshing native plugins compatible for Editor in 2.62 ms, found 5 plugins.
Asset Pipeline Refresh (id=6c2c8304534966c4c93e4ae7b1b4bd1d): Total: 0.104 seconds - Initiated by StopAssetImportingV2(NoUpdateAssetOptions)
Importing 'GUID: 7e7f4c662e3d60c4d95e9adc8054fdf7 - Path: Assets/Prefabs/Logistics/Conveyors/Links/LinkConveyor.prefab' with importer (PrefabImporter)
Imported 'GUID: 7e7f4c662e3d60c4d95e9adc8054fdf7' -> (Import Result ID: 'd0437c9e2ca964b85141de87c0a16308') in 0.004 seconds [static and dynamic dependencies]. Details - ImportResultOutputID=674fb4933d659bda501eb5dad00b1858 DependenciesID=714e7cf8808470ffd1a210857749873d StaticDependenciesID=08a3ff421e590e872a5a39f6d334e61d 
Refreshing native plugins compatible for Editor in 2.57 ms, found 5 plugins.
Asset Pipeline Refresh (id=7f22e94e7a530b54fbb2ac5c756a3f28): Total: 0.103 seconds - Initiated by StopAssetImportingV2(NoUpdateAssetOptions)
Importing 'GUID: 91b1496d333e8574595ef9f50642f45a - Path: Assets/Materials/ConveyorGuardRail.mat' with importer (NativeFormatImporter)
Imported 'GUID: 91b1496d333e8574595ef9f50642f45a' -> (Import Result ID: 'e8f148633ef6ddd9d008f87c657c5110') in 0.001 seconds [static dependencies only]. Details - ImportResultOutputID=3972271e97b6ae8253e9eebde1af98ce DependenciesID=f4eceb7ace0768139b73068b51647409 StaticDependenciesID=3e4a7f0a6af400a9798e53fd5892e66a 
Refreshing native plugins compatible for Editor in 2.86 ms, found 5 plugins.
Asset Pipeline Refresh (id=86f615445bb969e448f135ea32a3444d): Total: 0.075 seconds - Initiated by StopAssetImportingV2(NoUpdateAssetOptions)
Asset Pipeline Refresh (id=adc1426b10845f346a05b5a36f0e59ec): Total: 0.012 seconds - Initiated by RefreshV2(NoUpdateAssetOptions)
Conveyor prefabs rebuilt.
UnityEngine.Debug:ExtractStackTraceNoAlloc (byte*,int,string)
UnityEngine.StackTraceUtility:ExtractStackTrace ()
UnityEngine.DebugLogHandler:Internal_Log (UnityEngine.LogType,UnityEngine.LogOption,string,UnityEngine.Object)
UnityEngine.DebugLogHandler:LogFormat (UnityEngine.LogType,UnityEngine.Object,string,object[])
UnityEngine.Logger:Log (UnityEngine.LogType,object)
UnityEngine.Debug:Log (object)
ConveyorPrefabCreator:CreateConveyorPrefabs () (at Assets/Editor/ConveyorPrefabCreator.cs:82)

(Filename: Assets/Editor/ConveyorPrefabCreator.cs Line: 82)

[INFO ] [relay] relay.startup port=9001 mcpClientPort=9002 editorPid=31616
[INFO ] [relay] log === RELAY SERVER STARTED === (unity-ai-relay v1.0.12-build.97)
[INFO ] [relay] log Starting relay server...
[INFO ] [relay] log Command line arguments: ["bun","B:/~BUN/root/relay_win.exe","--relay","--port","9001","--mcp-client-port","9002","--editor-pid","31616","--shutdown-delay","180","--log-dir","C:\\Users\\Len\\Lenomation_V3\\Logs"]
[INFO ] [relay] log Parsed config: {"port":9001,"mcpClientPort":9002,"editorPid":"31616","shutdownDelaySeconds":180}
[INFO ] [relay] log Initializing relay components...
[INFO ] [relay] log Creating RelayEditor...
[INFO ] [relay] log WebSocket server started
[INFO ] [relay] log Relay server initialization completed
[INFO ] [relay] log MCP Client initialized at port: 9002
[WARN ] [relay] log [shell-env] Shell environment did not contain a PATH variable
[INFO ] [relay] log Unity MCP Relay server started | Port: 9002 | Endpoints: /mcp/start-server, /mcp/stop-server, /mcp/server-status, /mcp/call-tool
[INFO ] [relay] log Unity client connected with ID: editor-31616-4gftkl (relay 1.0.12-build.97)
[INFO ] [relay] connection.established clientId=editor-31616-4gftkl port=9001
Asset Pipeline Refresh (id=0a58b32f859b2204bb7742aa7a347052): Total: 0.016 seconds - Initiated by RefreshV2(NoUpdateAssetOptions)
Asset Pipeline Refresh (id=2872015f8a6f99947b8f4ede81a5dbc0): Total: 0.004 seconds - Initiated by RefreshV2(NoUpdateAssetOptions)
[Licensing::Client] Successfully resolved entitlement details
Asset Pipeline Refresh (id=67ebac436bb81834db9af6a56a91e557): Total: 0.004 seconds - Initiated by RefreshV2(AllowForceSynchronousImport)
[Licensing::Client] Error: Code 404 while processing request (status: Found 0 entitlement groups and 0 free entitlements matching requested entitlement ids)
Importing 'GUID: 7e7f4c662e3d60c4d95e9adc8054fdf7 - Path: Assets/Prefabs/Logistics/Conveyors/Links/LinkConveyor.prefab' with importer (PrefabImporter)
Problem detected while importing the Prefab file: 'Assets/Prefabs/Logistics/Conveyors/Links/LinkConveyor.prefab'.
The file might be corrupt or have a missing Variant parent or nested Prefabs. See details below.
Errors:
	Nested Prefab problem. Missing Nested Prefab Asset: 'GuardRail (Missing Prefab with guid: 89c651fbff3012f4388a415d407e26a3)'
UnityEngine.Debug:ExtractStackTraceNoAlloc (byte*,int,string)
UnityEngine.StackTraceUtility:ExtractStackTrace ()
UnityEditor.AssetDatabase:DeleteAsset (string)
PathingUtility:DeleteFolderAndRecreate (string) (at Assets/Scripts/Utlity/PathingUtility.cs:51)
ConveyorPrefabCreator:CreateConveyorPrefabs () (at Assets/Editor/ConveyorPrefabCreator.cs:18)

[Assets/Scripts/Utlity/PathingUtility.cs line 51]

Imported 'GUID: 7e7f4c662e3d60c4d95e9adc8054fdf7' -> (Import Result ID: '16a4dd6dcbb7e13ebcf9dbd10f2df32f') in 0.003 seconds [static and dynamic dependencies]. Details - ImportResultOutputID=353929b2e3c20a67d3eedf6f9c825b18 DependenciesID=abe4bac5974c380377739591fc3c9b1b StaticDependenciesID=08a3ff421e590e872a5a39f6d334e61d 
Refreshing native plugins compatible for Editor in 3.82 ms, found 5 plugins.
Asset Pipeline Refresh (id=f7ddaa9c0d8464341803f01d898d741d): Total: 0.120 seconds - Initiated by StopAssetImportingV2(NoUpdateAssetOptions)
Asset Pipeline Refresh (id=1ad175a5d0ceb0b4aabf43c8187bd6e5): Total: 0.011 seconds - Initiated by RefreshV2(NoUpdateAssetOptions)
Importing 'GUID: 97bae6a24f9131b44a026390c1d44eeb - Path: Assets/Prefabs/Logistics/Conveyors/Straight' with importer (DefaultImporter)
Imported 'GUID: 97bae6a24f9131b44a026390c1d44eeb' -> (Import Result ID: '66d25e3560b83e5bf1ed3144cdc4b663') in 0.002 seconds [static dependencies only]. Details - ImportResultOutputID=9b5a83e6a46e7792de8cb55a110aefd6 DependenciesID=6507e6dbad7ac3714a6cbbb6193f3217 StaticDependenciesID=c481036b3c37d22e567984357233a7e2 
Refreshing native plugins compatible for Editor in 2.74 ms, found 5 plugins.
Asset Pipeline Refresh (id=5d6e9f2d43ebcc948bee5d7b6d505b27): Total: 0.111 seconds - Initiated by StopAssetImportingV2(NoUpdateAssetOptions)
Refreshing native plugins compatible for Editor in 3.05 ms, found 5 plugins.
Asset Pipeline Refresh (id=706068033c47e1e448a738d1a0282539): Total: 0.099 seconds - Initiated by StopAssetImportingV2(NoUpdateAssetOptions)
Asset Pipeline Refresh (id=8e3f6e19fed3c104389bc45bc455a5ae): Total: 0.012 seconds - Initiated by RefreshV2(NoUpdateAssetOptions)
Importing 'GUID: 0e74d10213652b641bfa21e5ab76f75b - Path: Assets/Prefabs/Logistics/Conveyors/Corners' with importer (DefaultImporter)
Imported 'GUID: 0e74d10213652b641bfa21e5ab76f75b' -> (Import Result ID: '5565e653a0b977c135d0c9c6cb35a2ba') in 0.002 seconds [static dependencies only]. Details - ImportResultOutputID=924f5183459a9e5d89ba876c41a122a3 DependenciesID=36a58d9ce1c4549eb78920520289a6d1 StaticDependenciesID=ea128bb6cfe37155d667b477256d7b37 
Refreshing native plugins compatible for Editor in 3.29 ms, found 5 plugins.
Asset Pipeline Refresh (id=6f670bf86f4b6f248b9675177d671f24): Total: 0.100 seconds - Initiated by StopAssetImportingV2(NoUpdateAssetOptions)
Refreshing native plugins compatible for Editor in 3.10 ms, found 5 plugins.
Asset Pipeline Refresh (id=271ff97a4b348864397642586e8ed8b5): Total: 0.097 seconds - Initiated by StopAssetImportingV2(NoUpdateAssetOptions)
Asset Pipeline Refresh (id=7c6ce99cd6ba2054cacaf85f70dbbf5f): Total: 0.012 seconds - Initiated by RefreshV2(NoUpdateAssetOptions)
Importing 'GUID: c21e8565fffb708489172826efac19aa - Path: Assets/Prefabs/Logistics/Conveyors/EndCaps' with importer (DefaultImporter)
Imported 'GUID: c21e8565fffb708489172826efac19aa' -> (Import Result ID: '036fa1e5f713bfd3871e1ec903d5c014') in 0.002 seconds [static dependencies only]. Details - ImportResultOutputID=af5cebfb1824231064a20b7827f526e3 DependenciesID=11d9031d4bceda477a11c3f23c0bc4c6 StaticDependenciesID=6ab3c324d409b766f71aa46542e247a6 
Refreshing native plugins compatible for Editor in 3.15 ms, found 5 plugins.
Asset Pipeline Refresh (id=4fc03a644f3982b4391af5fd84190e53): Total: 0.098 seconds - Initiated by StopAssetImportingV2(NoUpdateAssetOptions)
Refreshing native plugins compatible for Editor in 3.05 ms, found 5 plugins.
Asset Pipeline Refresh (id=00977dac069c01a47b88da9524c66003): Total: 0.096 seconds - Initiated by StopAssetImportingV2(NoUpdateAssetOptions)
Asset Pipeline Refresh (id=95d47bc60eeb2b34b9f9f63cbb5ec335): Total: 0.012 seconds - Initiated by RefreshV2(NoUpdateAssetOptions)
Importing 'GUID: 36c24ed04e4d0d54abe965c266b4a1f0 - Path: Assets/Prefabs/Logistics/Conveyors/Links' with importer (DefaultImporter)
Imported 'GUID: 36c24ed04e4d0d54abe965c266b4a1f0' -> (Import Result ID: 'bd86a489898752e685bff538bca5a37e') in 0.003 seconds [static dependencies only]. Details - ImportResultOutputID=85b555d7afe7f7adbc3d5aa1316a97da DependenciesID=8f1253103908a5c54af76acc93472d0e StaticDependenciesID=d2dad0a444e9aa802f9f1209a3fb98d2 
Refreshing native plugins compatible for Editor in 3.04 ms, found 5 plugins.
Asset Pipeline Refresh (id=d9a8b98f9e220754983a1b5c6d3bbd46): Total: 0.100 seconds - Initiated by StopAssetImportingV2(NoUpdateAssetOptions)
Asset Pipeline Refresh (id=141b34a4448232547a53622eed863f70): Total: 0.011 seconds - Initiated by RefreshV2(NoUpdateAssetOptions)
Refreshing native plugins compatible for Editor in 3.14 ms, found 5 plugins.
Asset Pipeline Refresh (id=873131a2e636b9c43ab83b0b3ccdeec7): Total: 0.100 seconds - Initiated by StopAssetImportingV2(NoUpdateAssetOptions)
Importing 'GUID: 89c651fbff3012f4388a415d407e26a3 - Path: Assets/Prefabs/Logistics/Conveyors/Straight/GuardRail.prefab' with importer (PrefabImporter)
Imported 'GUID: 89c651fbff3012f4388a415d407e26a3' -> (Import Result ID: 'd0d1cbb5115609362699a5db9832d013') in 0.004 seconds [static dependencies only]. Details - ImportResultOutputID=444300c2d3a8fccb5d8b7070ab825600 DependenciesID=b51b5dca11b3371713a1b9171d5da4db StaticDependenciesID=ffec7c766c7e01c8c806cfaf0b45b5e4 
Refreshing native plugins compatible for Editor in 3.07 ms, found 5 plugins.
Asset Pipeline Refresh (id=34256769b311cdf4bb57ec49b2c99d11): Total: 0.104 seconds - Initiated by StopAssetImportingV2(NoUpdateAssetOptions)
Refreshing native plugins compatible for Editor in 3.22 ms, found 5 plugins.
Asset Pipeline Refresh (id=1b9edd8829b427245aced17e38cbf43b): Total: 0.096 seconds - Initiated by StopAssetImportingV2(NoUpdateAssetOptions)
Importing 'GUID: e47f79482ab4e684388844ff3f1924e1 - Path: Assets/Prefabs/Logistics/Conveyors/EndCaps/EndCapGuardRail.prefab' with importer (PrefabImporter)
Imported 'GUID: e47f79482ab4e684388844ff3f1924e1' -> (Import Result ID: 'bf782b9a5fb71ecafd1e4c7134f1abb7') in 0.004 seconds [static dependencies only]. Details - ImportResultOutputID=d245ef00af86764b26359ad8978c0981 DependenciesID=8e72291594884f10308c63f22daca4a6 StaticDependenciesID=b4b24373d6f813f6ac034aec6568164d 
Refreshing native plugins compatible for Editor in 2.60 ms, found 5 plugins.
Asset Pipeline Refresh (id=39fdd49a9cc0fea44b86c4f6c6511c38): Total: 0.102 seconds - Initiated by StopAssetImportingV2(NoUpdateAssetOptions)
Refreshing native plugins compatible for Editor in 2.92 ms, found 5 plugins.
Asset Pipeline Refresh (id=b403f06d39b9f20429dff7cf7089cdf2): Total: 0.094 seconds - Initiated by StopAssetImportingV2(NoUpdateAssetOptions)
Refreshing native plugins compatible for Editor in 3.39 ms, found 5 plugins.
Asset Pipeline Refresh (id=8b23119acd08025419e876ed9ddb2112): Total: 0.100 seconds - Initiated by StopAssetImportingV2(NoUpdateAssetOptions)
Refreshing native plugins compatible for Editor in 3.26 ms, found 5 plugins.
Asset Pipeline Refresh (id=aa94b0aaed2f0c8428eb126fcde2a4e2): Total: 0.099 seconds - Initiated by StopAssetImportingV2(NoUpdateAssetOptions)
Refreshing native plugins compatible for Editor in 3.01 ms, found 5 plugins.
Asset Pipeline Refresh (id=c43d2adf8f0e7cc4cb6caa9a39a82c35): Total: 0.096 seconds - Initiated by StopAssetImportingV2(NoUpdateAssetOptions)
Importing 'GUID: 4194239cb6c74934fa3996fd5e72e5a3 - Path: Assets/Materials/ConveyorTop.mat' with importer (NativeFormatImporter)
Imported 'GUID: 4194239cb6c74934fa3996fd5e72e5a3' -> (Import Result ID: 'ec536078d38d5bc1cbbe49106345acce') in 0.001 seconds [static dependencies only]. Details - ImportResultOutputID=3caa46c4e159def43acf0e585b0984a4 DependenciesID=f908ebc1314ee0d8bc8810367e70d024 StaticDependenciesID=e0a0d84477f93e77f3e9aa7a783996da 
Importing 'GUID: 91b1496d333e8574595ef9f50642f45a - Path: Assets/Materials/ConveyorGuardRail.mat' with importer (NativeFormatImporter)
Imported 'GUID: 91b1496d333e8574595ef9f50642f45a' -> (Import Result ID: 'e8f148633ef6ddd9d008f87c657c5110') in 0.001 seconds [static dependencies only]. Details - ImportResultOutputID=3972271e97b6ae8253e9eebde1af98ce DependenciesID=f4eceb7ace0768139b73068b51647409 StaticDependenciesID=3e4a7f0a6af400a9798e53fd5892e66a 
Importing 'GUID: 23db05cf8cc35354390211056b589b8c - Path: Assets/Materials/ConveyorEndCap.mat' with importer (NativeFormatImporter)
Imported 'GUID: 23db05cf8cc35354390211056b589b8c' -> (Import Result ID: 'c64341c3b724154f252e2676d3ab287b') in 0.001 seconds [static dependencies only]. Details - ImportResultOutputID=352c107f186ec979bc2e3d6d08f507c7 DependenciesID=bf552b1d639cd234ceebe3c9fe05f9b9 StaticDependenciesID=d3ab6691c6d194dffed713bc0be26c79 
Importing 'GUID: 7ca147e253c03b04c9b351aeca7064d1 - Path: Assets/Materials/ConveyorSide.mat' with importer (NativeFormatImporter)
Imported 'GUID: 7ca147e253c03b04c9b351aeca7064d1' -> (Import Result ID: 'c82f3faa25986a14321d9e76fd35bf1c') in 0.001 seconds [static dependencies only]. Details - ImportResultOutputID=5ec664f5e97a41aae605eefab098f1c7 DependenciesID=e49dc24384ddf8fccb947754b00e9fd6 StaticDependenciesID=b414efc9f9bb8c41d2c19daef5cc870b 
Importing 'GUID: edb06e9e5d5b93444b4687125d0ed5cd - Path: Assets/Materials/ConveyorBottom.mat' with importer (NativeFormatImporter)
Imported 'GUID: edb06e9e5d5b93444b4687125d0ed5cd' -> (Import Result ID: 'bd750a17100c7752e27a14555dff70e0') in 0.001 seconds [static dependencies only]. Details - ImportResultOutputID=d6dec9bcdd6c59398a936b60f2d24523 DependenciesID=a2787c7fd6da90f413aad22de35c2f26 StaticDependenciesID=d4aa3613c3f6c9a8e80ac26294c23ee1 
Importing 'GUID: 6ec9a06dda83478488989c47c4cafe3b - Path: Assets/Materials/ConveyorArrow.mat' with importer (NativeFormatImporter)
Imported 'GUID: 6ec9a06dda83478488989c47c4cafe3b' -> (Import Result ID: '3803b58f2438e8c664d0608422e733b3') in 0.001 seconds [static dependencies only]. Details - ImportResultOutputID=9bee318c8633e34910f2d00fd31d166f DependenciesID=603500e325ddf008e8caede7e7d2ac1e StaticDependenciesID=176203c8a4df5f0b82c106ee53ddb7a3 
Refreshing native plugins compatible for Editor in 3.04 ms, found 5 plugins.
Asset Pipeline Refresh (id=82ca760e5c113da4698a92bb943cb84e): Total: 0.082 seconds - Initiated by StopAssetImportingV2(NoUpdateAssetOptions)
Asset Pipeline Refresh (id=5dab94e774a63314a83d483d449840cf): Total: 0.011 seconds - Initiated by RefreshV2(NoUpdateAssetOptions)
Importing 'GUID: 01aaf63520e4bbd499bd001fe7fcbfe7 - Path: Assets/Prefabs/Logistics/Conveyors/Straight/StraightConveyor_L1.prefab' with importer (PrefabImporter)
Imported 'GUID: 01aaf63520e4bbd499bd001fe7fcbfe7' -> (Import Result ID: '86d23a518925567d0701b9e7a0f89355') in 0.005 seconds [static and dynamic dependencies]. Details - ImportResultOutputID=7cbf7124401dd0aceba3424851a24717 DependenciesID=75c6d6d8b8d7c0879d94b3f6b031b33f StaticDependenciesID=5613171b85e0b95b67ce28c675ee2ae2 
Refreshing native plugins compatible for Editor in 3.01 ms, found 5 plugins.
Asset Pipeline Refresh (id=7779f6b8692662041b1882e8639e867f): Total: 0.104 seconds - Initiated by StopAssetImportingV2(NoUpdateAssetOptions)
Importing 'GUID: 639da058b8f588d43a74341dfb128649 - Path: Assets/Prefabs/Logistics/Conveyors/Straight/StraightConveyor_L2.prefab' with importer (PrefabImporter)
Imported 'GUID: 639da058b8f588d43a74341dfb128649' -> (Import Result ID: 'af64e33372ed84b80936c8b79b74b01c') in 0.005 seconds [static and dynamic dependencies]. Details - ImportResultOutputID=34b7d95bfb65a8c423da435ee06c1558 DependenciesID=d9b77b363e1c38996e9a6b689bad46e1 StaticDependenciesID=2eef5259f1cd995b1809229a5ae2e3db 
Refreshing native plugins compatible for Editor in 2.46 ms, found 5 plugins.
Asset Pipeline Refresh (id=2362f97197db32d4b8bb80eb4ded22dc): Total: 0.111 seconds - Initiated by StopAssetImportingV2(NoUpdateAssetOptions)
Importing 'GUID: bf7b433b43e01174e91e876ac60410a7 - Path: Assets/Prefabs/Logistics/Conveyors/Straight/StraightConveyor_L3.prefab' with importer (PrefabImporter)
Imported 'GUID: bf7b433b43e01174e91e876ac60410a7' -> (Import Result ID: 'aad1c049b57eda8e7fd0d46a2ba78b5e') in 0.005 seconds [static and dynamic dependencies]. Details - ImportResultOutputID=a11864c5f9633667c6e45866f001b3b4 DependenciesID=7915fa956d21b27a8a14c5f787fcfb2d StaticDependenciesID=7843a4ef6b093fd2128b10311488c2fa 
Refreshing native plugins compatible for Editor in 2.62 ms, found 5 plugins.
Asset Pipeline Refresh (id=2c410f548414bb141a3ea92be892f2b5): Total: 0.103 seconds - Initiated by StopAssetImportingV2(NoUpdateAssetOptions)
Importing 'GUID: 3827da66744c65443a89682cb23fd187 - Path: Assets/Prefabs/Logistics/Conveyors/Straight/StraightConveyor_L4.prefab' with importer (PrefabImporter)
Imported 'GUID: 3827da66744c65443a89682cb23fd187' -> (Import Result ID: '6d18ad1c0323ea0f3ecd72191435df09') in 0.006 seconds [static and dynamic dependencies]. Details - ImportResultOutputID=17737982eab8ef91a22f005cfb36998f DependenciesID=b332bbb495fa89ceee3cdee9d7ead865 StaticDependenciesID=77bfac738c277dc3d6caa2e00c520c9f 
Refreshing native plugins compatible for Editor in 2.69 ms, found 5 plugins.
Asset Pipeline Refresh (id=a520b5d1d38cfdc49a162f5d8277aae5): Total: 0.104 seconds - Initiated by StopAssetImportingV2(NoUpdateAssetOptions)
Importing 'GUID: 883b00e33de4a8c4690c5187ab596400 - Path: Assets/Prefabs/Logistics/Conveyors/Straight/StraightConveyor_L5.prefab' with importer (PrefabImporter)
Imported 'GUID: 883b00e33de4a8c4690c5187ab596400' -> (Import Result ID: 'ddde8b891c005ce5f0bdab551f9d4a2f') in 0.006 seconds [static and dynamic dependencies]. Details - ImportResultOutputID=64c6f9582baa867809dfbfd8eda045f6 DependenciesID=81b994a9b05d94972ad089555705ff8a StaticDependenciesID=4053f65aa74dab449f1da54082c6a49d 
Refreshing native plugins compatible for Editor in 2.62 ms, found 5 plugins.
Asset Pipeline Refresh (id=78904c11cd93bd3489575354be7357ef): Total: 0.104 seconds - Initiated by StopAssetImportingV2(NoUpdateAssetOptions)
Importing 'GUID: 873fe501024b3de4eae30d8443d20837 - Path: Assets/Prefabs/Logistics/Conveyors/Corners/CornerConveyor.prefab' with importer (PrefabImporter)
Imported 'GUID: 873fe501024b3de4eae30d8443d20837' -> (Import Result ID: 'dcafb0a34b528a681ef57fb8e5ea67f4') in 0.005 seconds [static and dynamic dependencies]. Details - ImportResultOutputID=094a896fd4bdcae63c3f962d7c90abfe DependenciesID=b49f363303ec5b630d9bd4d3c3446f9e StaticDependenciesID=f00d84968d1921db77ee3cb7be64a29f 
Refreshing native plugins compatible for Editor in 2.76 ms, found 5 plugins.
Asset Pipeline Refresh (id=45e29044ad1046942885f1c8445c6e54): Total: 0.104 seconds - Initiated by StopAssetImportingV2(NoUpdateAssetOptions)
Importing 'GUID: 7cc55c01dd2b6764ea1a70963567ba8a - Path: Assets/Prefabs/Logistics/Conveyors/EndCaps/EndCapConveyor.prefab' with importer (PrefabImporter)
Imported 'GUID: 7cc55c01dd2b6764ea1a70963567ba8a' -> (Import Result ID: '20aad9f4de652c988999d64ac433a611') in 0.005 seconds [static and dynamic dependencies]. Details - ImportResultOutputID=d143799dedcf8e3d977f2e35236ef4be DependenciesID=1ea8fcd66bed21dd0fed7ed4e5459f34 StaticDependenciesID=aa014df3515af9d4cfe394f3a1423b20 
Refreshing native plugins compatible for Editor in 2.94 ms, found 5 plugins.
Asset Pipeline Refresh (id=9d078ec8e2979584e937b9a977b17ff4): Total: 0.110 seconds - Initiated by StopAssetImportingV2(NoUpdateAssetOptions)
Importing 'GUID: 7e7f4c662e3d60c4d95e9adc8054fdf7 - Path: Assets/Prefabs/Logistics/Conveyors/Links/LinkConveyor.prefab' with importer (PrefabImporter)
Imported 'GUID: 7e7f4c662e3d60c4d95e9adc8054fdf7' -> (Import Result ID: '773b4bccab468ddb001bc38d71e247bd') in 0.005 seconds [static and dynamic dependencies]. Details - ImportResultOutputID=a149faec74fc9041613785a839ff8d60 DependenciesID=08c2d0fc63df58dc42752963d522604d StaticDependenciesID=b3e36abbd7ce5c8af3c96a2957e53c0a 
Refreshing native plugins compatible for Editor in 2.93 ms, found 5 plugins.
Asset Pipeline Refresh (id=5151e513bad910e4c88f4faa95ce5c9c): Total: 0.109 seconds - Initiated by StopAssetImportingV2(NoUpdateAssetOptions)
Importing 'GUID: 91b1496d333e8574595ef9f50642f45a - Path: Assets/Materials/ConveyorGuardRail.mat' with importer (NativeFormatImporter)
Imported 'GUID: 91b1496d333e8574595ef9f50642f45a' -> (Import Result ID: 'e8f148633ef6ddd9d008f87c657c5110') in 0.001 seconds [static dependencies only]. Details - ImportResultOutputID=3972271e97b6ae8253e9eebde1af98ce DependenciesID=f4eceb7ace0768139b73068b51647409 StaticDependenciesID=3e4a7f0a6af400a9798e53fd5892e66a 
Refreshing native plugins compatible for Editor in 2.39 ms, found 5 plugins.
Asset Pipeline Refresh (id=bfd1b17132545e94b87cb62452ceeab2): Total: 0.073 seconds - Initiated by StopAssetImportingV2(NoUpdateAssetOptions)
Asset Pipeline Refresh (id=cea142dca7b51924c80082d8f6480b66): Total: 0.012 seconds - Initiated by RefreshV2(NoUpdateAssetOptions)
Conveyor prefabs rebuilt.
UnityEngine.Debug:ExtractStackTraceNoAlloc (byte*,int,string)
UnityEngine.StackTraceUtility:ExtractStackTrace ()
UnityEngine.DebugLogHandler:Internal_Log (UnityEngine.LogType,UnityEngine.LogOption,string,UnityEngine.Object)
UnityEngine.DebugLogHandler:LogFormat (UnityEngine.LogType,UnityEngine.Object,string,object[])
UnityEngine.Logger:Log (UnityEngine.LogType,object)
UnityEngine.Debug:Log (object)
ConveyorPrefabCreator:CreateConveyorPrefabs () (at Assets/Editor/ConveyorPrefabCreator.cs:82)

(Filename: Assets/Editor/ConveyorPrefabCreator.cs Line: 82)

Request Asset Garbage Collect because used heap size increased from 0.81 GB to 1.14 GB, exceeding the threshold of 256.0 MB.
Unloading 0 Unused Serialized files (Serialized files now loaded: 0)
Unloading 688 unused Assets / (0.5 MB). Loaded Objects now: 12637.
Memory consumption went from 1.14 GB to 1.14 GB.
Total: 24.313900 ms (FindLiveObjects: 0.600400 ms CreateObjectMapping: 1.875100 ms MarkObjects: 20.539000 ms  DeleteObjects: 1.297900 ms)

[ScriptCompilation] Requested script compilation because: AssetDatabase observed changes in script compilation related files
Refreshing native plugins compatible for Editor in 2.89 ms, found 5 plugins.
Asset Pipeline Refresh (id=a86df798a537a3c46947cfcb829bbaaf): Total: 0.134 seconds - Initiated by RefreshV2(NoUpdateAssetOptions)
info: Microsoft.AspNetCore.Hosting.Diagnostics[1]
      Request starting HTTP/2 POST http://ilpp/UnityILPP.PostProcessing/Ping - application/grpc -
info: Microsoft.AspNetCore.Routing.EndpointMiddleware[0]
      Executing endpoint 'gRPC - /UnityILPP.PostProcessing/Ping'
info: Microsoft.AspNetCore.Routing.EndpointMiddleware[1]
      Executed endpoint 'gRPC - /UnityILPP.PostProcessing/Ping'
info: Microsoft.AspNetCore.Hosting.Diagnostics[2]
      Request finished HTTP/2 POST http://ilpp/UnityILPP.PostProcessing/Ping - 200 - application/grpc 0.1194ms
Starting: C:\Program Files\Unity\Hub\Editor\6000.5.8f1\Editor\Data\Tools\BuildPipeline\bee_backend.exe --ipc --defer-dag-verification --dagfile="Library/Bee/1900b0aE.dag" --continue-on-failure --profile="Library/Bee/backend1.traceevents" ScriptAssemblies
WorkingDir: C:/Users/Len/Lenomation_V3
info: Microsoft.AspNetCore.Hosting.Diagnostics[1]
      Request starting HTTP/2 POST http://ilpp/UnityILPP.PostProcessing/ConfigurePostProcessors - application/grpc -
info: Microsoft.AspNetCore.Routing.EndpointMiddleware[0]
      Executing endpoint 'gRPC - /UnityILPP.PostProcessing/ConfigurePostProcessors'
info: Unity.ILPP.Runner.PostProcessingAssemblyLoadContext[0]
      Current configuration matches the requested one, skipping
info: Microsoft.AspNetCore.Routing.EndpointMiddleware[1]
      Executed endpoint 'gRPC - /UnityILPP.PostProcessing/ConfigurePostProcessors'
info: Microsoft.AspNetCore.Hosting.Diagnostics[2]
      Request finished HTTP/2 POST http://ilpp/UnityILPP.PostProcessing/ConfigurePostProcessors - 200 - application/grpc 0.6722ms
info: Microsoft.AspNetCore.Hosting.Diagnostics[1]
      Request starting HTTP/2 POST http://ilpp/UnityILPP.PostProcessing/PostProcessAssembly - application/grpc -
info: Microsoft.AspNetCore.Routing.EndpointMiddleware[0]
      Executing endpoint 'gRPC - /UnityILPP.PostProcessing/PostProcessAssembly'
info: Unity.ILPP.Runner.PostProcessingPipeline[0]
      Processing assembly Library/Bee/artifacts/1900b0aE.dag/Assembly-CSharp-Editor.dll, with 142 defines and 390 references
info: Unity.ILPP.Runner.PostProcessingPipeline[0]
      processors: Unity.Jobs.CodeGen.JobsILPostProcessor, zzzUnity.Burst.CodeGen.BurstILPostProcessor
info: Unity.ILPP.Runner.PostProcessingPipeline[0]
      running Unity.Jobs.CodeGen.JobsILPostProcessor
info: Unity.ILPP.Runner.PostProcessingPipeline[0]
      running zzzUnity.Burst.CodeGen.BurstILPostProcessor
info: Microsoft.AspNetCore.Routing.EndpointMiddleware[1]
      Executed endpoint 'gRPC - /UnityILPP.PostProcessing/PostProcessAssembly'
info: Microsoft.AspNetCore.Hosting.Diagnostics[2]
      Request finished HTTP/2 POST http://ilpp/UnityILPP.PostProcessing/PostProcessAssembly - 200 - application/grpc 8.5398ms
ExitCode: 0 Duration: 0s436ms
[1192/1563  0s] ILPP-Configuration Library/ilpp-configuration.nevergeneratedoutput
[1559/1563  0s] Csc Library/Bee/artifacts/1900b0aE.dag/Assembly-CSharp-Editor.dll (+2 others)
[1560/1563  0s] ILPostProcess Library/Bee/artifacts/1900b0aE.dag/post-processed/Assembly-CSharp-Editor.dll (+pdb)
Processing assembly Library/Bee/artifacts/1900b0aE.dag/Assembly-CSharp-Editor.dll, with 142 defines and 390 references

processors: Unity.Jobs.CodeGen.JobsILPostProcessor, zzzUnity.Burst.CodeGen.BurstILPostProcessor

running Unity.Jobs.CodeGen.JobsILPostProcessor

running zzzUnity.Burst.CodeGen.BurstILPostProcessor
[1561/1563  0s] CopyFiles Library/ScriptAssemblies/Assembly-CSharp-Editor.pdb
[1562/1563  0s] CopyFiles Library/ScriptAssemblies/Assembly-CSharp-Editor.dll
*** Tundra build success (0.41 seconds), 5 items updated, 1563 evaluated
Reloading assemblies after finishing script compilation.
Reloading assemblies after forced synchronous recompile.
Begin MonoManager ReloadAssembly
[INFO ] [relay] log Domain reload signal received from client editor-31616-4gftkl
Total cache size 268137716
Total cache size after purge 268137716, took 00:00:00.3556057
[INFO ] [relay] log Client disconnected - blocking and caching for recovery
[WARN ] [relay] connection.lost clientId=null
[WARN ] [relay] log Client disconnected - sessions will persist until auto-shutdown, reason: Client disconnected
[INFO ] [relay] log Auto-shutdown timer started due to client disconnection
Symbol file LoadedFromMemory is not a mono symbol file
Symbol file LoadedFromMemory is not a mono symbol file
Refreshing native plugins compatible for Editor in 3.34 ms, found 5 plugins.
Native extension for WindowsStandalone target not found
Native extension for WebGL target not found
[MODES] ModeService[none].Initialize
[MODES] ModeService[none].LoadModes
Refreshing native plugins compatible for Editor in 4.31 ms, found 5 plugins.
[Licensing::Client] Error: Code 404 while processing request (status: Found 0 entitlement groups and 0 free entitlements matching requested entitlement ids)
ScheduleIndexationOnStartup MainProcess:True IndexOnStartup:True
Mono: successfully reloaded assembly
- Finished resetting the current domain, in  3.189 seconds
Domain Reload Profiling: 4998ms
	BeginReloadAssembly (1194ms)
		DisableScriptedObjects (158ms)
		CreateAndSetChildDomain (710ms)
	RebuildCommonClasses (9ms)
	RebuildNativeTypeToScriptingClass (14ms)
	initialDomainReloadingComplete (85ms)
	LoadAllAssembliesAndSetupDomain (505ms)
		LoadAssemblies (122ms)
		AnalyzeDomain (318ms)
			TypeCache.Refresh (12ms)
			BuildScriptInfoCaches (294ms)
			ResolveRequiredComponents (10ms)
	FinalizeReload (3192ms)
		SetupLoadedEditorAssemblies (0ms)
			BeforeProcessingInitializeOnLoad (230ms)
			ProcessInitializeOnLoadAttributes (875ms)
			ProcessInitializeOnLoadMethodAttributes (489ms)
			AfterProcessingInitializeOnLoad (8ms)
		AwakeInstancesAfterBackupRestoration (1021ms)

Asset Pipeline Refresh (id=904bde1037b518244907fae936cb55b2): Total: 5.376 seconds - Initiated by StopAssetImportingV2(ForceSynchronousImport | ForceDomainReload)
	(Values over 0.05ms)
	Summary:
		Imports: total=0 (actual=0, local cache=0, cache server=0)
		Asset DB Process Time: managed=0 ms, native=3447 ms
		Asset DB Callback time: managed=37 ms, native=0 ms
		Scripting: domain reloads=1, domain reload time=1888 ms, compile time=3 ms, other=0 ms
		Project Asset Count: scripts=2149, non-scripts=5358
		Asset File Changes: new=0, changed=0, moved=0, deleted=0
		Scan Filter Count: 0
	InvokePackagesCallback: 1.861ms
	ApplyChangesToAssetFolders: 0.505ms
	Collect global state as custom dependencies: 3.548ms
	ProcessAssetsWithTransientArtifactChanges: 7.646ms
	CategorizeAssets: 108.836ms
	CompileScripts: 2.535ms
	ImportOutOfDateAssets: 3282.624ms (3214.758ms without children)
		CollectScriptTypesHashes: 1.056ms
		ReloadNativeAssets: 1.577ms
		UnloadImportedAssets: 0.239ms
		EnsureUptoDateAssetsAreRegisteredWithGuidPM: 1.263ms
		ImportSchedulerStart: 64.720ms
	PostProcessAllAssets: 37.162ms
		MonoPostProcessAllAssets: 37.157ms
			UniversalRenderPipelineGlobalSettingsPostprocessor.OnPostprocessAllAssets 9.303ms
			AssetChangeDetector.OnPostprocessAllAssets 2.406ms
			GraphRefreshPostprocessor.OnPostprocessAllAssets 2.383ms
			WindowAssetPostprocessingWatcher.OnPostprocessAllAssets 1.990ms
			SyncVS.PostprocessSyncProject 1.822ms
			SpeedTree9Postprocessor.OnPostprocessAllAssets 1.544ms
			EditModeScopePostprocessor.OnPostprocessAllAssets 1.200ms
			RenderPipelineGlobalSettingsPostprocessor.OnPostprocessAllAssets 0.898ms
			InputActionAssetPostprocessor.OnPostprocessAllAssets 0.452ms
			UVCSAssetPostprocessor.OnPostprocessAllAssets 0.416ms
			ReferencedClipsPostProcessor.OnPostprocessAllAssets 0.357ms
			ShaderReflectionAssetPostProcessor.OnPostprocessAllAssets 0.290ms
			ProjectSettingsPostprocessor.OnPostprocessAllAssets 0.187ms
			AssetDatabaseCallbacks.OnPostprocessAllAssets 0.187ms
			ModelAssetProcessor.OnPostprocessAllAssets 0.155ms
			SpriteEditorTexturePostprocessor.OnPostprocessAllAssets 0.140ms
			TerrainToolbarOverlayPostProcessor.OnPostprocessAllAssets 0.129ms
			AssetPostprocessor.OnPostprocessAllAssets 0.066ms
			ShaderGraphAssetPostProcessor.OnPostprocessAllAssets 0.064ms
			AssetChangedListener.OnPostprocessAllAssets 0.059ms
	GatherAllCurrentPrimaryImportResultRevisions: 0.353ms
	PersistCurrentRevisions: 0.265ms
	GenerateScriptTypeHashes: 11.484ms
	GenerateScriptTypeSerializationHashes: 19.130ms
	Untracked: 1925.738ms

[Licensing::Client] Error: Code 404 while processing request (status: Found 0 entitlement groups and 0 free entitlements matching requested entitlement ids)
[Licensing::Client] Successfully resolved entitlement details
[Licensing::Client] Successfully resolved entitlement details
[Licensing::Client] Successfully resolved entitlement details
[Licensing::Client] Successfully resolved entitlement details
[Licensing::Client] Successfully resolved entitlement details
[Licensing::Client] Error: Code 404 while processing request (status: Found 0 entitlement groups and 0 free entitlements matching requested entitlement ids)
[Licensing::Client] Error: Code 404 while processing request (status: Found 0 entitlement groups and 0 free entitlements matching requested entitlement ids)
Asset Pipeline Refresh (id=8915bf9edf711414593f3e3569493e23): Total: 0.011 seconds - Initiated by RefreshV2(AllowForceSynchronousImport)
[INFO ] [relay] log Unity client connected with ID: editor-31616-t11m88 (relay 1.0.12-build.97)
[INFO ] [relay] connection.established clientId=editor-31616-t11m88 port=9001
[Licensing::Client] Error: Code 404 while processing request (status: Found 0 entitlement groups and 0 free entitlements matching requested entitlement ids)
[Licensing::Client] Error: Code 404 while processing request (status: Found 0 entitlement groups and 0 free entitlements matching requested entitlement ids)
[Licensing::Client] Error: Code 404 while processing request (status: Found 0 entitlement groups and 0 free entitlements matching requested entitlement ids)
Asset Pipeline Refresh (id=c4f593c6f1caa2846bf21d25e7e09cc8): Total: 0.004 seconds - Initiated by RefreshV2(NoUpdateAssetOptions)
[Licensing::Client] Successfully resolved entitlement details
Refreshing native plugins compatible for Editor in 3.41 ms, found 5 plugins.
Asset Pipeline Refresh (id=8df9dacae463c1e4a92afb0f8e52318f): Total: 0.138 seconds - Initiated by StopAssetImportingV2(NoUpdateAssetOptions)
Importing 'GUID: 0000000000000000b000000000000000 - Path: ProjectSettings/EditorBuildSettings.asset' with importer (LibraryAssetImporter)
Imported 'GUID: 0000000000000000b000000000000000' -> (Import Result ID: '7d3157b8516595d3fe3e1c15529eb700') in 0.004 seconds [static dependencies only]. Details - ImportResultOutputID=4647dd083cfc32cebcd7526e8846440c DependenciesID=92d1ef275d12fc8d4a22532f7e1c8a37 StaticDependenciesID=b947d7fca5e487827e3fc098c8741c44 
Refreshing native plugins compatible for Editor in 2.54 ms, found 5 plugins.
Asset Pipeline Refresh (id=54b62fee4fbee2841b0be40a1319c184): Total: 0.278 seconds - Initiated by StopAssetImportingV2(NoUpdateAssetOptions)
Asset Pipeline Refresh (id=ad0c3892e1d003e4c89b645585d54ec0): Total: 0.011 seconds - Initiated by RefreshV2(NoUpdateAssetOptions)
Importing 'GUID: 36c24ed04e4d0d54abe965c266b4a1f0 - Path: Assets/Prefabs/Logistics/Conveyors/Links' with importer (DefaultImporter)
Imported 'GUID: 36c24ed04e4d0d54abe965c266b4a1f0' -> (Import Result ID: 'bd86a489898752e685bff538bca5a37e') in 0.002 seconds [static dependencies only]. Details - ImportResultOutputID=85b555d7afe7f7adbc3d5aa1316a97da DependenciesID=8f1253103908a5c54af76acc93472d0e StaticDependenciesID=d2dad0a444e9aa802f9f1209a3fb98d2 
Refreshing native plugins compatible for Editor in 2.47 ms, found 5 plugins.
Asset Pipeline Refresh (id=45a0ce906c421e54b8be23b0898ff11e): Total: 0.117 seconds - Initiated by StopAssetImportingV2(NoUpdateAssetOptions)
Refreshing native plugins compatible for Editor in 3.03 ms, found 5 plugins.
Asset Pipeline Refresh (id=104d68e8fd8c7f84ebb1612418eb12f5): Total: 0.100 seconds - Initiated by StopAssetImportingV2(NoUpdateAssetOptions)
Asset Pipeline Refresh (id=74a7ba6ed282c45469d1e9e173bf14a7): Total: 0.011 seconds - Initiated by RefreshV2(NoUpdateAssetOptions)
Importing 'GUID: 97bae6a24f9131b44a026390c1d44eeb - Path: Assets/Prefabs/Logistics/Conveyors/Straight' with importer (DefaultImporter)
Imported 'GUID: 97bae6a24f9131b44a026390c1d44eeb' -> (Import Result ID: '66d25e3560b83e5bf1ed3144cdc4b663') in 0.003 seconds [static dependencies only]. Details - ImportResultOutputID=9b5a83e6a46e7792de8cb55a110aefd6 DependenciesID=6507e6dbad7ac3714a6cbbb6193f3217 StaticDependenciesID=c481036b3c37d22e567984357233a7e2 
Refreshing native plugins compatible for Editor in 3.30 ms, found 5 plugins.
Asset Pipeline Refresh (id=7f8a05872ca0a8a4d8c1d2809f66cfa1): Total: 0.101 seconds - Initiated by StopAssetImportingV2(NoUpdateAssetOptions)
Refreshing native plugins compatible for Editor in 2.61 ms, found 5 plugins.
Asset Pipeline Refresh (id=1ca95424e9ad1204bbccd1a494f9aa91): Total: 0.094 seconds - Initiated by StopAssetImportingV2(NoUpdateAssetOptions)
Asset Pipeline Refresh (id=d2bc593303ffb6848849dd8229b357c7): Total: 0.012 seconds - Initiated by RefreshV2(NoUpdateAssetOptions)
Importing 'GUID: 0e74d10213652b641bfa21e5ab76f75b - Path: Assets/Prefabs/Logistics/Conveyors/Corners' with importer (DefaultImporter)
Imported 'GUID: 0e74d10213652b641bfa21e5ab76f75b' -> (Import Result ID: '5565e653a0b977c135d0c9c6cb35a2ba') in 0.002 seconds [static dependencies only]. Details - ImportResultOutputID=924f5183459a9e5d89ba876c41a122a3 DependenciesID=36a58d9ce1c4549eb78920520289a6d1 StaticDependenciesID=ea128bb6cfe37155d667b477256d7b37 
Refreshing native plugins compatible for Editor in 2.70 ms, found 5 plugins.
Asset Pipeline Refresh (id=72f5ae1f47847e34481c6c8aa8e3b1a1): Total: 0.097 seconds - Initiated by StopAssetImportingV2(NoUpdateAssetOptions)
Refreshing native plugins compatible for Editor in 2.67 ms, found 5 plugins.
Asset Pipeline Refresh (id=915ba57c3de0e6a458bdd777bb1139fb): Total: 0.094 seconds - Initiated by StopAssetImportingV2(NoUpdateAssetOptions)
Asset Pipeline Refresh (id=cf7a11844b8cd3f4186333e8cff85f04): Total: 0.012 seconds - Initiated by RefreshV2(NoUpdateAssetOptions)
Importing 'GUID: c21e8565fffb708489172826efac19aa - Path: Assets/Prefabs/Logistics/Conveyors/EndCaps' with importer (DefaultImporter)
Imported 'GUID: c21e8565fffb708489172826efac19aa' -> (Import Result ID: '036fa1e5f713bfd3871e1ec903d5c014') in 0.002 seconds [static dependencies only]. Details - ImportResultOutputID=af5cebfb1824231064a20b7827f526e3 DependenciesID=11d9031d4bceda477a11c3f23c0bc4c6 StaticDependenciesID=6ab3c324d409b766f71aa46542e247a6 
Refreshing native plugins compatible for Editor in 2.63 ms, found 5 plugins.
Asset Pipeline Refresh (id=7a61e6e883695964f975e19f90a9b471): Total: 0.101 seconds - Initiated by StopAssetImportingV2(NoUpdateAssetOptions)
Asset Pipeline Refresh (id=6d03f42011760e548b8a67e8086f0f1b): Total: 0.011 seconds - Initiated by RefreshV2(NoUpdateAssetOptions)
Refreshing native plugins compatible for Editor in 2.59 ms, found 5 plugins.
Asset Pipeline Refresh (id=1638de2491503734b93c97d8b6358ecf): Total: 0.095 seconds - Initiated by StopAssetImportingV2(NoUpdateAssetOptions)
Importing 'GUID: 89c651fbff3012f4388a415d407e26a3 - Path: Assets/Prefabs/Logistics/Conveyors/Straight/GuardRail.prefab' with importer (PrefabImporter)
Imported 'GUID: 89c651fbff3012f4388a415d407e26a3' -> (Import Result ID: 'bb24351c8d7721e56e755aaf6988e1d1') in 0.005 seconds [static dependencies only]. Details - ImportResultOutputID=24b3710bc3c18b733b307608c7af5741 DependenciesID=5456d7b6da3dcb89a2375c2950333be6 StaticDependenciesID=dce17463b2c764106fb744d5d17add87 
Refreshing native plugins compatible for Editor in 2.48 ms, found 5 plugins.
Asset Pipeline Refresh (id=6c07c46a0f6326a41abd16c535a65792): Total: 0.102 seconds - Initiated by StopAssetImportingV2(NoUpdateAssetOptions)
Refreshing native plugins compatible for Editor in 2.58 ms, found 5 plugins.
Asset Pipeline Refresh (id=207231a0d3af76f40af9b782c460f5d3): Total: 0.094 seconds - Initiated by StopAssetImportingV2(NoUpdateAssetOptions)
Importing 'GUID: e47f79482ab4e684388844ff3f1924e1 - Path: Assets/Prefabs/Logistics/Conveyors/EndCaps/EndCapGuardRail.prefab' with importer (PrefabImporter)
Imported 'GUID: e47f79482ab4e684388844ff3f1924e1' -> (Import Result ID: 'd628db610237dca44ec099d0d20dd96c') in 0.004 seconds [static dependencies only]. Details - ImportResultOutputID=b477c9e65d807a0eea6fd5a945b959d1 DependenciesID=010dc995426ab518ad8fa39200f38b76 StaticDependenciesID=bbdc162f51f55c89c6ee995cabfe73d1 
Refreshing native plugins compatible for Editor in 3.02 ms, found 5 plugins.
Asset Pipeline Refresh (id=3e40928ca4de6f248b423e812e6c90d6): Total: 0.110 seconds - Initiated by StopAssetImportingV2(NoUpdateAssetOptions)
Refreshing native plugins compatible for Editor in 2.60 ms, found 5 plugins.
Asset Pipeline Refresh (id=ad60e5ff149570e49b5fef992e944a91): Total: 0.094 seconds - Initiated by StopAssetImportingV2(NoUpdateAssetOptions)
Refreshing native plugins compatible for Editor in 2.95 ms, found 5 plugins.
Asset Pipeline Refresh (id=ec601ad514e306740a56471d6f5838af): Total: 0.093 seconds - Initiated by StopAssetImportingV2(NoUpdateAssetOptions)
Refreshing native plugins compatible for Editor in 2.44 ms, found 5 plugins.
Asset Pipeline Refresh (id=d8a5dcdd3a192184191472c5dbf01b7e): Total: 0.094 seconds - Initiated by StopAssetImportingV2(NoUpdateAssetOptions)
Refreshing native plugins compatible for Editor in 2.63 ms, found 5 plugins.
Asset Pipeline Refresh (id=48d08ce3ee2609542b018f5f9ae476ae): Total: 0.095 seconds - Initiated by StopAssetImportingV2(NoUpdateAssetOptions)
Importing 'GUID: 4194239cb6c74934fa3996fd5e72e5a3 - Path: Assets/Materials/ConveyorTop.mat' with importer (NativeFormatImporter)
Imported 'GUID: 4194239cb6c74934fa3996fd5e72e5a3' -> (Import Result ID: 'ec536078d38d5bc1cbbe49106345acce') in 0.001 seconds [static dependencies only]. Details - ImportResultOutputID=3caa46c4e159def43acf0e585b0984a4 DependenciesID=f908ebc1314ee0d8bc8810367e70d024 StaticDependenciesID=e0a0d84477f93e77f3e9aa7a783996da 
Importing 'GUID: 91b1496d333e8574595ef9f50642f45a - Path: Assets/Materials/ConveyorGuardRail.mat' with importer (NativeFormatImporter)
Imported 'GUID: 91b1496d333e8574595ef9f50642f45a' -> (Import Result ID: 'e8f148633ef6ddd9d008f87c657c5110') in 0.001 seconds [static dependencies only]. Details - ImportResultOutputID=3972271e97b6ae8253e9eebde1af98ce DependenciesID=f4eceb7ace0768139b73068b51647409 StaticDependenciesID=3e4a7f0a6af400a9798e53fd5892e66a 
Importing 'GUID: 23db05cf8cc35354390211056b589b8c - Path: Assets/Materials/ConveyorEndCap.mat' with importer (NativeFormatImporter)
Imported 'GUID: 23db05cf8cc35354390211056b589b8c' -> (Import Result ID: 'c64341c3b724154f252e2676d3ab287b') in 0.001 seconds [static dependencies only]. Details - ImportResultOutputID=352c107f186ec979bc2e3d6d08f507c7 DependenciesID=bf552b1d639cd234ceebe3c9fe05f9b9 StaticDependenciesID=d3ab6691c6d194dffed713bc0be26c79 
Importing 'GUID: 7ca147e253c03b04c9b351aeca7064d1 - Path: Assets/Materials/ConveyorSide.mat' with importer (NativeFormatImporter)
Imported 'GUID: 7ca147e253c03b04c9b351aeca7064d1' -> (Import Result ID: 'c82f3faa25986a14321d9e76fd35bf1c') in 0.001 seconds [static dependencies only]. Details - ImportResultOutputID=5ec664f5e97a41aae605eefab098f1c7 DependenciesID=e49dc24384ddf8fccb947754b00e9fd6 StaticDependenciesID=b414efc9f9bb8c41d2c19daef5cc870b 
Importing 'GUID: edb06e9e5d5b93444b4687125d0ed5cd - Path: Assets/Materials/ConveyorBottom.mat' with importer (NativeFormatImporter)
Imported 'GUID: edb06e9e5d5b93444b4687125d0ed5cd' -> (Import Result ID: 'bd750a17100c7752e27a14555dff70e0') in 0.001 seconds [static dependencies only]. Details - ImportResultOutputID=d6dec9bcdd6c59398a936b60f2d24523 DependenciesID=a2787c7fd6da90f413aad22de35c2f26 StaticDependenciesID=d4aa3613c3f6c9a8e80ac26294c23ee1 
Importing 'GUID: 6ec9a06dda83478488989c47c4cafe3b - Path: Assets/Materials/ConveyorArrow.mat' with importer (NativeFormatImporter)
Imported 'GUID: 6ec9a06dda83478488989c47c4cafe3b' -> (Import Result ID: '3803b58f2438e8c664d0608422e733b3') in 0.001 seconds [static dependencies only]. Details - ImportResultOutputID=9bee318c8633e34910f2d00fd31d166f DependenciesID=603500e325ddf008e8caede7e7d2ac1e StaticDependenciesID=176203c8a4df5f0b82c106ee53ddb7a3 
Refreshing native plugins compatible for Editor in 3.40 ms, found 5 plugins.
Asset Pipeline Refresh (id=1f4cc72a72e62ef44a2a217e2c694911): Total: 0.093 seconds - Initiated by StopAssetImportingV2(NoUpdateAssetOptions)
Asset Pipeline Refresh (id=05d27f8f27b9fa946bad78fdc57f48b5): Total: 0.015 seconds - Initiated by RefreshV2(NoUpdateAssetOptions)
Importing 'GUID: 01aaf63520e4bbd499bd001fe7fcbfe7 - Path: Assets/Prefabs/Logistics/Conveyors/Straight/StraightConveyor_L1.prefab' with importer (PrefabImporter)
Imported 'GUID: 01aaf63520e4bbd499bd001fe7fcbfe7' -> (Import Result ID: 'ac9ba5db7d3d4775f32b32ce90d1b65d') in 0.004 seconds [static and dynamic dependencies]. Details - ImportResultOutputID=87b5a6be357f7db844e9f1a4cb4e08c6 DependenciesID=9e8ebdda09f4c3da0fdab7b1ee16948b StaticDependenciesID=47acea21e2fe38050b9670b56d2cbaf4 
Refreshing native plugins compatible for Editor in 2.94 ms, found 5 plugins.
Asset Pipeline Refresh (id=7a241a2fa5d2c1942a985c1ae050b241): Total: 0.123 seconds - Initiated by StopAssetImportingV2(NoUpdateAssetOptions)
Importing 'GUID: 639da058b8f588d43a74341dfb128649 - Path: Assets/Prefabs/Logistics/Conveyors/Straight/StraightConveyor_L2.prefab' with importer (PrefabImporter)
Imported 'GUID: 639da058b8f588d43a74341dfb128649' -> (Import Result ID: '1dc61ab84f4520b4b7641fc825a4356c') in 0.005 seconds [static and dynamic dependencies]. Details - ImportResultOutputID=4806ed89c2e883864c85c75a84125861 DependenciesID=0fc2a1b9ca50785883000aeaa928450f StaticDependenciesID=0623f01d7489fff279257ff9393243f6 
Refreshing native plugins compatible for Editor in 2.70 ms, found 5 plugins.
Asset Pipeline Refresh (id=24343b2a7f3f85147a911112cfc47767): Total: 0.106 seconds - Initiated by StopAssetImportingV2(NoUpdateAssetOptions)
Importing 'GUID: bf7b433b43e01174e91e876ac60410a7 - Path: Assets/Prefabs/Logistics/Conveyors/Straight/StraightConveyor_L3.prefab' with importer (PrefabImporter)
Imported 'GUID: bf7b433b43e01174e91e876ac60410a7' -> (Import Result ID: '6e9969f5bc8d3810025739e88bdae2dd') in 0.005 seconds [static and dynamic dependencies]. Details - ImportResultOutputID=2a8ab1518c6c510312dc829553c095c9 DependenciesID=e2a39b537be4eec3a7d48abdd191caf1 StaticDependenciesID=5a82caee89c8d5bd544fe71ea18a1f03 
Refreshing native plugins compatible for Editor in 2.51 ms, found 5 plugins.
Asset Pipeline Refresh (id=c40b5a9d93534a84d90f8e4f3c48c4f6): Total: 0.102 seconds - Initiated by StopAssetImportingV2(NoUpdateAssetOptions)
Importing 'GUID: 3827da66744c65443a89682cb23fd187 - Path: Assets/Prefabs/Logistics/Conveyors/Straight/StraightConveyor_L4.prefab' with importer (PrefabImporter)
Imported 'GUID: 3827da66744c65443a89682cb23fd187' -> (Import Result ID: '7d220053dbee196fac8bd61090e5ddab') in 0.006 seconds [static and dynamic dependencies]. Details - ImportResultOutputID=ba8d8007738c8f469fd8531fee16ece9 DependenciesID=bc36dc56c591e1aa62d184cc7c2f8ef7 StaticDependenciesID=76cce5b91e9a27a0d4e5297334e45ec1 
Refreshing native plugins compatible for Editor in 2.70 ms, found 5 plugins.
Asset Pipeline Refresh (id=98042d5c6496de040b9276e314592b1f): Total: 0.113 seconds - Initiated by StopAssetImportingV2(NoUpdateAssetOptions)
Importing 'GUID: 883b00e33de4a8c4690c5187ab596400 - Path: Assets/Prefabs/Logistics/Conveyors/Straight/StraightConveyor_L5.prefab' with importer (PrefabImporter)
Imported 'GUID: 883b00e33de4a8c4690c5187ab596400' -> (Import Result ID: '2bec0800c276fc71f49d4bb9ab8aa0ca') in 0.006 seconds [static and dynamic dependencies]. Details - ImportResultOutputID=e91d696fccb73df0f4470c5aa9ea14bb DependenciesID=c84ebaa6795ab30257651cb987aa762a StaticDependenciesID=b4305d069d9dfdfda779fd6158b5f674 
Refreshing native plugins compatible for Editor in 3.20 ms, found 5 plugins.
Asset Pipeline Refresh (id=da9703d4cdffbc043839a0bd3b6cc309): Total: 0.112 seconds - Initiated by StopAssetImportingV2(NoUpdateAssetOptions)
Importing 'GUID: 873fe501024b3de4eae30d8443d20837 - Path: Assets/Prefabs/Logistics/Conveyors/Corners/CornerConveyor.prefab' with importer (PrefabImporter)
Imported 'GUID: 873fe501024b3de4eae30d8443d20837' -> (Import Result ID: '65a6f6733b783988f0a58e1214d6533b') in 0.004 seconds [static and dynamic dependencies]. Details - ImportResultOutputID=7f9ad5e752e7e96fc407f52d57c6e95f DependenciesID=83f51ebb06a722d415e488cdd33118ea StaticDependenciesID=1dfde2dbd8f6e41e0b02564adf1de09b 
Refreshing native plugins compatible for Editor in 2.54 ms, found 5 plugins.
Asset Pipeline Refresh (id=cd5250adf534eff4eae535a458e21364): Total: 0.105 seconds - Initiated by StopAssetImportingV2(NoUpdateAssetOptions)
Importing 'GUID: 7cc55c01dd2b6764ea1a70963567ba8a - Path: Assets/Prefabs/Logistics/Conveyors/EndCaps/EndCapConveyor.prefab' with importer (PrefabImporter)
Imported 'GUID: 7cc55c01dd2b6764ea1a70963567ba8a' -> (Import Result ID: '0894e08ff083d28b6b2ed2695a49e5d2') in 0.005 seconds [static and dynamic dependencies]. Details - ImportResultOutputID=5b1259429c6d709112c13561a198fffd DependenciesID=df33305aa861b2b7cf20d794c1e6b3b5 StaticDependenciesID=e9c0b88d5789e24c8a9f52306ecd03a3 
Refreshing native plugins compatible for Editor in 2.71 ms, found 5 plugins.
Asset Pipeline Refresh (id=7cbf6104d24161a44b1e257e2d0c0f0e): Total: 0.103 seconds - Initiated by StopAssetImportingV2(NoUpdateAssetOptions)
Importing 'GUID: 7e7f4c662e3d60c4d95e9adc8054fdf7 - Path: Assets/Prefabs/Logistics/Conveyors/Links/LinkConveyor.prefab' with importer (PrefabImporter)
Imported 'GUID: 7e7f4c662e3d60c4d95e9adc8054fdf7' -> (Import Result ID: '939881ae66c8d0bfb174fb204dbd41e1') in 0.004 seconds [static and dynamic dependencies]. Details - ImportResultOutputID=653a41e379feaea7404a8bba2729764e DependenciesID=5e7c6bb16303ad1880f5ec50ea7d274f StaticDependenciesID=8cc4d2d306104f51aa3ecb6a18d21208 
Refreshing native plugins compatible for Editor in 2.53 ms, found 5 plugins.
Asset Pipeline Refresh (id=42011143370477941a778205a6dd48df): Total: 0.102 seconds - Initiated by StopAssetImportingV2(NoUpdateAssetOptions)
Importing 'GUID: 91b1496d333e8574595ef9f50642f45a - Path: Assets/Materials/ConveyorGuardRail.mat' with importer (NativeFormatImporter)
Imported 'GUID: 91b1496d333e8574595ef9f50642f45a' -> (Import Result ID: 'e8f148633ef6ddd9d008f87c657c5110') in 0.001 seconds [static dependencies only]. Details - ImportResultOutputID=3972271e97b6ae8253e9eebde1af98ce DependenciesID=f4eceb7ace0768139b73068b51647409 StaticDependenciesID=3e4a7f0a6af400a9798e53fd5892e66a 
Refreshing native plugins compatible for Editor in 2.57 ms, found 5 plugins.
Asset Pipeline Refresh (id=e211f6b14fcd60047934808e57f47171): Total: 0.074 seconds - Initiated by StopAssetImportingV2(NoUpdateAssetOptions)
Asset Pipeline Refresh (id=12279a6552fa9014a9fc1704b61c650b): Total: 0.011 seconds - Initiated by RefreshV2(NoUpdateAssetOptions)
Conveyor prefabs rebuilt.
UnityEngine.Debug:ExtractStackTraceNoAlloc (byte*,int,string)
UnityEngine.StackTraceUtility:ExtractStackTrace ()
UnityEngine.DebugLogHandler:Internal_Log (UnityEngine.LogType,UnityEngine.LogOption,string,UnityEngine.Object)
UnityEngine.DebugLogHandler:LogFormat (UnityEngine.LogType,UnityEngine.Object,string,object[])
UnityEngine.Logger:Log (UnityEngine.LogType,object)
UnityEngine.Debug:Log (object)
ConveyorPrefabCreator:CreateConveyorPrefabs () (at Assets/Editor/ConveyorPrefabCreator.cs:83)

(Filename: Assets/Editor/ConveyorPrefabCreator.cs Line: 83)

Reloading assemblies for play mode.
Reloading assemblies after forced synchronous recompile.
Begin MonoManager ReloadAssembly
[INFO ] [relay] log Domain reload signal received from client editor-31616-t11m88
[INFO ] [relay] log Client disconnected - blocking and caching for recovery
[WARN ] [relay] connection.lost clientId=null
[WARN ] [relay] log Client disconnected - sessions will persist until auto-shutdown, reason: Client disconnected
[INFO ] [relay] log Auto-shutdown timer started due to client disconnection
Symbol file LoadedFromMemory is not a mono symbol file
Symbol file LoadedFromMemory is not a mono symbol file
Refreshing native plugins compatible for Editor in 2.72 ms, found 5 plugins.
Native extension for WindowsStandalone target not found
Native extension for WebGL target not found
[Licensing::Client] Error: Code 404 while processing request (status: Found 0 entitlement groups and 0 free entitlements matching requested entitlement ids)
ScheduleIndexationOnStartup MainProcess:True IndexOnStartup:True
[MODES] ModeService[none].Initialize
[MODES] ModeService[none].LoadModes
Refreshing native plugins compatible for Editor in 2.66 ms, found 5 plugins.
Mono: successfully reloaded assembly
- Finished resetting the current domain, in  3.091 seconds
Domain Reload Profiling: 4200ms
	BeginReloadAssembly (808ms)
		DisableScriptedObjects (82ms)
		CreateAndSetChildDomain (542ms)
	RebuildCommonClasses (10ms)
	RebuildNativeTypeToScriptingClass (15ms)
	initialDomainReloadingComplete (83ms)
	LoadAllAssembliesAndSetupDomain (190ms)
		LoadAssemblies (128ms)
		AnalyzeDomain (22ms)
			TypeCache.Refresh (9ms)
			ResolveRequiredComponents (9ms)
	FinalizeReload (3094ms)
		SetupLoadedEditorAssemblies (0ms)
			BeforeProcessingInitializeOnLoad (112ms)
			ProcessInitializeOnLoadAttributes (834ms)
			ProcessInitializeOnLoadMethodAttributes (443ms)
			AfterProcessingInitializeOnLoad (5ms)
		AwakeInstancesAfterBackupRestoration (1054ms)

Asset Pipeline Refresh (id=76f5c81aef0fdc64bae6f98d468c38a7): Total: 4.487 seconds - Initiated by StopAssetImportingV2(ForceSynchronousImport | ForceDomainReload)
	(Values over 0.05ms)
	Summary:
		Imports: total=0 (actual=0, local cache=0, cache server=0)
		Asset DB Process Time: managed=0 ms, native=3289 ms
		Asset DB Callback time: managed=30 ms, native=0 ms
		Scripting: domain reloads=1, domain reload time=1163 ms, compile time=3 ms, other=0 ms
		Project Asset Count: scripts=2149, non-scripts=5358
		Asset File Changes: new=0, changed=0, moved=0, deleted=0
		Scan Filter Count: 0
	InvokePackagesCallback: 1.604ms
	ApplyChangesToAssetFolders: 0.344ms
	Collect global state as custom dependencies: 2.997ms
	ProcessAssetsWithTransientArtifactChanges: 0.155ms
	CategorizeAssets: 80.028ms
	CompileScripts: 2.541ms
	ImportOutOfDateAssets: 3164.114ms (3112.658ms without children)
		CollectScriptTypesHashes: 0.664ms
		ReloadNativeAssets: 0.949ms
		UnloadImportedAssets: 0.193ms
		EnsureUptoDateAssetsAreRegisteredWithGuidPM: 0.973ms
		ImportSchedulerStart: 49.282ms
	PostProcessAllAssets: 30.115ms
		MonoPostProcessAllAssets: 30.112ms
			UniversalRenderPipelineGlobalSettingsPostprocessor.OnPostprocessAllAssets 10.753ms
			GraphRefreshPostprocessor.OnPostprocessAllAssets 2.124ms
			SyncVS.PostprocessSyncProject 1.789ms
			SpeedTree9Postprocessor.OnPostprocessAllAssets 1.646ms
			WindowAssetPostprocessingWatcher.OnPostprocessAllAssets 1.424ms
			AssetChangeDetector.OnPostprocessAllAssets 0.787ms
			RenderPipelineGlobalSettingsPostprocessor.OnPostprocessAllAssets 0.747ms
			UVCSAssetPostprocessor.OnPostprocessAllAssets 0.526ms
			MaterialPostprocessor.OnPostprocessAllAssets 0.476ms
			ShaderReflectionAssetPostProcessor.OnPostprocessAllAssets 0.311ms
			InputActionAssetPostprocessor.OnPostprocessAllAssets 0.250ms
			EditModeScopePostprocessor.OnPostprocessAllAssets 0.249ms
			ReferencedClipsPostProcessor.OnPostprocessAllAssets 0.228ms
			ProjectSettingsPostprocessor.OnPostprocessAllAssets 0.177ms
			AssetDatabaseCallbacks.OnPostprocessAllAssets 0.128ms
			TerrainToolbarOverlayPostProcessor.OnPostprocessAllAssets 0.123ms
			ModelAssetProcessor.OnPostprocessAllAssets 0.111ms
			SpriteEditorTexturePostprocessor.OnPostprocessAllAssets 0.078ms
	GatherAllCurrentPrimaryImportResultRevisions: 0.249ms
	PersistCurrentRevisions: 0.224ms
	GenerateScriptTypeHashes: 6.768ms
	GenerateScriptTypeSerializationHashes: 12.135ms
	Untracked: 1198.357ms

Loaded scene 'Temp/__Backupscenes/0.backup'
	Deserialize:            1.102 ms
	Integration:            853.572 ms
	Integration of assets:  0.001 ms
	Thread Wait Time:       0.056 ms
	Total Operation Time:   854.731 ms
[Licensing::Client] Error: Code 404 while processing request (status: Found 0 entitlement groups and 0 free entitlements matching requested entitlement ids)
[Licensing::Client] Successfully resolved entitlement details
[Licensing::Client] Successfully resolved entitlement details
[INFO ] [relay] log Unity client connected with ID: editor-31616-fc55ms (relay 1.0.12-build.97)
[INFO ] [relay] connection.established clientId=editor-31616-fc55ms port=9001
[Licensing::Client] Successfully resolved entitlement details
[Licensing::Client] Successfully resolved entitlement details
[Licensing::Client] Successfully resolved entitlement details
GridSquare clicked: (2, 2)  |  world centre (2.50, 0.01, 2.50)  |  hit (2.20, 0.00, 2.63)
UnityEngine.Debug:ExtractStackTraceNoAlloc (byte*,int,string)
UnityEngine.StackTraceUtility:ExtractStackTrace ()
UnityEngine.DebugLogHandler:Internal_Log (UnityEngine.LogType,UnityEngine.LogOption,string,UnityEngine.Object)
UnityEngine.DebugLogHandler:LogFormat (UnityEngine.LogType,UnityEngine.Object,string,object[])
UnityEngine.Logger:Log (UnityEngine.LogType,object)
UnityEngine.Debug:Log (object)
GridOverlay:TryLogClickedGridSquare () (at Assets/Scripts/Core/GridOverlay.cs:120)
GridOverlay:Update () (at Assets/Scripts/Core/GridOverlay.cs:62)

(Filename: Assets/Scripts/Core/GridOverlay.cs Line: 120)

[ScriptCompilation] Requested script compilation because: AssetDatabase observed changes in script compilation related files
[Licensing::Client] Successfully resolved entitlement details
Refreshing native plugins compatible for Editor in 3.04 ms, found 5 plugins.

Asset Pipeline Refresh (id=b90ad4303c2703e46b08b92525860ee0): Total: 0.328 seconds - Initiated by RefreshV2(NoUpdateAssetOptions)
	(Values over 0.05ms)
	Summary:
		Imports: total=0 (actual=0, local cache=0, cache server=0)
		Asset DB Process Time: managed=0 ms, native=103 ms
		Asset DB Callback time: managed=219 ms, native=4 ms
		Scripting: domain reloads=0, domain reload time=0 ms, compile time=1 ms, other=0 ms
		Project Asset Count: scripts=2149, non-scripts=5358
		Asset File Changes: new=0, changed=1, moved=0, deleted=0
		Scan Filter Count: 0
	ApplyChangesToAssetFolders: 0.203ms
	Scan: 7.705ms
	Collect global state as custom dependencies: 0.575ms
	OnSourceAssetsModified: 0.570ms
	ProcessAssetsWithTransientArtifactChanges: 0.185ms
	CategorizeAssets: 22.949ms
	CompileScripts: 0.601ms
	ImportOutOfDateAssets: 57.714ms (9.167ms without children)
		UnloadImportedAssets: 0.080ms
		EnsureUptoDateAssetsAreRegisteredWithGuidPM: 0.652ms
		ImportSchedulerStart: 47.766ms
	PostProcessAllAssets: 220.118ms
		XRBuildSystem.XRAssetImported 0.595ms
		MonoPostProcessAllAssets: 219.098ms
			AssetReferenceReimportMonitor.OnPostprocessAllAssets 25.088ms
			BuilderAssetPostprocessor.OnPostprocessAllAssets 5.943ms
			AssetChangedListener.OnPostprocessAllAssets 5.103ms
			AssetPostprocessor.OnPostprocessAllAssets 4.366ms
			SyncVS.PostprocessSyncProject 3.860ms
			UVCSAssetPostprocessor.OnPostprocessAllAssets 2.724ms
			SpriteSlicePostprocessor.OnPostprocessAllAssets 2.676ms
			ShaderGraphAssetPostProcessor.OnPostprocessAllAssets 2.056ms
			RetainedModeAssetPostprocessor.OnPostprocessAllAssets 1.247ms
			SpriteEditorTexturePostprocessor.OnPostprocessAllAssets 0.835ms
			TMPro_TexturePostProcessor.OnPostprocessAllAssets 0.568ms
			MaterialPostprocessor.OnPostprocessAllAssets 0.552ms
			ArtifactBrowserPostProcessor.OnPostprocessAllAssets 0.491ms
			PostProcessor.OnPostprocessAllAssets 0.454ms
			AudioMixerPostprocessor.OnPostprocessAllAssets 0.415ms
			ModelAssetProcessor.OnPostprocessAllAssets 0.366ms
			SkillsProjectAssetPostprocessor.OnPostprocessAllAssets 0.351ms
			TextAssetPostProcessor.OnPostprocessAllAssets 0.347ms
			InputActionJsonNameModifierAssetProcessor.OnPostprocessAllAssets 0.336ms
			SampleDependencyImporterPostProcessor.OnPostprocessAllAssets 0.272ms
			StyleCatalogPostProcessor.OnPostprocessAllAssets 0.250ms
			ConfigAssetsTracker.OnPostprocessAllAssets 0.243ms
			AssetEvents.OnPostprocessAllAssets 0.186ms
			SamplePostprocessor.OnPostprocessAllAssets 0.179ms
			SpeedTreePostProcessor.OnPostprocessAllAssets 0.171ms
			AssetReloadNotifier.OnPostprocessAllAssets 0.166ms
			InputActionAssetPostprocessor.OnPostprocessAllAssets 0.124ms
			RenderPipelineGlobalSettingsPostprocessor.OnPostprocessAllAssets 0.117ms
			ScenarioDriftAssetsTracker.OnPostprocessAllAssets 0.116ms
			GraphRefreshPostprocessor.OnPostprocessAllAssets 0.101ms
			AudioContainerPostProcessor.OnPostprocessAllAssets 0.092ms
			TrackSelectedAssetsProcessor.OnPostprocessAllAssets 0.053ms
	PostAssetChangesProfiler: 3.647ms
	GatherAllCurrentPrimaryImportResultRevisions: 0.397ms
	PersistCurrentRevisions: 0.225ms
	Untracked: 11.341ms

info: Microsoft.AspNetCore.Hosting.Diagnostics[1]
      Request starting HTTP/2 POST http://ilpp/UnityILPP.PostProcessing/Ping - application/grpc -
info: Microsoft.AspNetCore.Routing.EndpointMiddleware[0]
      Executing endpoint 'gRPC - /UnityILPP.PostProcessing/Ping'
info: Microsoft.AspNetCore.Routing.EndpointMiddleware[1]
      Executed endpoint 'gRPC - /UnityILPP.PostProcessing/Ping'
info: Microsoft.AspNetCore.Hosting.Diagnostics[2]
      Request finished HTTP/2 POST http://ilpp/UnityILPP.PostProcessing/Ping - 200 - application/grpc 0.0838ms
Starting: C:\Program Files\Unity\Hub\Editor\6000.5.8f1\Editor\Data\Tools\BuildPipeline\bee_backend.exe --ipc --defer-dag-verification --dagfile="Library/Bee/1900b0aE.dag" --continue-on-failure --profile="Library/Bee/backend1.traceevents" ScriptAssemblies
WorkingDir: C:/Users/Len/Lenomation_V3
info: Microsoft.AspNetCore.Hosting.Diagnostics[1]
      Request starting HTTP/2 POST http://ilpp/UnityILPP.PostProcessing/ConfigurePostProcessors - application/grpc -
info: Microsoft.AspNetCore.Routing.EndpointMiddleware[0]
      Executing endpoint 'gRPC - /UnityILPP.PostProcessing/ConfigurePostProcessors'
info: Unity.ILPP.Runner.PostProcessingAssemblyLoadContext[0]
      Current configuration matches the requested one, skipping
info: Microsoft.AspNetCore.Routing.EndpointMiddleware[1]
      Executed endpoint 'gRPC - /UnityILPP.PostProcessing/ConfigurePostProcessors'
info: Microsoft.AspNetCore.Hosting.Diagnostics[2]
      Request finished HTTP/2 POST http://ilpp/UnityILPP.PostProcessing/ConfigurePostProcessors - 200 - application/grpc 0.6774ms
info: Microsoft.AspNetCore.Hosting.Diagnostics[1]
      Request starting HTTP/2 POST http://ilpp/UnityILPP.PostProcessing/PostProcessAssembly - application/grpc -
info: Microsoft.AspNetCore.Hosting.Diagnostics[1]
      Request starting HTTP/2 POST http://ilpp/UnityILPP.PostProcessing/PostProcessAssembly - application/grpc -
info: Microsoft.AspNetCore.Routing.EndpointMiddleware[0]
      Executing endpoint 'gRPC - /UnityILPP.PostProcessing/PostProcessAssembly'
info: Microsoft.AspNetCore.Routing.EndpointMiddleware[0]
      Executing endpoint 'gRPC - /UnityILPP.PostProcessing/PostProcessAssembly'
info: Unity.ILPP.Runner.PostProcessingPipeline[0]
      Processing assembly Library/Bee/artifacts/1900b0aE.dag/Assembly-CSharp-Editor.dll, with 142 defines and 390 references
info: Unity.ILPP.Runner.PostProcessingPipeline[0]
      processors: Unity.Jobs.CodeGen.JobsILPostProcessor, zzzUnity.Burst.CodeGen.BurstILPostProcessor
info: Unity.ILPP.Runner.PostProcessingPipeline[0]
      Processing assembly Library/Bee/artifacts/1900b0aE.dag/Assembly-CSharp.dll, with 144 defines and 366 references
info: Unity.ILPP.Runner.PostProcessingPipeline[0]
      processors: Unity.Jobs.CodeGen.JobsILPostProcessor, zzzUnity.Burst.CodeGen.BurstILPostProcessor
info: Unity.ILPP.Runner.PostProcessingPipeline[0]
      running Unity.Jobs.CodeGen.JobsILPostProcessor
info: Unity.ILPP.Runner.PostProcessingPipeline[0]
      running Unity.Jobs.CodeGen.JobsILPostProcessor
info: Unity.ILPP.Runner.PostProcessingPipeline[0]
      running zzzUnity.Burst.CodeGen.BurstILPostProcessor
info: Unity.ILPP.Runner.PostProcessingPipeline[0]
      running zzzUnity.Burst.CodeGen.BurstILPostProcessor
info: Microsoft.AspNetCore.Routing.EndpointMiddleware[1]
      Executed endpoint 'gRPC - /UnityILPP.PostProcessing/PostProcessAssembly'
info: Microsoft.AspNetCore.Hosting.Diagnostics[2]
      Request finished HTTP/2 POST http://ilpp/UnityILPP.PostProcessing/PostProcessAssembly - 200 - application/grpc 18.5061ms
info: Microsoft.AspNetCore.Routing.EndpointMiddleware[1]
      Executed endpoint 'gRPC - /UnityILPP.PostProcessing/PostProcessAssembly'
info: Microsoft.AspNetCore.Hosting.Diagnostics[2]
      Request finished HTTP/2 POST http://ilpp/UnityILPP.PostProcessing/PostProcessAssembly - 200 - application/grpc 20.7556ms
ExitCode: 0 Duration: 0s442ms
[1191/1563  0s] ILPP-Configuration Library/ilpp-configuration.nevergeneratedoutput
[1555/1563  0s] Csc Library/Bee/artifacts/1900b0aE.dag/Assembly-CSharp.dll (+2 others)
[1557/1563  0s] ILPostProcess Library/Bee/artifacts/1900b0aE.dag/post-processed/Assembly-CSharp-Editor.dll (+pdb)
Processing assembly Library/Bee/artifacts/1900b0aE.dag/Assembly-CSharp-Editor.dll, with 142 defines and 390 references

processors: Unity.Jobs.CodeGen.JobsILPostProcessor, zzzUnity.Burst.CodeGen.BurstILPostProcessor

running Unity.Jobs.CodeGen.JobsILPostProcessor

running zzzUnity.Burst.CodeGen.BurstILPostProcessor
[1558/1563  0s] ILPostProcess Library/Bee/artifacts/1900b0aE.dag/post-processed/Assembly-CSharp.dll (+pdb)
Processing assembly Library/Bee/artifacts/1900b0aE.dag/Assembly-CSharp.dll, with 144 defines and 366 references

processors: Unity.Jobs.CodeGen.JobsILPostProcessor, zzzUnity.Burst.CodeGen.BurstILPostProcessor

running Unity.Jobs.CodeGen.JobsILPostProcessor

running zzzUnity.Burst.CodeGen.BurstILPostProcessor
[1561/1563  0s] CopyFiles Library/ScriptAssemblies/Assembly-CSharp.pdb
[1562/1563  0s] CopyFiles Library/ScriptAssemblies/Assembly-CSharp.dll
*** Tundra build success (0.42 seconds), 6 items updated, 1563 evaluated
Unloading 0 Unused Serialized files (Serialized files now loaded: 0)
Loaded scene 'Temp/__Backupscenes/0.backup'
	Deserialize:            1.036 ms
	Integration:            251.440 ms
	Integration of assets:  0.002 ms
	Thread Wait Time:       0.011 ms
	Total Operation Time:   252.489 ms
Unloading 92 unused Assets / (388.6 KB). Loaded Objects now: 12766.
Memory consumption went from 0.91 GB to 0.91 GB.
Total: 34.427500 ms (FindLiveObjects: 0.765900 ms CreateObjectMapping: 2.346100 ms MarkObjects: 31.154600 ms  DeleteObjects: 0.159100 ms)

[Licensing::Client] Successfully resolved entitlement details
Reloading assemblies after finishing script compilation.
Reloading assemblies after forced synchronous recompile.
Begin MonoManager ReloadAssembly
Total cache size 268137716
Total cache size after purge 268137716, took 00:00:00.2425603
[INFO ] [relay] log Domain reload signal received from client editor-31616-fc55ms
[INFO ] [relay] log Client disconnected - blocking and caching for recovery
[WARN ] [relay] connection.lost clientId=null
[WARN ] [relay] log Client disconnected - sessions will persist until auto-shutdown, reason: Client disconnected
[INFO ] [relay] log Auto-shutdown timer started due to client disconnection
Symbol file LoadedFromMemory is not a mono symbol file
Symbol file LoadedFromMemory is not a mono symbol file
Refreshing native plugins compatible for Editor in 2.96 ms, found 5 plugins.
Native extension for WindowsStandalone target not found
Native extension for WebGL target not found
[MODES] ModeService[none].Initialize
[MODES] ModeService[none].LoadModes
Refreshing native plugins compatible for Editor in 3.02 ms, found 5 plugins.
[Licensing::Client] Error: Code 404 while processing request (status: Found 0 entitlement groups and 0 free entitlements matching requested entitlement ids)
ScheduleIndexationOnStartup MainProcess:True IndexOnStartup:True
Mono: successfully reloaded assembly
- Finished resetting the current domain, in  3.065 seconds
Domain Reload Profiling: 4833ms
	BeginReloadAssembly (1193ms)
		DisableScriptedObjects (188ms)
		CreateAndSetChildDomain (590ms)
	RebuildCommonClasses (9ms)
	RebuildNativeTypeToScriptingClass (14ms)
	initialDomainReloadingComplete (85ms)
	LoadAllAssembliesAndSetupDomain (465ms)
		LoadAssemblies (128ms)
		AnalyzeDomain (301ms)
			TypeCache.Refresh (12ms)
			BuildScriptInfoCaches (278ms)
			ResolveRequiredComponents (9ms)
	FinalizeReload (3066ms)
		SetupLoadedEditorAssemblies (0ms)
			BeforeProcessingInitializeOnLoad (232ms)
			ProcessInitializeOnLoadAttributes (858ms)
			ProcessInitializeOnLoadMethodAttributes (493ms)
			AfterProcessingInitializeOnLoad (5ms)
		AwakeInstancesAfterBackupRestoration (944ms)

Asset Pipeline Refresh (id=643e1a2fd6bd6ed41ae984ba8cea7b6c): Total: 5.160 seconds - Initiated by StopAssetImportingV2(ForceSynchronousImport | ForceDomainReload)
	(Values over 0.05ms)
	Summary:
		Imports: total=0 (actual=0, local cache=0, cache server=0)
		Asset DB Process Time: managed=0 ms, native=3283 ms
		Asset DB Callback time: managed=30 ms, native=0 ms
		Scripting: domain reloads=1, domain reload time=1844 ms, compile time=1 ms, other=0 ms
		Project Asset Count: scripts=2149, non-scripts=5358
		Asset File Changes: new=0, changed=0, moved=0, deleted=0
		Scan Filter Count: 0
	InvokePackagesCallback: 1.474ms
	ApplyChangesToAssetFolders: 0.337ms
	Collect global state as custom dependencies: 2.953ms
	ProcessAssetsWithTransientArtifactChanges: 7.248ms
	CategorizeAssets: 82.402ms
	CompileScripts: 1.125ms
	ImportOutOfDateAssets: 3146.426ms (3087.809ms without children)
		CollectScriptTypesHashes: 0.938ms
		ReloadNativeAssets: 4.199ms
		UnloadImportedAssets: 0.244ms
		EnsureUptoDateAssetsAreRegisteredWithGuidPM: 1.189ms
		ImportSchedulerStart: 52.942ms
	PostProcessAllAssets: 30.838ms
		MonoPostProcessAllAssets: 30.834ms
			AssetReferenceReimportMonitor.OnPostprocessAllAssets 25.088ms
			UniversalRenderPipelineGlobalSettingsPostprocessor.OnPostprocessAllAssets 9.669ms
			BuilderAssetPostprocessor.OnPostprocessAllAssets 5.943ms
			AssetChangedListener.OnPostprocessAllAssets 5.103ms
			AssetPostprocessor.OnPostprocessAllAssets 4.366ms
			UVCSAssetPostprocessor.OnPostprocessAllAssets 2.724ms
			SpriteSlicePostprocessor.OnPostprocessAllAssets 2.676ms
			ShaderGraphAssetPostProcessor.OnPostprocessAllAssets 2.056ms
			SpeedTree9Postprocessor.OnPostprocessAllAssets 1.898ms
			AssetChangeDetector.OnPostprocessAllAssets 1.893ms
			SyncVS.PostprocessSyncProject 1.782ms
			GraphRefreshPostprocessor.OnPostprocessAllAssets 1.652ms
			WindowAssetPostprocessingWatcher.OnPostprocessAllAssets 1.571ms
			RetainedModeAssetPostprocessor.OnPostprocessAllAssets 1.247ms
			EditModeScopePostprocessor.OnPostprocessAllAssets 0.868ms
			SpriteEditorTexturePostprocessor.OnPostprocessAllAssets 0.835ms
			RenderPipelineGlobalSettingsPostprocessor.OnPostprocessAllAssets 0.642ms
			TMPro_TexturePostProcessor.OnPostprocessAllAssets 0.568ms
			MaterialPostprocessor.OnPostprocessAllAssets 0.552ms
			ArtifactBrowserPostProcessor.OnPostprocessAllAssets 0.491ms
			PostProcessor.OnPostprocessAllAssets 0.454ms
			AudioMixerPostprocessor.OnPostprocessAllAssets 0.415ms
			ModelAssetProcessor.OnPostprocessAllAssets 0.366ms
			SkillsProjectAssetPostprocessor.OnPostprocessAllAssets 0.351ms
			TextAssetPostProcessor.OnPostprocessAllAssets 0.347ms
			InputActionJsonNameModifierAssetProcessor.OnPostprocessAllAssets 0.336ms
			ShaderReflectionAssetPostProcessor.OnPostprocessAllAssets 0.295ms
			ReferencedClipsPostProcessor.OnPostprocessAllAssets 0.282ms
			SampleDependencyImporterPostProcessor.OnPostprocessAllAssets 0.272ms
			StyleCatalogPostProcessor.OnPostprocessAllAssets 0.250ms
			ConfigAssetsTracker.OnPostprocessAllAssets 0.243ms
			InputActionAssetPostprocessor.OnPostprocessAllAssets 0.240ms
			AssetEvents.OnPostprocessAllAssets 0.186ms
			SamplePostprocessor.OnPostprocessAllAssets 0.179ms
			SpeedTreePostProcessor.OnPostprocessAllAssets 0.171ms
			AssetReloadNotifier.OnPostprocessAllAssets 0.166ms
			ProjectSettingsPostprocessor.OnPostprocessAllAssets 0.163ms
			TerrainToolbarOverlayPostProcessor.OnPostprocessAllAssets 0.148ms
			AssetDatabaseCallbacks.OnPostprocessAllAssets 0.132ms
			ScenarioDriftAssetsTracker.OnPostprocessAllAssets 0.116ms
			AudioContainerPostProcessor.OnPostprocessAllAssets 0.092ms
			TrackSelectedAssetsProcessor.OnPostprocessAllAssets 0.053ms
	GatherAllCurrentPrimaryImportResultRevisions: 0.412ms
	PersistCurrentRevisions: 0.215ms
	GenerateScriptTypeHashes: 7.958ms
	GenerateScriptTypeSerializationHashes: 12.173ms
	Untracked: 1879.390ms

[Licensing::Client] Error: Code 404 while processing request (status: Found 0 entitlement groups and 0 free entitlements matching requested entitlement ids)
[Licensing::Client] Successfully resolved entitlement details
[Licensing::Client] Successfully resolved entitlement details
[INFO ] [relay] log Unity client connected with ID: editor-31616-c3vpfl (relay 1.0.12-build.97)
[INFO ] [relay] connection.established clientId=editor-31616-c3vpfl port=9001
[Licensing::Client] Successfully resolved entitlement details
[Licensing::Client] Successfully resolved entitlement details
[Licensing::Client] Successfully resolved entitlement details
Reloading assemblies for play mode.
Reloading assemblies after forced synchronous recompile.
Begin MonoManager ReloadAssembly
[INFO ] [relay] log Domain reload signal received from client editor-31616-c3vpfl
[INFO ] [relay] log Client disconnected - blocking and caching for recovery
[WARN ] [relay] connection.lost clientId=null
[WARN ] [relay] log Client disconnected - sessions will persist until auto-shutdown, reason: Client disconnected
[INFO ] [relay] log Auto-shutdown timer started due to client disconnection
Symbol file LoadedFromMemory is not a mono symbol file
Symbol file LoadedFromMemory is not a mono symbol file
Refreshing native plugins compatible for Editor in 3.04 ms, found 5 plugins.
Native extension for WindowsStandalone target not found
Native extension for WebGL target not found
[Licensing::Client] Error: Code 404 while processing request (status: Found 0 entitlement groups and 0 free entitlements matching requested entitlement ids)
ScheduleIndexationOnStartup MainProcess:True IndexOnStartup:True
[MODES] ModeService[none].Initialize
[MODES] ModeService[none].LoadModes
Refreshing native plugins compatible for Editor in 3.75 ms, found 5 plugins.
Mono: successfully reloaded assembly
- Finished resetting the current domain, in  3.205 seconds
Domain Reload Profiling: 4448ms
	BeginReloadAssembly (933ms)
		DisableScriptedObjects (140ms)
		CreateAndSetChildDomain (595ms)
	RebuildCommonClasses (9ms)
	RebuildNativeTypeToScriptingClass (15ms)
	initialDomainReloadingComplete (85ms)
	LoadAllAssembliesAndSetupDomain (200ms)
		LoadAssemblies (128ms)
		AnalyzeDomain (23ms)
			TypeCache.Refresh (9ms)
			ResolveRequiredComponents (9ms)
	FinalizeReload (3206ms)
		SetupLoadedEditorAssemblies (0ms)
			BeforeProcessingInitializeOnLoad (114ms)
			ProcessInitializeOnLoadAttributes (839ms)
			ProcessInitializeOnLoadMethodAttributes (443ms)
			AfterProcessingInitializeOnLoad (5ms)
		AwakeInstancesAfterBackupRestoration (1105ms)

Asset Pipeline Refresh (id=478a5044d9e05554496e5738c911c77a): Total: 4.733 seconds - Initiated by StopAssetImportingV2(ForceSynchronousImport | ForceDomainReload)
	(Values over 0.05ms)
	Summary:
		Imports: total=0 (actual=0, local cache=0, cache server=0)
		Asset DB Process Time: managed=0 ms, native=3402 ms
		Asset DB Callback time: managed=30 ms, native=0 ms
		Scripting: domain reloads=1, domain reload time=1297 ms, compile time=1 ms, other=0 ms
		Project Asset Count: scripts=2149, non-scripts=5358
		Asset File Changes: new=0, changed=0, moved=0, deleted=0
		Scan Filter Count: 0
	InvokePackagesCallback: 1.624ms
	ApplyChangesToAssetFolders: 0.350ms
	Collect global state as custom dependencies: 2.852ms
	ProcessAssetsWithTransientArtifactChanges: 0.165ms
	CategorizeAssets: 77.480ms
	CompileScripts: 1.330ms
	ImportOutOfDateAssets: 3277.252ms (3226.814ms without children)
		CollectScriptTypesHashes: 0.801ms
		ReloadNativeAssets: 0.982ms
		UnloadImportedAssets: 0.243ms
		EnsureUptoDateAssetsAreRegisteredWithGuidPM: 1.014ms
		ImportSchedulerStart: 48.155ms
	PostProcessAllAssets: 30.681ms
		MonoPostProcessAllAssets: 30.676ms
			AssetReferenceReimportMonitor.OnPostprocessAllAssets 25.088ms
			UniversalRenderPipelineGlobalSettingsPostprocessor.OnPostprocessAllAssets 10.709ms
			BuilderAssetPostprocessor.OnPostprocessAllAssets 5.943ms
			AssetChangedListener.OnPostprocessAllAssets 5.103ms
			AssetPostprocessor.OnPostprocessAllAssets 4.366ms
			UVCSAssetPostprocessor.OnPostprocessAllAssets 2.724ms
			SpriteSlicePostprocessor.OnPostprocessAllAssets 2.676ms
			ShaderGraphAssetPostProcessor.OnPostprocessAllAssets 2.056ms
			SyncVS.PostprocessSyncProject 2.020ms
			GraphRefreshPostprocessor.OnPostprocessAllAssets 1.669ms
			SpeedTree9Postprocessor.OnPostprocessAllAssets 1.633ms
			WindowAssetPostprocessingWatcher.OnPostprocessAllAssets 1.460ms
			RetainedModeAssetPostprocessor.OnPostprocessAllAssets 1.247ms
			SpriteEditorTexturePostprocessor.OnPostprocessAllAssets 0.835ms
			AssetChangeDetector.OnPostprocessAllAssets 0.806ms
			RenderPipelineGlobalSettingsPostprocessor.OnPostprocessAllAssets 0.642ms
			TMPro_TexturePostProcessor.OnPostprocessAllAssets 0.568ms
			MaterialPostprocessor.OnPostprocessAllAssets 0.552ms
			ArtifactBrowserPostProcessor.OnPostprocessAllAssets 0.491ms
			PostProcessor.OnPostprocessAllAssets 0.454ms
			AudioMixerPostprocessor.OnPostprocessAllAssets 0.415ms
			ModelAssetProcessor.OnPostprocessAllAssets 0.366ms
			ShaderReflectionAssetPostProcessor.OnPostprocessAllAssets 0.359ms
			SkillsProjectAssetPostprocessor.OnPostprocessAllAssets 0.351ms
			TextAssetPostProcessor.OnPostprocessAllAssets 0.347ms
			InputActionJsonNameModifierAssetProcessor.OnPostprocessAllAssets 0.336ms
			SampleDependencyImporterPostProcessor.OnPostprocessAllAssets 0.272ms
			EditModeScopePostprocessor.OnPostprocessAllAssets 0.254ms
			StyleCatalogPostProcessor.OnPostprocessAllAssets 0.250ms
			InputActionAssetPostprocessor.OnPostprocessAllAssets 0.246ms
			ConfigAssetsTracker.OnPostprocessAllAssets 0.243ms
			ReferencedClipsPostProcessor.OnPostprocessAllAssets 0.234ms
			AssetEvents.OnPostprocessAllAssets 0.186ms
			SamplePostprocessor.OnPostprocessAllAssets 0.179ms
			ProjectSettingsPostprocessor.OnPostprocessAllAssets 0.175ms
			SpeedTreePostProcessor.OnPostprocessAllAssets 0.171ms
			AssetReloadNotifier.OnPostprocessAllAssets 0.166ms
			TerrainToolbarOverlayPostProcessor.OnPostprocessAllAssets 0.147ms
			AssetDatabaseCallbacks.OnPostprocessAllAssets 0.134ms
			ScenarioDriftAssetsTracker.OnPostprocessAllAssets 0.116ms
			AudioContainerPostProcessor.OnPostprocessAllAssets 0.092ms
			TrackSelectedAssetsProcessor.OnPostprocessAllAssets 0.053ms
	GatherAllCurrentPrimaryImportResultRevisions: 0.261ms
	PersistCurrentRevisions: 0.316ms
	GenerateScriptTypeHashes: 2.793ms
	GenerateScriptTypeSerializationHashes: 4.597ms
	Untracked: 1334.376ms

Loaded scene 'Temp/__Backupscenes/0.backup'
	Deserialize:            0.953 ms
	Integration:            861.728 ms
	Integration of assets:  0.001 ms
	Thread Wait Time:       0.010 ms
	Total Operation Time:   862.692 ms
[Licensing::Client] Error: Code 404 while processing request (status: Found 0 entitlement groups and 0 free entitlements matching requested entitlement ids)
[Licensing::Client] Successfully resolved entitlement details
[Licensing::Client] Successfully resolved entitlement details
[INFO ] [relay] log Unity client connected with ID: editor-31616-nuk56h (relay 1.0.12-build.97)
[INFO ] [relay] connection.established clientId=editor-31616-nuk56h port=9001
[Licensing::Client] Successfully resolved entitlement details
[Licensing::Client] Successfully resolved entitlement details
[Licensing::Client] Successfully resolved entitlement details
Unloading 0 Unused Serialized files (Serialized files now loaded: 0)
Loaded scene 'Temp/__Backupscenes/0.backup'
	Deserialize:            0.753 ms
	Integration:            246.114 ms
	Integration of assets:  0.001 ms
	Thread Wait Time:       0.010 ms
	Total Operation Time:   246.878 ms
Unloading 68 unused Assets / (332.2 KB). Loaded Objects now: 12779.
Memory consumption went from 0.91 GB to 0.91 GB.
Total: 33.605100 ms (FindLiveObjects: 0.659200 ms CreateObjectMapping: 1.885300 ms MarkObjects: 30.936100 ms  DeleteObjects: 0.123400 ms)

Importing 'GUID: 0000000000000000b000000000000000 - Path: ProjectSettings/EditorBuildSettings.asset' with importer (LibraryAssetImporter)
Imported 'GUID: 0000000000000000b000000000000000' -> (Import Result ID: '7d3157b8516595d3fe3e1c15529eb700') in 0.004 seconds [static dependencies only]. Details - ImportResultOutputID=4647dd083cfc32cebcd7526e8846440c DependenciesID=92d1ef275d12fc8d4a22532f7e1c8a37 StaticDependenciesID=b947d7fca5e487827e3fc098c8741c44 
Refreshing native plugins compatible for Editor in 3.24 ms, found 5 plugins.
Asset Pipeline Refresh (id=2b7ae20e7bbae0f41beebe428f3debcb): Total: 0.300 seconds - Initiated by StopAssetImportingV2(NoUpdateAssetOptions)
Asset Pipeline Refresh (id=3ae11df9f7353664c8e13de7892ea9e7): Total: 0.011 seconds - Initiated by RefreshV2(NoUpdateAssetOptions)
Asset Pipeline Refresh (id=3f236e5ff44344949ac9ffc1618596cf): Total: 0.004 seconds - Initiated by RefreshV2(NoUpdateAssetOptions)
MonoPathRemapper: Attempts to remap: 979350; Successful remaps: 37610
Serialized file version minimum: 23, current 23
[LAYOUT] About to save layout C:\Users\Len\Lenomation_V3\UserSettings\Layouts\default-6000.dwlt
[LAYOUT] About to save layout C:/Users/Len/AppData/Roaming/Unity/Editor-5.x/Preferences\Layouts\current\default-6000.dwlt
Maximization failed: UnityEngine.UnityException: Win32 could not create GUI view because CreateWindowEx failed with message: Cannot find window class.

  at (wrapper managed-to-native) UnityEditor.GUIView.Internal_Init_Injected(intptr,int,int,bool,bool)
  at UnityEditor.GUIView.Internal_Init (System.Int32 depthBits, System.Int32 antiAliasing, System.Boolean isPlayModeView, System.Boolean isVsync) [0x0000f] in <da871bb30d6448e2981f366171b14bb9>:0 
  at UnityEditor.GUIView.SetWindow (UnityEditor.ContainerWindow win) [0x0006d] in <da871bb30d6448e2981f366171b14bb9>:0 
  at UnityEditor.HostView.SetWindow (UnityEditor.ContainerWindow win) [0x00000] in <da871bb30d6448e2981f366171b14bb9>:0 
  at UnityEditor.View.SetWindowRecurse (UnityEditor.ContainerWindow win) [0x00000] in <da871bb30d6448e2981f366171b14bb9>:0 
  at UnityEditor.View.RemoveChild (System.Int32 idx) [0x00000] in <da871bb30d6448e2981f366171b14bb9>:0 
  at UnityEditor.WindowLayout.Unmaximize (UnityEditor.EditorWindow win) [0x000cc] in <da871bb30d6448e2981f366171b14bb9>:0 
UnityEngine.Debug:ExtractStackTraceNoAlloc (byte*,int,string)
UnityEngine.StackTraceUtility:ExtractStackTrace ()
UnityEngine.DebugLogHandler:Internal_Log (UnityEngine.LogType,UnityEngine.LogOption,string,UnityEngine.Object)
UnityEngine.DebugLogHandler:LogFormat (UnityEngine.LogType,UnityEngine.Object,string,object[])
UnityEngine.Logger:Log (UnityEngine.LogType,object)
UnityEngine.Debug:Log (object)
UnityEditor.WindowLayout:Unmaximize (UnityEditor.EditorWindow)
UnityEditor.EditorWindow:Close ()
Unity.PlasticSCM.Editor.UI.CloseWindowIfOpened:UVCS () (at ./Library/PackageCache/com.unity.collab-proxy@4628d2ba6ea4/Editor/UI/CloseWindowIfOpened.cs:25)
Unity.PlasticSCM.Editor.SwitchUVCSPlugin:Off (Unity.PlasticSCM.Editor.UVCSPlugin) (at ./Library/PackageCache/com.unity.collab-proxy@4628d2ba6ea4/Editor/SwitchUVCSPlugin.cs:37)
Unity.PlasticSCM.Editor.Settings.UVCSProjectSettingsProvider:OnDeactivate () (at ./Library/PackageCache/com.unity.collab-proxy@4628d2ba6ea4/Editor/Settings/UVCSProjectSettingsProvider.cs:67)
UnityEditor.VersionControl.VersionControlManager:Deactivate ()
UnityEditor.EditorApplication:Internal_EditorApplicationQuit ()

(Filename: ./Library/PackageCache/com.unity.collab-proxy@4628d2ba6ea4/Editor/UI/CloseWindowIfOpened.cs Line: 25)

[LAYOUT] About to load C:/Users/Len/AppData/Roaming/Unity/Editor-5.x/Preferences\Layouts\default\Default.wlt, keepMainWindow=False
UnityException: Win32 could not create GUI view because CreateWindowEx failed with message: Cannot find window class.
  at (wrapper managed-to-native) UnityEditor.GUIView.Internal_Init_Injected(intptr,int,int,bool,bool)
  at UnityEditor.GUIView.Internal_Init (System.Int32 depthBits, System.Int32 antiAliasing, System.Boolean isPlayModeView, System.Boolean isVsync) [0x0000f] in <da871bb30d6448e2981f366171b14bb9>:0 
  at UnityEditor.GUIView.SetWindow (UnityEditor.ContainerWindow win) [0x0006d] in <da871bb30d6448e2981f366171b14bb9>:0 
  at UnityEditor.HostView.SetWindow (UnityEditor.ContainerWindow win) [0x00000] in <da871bb30d6448e2981f366171b14bb9>:0 
  at UnityEditor.View.SetWindowRecurse (UnityEditor.ContainerWindow win) [0x00000] in <da871bb30d6448e2981f366171b14bb9>:0 
  at UnityEditor.View.RemoveChild (System.Int32 idx) [0x00000] in <da871bb30d6448e2981f366171b14bb9>:0 
  at UnityEditor.View.RemoveChild (UnityEditor.View child) [0x0001c] in <da871bb30d6448e2981f366171b14bb9>:0 
  at UnityEditor.GUIView.SetWindow (UnityEditor.ContainerWindow win) [0x00065] in <da871bb30d6448e2981f366171b14bb9>:0 
  at UnityEditor.HostView.SetWindow (UnityEditor.ContainerWindow win) [0x00000] in <da871bb30d6448e2981f366171b14bb9>:0 
  at UnityEditor.View.Initialize (UnityEditor.ContainerWindow win) [0x00000] in <da871bb30d6448e2981f366171b14bb9>:0 
  at UnityEditor.View.Initialize (UnityEditor.ContainerWindow win) [0x00012] in <da871bb30d6448e2981f366171b14bb9>:0 
  at UnityEditor.ContainerWindow.OnEnable () [0x0000d] in <da871bb30d6448e2981f366171b14bb9>:0 
UnityEditorInternal.InternalEditorUtility:LoadSerializedFileAndForget_Injected(ManagedSpanWrapper&)
UnityEditorInternal.InternalEditorUtility:LoadSerializedFileAndForget(String)
UnityEditor.WindowLayout:LoadWindowLayout_Internal(String, LoadWindowLayoutFlags)
UnityEditor.WindowLayout:LoadWindowLayout_Internal(String, Boolean, Boolean, Boolean, Boolean)
UnityEditor.WindowLayout:LoadLastUsedLayoutForCurrentMode(Boolean)
UnityEditor.WindowLayout:LoadCurrentModeLayout(Boolean)
UnityEditor.WindowLayout:ResetFactorySettings()
UnityEditor.WindowLayout:ResetAllLayouts(Boolean)
UnityEditor.WindowLayout:Unmaximize(EditorWindow)
UnityEditor.EditorWindow:Close()
Unity.PlasticSCM.Editor.UI.CloseWindowIfOpened:UVCS() (at .\Library\PackageCache\com.unity.collab-proxy@4628d2ba6ea4\Editor\UI\CloseWindowIfOpened.cs:25)
Unity.PlasticSCM.Editor.SwitchUVCSPlugin:Off(UVCSPlugin) (at .\Library\PackageCache\com.unity.collab-proxy@4628d2ba6ea4\Editor\SwitchUVCSPlugin.cs:37)
Unity.PlasticSCM.Editor.Settings.UVCSProjectSettingsProvider:OnDeactivate() (at .\Library\PackageCache\com.unity.collab-proxy@4628d2ba6ea4\Editor\Settings\UVCSProjectSettingsProvider.cs:67)
UnityEditor.VersionControl.VersionControlManager:Deactivate()
UnityEditor.EditorApplication:Internal_EditorApplicationQuit()

(Filename: ./Library/PackageCache/com.unity.collab-proxy@4628d2ba6ea4/Editor/UI/CloseWindowIfOpened.cs Line: 25)

[LAYOUT] Removed un-parented EditorWindow while reading window layout window #11, type=UnityEditor.ProjectBrowser entityId=568105584918862360
[LAYOUT] Removed un-parented EditorWindow while reading window layout window #12, type=UnityEditor.InspectorWindow entityId=568105584918862362
[LAYOUT] Removed un-parented EditorWindow while reading window layout window #13, type=UnityEditor.SceneHierarchyWindow entityId=568105584918862364
[LAYOUT] Removed un-parented EditorWindow while reading window layout window #14, type=UnityEditor.SceneView entityId=568105584918862366
[LAYOUT] Removed un-parented EditorWindow while reading window layout window #15, type=UnityEditor.GameView entityId=568105584918862368
[LAYOUT] Removed un-parented EditorWindow while reading window layout window #16, type=UnityEditor.ConsoleWindow entityId=568105584918862370
[LAYOUT] Failed to load window layout "C:/Users/Len/AppData/Roaming/Unity/Editor-5.x/Preferences\Layouts\default\Default.wlt": UnityEngine.UnityException: Could not create new container window because CreateWindowEx failed with message: Cannot find window class.

  at (wrapper managed-to-native) UnityEditor.ContainerWindow.Internal_Show_Injected(intptr,UnityEngine.Rect&,int,UnityEngine.Vector2&,UnityEngine.Vector2&)
  at UnityEditor.ContainerWindow.Internal_Show (UnityEngine.Rect r, System.Int32 showMode, UnityEngine.Vector2 minSize, UnityEngine.Vector2 maxSize) [0x0000f] in <da871bb30d6448e2981f366171b14bb9>:0 
  at UnityEditor.ContainerWindow.Show (UnityEditor.ShowMode showMode, System.Boolean loadPosition, System.Boolean displayImmediately, System.Boolean setFocus) [0x0010a] in <da871bb30d6448e2981f366171b14bb9>:0 
  at UnityEditor.WindowLayout.LoadWindowLayout_Internal (System.String path, UnityEditor.WindowLayout+LoadWindowLayoutFlags flags) [0x003bc] in <da871bb30d6448e2981f366171b14bb9>:0 
Failed to deactivate version control system 'Unity Version Control': System.NullReferenceException: Object reference not set to an instance of an object
  at UnityEditor.EditorWindow.Close () [0x0005f] in <da871bb30d6448e2981f366171b14bb9>:0 
  at Unity.PlasticSCM.Editor.UI.CloseWindowIfOpened.UVCS () [0x0001f] in .\Library\PackageCache\com.unity.collab-proxy@4628d2ba6ea4\Editor\UI\CloseWindowIfOpened.cs:25 
  at Unity.PlasticSCM.Editor.SwitchUVCSPlugin.Off (Unity.PlasticSCM.Editor.UVCSPlugin uvcsPlugin) [0x00005] in .\Library\PackageCache\com.unity.collab-proxy@4628d2ba6ea4\Editor\SwitchUVCSPlugin.cs:37 
  at Unity.PlasticSCM.Editor.Settings.UVCSProjectSettingsProvider.OnDeactivate () [0x00006] in .\Library\PackageCache\com.unity.collab-proxy@4628d2ba6ea4\Editor\Settings\UVCSProjectSettingsProvider.cs:67 
  at UnityEditor.VersionControl.VersionControlManager.Deactivate () [0x00017] in <da871bb30d6448e2981f366171b14bb9>:0 
UnityEngine.Debug:ExtractStackTraceNoAlloc (byte*,int,string)
UnityEngine.StackTraceUtility:ExtractStackTrace ()
UnityEngine.DebugLogHandler:Internal_Log (UnityEngine.LogType,UnityEngine.LogOption,string,UnityEngine.Object)
UnityEngine.DebugLogHandler:LogFormat (UnityEngine.LogType,UnityEngine.Object,string,object[])
UnityEngine.Logger:Log (UnityEngine.LogType,object)
UnityEngine.Debug:LogWarning (object)
UnityEditor.VersionControl.VersionControlManager:Deactivate ()
UnityEditor.EditorApplication:Internal_EditorApplicationQuit ()

[INFO ] [relay] log Shutdown request received from client editor-31616-nuk56h
[INFO ] [relay] log Unity client requested immediate shutdown - shutting down now, reason: Shutdown requested by client
[INFO ] [relay] log Shutdown: Initiating graceful shutdown: Shutdown requested by client
SUCCESS: The process with PID 15616 (child process of PID 10544) has been terminated.
SUCCESS: The process with PID 10544 (child process of PID 31616) has been terminated.
Input System module state changed to: ShutdownInProgress.
Input Polling Thread exited.
Input System module state changed to: Shutdown.
Leftover web requests after shut down
[Physics::Module] Cleanup current backend.
[Physics::Module] Id: 0xf2b8ea05
[Licensing::IpcConnector] LicenseClient-Len-6000.5.8-notifications channel disconnected successfully.
[Licensing::IpcConnector] LicenseClient-Len-6000.5.8 channel disconnected successfully.
Shut down.
Lingering sessions upon destruction of worker manager
AcceleratorClientConnectionCallback - disconnected - :0
Cleanup mono
CodeReloadManager destroyed
abort_threads: Failed aborting id: 0000000000003658, mono_thread_manage will ignore it

abort_threads: Failed aborting id: 00000000000061B0, mono_thread_manage will ignore it

abort_threads: Failed aborting id: 00000000000084D0, mono_thread_manage will ignore it

abort_threads: Failed aborting id: 0000000000003658, mono_thread_manage will ignore it

abort_threads: Failed aborting id: 00000000000061B0, mono_thread_manage will ignore it

abort_threads: Failed aborting id: 00000000000084D0, mono_thread_manage will ignore it

debugger-agent: Unable to listen on 4932
Checking for leaked weakptr:
  Found no leaked weakptrs.
[Package Manager] Server process was shutdown
Internal: There are remaining Allocations on the JobTempAlloc. This is a leak, and will impact performance
To Debug, run app with -diag-job-temp-memory-leak-validation cmd line argument. This will output the callstacks of the leaked allocations.
Internal: There are remaining Allocations on the JobTempAlloc. This is a leak, and will impact performance
To Debug, run app with -diag-job-temp-memory-leak-validation cmd line argument. This will output the callstacks of the leaked allocations.
##utp:{"type":"MemoryLeaks","version":2,"phase":"Immediate","time":1787828229029,"processId":31616,"allocatedMemory":62011790,"memoryLabels":[{"Default":269687},{"Permanent":15516},{"NewDelete":78693},{"Thread":4207264},{"Manager":824872},{"VertexData":8},{"Geometry":816},{"Texture":24},{"Shader":868863},{"Material":2378},{"GfxDevice":66104},{"GfxThread":6144},{"Animation":952},{"Audio":1544},{"FreeType":8},{"FontEngine":736},{"Physics":2146},{"Physics2D":16},{"Serialization":184016},{"Input":45280},{"JobScheduler":256},{"TextLib":23254},{"Mono":48},{"MonoCode":768},{"ScriptingNativeRuntime":2313036},{"BaseObject":1622024},{"Resource":1208},{"Renderer":3080},{"Transform":4685},{"File":4005},{"WebCam":616},{"Culling":32},{"Terrain":11442},{"Wind":24},{"STL":40},{"String":10338},{"StaticString":3808},{"Utility":2674005},{"Curl":48},{"PoolAlloc":2936},{"AI":80},{"TypeTree":3750620},{"CodeReload":448},{"RuntimeInitializeOnLoadManager":64},{"Sprites":102},{"SpriteAtlas":120},{"GI":7816},{"Director":8296},{"CloudService":7352},{"WebRequest":19487},{"VR":47114},{"SceneManager":608},{"Video":208},{"LazyScriptCache":32},{"NativeArray":33125336},{"Camera":17},{"Secure":59753},{"CrashReporter":625},{"SerializationCache":1576},{"APIUpdating":10320},{"Subsystems":336},{"VirtualTexturing":57888},{"StaticSafetyDebugInfo":278528},{"Analytics":552},{"Hierarchy":1176},{"UIElements":1064896},{"CoreStats":13688},{"Identifiers":6768},{"Gui":268098},{"EditorUtility":254874},{"VersionControl":8},{"Undo":931},{"AssetDatabase":9017406},{"AssetImporter":40},{"EditorGi":328},{"UnityConnect":35337},{"Upm":1988},{"UpmDiagnostics":8},{"AssetCompliance":64},{"DrivenProperties":72},{"LocalIPC":209},{"ProfilerEditor":9746},{"CoreBusinessMetrics":3476},{"Windowing":456},{"TLS":703599},{"Licensing":664},{"AssetReference":32},{"IPCStream":32}]}
Internal: There are remaining Allocations on the JobTempAlloc. This is a leak, and will impact performance
To Debug, run app with -diag-job-temp-memory-leak-validation cmd line argument. This will output the callstacks of the leaked allocations.
